{"meta":{"next":215485},"data":[{"merchantId":214452,"name":"beautylove DE","imageUri":"https://monetizeamex.com/v3/120x60/8c9267ae833bc13d377eacf902d9bbad.png","currencyCode":"EUR","defaultDomain":"beautylove.de","domains":["beautylove.de"],"categoryId":28,"description":null,"isActive":true,"countryCodes":["DE"],"averageBasketValue":64.17,"averageCommission":3.07,"averageConfirmationTime":58,"averageCancellationRate":7.4,"minimumCommission":1.94,"maximumCommission":1.94,"commissionRates":[{"fixedCommission":null,"percentageCommission":4.8}],"trackingLink":"https://tatrck.com/h/0Hu30z9R0qMq","createdAt":"2023-12-13T19:00:35.079Z","updatedAt":"2024-09-03T17:09:35.853Z"},{"merchantId":214458,"name":"condoms.uk UK","imageUri":"https://monetizeamex.com/v3/120x60/ec533f183f1817137598f0fa081da305.png","currencyCode":"EUR","defaultDomain":"condoms.uk","domains":["condoms.uk"],"categoryId":35,"description":null,"isActive":true,"countryCodes":["GB"],"averageBasketValue":23.87,"averageCommission":0.71,"averageConfirmationTime":null,"averageCancellationRate":null,"minimumCommission":0.25,"maximumCommission":0.75,"commissionRates":[],"trackingLink":"https://tatrck.com/h/0Hu30z9R0qMw","createdAt":"2023-12-13T19:00:35.295Z","updatedAt":"2024-09-03T17:07:27.096Z"},{"merchantId":214463,"name":"dotty about paper UK","imageUri":"https://monetizeamex.com/v3/120x60/66eae0640e97ce5ced991e68aaf6c981.png","currencyCode":"EUR","defaultDomain":"dottyaboutpaper.co.uk","domains":["dottyaboutpaper.co.uk"],"categoryId":70,"description":null,"isActive":true,"countryCodes":["GB"],"averageBasketValue":61.13,"averageCommission":2.93,"averageConfirmationTime":58,"averageCancellationRate":null,"minimumCommission":0.16,"maximumCommission":11.23,"commissionRates":[],"trackingLink":"https://tatrck.com/h/0Hu30z9R0qM_","createdAt":"2023-12-13T19:00:38.268Z","updatedAt":"2024-09-03T17:07:37.156Z"},{"merchantId":214472,"name":"homedepotxxl DE","imageUri":"https://monetizeamex.com/v3/120x60/de4f301d5b8424ec25861d7907744393.png","currencyCode":"EUR","defaultDomain":"homedepotxxl.de","domains":["homedepotxxl.de"],"categoryId":74,"description":null,"isActive":true,"countryCodes":["DE"],"averageBasketValue":null,"averageCommission":null,"averageConfirmationTime":null,"averageCancellationRate":null,"minimumCommission":null,"maximumCommission":null,"commissionRates":[],"trackingLink":"https://tatrck.com/h/0Hu30z9R0qN8","createdAt":"2023-12-13T19:00:43.083Z","updatedAt":"2024-09-03T17:07:48.163Z"},{"merchantId":214475,"name":"item-m6 DE","imageUri":"https://monetizeamex.com/v3/120x60/05295b25779aa0ca6bb597a44bef9ae6.png","currencyCode":"EUR","defaultDomain":"item-m6.com","domains":["item-m6.com"],"categoryId":40,"description":null,"isActive":true,"countryCodes":["DE"],"averageBasketValue":104.15,"averageCommission":6.25,"averageConfirmationTime":null,"averageCancellationRate":null,"minimumCommission":2.4,"maximumCommission":10.53,"commissionRates":[],"trackingLink":"https://tatrck.com/h/0Hu30z9R0qNB","createdAt":"2023-12-13T19:00:44.192Z","updatedAt":"2024-09-03T17:07:40.081Z"},{"merchantId":214476,"name":"journaway DE","imageUri":"https://monetizeamex.com/v3/120x60/b6fd74705cc30a4e09aed2a40661b279.png","currencyCode":"EUR","defaultDomain":"journaway.com","domains":["journaway.com"],"categoryId":46,"description":null,"isActive":true,"countryCodes":["NL"],"averageBasketValue":null,"averageCommission":null,"averageConfirmationTime":null,"averageCancellationRate":null,"minimumCommission":null,"maximumCommission":null,"commissionRates":[],"trackingLink":"https://tatrck.com/h/0Hu30z9R0qNC","createdAt":"2023-12-13T19:00:43.384Z","updatedAt":"2024-09-03T17:09:19.865Z"},{"merchantId":214487,"name":"missforty DE","imageUri":"https://monetizeamex.com/v3/120x60/8c7cb8c30141aaf29dce7015ee41676c.png","currencyCode":"EUR","defaultDomain":"missforty.de","domains":["missforty.de"],"categoryId":74,"description":null,"isActive":true,"countryCodes":["DE"],"averageBasketValue":72.06,"averageCommission":3.88,"averageConfirmationTime":null,"averageCancellationRate":null,"minimumCommission":0.76,"maximumCommission":0.76,"commissionRates":[],"trackingLink":"https://tatrck.com/h/0Hu30z9R0qNN","createdAt":"2023-12-13T19:00:45.873Z","updatedAt":"2024-09-03T17:08:11.459Z"},{"merchantId":214491,"name":"napUS","imageUri":"https://monetizeamex.com/v3/120x60/55dd4c33656cafd83c741ff016f9544c.png","currencyCode":"EUR","defaultDomain":"naphome.com","domains":["naphome.com"],"categoryId":34,"description":null,"isActive":true,"countryCodes":["US"],"averageBasketValue":null,"averageCommission":null,"averageConfirmationTime":null,"averageCancellationRate":null,"minimumCommission":null,"maximumCommission":null,"commissionRates":[],"trackingLink":"https://tatrck.com/h/0Hu30z9R0qNR","createdAt":"2023-12-13T19:00:46.187Z","updatedAt":"2024-09-03T17:08:54.584Z"},{"merchantId":214496,"name":"ration1.de DE","imageUri":"https://monetizeamex.com/v3/120x60/c194944b7e0632a7934f65330a9aac54.png","currencyCode":"EUR","defaultDomain":"ration1.de","domains":["ration1.de"],"categoryId":72,"description":null,"isActive":true,"countryCodes":["DE"],"averageBasketValue":157.52,"averageCommission":12.61,"averageConfirmationTime":58,"averageCancellationRate":2.5,"minimumCommission":1.44,"maximumCommission":158.62,"commissionRates":[],"trackingLink":"https://tatrck.com/h/0Hu30z9R0qNW","createdAt":"2023-12-13T19:00:47.497Z","updatedAt":"2024-09-03T17:07:09.333Z"},{"merchantId":214507,"name":"sportdigital DE","imageUri":"https://monetizeamex.com/v3/120x60/9082afbb155dc850608a14a941aadfaa.png","currencyCode":"EUR","defaultDomain":"sportdigital.de","domains":["sportdigital.de"],"categoryId":55,"description":null,"isActive":true,"countryCodes":["DE"],"averageBasketValue":3.87,"averageCommission":0.34,"averageConfirmationTime":4,"averageCancellationRate":null,"minimumCommission":0.27,"maximumCommission":0.45,"commissionRates":[],"trackingLink":"https://tatrck.com/h/0Hu30z9R0qNh","createdAt":"2023-12-13T19:00:51.281Z","updatedAt":"2024-09-03T17:08:14.341Z"},{"merchantId":214510,"name":"uandu DE","imageUri":"https://monetizeamex.com/v3/120x60/7f49fbc98da52c0faf3dde3754cb756c.png","currencyCode":"EUR","defaultDomain":"uandu.de","domains":["uandu.de"],"categoryId":21,"description":null,"isActive":true,"countryCodes":["DE"],"averageBasketValue":61.41,"averageCommission":3.68,"averageConfirmationTime":21,"averageCancellationRate":20,"minimumCommission":1.15,"maximumCommission":4.63,"commissionRates":[],"trackingLink":"https://tatrck.com/h/0Hu30z9R0qNk","createdAt":"2023-12-13T19:00:53.104Z","updatedAt":"2024-09-03T17:06:50.235Z"},{"merchantId":214513,"name":"waipu.tv DE","imageUri":"https://monetizeamex.com/v3/120x60/5e3c817c3dea22c1cb8319fae3164ca0.png","currencyCode":"EUR","defaultDomain":"ppro.de","domains":["ppro.de"],"categoryId":67,"description":null,"isActive":true,"countryCodes":["DE"],"averageBasketValue":1,"averageCommission":14.57,"averageConfirmationTime":null,"averageCancellationRate":null,"minimumCommission":15,"maximumCommission":15,"commissionRates":[],"trackingLink":"https://tatrck.com/h/0Hu30z9R0qNn","createdAt":"2023-12-13T19:00:52.972Z","updatedAt":"2024-09-03T17:05:35.677Z"},{"merchantId":214514,"name":"xToolUS","imageUri":"https://monetizeamex.com/v3/120x60/8c1eb303ef22a010eabc7aea66d173ff.png","currencyCode":"EUR","defaultDomain":"xtool.com","domains":["xtool.com"],"categoryId":75,"description":null,"isActive":true,"countryCodes":["US","GB"],"averageBasketValue":1,"averageCommission":37.16,"averageConfirmationTime":5,"averageCancellationRate":1.5999999999999999,"minimumCommission":0.15,"maximumCommission":191.49,"commissionRates":[{"fixedCommission":null,"percentageCommission":3},{"fixedCommission":null,"percentageCommission":3.5999999999999996}],"trackingLink":"https://tatrck.com/h/0Hu30z9R0qNo","createdAt":"2023-12-13T19:00:55.568Z","updatedAt":"2024-09-03T17:09:37.910Z"},{"merchantId":214522,"name":"Santafixie DE","imageUri":"https://monetizeamex.com/v3/120x60/c2b58cc474beec5d61b887858b58d5dc.png","currencyCode":"EUR","defaultDomain":"santafixie.de","domains":["santafixie.de"],"categoryId":55,"description":null,"isActive":true,"countryCodes":["DE"],"averageBasketValue":163.33,"averageCommission":5.88,"averageConfirmationTime":59,"averageCancellationRate":null,"minimumCommission":0.54,"maximumCommission":1.2,"commissionRates":[{"fixedCommission":null,"percentageCommission":3.5999999999999996}],"trackingLink":"https://tatrck.com/h/0Hu30z9R0qNw","createdAt":"2023-12-13T19:00:57.307Z","updatedAt":"2024-09-01T05:49:57.294Z"},{"merchantId":214536,"name":"Difmark Many GEOs US","imageUri":"https://monetizeamex.com/v3/120x60/9a36368d11bdde3ea535fda9f13261b2.png","currencyCode":"EUR","defaultDomain":"difmark.com","domains":["difmark.com"],"categoryId":18,"description":null,"isActive":true,"countryCodes":["US"],"averageBasketValue":10.78,"averageCommission":0.41,"averageConfirmationTime":null,"averageCancellationRate":null,"minimumCommission":0.08,"maximumCommission":1.06,"commissionRates":[{"fixedCommission":null,"percentageCommission":2.94},{"fixedCommission":null,"percentageCommission":0},{"fixedCommission":null,"percentageCommission":4.2},{"fixedCommission":null,"percentageCommission":5.04}],"trackingLink":"https://tatrck.com/h/0Hu30z9R0qO8","createdAt":"2023-12-13T19:00:58.870Z","updatedAt":"2024-08-25T05:54:15.140Z"},{"merchantId":214542,"name":"Modivo UA","imageUri":"https://monetizeamex.com/v3/120x60/1ee4fd5325b8b0e7bde9cf605977cc9d.png","currencyCode":"EUR","defaultDomain":"modivo.ua","domains":["modivo.ua"],"categoryId":21,"description":null,"isActive":true,"countryCodes":["UA"],"averageBasketValue":74.89,"averageCommission":2.55,"averageConfirmationTime":null,"averageCancellationRate":null,"minimumCommission":0.15,"maximumCommission":8.5,"commissionRates":[{"fixedCommission":null,"percentageCommission":5.1},{"fixedCommission":null,"percentageCommission":2.4}],"trackingLink":"https://tatrck.com/h/0Hu30z9R0qOE","createdAt":"2023-12-13T19:01:00.100Z","updatedAt":"2024-08-22T05:46:26.091Z"},{"merchantId":214549,"name":"Zonky CZ","imageUri":"https://monetizeamex.com/v3/120x60/35aabf94e2f69963ef74082c523c7551.png","currencyCode":"EUR","defaultDomain":"zonky.cz","domains":["zonky.cz"],"categoryId":66,"description":null,"isActive":true,"countryCodes":["CZ"],"averageBasketValue":null,"averageCommission":58.24,"averageConfirmationTime":29,"averageCancellationRate":1.2,"minimumCommission":8.25,"maximumCommission":346.79,"commissionRates":[{"fixedCommission":null,"percentageCommission":1.2899999999999998},{"fixedCommission":null,"percentageCommission":1.524},{"fixedCommission":0,"percentageCommission":null},{"fixedCommission":null,"percentageCommission":1.158},{"fixedCommission":null,"percentageCommission":1.344}],"trackingLink":"https://tatrck.com/h/0Hu30z9R0qOL","createdAt":"2023-12-13T19:01:03.285Z","updatedAt":"2024-09-03T05:54:36.869Z"},{"merchantId":214558,"name":"Krimba - AT, DE, CH","imageUri":"https://kqdxc4m5.de/logos_v2/120x60/9b8ceca369c44e02a504ac8701fa8fe5.gif","currencyCode":"EUR","defaultDomain":"krimba.de","domains":["krimba.de"],"categoryId":16,"description":null,"isActive":true,"countryCodes":["CH"],"averageBasketValue":null,"averageCommission":null,"averageConfirmationTime":null,"averageCancellationRate":null,"minimumCommission":null,"maximumCommission":null,"commissionRates":[{"fixedCommission":1.41,"percentageCommission":null}],"trackingLink":"https://tatrck.com/h/0Hu30z9R0qOU","createdAt":"2023-12-13T19:01:08.578Z","updatedAt":"2024-08-31T05:38:21.219Z"},{"merchantId":214736,"name":"ohdeer NL","imageUri":"https://monetizeamex.com/v3/120x60/6a9b2c215ae433fd3054cf2d31c9563d.png","currencyCode":"EUR","defaultDomain":"ohdeerclothing.com","domains":["ohdeerclothing.com"],"categoryId":40,"description":null,"isActive":true,"countryCodes":["NL"],"averageBasketValue":null,"averageCommission":null,"averageConfirmationTime":null,"averageCancellationRate":null,"minimumCommission":null,"maximumCommission":null,"commissionRates":[],"trackingLink":"https://tatrck.com/h/0Hu30z9R0qRG","createdAt":"2023-12-13T19:01:16.590Z","updatedAt":"2024-08-21T11:34:22.934Z"},{"merchantId":214742,"name":"Padel Market ES","imageUri":"https://monetizeamex.com/v3/120x60/1d62638416f94bf287f628ae14974b13.png","currencyCode":"EUR","defaultDomain":"padelmarket.com","domains":["padelmarket.com"],"categoryId":55,"description":null,"isActive":true,"countryCodes":["AT","ES","US","PL"],"averageBasketValue":167.84,"averageCommission":7.79,"averageConfirmationTime":1,"averageCancellationRate":null,"minimumCommission":0.75,"maximumCommission":19.03,"commissionRates":[{"fixedCommission":null,"percentageCommission":4.8}],"trackingLink":"https://tatrck.com/h/0Hu30z9R0qRM","createdAt":"2023-12-13T19:01:19.391Z","updatedAt":"2024-09-03T17:09:31.447Z"},{"merchantId":214777,"name":"Aomeitech","imageUri":"https://monetizeamex.com/v3/120x60/5509ea28cffa324402515b0f1b2c87aa.png","currencyCode":"EUR","defaultDomain":"ubackup.com","domains":["ubackup.com"],"categoryId":37,"description":null,"isActive":true,"countryCodes":[],"averageBasketValue":null,"averageCommission":null,"averageConfirmationTime":null,"averageCancellationRate":null,"minimumCommission":null,"maximumCommission":null,"commissionRates":[],"trackingLink":"https://tatrck.com/h/0Hu30z9R0qRv","createdAt":"2023-12-13T19:01:31.773Z","updatedAt":"2024-09-03T05:29:01.993Z"},{"merchantId":214778,"name":"PriorityTire.com","imageUri":"https://monetizeamex.com/v3/120x60/309469d5e11d0b9b2df0c75c672bdd2e.png","currencyCode":"EUR","defaultDomain":"prioritytire.com","domains":["prioritytire.com"],"categoryId":21,"description":null,"isActive":true,"countryCodes":[],"averageBasketValue":423.4,"averageCommission":9.73,"averageConfirmationTime":27,"averageCancellationRate":11.5,"minimumCommission":7.73,"maximumCommission":19.57,"commissionRates":[{"fixedCommission":null,"percentageCommission":2.4},{"fixedCommission":null,"percentageCommission":3.84},{"fixedCommission":null,"percentageCommission":1.92}],"trackingLink":"https://tatrck.com/h/0Hu30z9R0qRw","createdAt":"2023-12-13T19:01:31.678Z","updatedAt":"2024-08-23T15:01:38.636Z"},{"merchantId":214780,"name":"Barfits RU","imageUri":"https://monetizeamex.com/v3/120x60/d321fdc11f3f4dc3b0c18b882b60e5c5.png","currencyCode":"EUR","defaultDomain":"barfits.ru","domains":["barfits.ru"],"categoryId":55,"description":null,"isActive":true,"countryCodes":["RU"],"averageBasketValue":30.11,"averageCommission":1.11,"averageConfirmationTime":null,"averageCancellationRate":null,"minimumCommission":1.11,"maximumCommission":1.11,"commissionRates":[],"trackingLink":"https://tatrck.com/h/0Hu30z9R0qRy","createdAt":"2023-12-13T19:01:32.799Z","updatedAt":"2024-09-03T05:49:04.305Z"},{"merchantId":214785,"name":"Boxbrownies.nl NL","imageUri":"https://kqdxc4m5.de/logos_v2/120x60/2f3a0c986fc3585942a8238cfaea106e.gif","currencyCode":"EUR","defaultDomain":"boxbrownies.nl","domains":["boxbrownies.nl"],"categoryId":47,"description":null,"isActive":true,"countryCodes":["NL"],"averageBasketValue":14.63,"averageCommission":0.51,"averageConfirmationTime":3,"averageCancellationRate":null,"minimumCommission":0.24,"maximumCommission":0.61,"commissionRates":[],"trackingLink":"https://tatrck.com/h/0Hu30z9R0qS1","createdAt":"2023-12-13T19:01:34.593Z","updatedAt":"2024-08-30T12:02:01.806Z"},{"merchantId":214786,"name":"Budget-bed.nl NL","imageUri":"https://kqdxc4m5.de/logos_v2/120x60/27c80d9af3a0b2764bd56a5c39f26dfb.gif","currencyCode":"EUR","defaultDomain":"budget-bed.nl","domains":["budget-bed.nl"],"categoryId":74,"description":null,"isActive":true,"countryCodes":["NL"],"averageBasketValue":64.73,"averageCommission":3.1,"averageConfirmationTime":30,"averageCancellationRate":null,"minimumCommission":1.15,"maximumCommission":6.81,"commissionRates":[],"trackingLink":"https://tatrck.com/h/0Hu30z9R0qS2","createdAt":"2023-12-13T19:01:35.710Z","updatedAt":"2024-08-21T11:32:47.537Z"},{"merchantId":214789,"name":"Cafe Silesia PL","imageUri":"https://kqdxc4m5.de/logos_v2/120x60/acbde936436a098fc468b81a38021414.gif","currencyCode":"EUR","defaultDomain":"cafesilesia.pl","domains":["cafesilesia.pl"],"categoryId":14,"description":null,"isActive":true,"countryCodes":["PL"],"averageBasketValue":61.93,"averageCommission":0.84,"averageConfirmationTime":null,"averageCancellationRate":null,"minimumCommission":0.04,"maximumCommission":1.78,"commissionRates":[{"fixedCommission":null,"percentageCommission":1.5779999999999998}],"trackingLink":"https://tatrck.com/h/0Hu30z9R0qS5","createdAt":"2023-12-13T19:01:36.490Z","updatedAt":"2024-09-02T05:41:02.421Z"},{"merchantId":214791,"name":"Calibereurope.com NL","imageUri":"https://kqdxc4m5.de/logos_v2/120x60/abb536874c95ce6c4b02515f025de681.gif","currencyCode":"EUR","defaultDomain":"calibereurope.com","domains":["calibereurope.com"],"categoryId":72,"description":null,"isActive":true,"countryCodes":["NL"],"averageBasketValue":164.46,"averageCommission":6.9,"averageConfirmationTime":28,"averageCancellationRate":null,"minimumCommission":null,"maximumCommission":null,"commissionRates":[],"trackingLink":"https://tatrck.com/h/0Hu30z9R0qS7","createdAt":"2023-12-13T19:01:37.087Z","updatedAt":"2024-08-21T11:26:09.787Z"},{"merchantId":214792,"name":"Carbon Pro AT","imageUri":"https://monetizeamex.com/v3/120x60/2fa504977552a8c8d9b3da7c8d0e0a2b.png","currencyCode":"EUR","defaultDomain":"carbonpro.cc","domains":["carbonpro.cc"],"categoryId":2,"description":null,"isActive":true,"countryCodes":["AT"],"averageBasketValue":null,"averageCommission":null,"averageConfirmationTime":null,"averageCancellationRate":null,"minimumCommission":null,"maximumCommission":null,"commissionRates":[],"trackingLink":"https://tatrck.com/h/0Hu30z9R0qS8","createdAt":"2023-12-13T19:01:37.301Z","updatedAt":"2024-08-21T11:43:35.412Z"},{"merchantId":214794,"name":"Vandeca.com","imageUri":"https://monetizeamex.com/v3/120x60/adfd87a892d9215d8572c686b36ed9a7.png","currencyCode":"EUR","defaultDomain":"vandeca.com","domains":["vandeca.com"],"categoryId":21,"description":null,"isActive":true,"countryCodes":["NL","BE"],"averageBasketValue":71.98,"averageCommission":1.81,"averageConfirmationTime":1,"averageCancellationRate":null,"minimumCommission":null,"maximumCommission":null,"commissionRates":[],"trackingLink":"https://tatrck.com/h/0Hu30z9R0qSA","createdAt":"2023-12-13T19:01:39.184Z","updatedAt":"2024-08-21T11:43:16.635Z"},{"merchantId":214795,"name":"Croom-sanitair.nl NL","imageUri":"https://kqdxc4m5.de/logos_v2/120x60/c30862825ae094834e8d007d5106d367.gif","currencyCode":"EUR","defaultDomain":"croom-sanitair.nl","domains":["croom-sanitair.nl"],"categoryId":74,"description":null,"isActive":true,"countryCodes":["NL"],"averageBasketValue":68.67,"averageCommission":2.45,"averageConfirmationTime":28,"averageCancellationRate":null,"minimumCommission":2.13,"maximumCommission":2.4,"commissionRates":[],"trackingLink":"https://tatrck.com/h/0Hu30z9R0qSB","createdAt":"2023-12-13T19:01:37.696Z","updatedAt":"2024-08-21T11:39:08.199Z"},{"merchantId":214802,"name":"Extremesportscenter.nl NL","imageUri":"https://kqdxc4m5.de/logos_v2/120x60/d5804acbfcbc1796871d78074ebb6085.gif","currencyCode":"EUR","defaultDomain":"extremesportscenter.nl","domains":["extremesportscenter.nl"],"categoryId":55,"description":null,"isActive":true,"countryCodes":["NL"],"averageBasketValue":null,"averageCommission":null,"averageConfirmationTime":null,"averageCancellationRate":null,"minimumCommission":null,"maximumCommission":null,"commissionRates":[],"trackingLink":"https://tatrck.com/h/0Hu30z9R0qSI","createdAt":"2023-12-13T19:01:39.070Z","updatedAt":"2024-08-21T11:37:49.605Z"},{"merchantId":214807,"name":"Gabriella.pl PL","imageUri":"https://kqdxc4m5.de/logos_v2/120x60/108a79d1e00811fbf476f434bc8a1564.gif","currencyCode":"EUR","defaultDomain":"gabriella.pl","domains":["gabriella.pl"],"categoryId":40,"description":null,"isActive":true,"countryCodes":["PL"],"averageBasketValue":null,"averageCommission":0.37,"averageConfirmationTime":null,"averageCancellationRate":null,"minimumCommission":0.08,"maximumCommission":1.03,"commissionRates":[{"fixedCommission":null,"percentageCommission":4.05}],"trackingLink":"https://tatrck.com/h/0Hu30z9R0qSN","createdAt":"2023-12-13T19:01:40.288Z","updatedAt":"2024-08-21T11:33:11.174Z"},{"merchantId":214808,"name":"Good4fun.nl NL","imageUri":"https://kqdxc4m5.de/logos_v2/120x60/33bda5e9e56ecce6a58f6a932f0721d5.gif","currencyCode":"EUR","defaultDomain":"good4fun.nl","domains":["good4fun.nl"],"categoryId":47,"description":null,"isActive":true,"countryCodes":["NL"],"averageBasketValue":111.2,"averageCommission":2.33,"averageConfirmationTime":null,"averageCancellationRate":null,"minimumCommission":null,"maximumCommission":null,"commissionRates":[],"trackingLink":"https://tatrck.com/h/0Hu30z9R0qSO","createdAt":"2023-12-13T19:01:40.180Z","updatedAt":"2024-08-21T11:39:12.539Z"},{"merchantId":214813,"name":"Internationalsim.nl NL","imageUri":"https://kqdxc4m5.de/logos_v2/120x60/83f6f3c77f5a85e3133b9d4a85d64915.gif","currencyCode":"EUR","defaultDomain":"internationalsim.nl","domains":["internationalsim.nl"],"categoryId":63,"description":null,"isActive":true,"countryCodes":["NL"],"averageBasketValue":34.75,"averageCommission":0.79,"averageConfirmationTime":null,"averageCancellationRate":null,"minimumCommission":0.06,"maximumCommission":0.06,"commissionRates":[],"trackingLink":"https://tatrck.com/h/0Hu30z9R0qST","createdAt":"2023-12-13T19:01:42.180Z","updatedAt":"2024-08-21T11:43:11.986Z"},{"merchantId":214822,"name":"Cupsenbeans.nl","imageUri":"https://monetizeamex.com/v3/120x60/af7efc2f3c5eb2379ae9e384ee7ae2d1.png","currencyCode":"EUR","defaultDomain":"cupsenbeans.nl","domains":["cupsenbeans.nl"],"categoryId":40,"description":null,"isActive":true,"countryCodes":["NL"],"averageBasketValue":null,"averageCommission":null,"averageConfirmationTime":null,"averageCancellationRate":null,"minimumCommission":null,"maximumCommission":null,"commissionRates":[],"trackingLink":"https://tatrck.com/h/0Hu30z9R0qSc","createdAt":"2023-12-13T19:01:42.896Z","updatedAt":"2024-08-21T11:39:33.400Z"},{"merchantId":214823,"name":"L-mobimobile.nl NL","imageUri":"https://kqdxc4m5.de/logos_v2/120x60/e2ec7d3dbad176fae73961889ea90ece.gif","currencyCode":"EUR","defaultDomain":"l-mobimobile.nl","domains":["l-mobimobile.nl"],"categoryId":58,"description":null,"isActive":true,"countryCodes":["NL"],"averageBasketValue":24,"averageCommission":2.01,"averageConfirmationTime":6,"averageCancellationRate":null,"minimumCommission":2.01,"maximumCommission":2.01,"commissionRates":[],"trackingLink":"https://tatrck.com/h/0Hu30z9R0qSd","createdAt":"2023-12-13T19:01:43.200Z","updatedAt":"2024-08-21T11:43:16.158Z"},{"merchantId":214836,"name":"Medica-Group PL","imageUri":"https://kqdxc4m5.de/logos_v2/120x60/e63928003a639998ea10fc00e73334bc.gif","currencyCode":"EUR","defaultDomain":"medica-group.pl","domains":["medica-group.pl"],"categoryId":68,"description":null,"isActive":true,"countryCodes":["PL"],"averageBasketValue":644.33,"averageCommission":26.56,"averageConfirmationTime":null,"averageCancellationRate":null,"minimumCommission":null,"maximumCommission":null,"commissionRates":[],"trackingLink":"https://tatrck.com/h/0Hu30z9R0qSq","createdAt":"2023-12-13T19:01:44.174Z","updatedAt":"2024-09-01T05:53:42.932Z"},{"merchantId":214837,"name":"Mimarkt.pl PL","imageUri":"https://monetizeamex.com/v3/120x60/5023f8e9d13c87711978d1a291e4e2a4.png","currencyCode":"EUR","defaultDomain":"mimarkt.pl","domains":["mimarkt.pl"],"categoryId":72,"description":null,"isActive":true,"countryCodes":["PL"],"averageBasketValue":431.81,"averageCommission":9.06,"averageConfirmationTime":null,"averageCancellationRate":null,"minimumCommission":9.06,"maximumCommission":9.06,"commissionRates":[],"trackingLink":"https://tatrck.com/h/0Hu30z9R0qSr","createdAt":"2023-12-13T19:01:45.368Z","updatedAt":"2024-08-21T11:39:07.264Z"},{"merchantId":214846,"name":"Olexisdeals.com NL","imageUri":"https://kqdxc4m5.de/logos_v2/120x60/24ec63d435cd0c691c337c61ab6c3bb1.gif","currencyCode":"EUR","defaultDomain":"olexisdeals.com","domains":["olexisdeals.com"],"categoryId":50,"description":null,"isActive":true,"countryCodes":["NL"],"averageBasketValue":null,"averageCommission":null,"averageConfirmationTime":null,"averageCancellationRate":null,"minimumCommission":null,"maximumCommission":null,"commissionRates":[],"trackingLink":"https://tatrck.com/h/0Hu30z9R0qS-","createdAt":"2023-12-13T19:01:45.177Z","updatedAt":"2024-08-21T11:31:36.010Z"},{"merchantId":214850,"name":"Plnktn.com NL","imageUri":"https://kqdxc4m5.de/logos_v2/120x60/17c01e69befa4f73e36c90acf0fc7d66.gif","currencyCode":"EUR","defaultDomain":"plnktn.com","domains":["plnktn.com"],"categoryId":68,"description":null,"isActive":true,"countryCodes":["NL"],"averageBasketValue":44.28,"averageCommission":1.16,"averageConfirmationTime":8,"averageCancellationRate":null,"minimumCommission":0.06,"maximumCommission":7.14,"commissionRates":[],"trackingLink":"https://tatrck.com/h/0Hu30z9R0qT2","createdAt":"2023-12-13T19:01:45.885Z","updatedAt":"2024-09-01T05:32:02.619Z"},{"merchantId":214856,"name":"Sensu..pl PL","imageUri":"https://kqdxc4m5.de/logos_v2/120x60/50ba6853a2f73ad5eba0a6355ee33ada.gif","currencyCode":"EUR","defaultDomain":"sensu.pl","domains":["sensu.pl"],"categoryId":60,"description":null,"isActive":true,"countryCodes":["PL"],"averageBasketValue":42.83,"averageCommission":2.05,"averageConfirmationTime":5,"averageCancellationRate":25.8,"minimumCommission":0.22,"maximumCommission":7.17,"commissionRates":[{"fixedCommission":null,"percentageCommission":3.5999999999999996}],"trackingLink":"https://tatrck.com/h/0Hu30z9R0qT8","createdAt":"2023-12-13T19:01:46.871Z","updatedAt":"2024-09-03T05:39:08.298Z"},{"merchantId":214857,"name":"Shop4fi.com FI","imageUri":"https://kqdxc4m5.de/logos_v2/120x60/104d2722264cd39fab6db11e4673bf57.gif","currencyCode":"EUR","defaultDomain":"shop4fi.com","domains":["shop4fi.com"],"categoryId":50,"description":null,"isActive":true,"countryCodes":["FI"],"averageBasketValue":null,"averageCommission":null,"averageConfirmationTime":null,"averageCancellationRate":null,"minimumCommission":null,"maximumCommission":null,"commissionRates":[],"trackingLink":"https://tatrck.com/h/0Hu30z9R0qT9","createdAt":"2023-12-13T19:01:47.193Z","updatedAt":"2024-08-21T11:26:05.846Z"},{"merchantId":214859,"name":"Shop4pl.com PL","imageUri":"https://kqdxc4m5.de/logos_v2/120x60/e1f8b25d7b0d75d72fa5d321d0d2af02.gif","currencyCode":"EUR","defaultDomain":"shop4pl.com","domains":["shop4pl.com"],"categoryId":21,"description":null,"isActive":true,"countryCodes":["PL"],"averageBasketValue":null,"averageCommission":null,"averageConfirmationTime":null,"averageCancellationRate":null,"minimumCommission":null,"maximumCommission":null,"commissionRates":[],"trackingLink":"https://tatrck.com/h/0Hu30z9R0qTB","createdAt":"2023-12-13T19:01:49.202Z","updatedAt":"2024-08-21T11:43:36.252Z"},{"merchantId":214861,"name":"Silvergear.eu NL","imageUri":"https://kqdxc4m5.de/logos_v2/120x60/ca9a9b7468da564b56bcaf060b0cdf53.gif","currencyCode":"EUR","defaultDomain":"silvergear.eu","domains":["silvergear.eu"],"categoryId":21,"description":null,"isActive":true,"countryCodes":["NL"],"averageBasketValue":48.83,"averageCommission":2.98,"averageConfirmationTime":30,"averageCancellationRate":null,"minimumCommission":1.44,"maximumCommission":1.44,"commissionRates":[],"trackingLink":"https://tatrck.com/h/0Hu30z9R0qTD","createdAt":"2023-12-13T19:01:47.974Z","updatedAt":"2024-08-21T11:27:55.223Z"},{"merchantId":214864,"name":"Sporthorses.nl NL","imageUri":"https://kqdxc4m5.de/logos_v2/120x60/282ea0d35bca43f0c02c16469352b955.gif","currencyCode":"EUR","defaultDomain":"sporthorses.nl","domains":["sporthorses.nl"],"categoryId":50,"description":null,"isActive":true,"countryCodes":["NL"],"averageBasketValue":32.55,"averageCommission":3.41,"averageConfirmationTime":30,"averageCancellationRate":null,"minimumCommission":0.47,"maximumCommission":0.47,"commissionRates":[],"trackingLink":"https://tatrck.com/h/0Hu30z9R0qTG","createdAt":"2023-12-13T19:01:50.590Z","updatedAt":"2024-09-03T05:31:05.267Z"},{"merchantId":214867,"name":"Taarten.nl NL","imageUri":"https://kqdxc4m5.de/logos_v2/120x60/6671ab9671dfd95fc8a6b5ddd79168d0.gif","currencyCode":"EUR","defaultDomain":"taarten.nl","domains":["taarten.nl"],"categoryId":14,"description":null,"isActive":true,"countryCodes":["NL"],"averageBasketValue":59.62,"averageCommission":2.62,"averageConfirmationTime":6,"averageCancellationRate":null,"minimumCommission":null,"maximumCommission":null,"commissionRates":[],"trackingLink":"https://tatrck.com/h/0Hu30z9R0qTJ","createdAt":"2023-12-13T19:01:49.183Z","updatedAt":"2024-08-21T11:34:37.777Z"},{"merchantId":214869,"name":"Tegelmegashop.be BE","imageUri":"https://kqdxc4m5.de/logos_v2/120x60/1dd3adf19d933b370b0aadbe42ef80ba.gif","currencyCode":"EUR","defaultDomain":"tegelmegashop.be","domains":["tegelmegashop.be"],"categoryId":21,"description":null,"isActive":true,"countryCodes":["BE"],"averageBasketValue":null,"averageCommission":null,"averageConfirmationTime":null,"averageCancellationRate":null,"minimumCommission":null,"maximumCommission":null,"commissionRates":[],"trackingLink":"https://tatrck.com/h/0Hu30z9R0qTL","createdAt":"2023-12-13T19:01:50.168Z","updatedAt":"2024-08-21T11:34:36.942Z"},{"merchantId":214870,"name":"Thedatingcards.com NL","imageUri":"https://kqdxc4m5.de/logos_v2/120x60/d17f1b98f46a3158a399a69f35f895af.gif","currencyCode":"EUR","defaultDomain":"thedatingcards.com","domains":["thedatingcards.com"],"categoryId":47,"description":null,"isActive":true,"countryCodes":["NL"],"averageBasketValue":null,"averageCommission":null,"averageConfirmationTime":null,"averageCancellationRate":null,"minimumCommission":null,"maximumCommission":null,"commissionRates":[],"trackingLink":"https://tatrck.com/h/0Hu30z9R0qTM","createdAt":"2023-12-13T19:01:50.072Z","updatedAt":"2024-08-21T11:40:23.272Z"},{"merchantId":214874,"name":"Tulipan.pl PL","imageUri":"https://monetizeamex.com/v3/120x60/b8187734ce0e2e773c8c9e70da62d2d9.png","currencyCode":"EUR","defaultDomain":"tulipan.pl","domains":["tulipan.pl"],"categoryId":60,"description":null,"isActive":true,"countryCodes":["PL"],"averageBasketValue":null,"averageCommission":null,"averageConfirmationTime":null,"averageCancellationRate":null,"minimumCommission":null,"maximumCommission":null,"commissionRates":[],"trackingLink":"https://tatrck.com/h/0Hu30z9R0qTQ","createdAt":"2023-12-13T19:01:50.870Z","updatedAt":"2024-08-21T11:29:53.215Z"},{"merchantId":214878,"name":"Verticaletuinen.nl NL","imageUri":"https://kqdxc4m5.de/logos_v2/120x60/dc61580c499a5a309b9fbf64389e68a9.gif","currencyCode":"EUR","defaultDomain":"verticaletuinen.nl","domains":["verticaletuinen.nl"],"categoryId":74,"description":null,"isActive":true,"countryCodes":["NL"],"averageBasketValue":35.58,"averageCommission":0.97,"averageConfirmationTime":null,"averageCancellationRate":null,"minimumCommission":0.61,"maximumCommission":2.29,"commissionRates":[],"trackingLink":"https://tatrck.com/h/0Hu30z9R0qTU","createdAt":"2023-12-13T19:01:53.168Z","updatedAt":"2024-08-21T11:28:22.801Z"},{"merchantId":214880,"name":"Voordeelscooters.nl NL","imageUri":"https://kqdxc4m5.de/logos_v2/120x60/bc65e57a4465dcd13fb5ea7dd15e323f.gif","currencyCode":"EUR","defaultDomain":"voordeelscooters.nl","domains":["voordeelscooters.nl"],"categoryId":3,"description":null,"isActive":true,"countryCodes":["NL"],"averageBasketValue":509.7,"averageCommission":9.89,"averageConfirmationTime":51,"averageCancellationRate":1.2,"minimumCommission":0.05,"maximumCommission":94.16,"commissionRates":[],"trackingLink":"https://tatrck.com/h/0Hu30z9R0qTW","createdAt":"2023-12-13T19:01:52.272Z","updatedAt":"2024-09-01T05:32:05.779Z"},{"merchantId":214883,"name":"Wondershare FR","imageUri":"https://kqdxc4m5.de/logos_v2/120x60/4639bfce8d34584127f0f38925c1579a.gif","currencyCode":"EUR","defaultDomain":"wondershare.fr","domains":["wondershare.fr"],"categoryId":49,"description":null,"isActive":true,"countryCodes":["FR"],"averageBasketValue":39.99,"averageCommission":7.19,"averageConfirmationTime":17,"averageCancellationRate":null,"minimumCommission":0.79,"maximumCommission":10.75,"commissionRates":[],"trackingLink":"https://tatrck.com/h/0Hu30z9R0qTZ","createdAt":"2023-12-13T19:01:53.369Z","updatedAt":"2024-09-01T05:32:03.150Z"},{"merchantId":214903,"name":"Stanley (EU) DE","imageUri":"https://monetizeamex.com/v3/120x60/00ae6179e3997736f202fccea33c0f1a.png","currencyCode":"EUR","defaultDomain":"stanley1913.com","domains":["stanley1913.com"],"categoryId":55,"description":null,"isActive":true,"countryCodes":["US"],"averageBasketValue":71.76,"averageCommission":3.05,"averageConfirmationTime":null,"averageCancellationRate":null,"minimumCommission":0.49,"maximumCommission":10.17,"commissionRates":[{"fixedCommission":null,"percentageCommission":4.8}],"trackingLink":"https://tatrck.com/h/0Hu30z9R0qTt","createdAt":"2023-12-13T19:01:56.292Z","updatedAt":"2024-09-03T05:52:46.025Z"},{"merchantId":214906,"name":"anolon.com US","imageUri":"https://monetizeamex.com/v3/120x60/3920b72fdf2823e7f3e727fa4ae79133.png","currencyCode":"EUR","defaultDomain":"anolon.com","domains":["anolon.com"],"categoryId":72,"description":null,"isActive":true,"countryCodes":["US"],"averageBasketValue":129.55,"averageCommission":3.1,"averageConfirmationTime":null,"averageCancellationRate":null,"minimumCommission":3.98,"maximumCommission":3.98,"commissionRates":[],"trackingLink":"https://tatrck.com/h/0Hu30z9R0qTw","createdAt":"2023-12-13T19:01:57.077Z","updatedAt":"2024-08-21T11:33:43.228Z"},{"merchantId":214912,"name":"emma-sleep.co.uk UK","imageUri":"https://monetizeamex.com/v3/120x60/5c1e8e3eaebfbc97facffb185693cc4e.png","currencyCode":"EUR","defaultDomain":"emma-sleep.co.uk","domains":["emma-sleep.co.uk"],"categoryId":34,"description":null,"isActive":true,"countryCodes":["GB"],"averageBasketValue":358.27,"averageCommission":10.74,"averageConfirmationTime":null,"averageCancellationRate":null,"minimumCommission":10.33,"maximumCommission":14.58,"commissionRates":[{"fixedCommission":null,"percentageCommission":3}],"trackingLink":"https://tatrck.com/h/0Hu30z9R0qU0","createdAt":"2023-12-13T19:01:58.071Z","updatedAt":"2024-09-03T17:07:58.699Z"},{"merchantId":214920,"name":"milatonie.com NL","imageUri":"https://monetizeamex.com/v3/120x60/36ea177347754a3325ee0bdb2d8b2257.png","currencyCode":"EUR","defaultDomain":"milatonie.com","domains":["milatonie.com"],"categoryId":65,"description":null,"isActive":true,"countryCodes":["NL"],"averageBasketValue":64.8,"averageCommission":3.88,"averageConfirmationTime":null,"averageCancellationRate":null,"minimumCommission":0.95,"maximumCommission":15.37,"commissionRates":[],"trackingLink":"https://tatrck.com/h/0Hu30z9R0qU8","createdAt":"2023-12-13T19:01:58.969Z","updatedAt":"2024-09-03T17:07:24.410Z"},{"merchantId":214934,"name":"zerorestriction.com US","imageUri":"https://monetizeamex.com/v3/120x60/86261fd45cdedd7ac036f092a65eb5b5.png","currencyCode":"EUR","defaultDomain":"zerorestriction.com","domains":["zerorestriction.com"],"categoryId":40,"description":null,"isActive":true,"countryCodes":["US"],"averageBasketValue":null,"averageCommission":4.05,"averageConfirmationTime":null,"averageCancellationRate":null,"minimumCommission":4.05,"maximumCommission":4.05,"commissionRates":[],"trackingLink":"https://tatrck.com/h/0Hu30z9R0qUM","createdAt":"2023-12-13T19:02:00.167Z","updatedAt":"2024-08-21T11:39:18.918Z"},{"merchantId":214938,"name":"Ado2k.com","imageUri":"https://monetizeamex.com/v3/120x60/4c9b6d54aecc62d779c1bf04a1c428f4.png","currencyCode":"EUR","defaultDomain":"centrico.it","domains":["centrico.it"],"categoryId":37,"description":null,"isActive":true,"countryCodes":[],"averageBasketValue":null,"averageCommission":null,"averageConfirmationTime":null,"averageCancellationRate":null,"minimumCommission":null,"maximumCommission":null,"commissionRates":[{"fixedCommission":null,"percentageCommission":15}],"trackingLink":"https://tatrck.com/h/0Hu30z9R0qUQ","createdAt":"2023-12-13T19:02:00.971Z","updatedAt":"2024-08-15T09:11:31.472Z"},{"merchantId":214942,"name":"Debalance Research Group","imageUri":"https://kqdxc4m5.de/logos_v2/120x60/0f6efc66c27a794e11c7c38138fe8bec.gif","currencyCode":"EUR","defaultDomain":"debalance.com","domains":["debalance.com"],"categoryId":49,"description":null,"isActive":true,"countryCodes":[],"averageBasketValue":null,"averageCommission":null,"averageConfirmationTime":null,"averageCancellationRate":null,"minimumCommission":null,"maximumCommission":null,"commissionRates":[{"fixedCommission":null,"percentageCommission":15}],"trackingLink":"https://tatrck.com/h/0Hu30z9R0qUU","createdAt":"2023-12-13T19:02:03.204Z","updatedAt":"2024-07-30T15:18:03.825Z"},{"merchantId":214943,"name":"Keenthemes Inc.","imageUri":"https://monetizeamex.com/v3/120x60/59a6846738f5e51c860dd295c676c8f9.png","currencyCode":"EUR","defaultDomain":"keenthemes.com","domains":["keenthemes.com"],"categoryId":75,"description":null,"isActive":true,"countryCodes":[],"averageBasketValue":null,"averageCommission":null,"averageConfirmationTime":null,"averageCancellationRate":null,"minimumCommission":null,"maximumCommission":null,"commissionRates":[{"fixedCommission":null,"percentageCommission":30}],"trackingLink":"https://tatrck.com/h/0Hu30z9R0qUV","createdAt":"2023-12-13T19:02:02.473Z","updatedAt":"2024-08-15T09:11:31.573Z"},{"merchantId":214944,"name":"MT4copier.com","imageUri":"https://monetizeamex.com/v3/120x60/7254470eb56815351ff22b770e9f567c.png","currencyCode":"EUR","defaultDomain":"mt4copier.com","domains":["mt4copier.com"],"categoryId":69,"description":null,"isActive":true,"countryCodes":[],"averageBasketValue":null,"averageCommission":null,"averageConfirmationTime":null,"averageCancellationRate":null,"minimumCommission":null,"maximumCommission":null,"commissionRates":[{"fixedCommission":null,"percentageCommission":30}],"trackingLink":"https://tatrck.com/h/0Hu30z9R0qUW","createdAt":"2023-12-13T19:02:03.148Z","updatedAt":"2024-08-15T09:11:33.430Z"},{"merchantId":214947,"name":"TextStudio","imageUri":"https://monetizeamex.com/v3/120x60/4fef0b6d3e9e45d905303dac76aa7d6d.png","currencyCode":"EUR","defaultDomain":"textstudio.co","domains":["textstudio.co"],"categoryId":22,"description":null,"isActive":true,"countryCodes":[],"averageBasketValue":7.46,"averageCommission":1.11,"averageConfirmationTime":null,"averageCancellationRate":null,"minimumCommission":1.11,"maximumCommission":1.11,"commissionRates":[{"fixedCommission":null,"percentageCommission":15}],"trackingLink":"https://tatrck.com/h/0Hu30z9R0qUZ","createdAt":"2023-12-13T19:02:03.891Z","updatedAt":"2024-08-15T09:11:50.055Z"},{"merchantId":214948,"name":"colltrain.com","imageUri":"https://monetizeamex.com/v3/120x60/b0c32041a444e862b2cc18c7a6dc2df0.png","currencyCode":"EUR","defaultDomain":"colltrain.com","domains":["colltrain.com"],"categoryId":44,"description":null,"isActive":true,"countryCodes":[],"averageBasketValue":null,"averageCommission":null,"averageConfirmationTime":null,"averageCancellationRate":null,"minimumCommission":null,"maximumCommission":null,"commissionRates":[{"fixedCommission":null,"percentageCommission":12}],"trackingLink":"https://tatrck.com/h/0Hu30z9R0qUa","createdAt":"2023-12-13T19:02:03.888Z","updatedAt":"2024-08-15T09:12:53.952Z"},{"merchantId":214956,"name":"Black Monkey Cooks PL","imageUri":"https://kqdxc4m5.de/logos_v2/120x60/8d82ad118dcc6cbcca97e8e712296a74.gif","currencyCode":"EUR","defaultDomain":"blackmonkeycooks.com","domains":["blackmonkeycooks.com"],"categoryId":14,"description":null,"isActive":true,"countryCodes":["PL"],"averageBasketValue":null,"averageCommission":null,"averageConfirmationTime":null,"averageCancellationRate":null,"minimumCommission":null,"maximumCommission":null,"commissionRates":[{"fixedCommission":null,"percentageCommission":3.15}],"trackingLink":"https://tatrck.com/h/0Hu30z9R0qUi","createdAt":"2023-12-13T19:02:05.748Z","updatedAt":"2024-08-21T11:31:35.477Z"},{"merchantId":214961,"name":"Huurportaal.nl NL","imageUri":"https://kqdxc4m5.de/logos_v2/120x60/4a450615cbeab60435a872aa6c6f49b8.gif","currencyCode":"EUR","defaultDomain":"huurportaal.nl","domains":["huurportaal.nl"],"categoryId":39,"description":null,"isActive":true,"countryCodes":["NL"],"averageBasketValue":10.71,"averageCommission":1.42,"averageConfirmationTime":7,"averageCancellationRate":null,"minimumCommission":0.6,"maximumCommission":2.82,"commissionRates":[],"trackingLink":"https://tatrck.com/h/0Hu30z9R0qUn","createdAt":"2023-12-13T19:02:07.242Z","updatedAt":"2024-08-30T05:35:01.229Z"},{"merchantId":214968,"name":"secretplace.pl PL","imageUri":"https://kqdxc4m5.de/logos_v2/120x60/49178bbda26dc4a56f810975e4974fd6.gif","currencyCode":"EUR","defaultDomain":"secretplace.pl","domains":["secretplace.pl"],"categoryId":60,"description":null,"isActive":true,"countryCodes":["PL"],"averageBasketValue":34.79,"averageCommission":2.08,"averageConfirmationTime":null,"averageCancellationRate":null,"minimumCommission":2.08,"maximumCommission":2.08,"commissionRates":[],"trackingLink":"https://tatrck.com/h/0Hu30z9R0qUu","createdAt":"2023-12-13T19:02:08.227Z","updatedAt":"2024-08-21T11:40:10.803Z"},{"merchantId":214978,"name":"ECD Germany DE","imageUri":"https://monetizeamex.com/v3/120x60/8b49f9192957a80b5cdbb85847a80340.png","currencyCode":"EUR","defaultDomain":"ecdgermany.de","domains":["ecdgermany.de"],"categoryId":74,"description":null,"isActive":true,"countryCodes":["DE"],"averageBasketValue":356.75,"averageCommission":9.86,"averageConfirmationTime":null,"averageCancellationRate":5,"minimumCommission":0.51,"maximumCommission":37.31,"commissionRates":[],"trackingLink":"https://tatrck.com/h/0Hu30z9R0qV2","createdAt":"2023-12-13T19:02:10.173Z","updatedAt":"2024-09-03T17:08:39.163Z"},{"merchantId":214980,"name":"Love Not War UK","imageUri":"https://monetizeamex.com/v3/120x60/8aab57676fa5c853a10eed87a4e1473a.png","currencyCode":"EUR","defaultDomain":"l-n-w.com","domains":["l-n-w.com"],"categoryId":60,"description":null,"isActive":true,"countryCodes":["GB"],"averageBasketValue":null,"averageCommission":null,"averageConfirmationTime":null,"averageCancellationRate":null,"minimumCommission":null,"maximumCommission":null,"commissionRates":[],"trackingLink":"https://tatrck.com/h/0Hu30z9R0qV4","createdAt":"2023-12-13T19:02:10.778Z","updatedAt":"2024-09-03T17:05:29.195Z"},{"merchantId":214983,"name":"QuictentUS","imageUri":"https://monetizeamex.com/v3/120x60/1202bde8577a08aa31b35aaa3018f5ba.png","currencyCode":"EUR","defaultDomain":"quictents.com","domains":["quictents.com"],"categoryId":55,"description":null,"isActive":true,"countryCodes":["US"],"averageBasketValue":null,"averageCommission":null,"averageConfirmationTime":null,"averageCancellationRate":null,"minimumCommission":null,"maximumCommission":null,"commissionRates":[{"fixedCommission":null,"percentageCommission":4.8}],"trackingLink":"https://tatrck.com/h/0Hu30z9R0qV7","createdAt":"2023-12-13T19:02:12.794Z","updatedAt":"2024-09-03T17:14:25.975Z"},{"merchantId":214990,"name":"Solarplexius España ES","imageUri":"https://monetizeamex.com/v3/120x60/ec9720f8f41926379c2820f786a68c4e.png","currencyCode":"EUR","defaultDomain":"solarplexius.es","domains":["solarplexius.es"],"categoryId":59,"description":null,"isActive":true,"countryCodes":["ES"],"averageBasketValue":151,"averageCommission":3.62,"averageConfirmationTime":null,"averageCancellationRate":null,"minimumCommission":3.36,"maximumCommission":3.36,"commissionRates":[{"fixedCommission":null,"percentageCommission":2.4}],"trackingLink":"https://tatrck.com/h/0Hu30z9R0qVE","createdAt":"2023-12-13T19:02:12.881Z","updatedAt":"2024-08-21T11:36:44.000Z"},{"merchantId":215006,"name":"Arlo","imageUri":"https://monetizeamex.com/v3/120x60/c8e77fe3cdccda6dcb8c37547dab22d5.png","currencyCode":"EUR","defaultDomain":"arlo.com","domains":["arlo.com"],"categoryId":64,"description":null,"isActive":true,"countryCodes":["DE"],"averageBasketValue":170.61,"averageCommission":9.39,"averageConfirmationTime":58,"averageCancellationRate":null,"minimumCommission":6.49,"maximumCommission":16,"commissionRates":[],"trackingLink":"https://tatrck.com/h/0Hu30z9R0qVU","createdAt":"2023-12-13T19:02:13.571Z","updatedAt":"2024-09-03T17:06:39.277Z"},{"merchantId":215070,"name":"LesliesPool","imageUri":"https://monetizeamex.com/v3/120x60/0d341af19debfac0819fadf39ce5d857.png","currencyCode":"EUR","defaultDomain":"lesliespool.com","domains":["lesliespool.com"],"categoryId":55,"description":null,"isActive":true,"countryCodes":["US"],"averageBasketValue":112.77,"averageCommission":0.46,"averageConfirmationTime":null,"averageCancellationRate":null,"minimumCommission":0,"maximumCommission":2.62,"commissionRates":[],"trackingLink":"https://tatrck.com/h/0Hu30z9R0qWU","createdAt":"2023-12-13T19:02:17.091Z","updatedAt":"2024-09-03T05:51:08.505Z"},{"merchantId":215178,"name":"moje PV","imageUri":"https://kqdxc4m5.de/logos_v2/120x60/e5f0e122379ff27274804bc8e58d8da6.gif","currencyCode":"EUR","defaultDomain":"mojepv.pl","domains":["mojepv.pl"],"categoryId":51,"description":null,"isActive":true,"countryCodes":["PL"],"averageBasketValue":null,"averageCommission":null,"averageConfirmationTime":null,"averageCancellationRate":null,"minimumCommission":null,"maximumCommission":null,"commissionRates":[],"trackingLink":"https://tatrck.com/h/0Hu30z9R0qYA","createdAt":"2023-12-13T19:02:20.098Z","updatedAt":"2024-08-21T11:26:05.217Z"},{"merchantId":215191,"name":"Jolt UK","imageUri":"https://monetizeamex.com/v3/120x60/58f2e96595701bc477bff1eb7ae35bb9.png","currencyCode":"EUR","defaultDomain":"jolt.co.uk","domains":["jolt.co.uk"],"categoryId":22,"description":null,"isActive":true,"countryCodes":["GB","AE"],"averageBasketValue":null,"averageCommission":null,"averageConfirmationTime":null,"averageCancellationRate":null,"minimumCommission":null,"maximumCommission":null,"commissionRates":[{"fixedCommission":null,"percentageCommission":42}],"trackingLink":"https://tatrck.com/h/0Hu30z9R0qYN","createdAt":"2023-12-13T19:02:23.775Z","updatedAt":"2024-09-03T17:08:07.695Z"},{"merchantId":215197,"name":"Agridime US","imageUri":"https://monetizeamex.com/v3/120x60/511c75e34d24ef964b58d674dfbaff86.png","currencyCode":"EUR","defaultDomain":"agridimestore.com","domains":["agridimestore.com"],"categoryId":63,"description":null,"isActive":true,"countryCodes":["US"],"averageBasketValue":53.41,"averageCommission":1.12,"averageConfirmationTime":null,"averageCancellationRate":20,"minimumCommission":3.61,"maximumCommission":3.61,"commissionRates":[],"trackingLink":"https://tatrck.com/h/0Hu30z9R0qYT","createdAt":"2023-12-13T19:02:25.881Z","updatedAt":"2024-08-26T09:01:30.529Z"},{"merchantId":215200,"name":"Chemist Confessions Inc. US","imageUri":"https://kqdxc4m5.de/logos_v2/120x60/2a32094c0ffb3959d8b6bb10d4d19c41.gif","currencyCode":"EUR","defaultDomain":"chemistconfessions.com","domains":["chemistconfessions.com"],"categoryId":27,"description":null,"isActive":true,"countryCodes":["US"],"averageBasketValue":124.17,"averageCommission":11.17,"averageConfirmationTime":28,"averageCancellationRate":null,"minimumCommission":null,"maximumCommission":null,"commissionRates":[{"fixedCommission":null,"percentageCommission":9}],"trackingLink":"https://tatrck.com/h/0Hu30z9R0qYW","createdAt":"2023-12-13T19:02:26.771Z","updatedAt":"2024-08-21T11:35:16.460Z"},{"merchantId":215205,"name":"Hello Health US","imageUri":"https://kqdxc4m5.de/logos_v2/120x60/11d1247fd851e998a5b738c4eaa1ffa8.gif","currencyCode":"EUR","defaultDomain":"hello.health","domains":["hello.health"],"categoryId":60,"description":null,"isActive":true,"countryCodes":["US"],"averageBasketValue":null,"averageCommission":null,"averageConfirmationTime":null,"averageCancellationRate":null,"minimumCommission":null,"maximumCommission":null,"commissionRates":[{"fixedCommission":null,"percentageCommission":9}],"trackingLink":"https://tatrck.com/h/0Hu30z9R0qYb","createdAt":"2023-12-13T19:02:28.337Z","updatedAt":"2024-08-21T11:39:43.836Z"},{"merchantId":215206,"name":"Icing Images US","imageUri":"https://monetizeamex.com/v3/120x60/dec05b8c63af052cba7cdb9bfe21dcee.png","currencyCode":"EUR","defaultDomain":"icingimages.com","domains":["icingimages.com"],"categoryId":14,"description":null,"isActive":true,"countryCodes":["US"],"averageBasketValue":506.25,"averageCommission":9.1,"averageConfirmationTime":null,"averageCancellationRate":null,"minimumCommission":2.36,"maximumCommission":30.1,"commissionRates":[{"fixedCommission":null,"percentageCommission":1.7999999999999998}],"trackingLink":"https://tatrck.com/h/0Hu30z9R0qYc","createdAt":"2023-12-13T19:02:28.088Z","updatedAt":"2024-08-30T11:01:05.928Z"},{"merchantId":215207,"name":"JOI US","imageUri":"https://kqdxc4m5.de/logos_v2/120x60/ca1dcb0ab1cae5750b03591706c1ff5e.gif","currencyCode":"EUR","defaultDomain":"addjoi.com","domains":["addjoi.com"],"categoryId":14,"description":null,"isActive":true,"countryCodes":["US"],"averageBasketValue":63.4,"averageCommission":1.9,"averageConfirmationTime":1,"averageCancellationRate":null,"minimumCommission":0.78,"maximumCommission":3.39,"commissionRates":[{"fixedCommission":null,"percentageCommission":3}],"trackingLink":"https://tatrck.com/h/0Hu30z9R0qYd","createdAt":"2023-12-13T19:02:28.503Z","updatedAt":"2024-08-28T05:31:37.726Z"},{"merchantId":215209,"name":"One Farm by WAAYB US","imageUri":"https://kqdxc4m5.de/logos_v2/120x60/f99cd45199bffb8f3a6e26a666a9f248.gif","currencyCode":"EUR","defaultDomain":"onefarm.com","domains":["onefarm.com"],"categoryId":28,"description":null,"isActive":true,"countryCodes":["US"],"averageBasketValue":48.83,"averageCommission":5.85,"averageConfirmationTime":29,"averageCancellationRate":null,"minimumCommission":null,"maximumCommission":null,"commissionRates":[{"fixedCommission":null,"percentageCommission":9}],"trackingLink":"https://tatrck.com/h/0Hu30z9R0qYf","createdAt":"2023-12-13T19:02:30.216Z","updatedAt":"2024-08-21T11:39:41.882Z"},{"merchantId":215210,"name":"Opopop US","imageUri":"https://kqdxc4m5.de/logos_v2/120x60/ad6b5d75c9a4bea2a85297ffa1b0b2ab.gif","currencyCode":"EUR","defaultDomain":"opopop.com","domains":["opopop.com"],"categoryId":14,"description":null,"isActive":true,"countryCodes":["US"],"averageBasketValue":496.48,"averageCommission":0.73,"averageConfirmationTime":1,"averageCancellationRate":null,"minimumCommission":6,"maximumCommission":6,"commissionRates":[{"fixedCommission":null,"percentageCommission":10.95}],"trackingLink":"https://tatrck.com/h/0Hu30z9R0qYg","createdAt":"2023-12-13T19:02:29.365Z","updatedAt":"2024-08-21T11:43:19.264Z"},{"merchantId":215211,"name":"Oxygenetix US","imageUri":"https://kqdxc4m5.de/logos_v2/120x60/00f8e875cfe1988f2b8251097bcb9618.gif","currencyCode":"EUR","defaultDomain":"oxygenetix.com","domains":["oxygenetix.com"],"categoryId":28,"description":null,"isActive":true,"countryCodes":["US"],"averageBasketValue":80.29,"averageCommission":4.81,"averageConfirmationTime":null,"averageCancellationRate":null,"minimumCommission":2.67,"maximumCommission":2.67,"commissionRates":[{"fixedCommission":null,"percentageCommission":6}],"trackingLink":"https://tatrck.com/h/0Hu30z9R0qYh","createdAt":"2023-12-13T19:02:29.375Z","updatedAt":"2024-09-02T05:33:27.898Z"},{"merchantId":215212,"name":"Parcelle Wine US","imageUri":"https://kqdxc4m5.de/logos_v2/120x60/52c637899efa3344ac5152f51247290c.gif","currencyCode":"EUR","defaultDomain":"parcellewine.com","domains":["parcellewine.com"],"categoryId":21,"description":null,"isActive":true,"countryCodes":["US"],"averageBasketValue":86.29,"averageCommission":3.62,"averageConfirmationTime":null,"averageCancellationRate":null,"minimumCommission":3.62,"maximumCommission":3.62,"commissionRates":[{"fixedCommission":null,"percentageCommission":4.2}],"trackingLink":"https://tatrck.com/h/0Hu30z9R0qYi","createdAt":"2023-12-13T19:02:29.992Z","updatedAt":"2024-08-21T11:32:51.620Z"},{"merchantId":215213,"name":"SI Online LLC US","imageUri":"https://kqdxc4m5.de/logos_v2/120x60/6baa9964837530e8fc01575bc22433a6.gif","currencyCode":"EUR","defaultDomain":"5hourenergy.com","domains":["5hourenergy.com"],"categoryId":51,"description":null,"isActive":true,"countryCodes":["SI","US"],"averageBasketValue":98.88,"averageCommission":3.15,"averageConfirmationTime":14,"averageCancellationRate":null,"minimumCommission":1.3,"maximumCommission":1.3,"commissionRates":[{"fixedCommission":null,"percentageCommission":4.8},{"fixedCommission":null,"percentageCommission":7.68},{"fixedCommission":null,"percentageCommission":2.4},{"fixedCommission":null,"percentageCommission":3.84}],"trackingLink":"https://tatrck.com/h/0Hu30z9R0qYj","createdAt":"2023-12-13T19:02:30.268Z","updatedAt":"2024-08-21T11:32:11.211Z"},{"merchantId":215216,"name":"Taza Chocolate US","imageUri":"https://kqdxc4m5.de/logos_v2/120x60/eff6b280b35892097600286b5bd0142a.gif","currencyCode":"EUR","defaultDomain":"tazachocolate.com","domains":["tazachocolate.com"],"categoryId":14,"description":null,"isActive":true,"countryCodes":["US"],"averageBasketValue":46.35,"averageCommission":0.83,"averageConfirmationTime":1,"averageCancellationRate":null,"minimumCommission":0.22,"maximumCommission":0.35,"commissionRates":[{"fixedCommission":null,"percentageCommission":1.7999999999999998}],"trackingLink":"https://tatrck.com/h/0Hu30z9R0qYm","createdAt":"2023-12-13T19:02:31.183Z","updatedAt":"2024-09-02T05:33:41.020Z"},{"merchantId":215217,"name":"Winona US","imageUri":"https://monetizeamex.com/v3/120x60/a4e4480ea382a0fb386f2d931f53808b.png","currencyCode":"EUR","defaultDomain":"bywinona.com","domains":["bywinona.com"],"categoryId":35,"description":null,"isActive":true,"countryCodes":["US"],"averageBasketValue":51.46,"averageCommission":5.32,"averageConfirmationTime":29,"averageCancellationRate":null,"minimumCommission":3.36,"maximumCommission":27.66,"commissionRates":[{"fixedCommission":null,"percentageCommission":9}],"trackingLink":"https://tatrck.com/h/0Hu30z9R0qYn","createdAt":"2023-12-13T19:02:31.289Z","updatedAt":"2024-08-29T05:51:15.958Z"},{"merchantId":215219,"name":"Budgetpers.nl NL","imageUri":"https://kqdxc4m5.de/logos_v2/120x60/0eb2e55f91e3d9d36482bcbc10f6c5e8.gif","currencyCode":"EUR","defaultDomain":"budgetpers.nl","domains":["budgetpers.nl"],"categoryId":70,"description":null,"isActive":true,"countryCodes":["NL"],"averageBasketValue":null,"averageCommission":null,"averageConfirmationTime":null,"averageCancellationRate":null,"minimumCommission":null,"maximumCommission":null,"commissionRates":[],"trackingLink":"https://tatrck.com/h/0Hu30z9R0qYp","createdAt":"2023-12-13T19:02:31.481Z","updatedAt":"2024-08-21T11:31:36.216Z"},{"merchantId":215220,"name":"Demeeuw.nl NL","imageUri":"https://kqdxc4m5.de/logos_v2/120x60/0314a7d552b43fa0cc9ae548dfbd4189.gif","currencyCode":"EUR","defaultDomain":"demeeuw.nl","domains":["demeeuw.nl"],"categoryId":63,"description":null,"isActive":true,"countryCodes":["NL"],"averageBasketValue":null,"averageCommission":null,"averageConfirmationTime":null,"averageCancellationRate":null,"minimumCommission":null,"maximumCommission":null,"commissionRates":[],"trackingLink":"https://tatrck.com/h/0Hu30z9R0qYq","createdAt":"2023-12-13T19:02:32.074Z","updatedAt":"2024-08-21T11:28:24.008Z"},{"merchantId":215221,"name":"Flevonatuur.nl NL","imageUri":"https://kqdxc4m5.de/logos_v2/120x60/89f0814b7eac86eac9204208bdba6cd0.gif","currencyCode":"EUR","defaultDomain":"flevonatuur.nl","domains":["flevonatuur.nl"],"categoryId":63,"description":null,"isActive":true,"countryCodes":["NL"],"averageBasketValue":356.95,"averageCommission":6.74,"averageConfirmationTime":null,"averageCancellationRate":null,"minimumCommission":5.36,"maximumCommission":5.36,"commissionRates":[],"trackingLink":"https://tatrck.com/h/0Hu30z9R0qYr","createdAt":"2023-12-13T19:02:33.669Z","updatedAt":"2024-08-21T11:40:23.281Z"},{"merchantId":215222,"name":"Gorillz.nl NL","imageUri":"https://kqdxc4m5.de/logos_v2/120x60/85a3c45c446295c873b3e69de6aca76d.gif","currencyCode":"EUR","defaultDomain":"gorillz.nl","domains":["gorillz.nl"],"categoryId":74,"description":null,"isActive":true,"countryCodes":["NL"],"averageBasketValue":null,"averageCommission":null,"averageConfirmationTime":null,"averageCancellationRate":null,"minimumCommission":null,"maximumCommission":null,"commissionRates":[],"trackingLink":"https://tatrck.com/h/0Hu30z9R0qYs","createdAt":"2023-12-13T19:02:32.494Z","updatedAt":"2024-08-21T11:39:28.924Z"},{"merchantId":215224,"name":"Katanamart FR","imageUri":"https://kqdxc4m5.de/logos_v2/120x60/738813d270dad68c058b37fa10b79a6b.gif","currencyCode":"EUR","defaultDomain":"katanamart.fr","domains":["katanamart.fr"],"categoryId":59,"description":null,"isActive":true,"countryCodes":["FR"],"averageBasketValue":80.89,"averageCommission":2.38,"averageConfirmationTime":null,"averageCancellationRate":22.2,"minimumCommission":2.88,"maximumCommission":2.88,"commissionRates":[],"trackingLink":"https://tatrck.com/h/0Hu30z9R0qYu","createdAt":"2023-12-13T19:02:33.065Z","updatedAt":"2024-08-21T11:43:16.114Z"},{"merchantId":215231,"name":"Partnerselect.net NL","imageUri":"https://kqdxc4m5.de/logos_v2/120x60/9e18b0e481773fe783fac7a0cfda2f2e.gif","currencyCode":"EUR","defaultDomain":"partnerselect.net","domains":["partnerselect.net"],"categoryId":16,"description":null,"isActive":true,"countryCodes":["NL"],"averageBasketValue":null,"averageCommission":8.72,"averageConfirmationTime":58,"averageCancellationRate":null,"minimumCommission":3.15,"maximumCommission":27.3,"commissionRates":[],"trackingLink":"https://tatrck.com/h/0Hu30z9R0qY_","createdAt":"2023-12-13T19:02:33.489Z","updatedAt":"2024-08-21T11:34:36.546Z"},{"merchantId":215234,"name":"Samoza.nl NL","imageUri":"https://kqdxc4m5.de/logos_v2/120x60/9b0962f405047c77fb9c317f1a07d6e1.gif","currencyCode":"EUR","defaultDomain":"samoza.nl","domains":["samoza.nl"],"categoryId":63,"description":null,"isActive":true,"countryCodes":["NL"],"averageBasketValue":862.38,"averageCommission":12.54,"averageConfirmationTime":6,"averageCancellationRate":3.6,"minimumCommission":0.4,"maximumCommission":30.07,"commissionRates":[],"trackingLink":"https://tatrck.com/h/0Hu30z9R0qZ2","createdAt":"2023-12-13T19:02:34.081Z","updatedAt":"2024-08-21T11:39:07.748Z"},{"merchantId":215239,"name":"Webador.fr FR","imageUri":"https://kqdxc4m5.de/logos_v2/120x60/32484024a32635a8bf5510a081fee0e6.gif","currencyCode":"EUR","defaultDomain":"webador.fr","domains":["webador.fr"],"categoryId":36,"description":null,"isActive":true,"countryCodes":["FR"],"averageBasketValue":2.13,"averageCommission":2.14,"averageConfirmationTime":5,"averageCancellationRate":2.6,"minimumCommission":0.3,"maximumCommission":18,"commissionRates":[],"trackingLink":"https://tatrck.com/h/0Hu30z9R0qZ7","createdAt":"2023-12-13T19:02:35.111Z","updatedAt":"2024-08-27T05:32:58.859Z"},{"merchantId":215241,"name":"Betts","imageUri":"https://kqdxc4m5.de/logos_v2/120x60/44adc8770887477c65719a75904f5276.gif","currencyCode":"EUR","defaultDomain":"betts.com.au","domains":["betts.com.au"],"categoryId":40,"description":null,"isActive":true,"countryCodes":["AU"],"averageBasketValue":77.06,"averageCommission":2.31,"averageConfirmationTime":58,"averageCancellationRate":null,"minimumCommission":1.63,"maximumCommission":1.63,"commissionRates":[{"fixedCommission":null,"percentageCommission":3}],"trackingLink":"https://tatrck.com/h/0Hu30z9R0qZ9","createdAt":"2023-12-13T19:02:35.668Z","updatedAt":"2024-09-03T17:07:01.571Z"},{"merchantId":215242,"name":"DREAMO","imageUri":"https://kqdxc4m5.de/logos_v2/120x60/671c3945fda3653b7844165742db4f04.gif","currencyCode":"EUR","defaultDomain":"dreamo.com.au","domains":["dreamo.com.au"],"categoryId":34,"description":null,"isActive":true,"countryCodes":["AU"],"averageBasketValue":22.12,"averageCommission":0.39,"averageConfirmationTime":null,"averageCancellationRate":null,"minimumCommission":null,"maximumCommission":null,"commissionRates":[{"fixedCommission":null,"percentageCommission":1.7999999999999998}],"trackingLink":"https://tatrck.com/h/0Hu30z9R0qZA","createdAt":"2023-12-13T19:02:35.979Z","updatedAt":"2024-09-03T17:04:23.873Z"},{"merchantId":215255,"name":"XP-PEN MY","imageUri":"https://kqdxc4m5.de/logos_v2/120x60/0e27a527fe664bd0970a44a506138d22.gif","currencyCode":"EUR","defaultDomain":"storexppen.my","domains":["storexppen.my"],"categoryId":72,"description":null,"isActive":true,"countryCodes":["MY"],"averageBasketValue":null,"averageCommission":3.69,"averageConfirmationTime":null,"averageCancellationRate":null,"minimumCommission":0.21,"maximumCommission":8.25,"commissionRates":[],"trackingLink":"https://tatrck.com/h/0Hu30z9R0qZN","createdAt":"2023-12-13T19:02:38.574Z","updatedAt":"2024-08-21T11:44:05.815Z"},{"merchantId":215259,"name":"Jaybird (INT) DE","imageUri":"https://kqdxc4m5.de/logos_v2/120x60/a120a381cab7aef1d0d8615a72b2a346.gif","currencyCode":"EUR","defaultDomain":"jaybirdsport.com","domains":["jaybirdsport.com"],"categoryId":72,"description":null,"isActive":true,"countryCodes":["AT"],"averageBasketValue":null,"averageCommission":null,"averageConfirmationTime":null,"averageCancellationRate":null,"minimumCommission":null,"maximumCommission":null,"commissionRates":[],"trackingLink":"https://tatrck.com/h/0Hu30z9R0qZR","createdAt":"2023-12-13T19:02:39.190Z","updatedAt":"2024-07-29T11:12:01.239Z"},{"merchantId":215261,"name":"Green Chef UK","imageUri":"https://kqdxc4m5.de/logos_v2/120x60/26d6b116667ef1b42eea41cfa4841c5e.gif","currencyCode":"EUR","defaultDomain":"greenchef.co.uk","domains":["greenchef.co.uk"],"categoryId":13,"description":null,"isActive":true,"countryCodes":["GB"],"averageBasketValue":22.66,"averageCommission":5.19,"averageConfirmationTime":48,"averageCancellationRate":33.3,"minimumCommission":null,"maximumCommission":null,"commissionRates":[{"fixedCommission":7.2,"percentageCommission":null}],"trackingLink":"https://tatrck.com/h/0Hu30z9R0qZT","createdAt":"2023-12-13T19:02:40.872Z","updatedAt":"2024-08-24T05:51:26.359Z"},{"merchantId":215274,"name":"Wondershare AR","imageUri":"https://monetizeamex.com/v3/120x60/7cf34c745f2322e615c8b036512912de.png","currencyCode":"EUR","defaultDomain":"wondershare.es","domains":["wondershare.es"],"categoryId":49,"description":null,"isActive":true,"countryCodes":["ES"],"averageBasketValue":42.4,"averageCommission":7,"averageConfirmationTime":null,"averageCancellationRate":null,"minimumCommission":0.8,"maximumCommission":14.11,"commissionRates":[],"trackingLink":"https://tatrck.com/h/0Hu30z9R0qZg","createdAt":"2023-12-13T19:02:42.084Z","updatedAt":"2024-08-27T05:52:05.030Z"},{"merchantId":215313,"name":"BezvaTriko.cz","imageUri":"https://kqdxc4m5.de/logos_v2/120x60/1180656b241a88fcaa32cc2ef8f1e1aa.gif","currencyCode":"EUR","defaultDomain":"bezvatriko.cz","domains":["bezvatriko.cz"],"categoryId":40,"description":null,"isActive":true,"countryCodes":["CZ"],"averageBasketValue":8.93,"averageCommission":1.62,"averageConfirmationTime":null,"averageCancellationRate":null,"minimumCommission":1.39,"maximumCommission":1.39,"commissionRates":[{"fixedCommission":null,"percentageCommission":4.5}],"trackingLink":"https://tatrck.com/h/0Hu30z9R0qaH","createdAt":"2023-12-13T19:02:54.294Z","updatedAt":"2024-09-03T09:01:04.110Z"},{"merchantId":215314,"name":"BlackInsomnia - CZ","imageUri":"https://monetizeamex.com/v3/120x60/16d3d36c1217ad8de09ff96de153e822.png","currencyCode":"EUR","defaultDomain":"blackinsomnia.cz","domains":["blackinsomnia.cz"],"categoryId":14,"description":null,"isActive":true,"countryCodes":["CZ"],"averageBasketValue":null,"averageCommission":null,"averageConfirmationTime":null,"averageCancellationRate":null,"minimumCommission":null,"maximumCommission":null,"commissionRates":[],"trackingLink":"https://tatrck.com/h/0Hu30z9R0qaI","createdAt":"2023-12-13T19:02:54.776Z","updatedAt":"2024-08-15T09:10:51.332Z"},{"merchantId":215385,"name":"Chesterfield Sofas UK","imageUri":"https://monetizeamex.com/v3/120x60/66733f689c1215f14097492ea87129da.png","currencyCode":"EUR","defaultDomain":"chesterfieldsofas.co.uk","domains":["chesterfieldsofas.co.uk"],"categoryId":34,"description":null,"isActive":true,"countryCodes":["GB"],"averageBasketValue":null,"averageCommission":null,"averageConfirmationTime":null,"averageCancellationRate":null,"minimumCommission":null,"maximumCommission":null,"commissionRates":[],"trackingLink":"https://tatrck.com/h/0Hu30z9R0qbP","createdAt":"2023-12-13T19:03:03.691Z","updatedAt":"2024-09-03T17:08:28.956Z"},{"merchantId":215388,"name":"SmartBuyGlasses SEA","imageUri":"https://kqdxc4m5.de/logos_v2/120x60/0d15f2cf1fbdfb61bbddda2dbd25b5dd.gif","currencyCode":"EUR","defaultDomain":"smartbuyglasses.com.sg","domains":["smartbuyglasses.com.sg"],"categoryId":40,"description":null,"isActive":true,"countryCodes":[],"averageBasketValue":null,"averageCommission":null,"averageConfirmationTime":null,"averageCancellationRate":null,"minimumCommission":null,"maximumCommission":null,"commissionRates":[{"fixedCommission":null,"percentageCommission":3},{"fixedCommission":null,"percentageCommission":2.4},{"fixedCommission":null,"percentageCommission":3.5999999999999996}],"trackingLink":"https://tatrck.com/h/0Hu30z9R0qbS","createdAt":"2023-12-13T19:03:04.114Z","updatedAt":"2024-09-03T17:06:03.030Z"},{"merchantId":215394,"name":"Caritas Łączy mobile PL","imageUri":"https://kqdxc4m5.de/logos_v2/120x60/7f3a06133b092a8212a437daf54d7010.gif","currencyCode":"EUR","defaultDomain":"caritaslaczy.pl","domains":["caritaslaczy.pl"],"categoryId":7,"description":null,"isActive":true,"countryCodes":["PL"],"averageBasketValue":null,"averageCommission":null,"averageConfirmationTime":null,"averageCancellationRate":null,"minimumCommission":null,"maximumCommission":null,"commissionRates":[],"trackingLink":"https://tatrck.com/h/0Hu30z9R0qbY","createdAt":"2023-12-13T19:03:06.769Z","updatedAt":"2024-08-21T11:39:55.022Z"},{"merchantId":215398,"name":"CrowdCooks.be BE","imageUri":"https://kqdxc4m5.de/logos_v2/120x60/7907cd49176990412f71c23b56d3c6cb.gif","currencyCode":"EUR","defaultDomain":"crowdcooks.be","domains":["crowdcooks.be"],"categoryId":14,"description":null,"isActive":true,"countryCodes":["BE"],"averageBasketValue":4,"averageCommission":6.3,"averageConfirmationTime":null,"averageCancellationRate":null,"minimumCommission":6.3,"maximumCommission":6.3,"commissionRates":[],"trackingLink":"https://tatrck.com/h/0Hu30z9R0qbc","createdAt":"2023-12-13T19:03:07.799Z","updatedAt":"2024-08-21T11:39:08.672Z"},{"merchantId":215403,"name":"Disena.nl NL","imageUri":"https://kqdxc4m5.de/logos_v2/120x60/58bedca507c1b83964555f9b82f8aa0e.gif","currencyCode":"EUR","defaultDomain":"disena.nl","domains":["disena.nl"],"categoryId":74,"description":null,"isActive":true,"countryCodes":["NL"],"averageBasketValue":null,"averageCommission":null,"averageConfirmationTime":null,"averageCancellationRate":null,"minimumCommission":null,"maximumCommission":null,"commissionRates":[],"trackingLink":"https://tatrck.com/h/0Hu30z9R0qbh","createdAt":"2023-12-13T19:03:08.783Z","updatedAt":"2024-08-21T11:29:52.932Z"},{"merchantId":215405,"name":"Examencentrum.nl NL","imageUri":"https://kqdxc4m5.de/logos_v2/120x60/1f0252f7e8573ad5cd29c451c064ed6c.gif","currencyCode":"EUR","defaultDomain":"examencentrum.nl","domains":["examencentrum.nl"],"categoryId":44,"description":null,"isActive":true,"countryCodes":["NL"],"averageBasketValue":6.36,"averageCommission":0.4,"averageConfirmationTime":38,"averageCancellationRate":null,"minimumCommission":0.09,"maximumCommission":2.52,"commissionRates":[],"trackingLink":"https://tatrck.com/h/0Hu30z9R0qbj","createdAt":"2023-12-13T19:03:08.970Z","updatedAt":"2024-09-03T05:31:10.665Z"},{"merchantId":215410,"name":"Geocoachingshop.nl NL","imageUri":"https://kqdxc4m5.de/logos_v2/120x60/9c2c4a155b2d7e887da1654009329efc.gif","currencyCode":"EUR","defaultDomain":"geocachingshop.nl","domains":["geocachingshop.nl"],"categoryId":55,"description":null,"isActive":true,"countryCodes":["NL"],"averageBasketValue":43.44,"averageCommission":0.91,"averageConfirmationTime":7,"averageCancellationRate":5.3,"minimumCommission":0.2,"maximumCommission":1.32,"commissionRates":[],"trackingLink":"https://tatrck.com/h/0Hu30z9R0qbo","createdAt":"2023-12-13T19:03:10.102Z","updatedAt":"2024-08-24T05:34:12.520Z"},{"merchantId":215411,"name":"Goede-Zaak.nl NL","imageUri":"https://kqdxc4m5.de/logos_v2/120x60/5cbf92d1e166d49c12836229a97d98fc.gif","currencyCode":"EUR","defaultDomain":"goede-zaak.nl","domains":["goede-zaak.nl"],"categoryId":66,"description":null,"isActive":true,"countryCodes":["NL"],"averageBasketValue":null,"averageCommission":null,"averageConfirmationTime":null,"averageCancellationRate":null,"minimumCommission":null,"maximumCommission":null,"commissionRates":[],"trackingLink":"https://tatrck.com/h/0Hu30z9R0qbp","createdAt":"2023-12-13T19:03:12.203Z","updatedAt":"2024-08-21T11:39:07.410Z"},{"merchantId":215420,"name":"Hetwinkel.nl NL","imageUri":"https://kqdxc4m5.de/logos_v2/120x60/6b87a0e22d6931a75b14bf1ef69a7e94.gif","currencyCode":"EUR","defaultDomain":"hetwinkel.nl","domains":["hetwinkel.nl"],"categoryId":63,"description":null,"isActive":true,"countryCodes":["NL"],"averageBasketValue":397.23,"averageCommission":8.98,"averageConfirmationTime":null,"averageCancellationRate":null,"minimumCommission":5.4,"maximumCommission":19.69,"commissionRates":[],"trackingLink":"https://tatrck.com/h/0Hu30z9R0qby","createdAt":"2023-12-13T19:03:13.077Z","updatedAt":"2024-08-30T05:35:10.494Z"},{"merchantId":215427,"name":"Kunststofbouwmateriaal.nl NL","imageUri":"https://kqdxc4m5.de/logos_v2/120x60/a380c1ac0c2fe2934d42ca2ff753f909.gif","currencyCode":"EUR","defaultDomain":"kunststofbouwmateriaal.nl","domains":["kunststofbouwmateriaal.nl"],"categoryId":39,"description":null,"isActive":true,"countryCodes":["NL"],"averageBasketValue":925.94,"averageCommission":7.65,"averageConfirmationTime":4,"averageCancellationRate":null,"minimumCommission":0.19,"maximumCommission":24.73,"commissionRates":[],"trackingLink":"https://tatrck.com/h/0Hu30z9R0qc3","createdAt":"2023-12-13T19:03:14.690Z","updatedAt":"2024-09-03T05:41:03.642Z"},{"merchantId":215430,"name":"Listnride.nl NL","imageUri":"https://kqdxc4m5.de/logos_v2/120x60/ff100c009faf0381cbb58be62d45ead8.gif","currencyCode":"EUR","defaultDomain":"listnride.nl","domains":["listnride.nl"],"categoryId":55,"description":null,"isActive":true,"countryCodes":["NL"],"averageBasketValue":null,"averageCommission":null,"averageConfirmationTime":null,"averageCancellationRate":null,"minimumCommission":null,"maximumCommission":null,"commissionRates":[],"trackingLink":"https://tatrck.com/h/0Hu30z9R0qc6","createdAt":"2023-12-13T19:03:15.179Z","updatedAt":"2024-08-21T11:26:10.361Z"},{"merchantId":215431,"name":"Loxam.nl NL","imageUri":"https://kqdxc4m5.de/logos_v2/120x60/13fecf92111c19d9d15c24501a3514f5.gif","currencyCode":"EUR","defaultDomain":"loxam.nl","domains":["loxam.nl"],"categoryId":5,"description":null,"isActive":true,"countryCodes":["NL"],"averageBasketValue":null,"averageCommission":null,"averageConfirmationTime":null,"averageCancellationRate":null,"minimumCommission":null,"maximumCommission":null,"commissionRates":[],"trackingLink":"https://tatrck.com/h/0Hu30z9R0qc7","createdAt":"2023-12-13T19:03:15.273Z","updatedAt":"2024-08-21T11:36:57.890Z"},{"merchantId":215437,"name":"Marjolein Elisabeth BV NL","imageUri":"https://kqdxc4m5.de/logos_v2/120x60/352f5396e0b76e4c22c0ef2bc45babd7.gif","currencyCode":"EUR","defaultDomain":"marjoleinelisabeth.nl","domains":["marjoleinelisabeth.nl"],"categoryId":40,"description":null,"isActive":true,"countryCodes":["NL"],"averageBasketValue":null,"averageCommission":null,"averageConfirmationTime":null,"averageCancellationRate":null,"minimumCommission":null,"maximumCommission":null,"commissionRates":[],"trackingLink":"https://tatrck.com/h/0Hu30z9R0qcD","createdAt":"2023-12-13T19:03:16.192Z","updatedAt":"2024-08-21T11:37:45.681Z"},{"merchantId":215443,"name":"Mkbrecht.nl NL","imageUri":"https://kqdxc4m5.de/logos_v2/120x60/1498fe507a46f82b5f885bc1d11ebad8.gif","currencyCode":"EUR","defaultDomain":"mkbrecht.nl","domains":["mkbrecht.nl"],"categoryId":35,"description":null,"isActive":true,"countryCodes":["NL"],"averageBasketValue":null,"averageCommission":9,"averageConfirmationTime":null,"averageCancellationRate":66.7,"minimumCommission":9,"maximumCommission":9,"commissionRates":[],"trackingLink":"https://tatrck.com/h/0Hu30z9R0qcJ","createdAt":"2023-12-13T19:03:17.086Z","updatedAt":"2024-08-21T11:37:49.028Z"},{"merchantId":215446,"name":"Newday-supplements.nl NL","imageUri":"https://kqdxc4m5.de/logos_v2/120x60/38ff7be50d7d079c9f14f040a00c6e94.gif","currencyCode":"EUR","defaultDomain":"newday-supplements.nl","domains":["newday-supplements.nl"],"categoryId":68,"description":null,"isActive":true,"countryCodes":["NL"],"averageBasketValue":null,"averageCommission":null,"averageConfirmationTime":null,"averageCancellationRate":null,"minimumCommission":null,"maximumCommission":null,"commissionRates":[],"trackingLink":"https://tatrck.com/h/0Hu30z9R0qcM","createdAt":"2023-12-13T19:03:17.803Z","updatedAt":"2024-08-21T11:40:23.136Z"},{"merchantId":215450,"name":"P1.nl NL","imageUri":"https://kqdxc4m5.de/logos_v2/120x60/5ef10948ddff2128bf7f94e73882afda.gif","currencyCode":"EUR","defaultDomain":"p1.nl","domains":["p1.nl"],"categoryId":5,"description":null,"isActive":true,"countryCodes":["NL"],"averageBasketValue":45.01,"averageCommission":2.02,"averageConfirmationTime":6,"averageCancellationRate":null,"minimumCommission":1.57,"maximumCommission":1.57,"commissionRates":[],"trackingLink":"https://tatrck.com/h/0Hu30z9R0qcQ","createdAt":"2023-12-13T19:03:18.190Z","updatedAt":"2024-08-28T05:31:44.240Z"},{"merchantId":215454,"name":"Profibike.nl NL","imageUri":"https://kqdxc4m5.de/logos_v2/120x60/5c0377231808348a7191905bd848abeb.gif","currencyCode":"EUR","defaultDomain":"profibike.nl","domains":["profibike.nl"],"categoryId":3,"description":null,"isActive":true,"countryCodes":["NL"],"averageBasketValue":1,"averageCommission":45.76,"averageConfirmationTime":null,"averageCancellationRate":null,"minimumCommission":32.71,"maximumCommission":155.95,"commissionRates":[],"trackingLink":"https://tatrck.com/h/0Hu30z9R0qcU","createdAt":"2023-12-13T19:03:19.183Z","updatedAt":"2024-08-21T11:43:13.810Z"},{"merchantId":215462,"name":"SUPERSONIC PL","imageUri":"https://kqdxc4m5.de/logos_v2/120x60/2d61c9acf1074adac93bceb14cbf2ef1.gif","currencyCode":"EUR","defaultDomain":"supersonicfood.com","domains":["supersonicfood.com"],"categoryId":68,"description":null,"isActive":true,"countryCodes":[],"averageBasketValue":58.94,"averageCommission":2.89,"averageConfirmationTime":null,"averageCancellationRate":null,"minimumCommission":1.99,"maximumCommission":1.99,"commissionRates":[{"fixedCommission":null,"percentageCommission":3.15}],"trackingLink":"https://tatrck.com/h/0Hu30z9R0qcc","createdAt":"2023-12-13T19:03:20.976Z","updatedAt":"2024-09-03T17:07:56.266Z"},{"merchantId":215470,"name":"Treinrondreis.nl NL","imageUri":"https://kqdxc4m5.de/logos_v2/120x60/445bf85a884e4ddb0b10aefcfb45a3e5.gif","currencyCode":"EUR","defaultDomain":"treinrondreis.nl","domains":["treinrondreis.nl"],"categoryId":63,"description":null,"isActive":true,"countryCodes":["NL"],"averageBasketValue":11,"averageCommission":42,"averageConfirmationTime":null,"averageCancellationRate":null,"minimumCommission":42,"maximumCommission":42,"commissionRates":[],"trackingLink":"https://tatrck.com/h/0Hu30z9R0qck","createdAt":"2023-12-13T19:03:23.065Z","updatedAt":"2024-08-21T11:27:56.171Z"},{"merchantId":215475,"name":"Vertbaudet.nl NL","imageUri":"https://kqdxc4m5.de/logos_v2/120x60/f46e9ecee8afedbfdc319d212842396a.gif","currencyCode":"EUR","defaultDomain":"vertbaudet.nl","domains":["vertbaudet.nl"],"categoryId":40,"description":null,"isActive":true,"countryCodes":["NL"],"averageBasketValue":82.34,"averageCommission":1.41,"averageConfirmationTime":44,"averageCancellationRate":null,"minimumCommission":0,"maximumCommission":2.35,"commissionRates":[],"trackingLink":"https://tatrck.com/h/0Hu30z9R0qcp","createdAt":"2023-12-13T19:03:24.081Z","updatedAt":"2024-08-23T05:38:52.380Z"},{"merchantId":215479,"name":"Vloerverwarmingzelfleggen.nl NL","imageUri":"https://kqdxc4m5.de/logos_v2/120x60/220b43d9500459de434fea8747f4c7a7.gif","currencyCode":"EUR","defaultDomain":"vloerverwarmingzelfleggen.nl","domains":["vloerverwarmingzelfleggen.nl"],"categoryId":72,"description":null,"isActive":true,"countryCodes":["NL"],"averageBasketValue":171.23,"averageCommission":3.44,"averageConfirmationTime":4,"averageCancellationRate":11.9,"minimumCommission":0.05,"maximumCommission":21.26,"commissionRates":[],"trackingLink":"https://tatrck.com/h/0Hu30z9R0qct","createdAt":"2023-12-13T19:03:24.568Z","updatedAt":"2024-08-23T05:31:13.525Z"},{"merchantId":215480,"name":"Waardijk.nl NL","imageUri":"https://kqdxc4m5.de/logos_v2/120x60/485ceb77748406a29726f7140d7f26ba.gif","currencyCode":"EUR","defaultDomain":"waardijk.nl","domains":["waardijk.nl"],"categoryId":40,"description":null,"isActive":true,"countryCodes":["NL"],"averageBasketValue":90.87,"averageCommission":3.05,"averageConfirmationTime":null,"averageCancellationRate":null,"minimumCommission":null,"maximumCommission":null,"commissionRates":[],"trackingLink":"https://tatrck.com/h/0Hu30z9R0qcu","createdAt":"2023-12-13T19:03:25.072Z","updatedAt":"2024-08-21T11:32:47.515Z"}]}