{"meta":{"next":206680},"data":[{"merchantId":206009,"name":"gobytes.nl NL","imageUri":"https://monetizeamex.com/v3/120x60/fd0a657ba30db1bdafb68596ce51243f.png","currencyCode":"EUR","defaultDomain":"gobytes.nl","domains":["gobytes.nl"],"categoryId":72,"description":null,"isActive":true,"countryCodes":["NL"],"averageBasketValue":704.95,"averageCommission":29.61,"averageConfirmationTime":30,"averageCancellationRate":null,"minimumCommission":21.17,"maximumCommission":21.17,"commissionRates":[],"trackingLink":"https://tatrck.com/h/0Hu30z9R0oIv","createdAt":"2023-12-13T18:34:56.369Z","updatedAt":"2024-08-21T11:28:10.798Z"},{"merchantId":206149,"name":"maeshillscollection.com DE","imageUri":"https://monetizeamex.com/v3/120x60/525412affdaf68ad66916bf1a915d9cc.png","currencyCode":"EUR","defaultDomain":"maeshillscollection.com","domains":["maeshillscollection.com"],"categoryId":40,"description":null,"isActive":true,"countryCodes":["DE"],"averageBasketValue":58.93,"averageCommission":1.92,"averageConfirmationTime":null,"averageCancellationRate":50,"minimumCommission":0.44,"maximumCommission":0.44,"commissionRates":[],"trackingLink":"https://tatrck.com/h/0Hu30z9R0oL5","createdAt":"2023-12-13T18:35:24.904Z","updatedAt":"2024-08-21T11:34:38.225Z"},{"merchantId":206231,"name":"noflystore.co.uk UK","imageUri":"https://monetizeamex.com/v3/120x60/4b688a743a3550135a264d25071cbec3.png","currencyCode":"EUR","defaultDomain":"noflystore.co.uk","domains":["noflystore.co.uk"],"categoryId":72,"description":null,"isActive":true,"countryCodes":["GB"],"averageBasketValue":null,"averageCommission":8.73,"averageConfirmationTime":null,"averageCancellationRate":null,"minimumCommission":2.48,"maximumCommission":26.2,"commissionRates":[],"trackingLink":"https://tatrck.com/h/0Hu30z9R0oMN","createdAt":"2023-12-13T18:35:44.069Z","updatedAt":"2024-08-21T11:42:13.030Z"},{"merchantId":206323,"name":"sabway.es ES","imageUri":"https://monetizeamex.com/v3/120x60/e4d46b1bc6e181d3f765a6654a4b8466.png","currencyCode":"EUR","defaultDomain":"sabway.es","domains":["sabway.es"],"categoryId":50,"description":null,"isActive":true,"countryCodes":["ES"],"averageBasketValue":null,"averageCommission":null,"averageConfirmationTime":null,"averageCancellationRate":null,"minimumCommission":null,"maximumCommission":null,"commissionRates":[{"fixedCommission":null,"percentageCommission":3.5999999999999996}],"trackingLink":"https://tatrck.com/h/0Hu30z9R0oNp","createdAt":"2023-12-13T18:36:07.697Z","updatedAt":"2024-08-21T11:29:03.424Z"},{"merchantId":206636,"name":"Airport LAX","imageUri":"https://monetizeamex.com/v3/120x60/c997c6b3014ca99e691246343756fc1d.png","currencyCode":"EUR","defaultDomain":"airportlax.com","domains":["airportlax.com"],"categoryId":63,"description":null,"isActive":true,"countryCodes":[],"averageBasketValue":42.49,"averageCommission":2.54,"averageConfirmationTime":59,"averageCancellationRate":null,"minimumCommission":1.72,"maximumCommission":4.56,"commissionRates":[],"trackingLink":"https://tatrck.com/h/0Hu30z9R0oSi","createdAt":"2023-12-13T18:37:30.672Z","updatedAt":"2024-08-21T11:39:23.468Z"},{"merchantId":206678,"name":"pyretosnackan.se SE","imageUri":"https://monetizeamex.com/v3/120x60/fc2147da2f6d51a0c20c09dec6b07509.png","currencyCode":"EUR","defaultDomain":"pyretosnackan.se","domains":["pyretosnackan.se"],"categoryId":17,"description":null,"isActive":true,"countryCodes":["SE"],"averageBasketValue":432.4,"averageCommission":12.97,"averageConfirmationTime":null,"averageCancellationRate":null,"minimumCommission":13.74,"maximumCommission":13.74,"commissionRates":[{"fixedCommission":null,"percentageCommission":3}],"trackingLink":"https://tatrck.com/h/0Hu30z9R0oTM","createdAt":"2023-12-13T18:37:39.467Z","updatedAt":"2024-08-21T11:24:41.921Z"}]}