{"meta":{"next":150709},"data":[{"merchantId":150182,"name":"SaloonBox US","imageUri":"https://monetizeamex.com/v3/120x60/45e9a240e44f942e89e6d24032714bbe.png","currencyCode":"EUR","defaultDomain":"saloonbox.com","domains":["saloonbox.com"],"categoryId":28,"description":null,"isActive":true,"countryCodes":["US"],"averageBasketValue":null,"averageCommission":null,"averageConfirmationTime":null,"averageCancellationRate":null,"minimumCommission":null,"maximumCommission":null,"commissionRates":[{"fixedCommission":null,"percentageCommission":0.6}],"trackingLink":"https://tatrck.com/h/0Hu30z9R0agc","createdAt":"2023-12-13T14:28:01.845Z","updatedAt":"2024-08-21T11:43:48.468Z"},{"merchantId":150188,"name":"The Ayurveda Experience US","imageUri":"https://monetizeamex.com/v3/120x60/cd3357ce5b6c161a787e4b3321145024.png","currencyCode":"EUR","defaultDomain":"theayurvedaexperience.com","domains":["theayurvedaexperience.com"],"categoryId":68,"description":null,"isActive":true,"countryCodes":["IN","US"],"averageBasketValue":53.8,"averageCommission":4.53,"averageConfirmationTime":5,"averageCancellationRate":20.3,"minimumCommission":1.33,"maximumCommission":16.14,"commissionRates":[{"fixedCommission":null,"percentageCommission":9},{"fixedCommission":null,"percentageCommission":7.199999999999999},{"fixedCommission":null,"percentageCommission":8.64}],"trackingLink":"https://tatrck.com/h/0Hu30z9R0agi","createdAt":"2023-12-13T14:28:03.494Z","updatedAt":"2024-09-03T17:04:25.806Z"},{"merchantId":150206,"name":"Inesem Business School ES","imageUri":"https://monetizeamex.com/v3/120x60/ff7c545755f0fb25251bc51d46e832fa.png","currencyCode":"EUR","defaultDomain":"inesem.es","domains":["inesem.es"],"categoryId":44,"description":null,"isActive":true,"countryCodes":["ES"],"averageBasketValue":186.64,"averageCommission":12,"averageConfirmationTime":null,"averageCancellationRate":null,"minimumCommission":13.04,"maximumCommission":14.58,"commissionRates":[],"trackingLink":"https://tatrck.com/h/0Hu30z9R0ag-","createdAt":"2023-12-13T14:28:09.684Z","updatedAt":"2024-08-30T05:50:17.819Z"},{"merchantId":150216,"name":"Q-park NL","imageUri":"https://monetizeamex.com/v3/120x60/96f040802042cd36928fa33d5314703a.png","currencyCode":"EUR","defaultDomain":"q-park.nl","domains":["q-park.nl"],"categoryId":63,"description":null,"isActive":true,"countryCodes":["NL"],"averageBasketValue":45.49,"averageCommission":1.77,"averageConfirmationTime":null,"averageCancellationRate":null,"minimumCommission":2.02,"maximumCommission":2.68,"commissionRates":[],"trackingLink":"https://tatrck.com/h/0Hu30z9R0ah8","createdAt":"2023-12-13T14:28:14.387Z","updatedAt":"2024-08-21T11:26:09.828Z"},{"merchantId":150217,"name":"QUAI SUD FR","imageUri":"https://monetizeamex.com/v3/120x60/535d318c5e9ecbfa1775452b597545d6.png","currencyCode":"EUR","defaultDomain":"quaisud.com","domains":["quaisud.com","quaisud.fr"],"categoryId":14,"description":null,"isActive":true,"countryCodes":["FR"],"averageBasketValue":22.47,"averageCommission":0.94,"averageConfirmationTime":null,"averageCancellationRate":null,"minimumCommission":0.69,"maximumCommission":1.39,"commissionRates":[],"trackingLink":"https://tatrck.com/h/0Hu30z9R0ah9","createdAt":"2023-12-13T14:28:12.870Z","updatedAt":"2024-08-21T11:28:21.463Z"},{"merchantId":150283,"name":"Slidup.de","imageUri":"https://monetizeamex.com/v3/120x60/7e98c18d3aae74d11ac498969f992eeb.png","currencyCode":"EUR","defaultDomain":"slidup.de","domains":["slidup.de"],"categoryId":72,"description":null,"isActive":true,"countryCodes":["DE"],"averageBasketValue":106.33,"averageCommission":3.19,"averageConfirmationTime":null,"averageCancellationRate":null,"minimumCommission":3.19,"maximumCommission":3.19,"commissionRates":[],"trackingLink":"https://tatrck.com/h/0Hu30z9R0aiB","createdAt":"2023-12-13T14:28:33.181Z","updatedAt":"2024-09-01T05:41:11.338Z"},{"merchantId":150288,"name":"Olly US","imageUri":"https://monetizeamex.com/v3/120x60/cc8e758da4cad87e4f91586f4a2e7216.png","currencyCode":"EUR","defaultDomain":"olly.com","domains":["olly.com"],"categoryId":68,"description":null,"isActive":true,"countryCodes":["US"],"averageBasketValue":37.77,"averageCommission":3.96,"averageConfirmationTime":28,"averageCancellationRate":23.5,"minimumCommission":1.08,"maximumCommission":10.35,"commissionRates":[{"fixedCommission":null,"percentageCommission":12},{"fixedCommission":null,"percentageCommission":16.8}],"trackingLink":"https://tatrck.com/h/0Hu30z9R0aiG","createdAt":"2023-12-13T14:28:35.070Z","updatedAt":"2024-08-31T05:51:32.717Z"},{"merchantId":150290,"name":"Verisure UK","imageUri":"https://monetizeamex.com/v3/120x60/bf1b36e89eba655149a4ebf6cab0dbbb.png","currencyCode":"EUR","defaultDomain":"verisure.co.uk","domains":["verisure.co.uk"],"categoryId":64,"description":null,"isActive":true,"countryCodes":["GB"],"averageBasketValue":null,"averageCommission":null,"averageConfirmationTime":null,"averageCancellationRate":null,"minimumCommission":null,"maximumCommission":null,"commissionRates":[{"fixedCommission":60,"percentageCommission":null}],"trackingLink":"https://tatrck.com/h/0Hu30z9R0aiI","createdAt":"2023-12-13T14:28:35.383Z","updatedAt":"2024-09-03T17:06:10.316Z"},{"merchantId":150296,"name":"Genting Live Casino UK","imageUri":"https://monetizeamex.com/v3/120x60/dfb6e8279a40e0fe81fe128f98ab40b0.png","currencyCode":"EUR","defaultDomain":"gentingcasino.com","domains":["gentingcasino.com","gentingcasino.co.uk"],"categoryId":42,"description":null,"isActive":true,"countryCodes":["GB"],"averageBasketValue":null,"averageCommission":19.81,"averageConfirmationTime":null,"averageCancellationRate":20,"minimumCommission":19.35,"maximumCommission":20.17,"commissionRates":[],"trackingLink":"https://tatrck.com/h/0Hu30z9R0aiO","createdAt":"2023-12-13T14:28:37.484Z","updatedAt":"2024-08-23T15:01:28.246Z"},{"merchantId":150299,"name":"Prismashop FR","imageUri":"https://monetizeamex.com/v3/120x60/ee8e04659d941291ff31cfdbed81b050.png","currencyCode":"EUR","defaultDomain":"prismashop.fr","domains":["prismashop.fr"],"categoryId":79,"description":null,"isActive":true,"countryCodes":["FR"],"averageBasketValue":118.6,"averageCommission":5.17,"averageConfirmationTime":43,"averageCancellationRate":null,"minimumCommission":0.1,"maximumCommission":1.98,"commissionRates":[],"trackingLink":"https://tatrck.com/h/0Hu30z9R0aiR","createdAt":"2023-12-13T14:28:38.387Z","updatedAt":"2024-09-03T17:04:58.525Z"},{"merchantId":150300,"name":"TiendAnimal PT","imageUri":"https://monetizeamex.com/v3/120x60/3d3ab0618fba2f17faceec927c483f9c.png","currencyCode":"EUR","defaultDomain":"tiendanimal.pt","domains":["tiendanimal.pt"],"categoryId":21,"description":null,"isActive":true,"countryCodes":["ES","PT"],"averageBasketValue":53.87,"averageCommission":1.28,"averageConfirmationTime":null,"averageCancellationRate":0.9,"minimumCommission":0.37,"maximumCommission":5.94,"commissionRates":[],"trackingLink":"https://tatrck.com/h/0Hu30z9R0aiS","createdAt":"2023-12-13T14:28:38.577Z","updatedAt":"2024-08-29T05:49:41.759Z"},{"merchantId":150301,"name":"Bigstock DE","imageUri":"https://monetizeamex.com/v3/120x60/bcbd4e899c09bdff08064f88f5758908.png","currencyCode":"EUR","defaultDomain":"bigstockphoto.com","domains":["bigstockphoto.com"],"categoryId":80,"description":null,"isActive":true,"countryCodes":["DE"],"averageBasketValue":null,"averageCommission":9.66,"averageConfirmationTime":null,"averageCancellationRate":null,"minimumCommission":9.57,"maximumCommission":9.57,"commissionRates":[],"trackingLink":"https://tatrck.com/h/0Hu30z9R0aiT","createdAt":"2023-12-13T14:28:38.567Z","updatedAt":"2024-09-02T05:44:44.220Z"},{"merchantId":150310,"name":"Nespresso","imageUri":"https://monetizeamex.com/v3/120x60/0a969050f91999a2c2e1a52d9a5166b7.png","currencyCode":"EUR","defaultDomain":"nespresso.com","domains":["nespresso.com"],"categoryId":41,"description":null,"isActive":true,"countryCodes":["PT"],"averageBasketValue":990.05,"averageCommission":1.83,"averageConfirmationTime":31,"averageCancellationRate":null,"minimumCommission":0.13,"maximumCommission":12.69,"commissionRates":[{"fixedCommission":11.53,"percentageCommission":null},{"fixedCommission":null,"percentageCommission":2.31}],"trackingLink":"https://tatrck.com/h/0Hu30z9R0aic","createdAt":"2023-12-13T14:28:42.293Z","updatedAt":"2024-09-03T17:07:21.275Z"},{"merchantId":150314,"name":"Teeshop-ronnefeldt DE","imageUri":"https://monetizeamex.com/v3/120x60/a1572c0448d4fd96c66714185881e1d5.png","currencyCode":"EUR","defaultDomain":"ronnefeldt.com","domains":["ronnefeldt.com"],"categoryId":70,"description":"Viele Teetrinker haben die Marke Ronnefeldt auf Reisen kennen und schätzen gelernt. Bekannt sind wir aus vier und fünf Sternehotels und der gehobenen Gastronomie in über 60 Ländern.","isActive":true,"countryCodes":["DE"],"averageBasketValue":46.01,"averageCommission":2.79,"averageConfirmationTime":null,"averageCancellationRate":null,"minimumCommission":1.17,"maximumCommission":6.3,"commissionRates":[{"fixedCommission":null,"percentageCommission":6}],"trackingLink":"https://tatrck.com/h/0Hu30z9R0aig","createdAt":"2023-12-13T14:28:43.701Z","updatedAt":"2024-09-03T17:04:36.985Z"},{"merchantId":150317,"name":"Centara Hotels DE","imageUri":"https://monetizeamex.com/v3/120x60/6cc9f3f8f6d7c3e3bb028c2c04f20ec9.png","currencyCode":"EUR","defaultDomain":"centarahotelsresorts.com","domains":["centarahotelsresorts.com"],"categoryId":63,"description":null,"isActive":true,"countryCodes":[],"averageBasketValue":546.64,"averageCommission":15.1,"averageConfirmationTime":null,"averageCancellationRate":6.9,"minimumCommission":4.19,"maximumCommission":17.49,"commissionRates":[{"fixedCommission":0,"percentageCommission":null},{"fixedCommission":null,"percentageCommission":3}],"trackingLink":"https://tatrck.com/h/0Hu30z9R0aij","createdAt":"2023-12-13T14:28:44.765Z","updatedAt":"2024-08-30T05:57:10.907Z"},{"merchantId":150325,"name":"Hunkemoller FR","imageUri":"https://monetizeamex.com/v3/120x60/fca1aab51586cd859de293f8bba4bf23.png","currencyCode":"EUR","defaultDomain":"hunkemoller.fr","domains":["hunkemoller.fr"],"categoryId":40,"description":"Hunkemöller : le spécialiste principal du marché de la Lingerie en Europe !","isActive":true,"countryCodes":["FR"],"averageBasketValue":68.96,"averageCommission":2.89,"averageConfirmationTime":null,"averageCancellationRate":null,"minimumCommission":2.22,"maximumCommission":2.22,"commissionRates":[{"fixedCommission":null,"percentageCommission":4.2}],"trackingLink":"https://tatrck.com/h/0Hu30z9R0air","createdAt":"2023-12-13T14:28:48.297Z","updatedAt":"2024-09-03T17:05:25.259Z"},{"merchantId":150326,"name":"Maje FR","imageUri":"https://monetizeamex.com/v3/120x60/94b551cbb7821ebf41bff76892a4d600.png","currencyCode":"EUR","defaultDomain":"maje.com","domains":["fr.maje.com","maje.com"],"categoryId":40,"description":null,"isActive":true,"countryCodes":["FR"],"averageBasketValue":222.32,"averageCommission":6.67,"averageConfirmationTime":null,"averageCancellationRate":null,"minimumCommission":1.66,"maximumCommission":25.9,"commissionRates":[],"trackingLink":"https://tatrck.com/h/0Hu30z9R0ais","createdAt":"2023-12-13T14:28:46.866Z","updatedAt":"2024-09-03T17:04:13.127Z"},{"merchantId":150330,"name":"Aerosus NL","imageUri":"https://monetizeamex.com/v3/120x60/e231cdbdc7790db6e9fe00cc3a57da8a.png","currencyCode":"EUR","defaultDomain":"aerosus.nl","domains":["aerosus.nl"],"categoryId":59,"description":null,"isActive":true,"countryCodes":["NL"],"averageBasketValue":387.51,"averageCommission":6,"averageConfirmationTime":1,"averageCancellationRate":8.3,"minimumCommission":6,"maximumCommission":6,"commissionRates":[],"trackingLink":"https://tatrck.com/h/0Hu30z9R0aiw","createdAt":"2023-12-13T14:28:47.306Z","updatedAt":"2024-08-30T05:57:07.817Z"},{"merchantId":150331,"name":"Aerosus UK","imageUri":"https://monetizeamex.com/v3/120x60/ab1459130b3912d627f245794243815e.png","currencyCode":"EUR","defaultDomain":"aerosus.co.uk","domains":["aerosus.co.uk"],"categoryId":59,"description":null,"isActive":true,"countryCodes":["GB"],"averageBasketValue":740.52,"averageCommission":5.14,"averageConfirmationTime":null,"averageCancellationRate":23.1,"minimumCommission":5.24,"maximumCommission":5.24,"commissionRates":[],"trackingLink":"https://tatrck.com/h/0Hu30z9R0aix","createdAt":"2023-12-13T14:28:47.774Z","updatedAt":"2024-08-23T15:01:49.897Z"},{"merchantId":150333,"name":"Plumbs UK","imageUri":"https://monetizeamex.com/v3/120x60/bd6a7cc43cbee4197c5b4e18a995f2e8.png","currencyCode":"EUR","defaultDomain":"plumbs.co.uk","domains":["plumbs.co.uk"],"categoryId":74,"description":null,"isActive":true,"countryCodes":["GB"],"averageBasketValue":1.08,"averageCommission":6.48,"averageConfirmationTime":null,"averageCancellationRate":null,"minimumCommission":6.42,"maximumCommission":6.6,"commissionRates":[{"fixedCommission":6,"percentageCommission":null}],"trackingLink":"https://tatrck.com/h/0Hu30z9R0aiz","createdAt":"2023-12-13T14:28:48.280Z","updatedAt":"2024-09-03T17:09:33.766Z"},{"merchantId":150341,"name":"Francesca’s Collections US","imageUri":"https://monetizeamex.com/v3/120x60/3781b4138b68bc5515ab4cfdceaf531e.png","currencyCode":"EUR","defaultDomain":"francescas.com","domains":["francescas.com"],"categoryId":40,"description":null,"isActive":true,"countryCodes":["US"],"averageBasketValue":55.73,"averageCommission":0.33,"averageConfirmationTime":58,"averageCancellationRate":0.5,"minimumCommission":0.03,"maximumCommission":0.7,"commissionRates":[],"trackingLink":"https://tatrck.com/h/0Hu30z9R0aj5","createdAt":"2023-12-13T14:28:50.666Z","updatedAt":"2024-09-03T05:43:25.415Z"},{"merchantId":150363,"name":"Vidaxl BE","imageUri":"https://monetizeamex.com/v3/120x60/98688486b6cf1e7d853a13eb689d6895.png","currencyCode":"EUR","defaultDomain":"vidaxl.be","domains":["vidaxl.be"],"categoryId":21,"description":null,"isActive":true,"countryCodes":["BE"],"averageBasketValue":142.7,"averageCommission":7.09,"averageConfirmationTime":28,"averageCancellationRate":6.5,"minimumCommission":1.92,"maximumCommission":13.53,"commissionRates":[],"trackingLink":"https://tatrck.com/h/0Hu30z9R0ajR","createdAt":"2023-12-13T14:28:57.075Z","updatedAt":"2024-09-03T17:07:23.867Z"},{"merchantId":150374,"name":"Disfrazzes ES","imageUri":"https://monetizeamex.com/v3/120x60/8414887ad516ad3b5faa7124e0544d85.png","currencyCode":"EUR","defaultDomain":"disfrazzes.com","domains":["disfrazzes.com"],"categoryId":21,"description":null,"isActive":true,"countryCodes":["ES"],"averageBasketValue":16.12,"averageCommission":0.43,"averageConfirmationTime":null,"averageCancellationRate":null,"minimumCommission":0.12,"maximumCommission":0.36,"commissionRates":[],"trackingLink":"https://tatrck.com/h/0Hu30z9R0ajc","createdAt":"2023-12-13T14:29:01.496Z","updatedAt":"2024-08-26T09:01:03.671Z"},{"merchantId":150377,"name":"reBuy NL","imageUri":"https://monetizeamex.com/v3/120x60/6cd84996c14a1b3dbcdf475e8c92a98e.png","currencyCode":"EUR","defaultDomain":"rebuy.nl","domains":["rebuy.nl"],"categoryId":50,"description":null,"isActive":true,"countryCodes":["NL"],"averageBasketValue":351.79,"averageCommission":10.06,"averageConfirmationTime":13,"averageCancellationRate":1.5,"minimumCommission":1.15,"maximumCommission":33.15,"commissionRates":[{"fixedCommission":null,"percentageCommission":3.3},{"fixedCommission":null,"percentageCommission":3.5999999999999996},{"fixedCommission":null,"percentageCommission":1.7999999999999998},{"fixedCommission":null,"percentageCommission":2.1}],"trackingLink":"https://tatrck.com/h/0Hu30z9R0ajf","createdAt":"2023-12-13T14:29:01.574Z","updatedAt":"2024-09-03T17:08:33.496Z"},{"merchantId":150392,"name":"MAGGIORE IT","imageUri":"https://monetizeamex.com/v3/120x60/b83faaca73ace5884cf959929fd24432.png","currencyCode":"EUR","defaultDomain":"maggiore.it","domains":["maggiore.it"],"categoryId":5,"description":null,"isActive":true,"countryCodes":["IT"],"averageBasketValue":196.77,"averageCommission":9.44,"averageConfirmationTime":null,"averageCancellationRate":null,"minimumCommission":2,"maximumCommission":22.92,"commissionRates":[],"trackingLink":"https://tatrck.com/h/0Hu30z9R0aju","createdAt":"2023-12-13T14:29:07.685Z","updatedAt":"2024-08-26T05:55:15.324Z"},{"merchantId":150401,"name":"Hygi DE","imageUri":"https://monetizeamex.com/v3/120x60/2f3dd7458fbea0d3664612fd311aeb87.png","currencyCode":"EUR","defaultDomain":"hygi.de","domains":["hygi.de"],"categoryId":72,"description":null,"isActive":true,"countryCodes":["DE"],"averageBasketValue":130.62,"averageCommission":2.35,"averageConfirmationTime":1,"averageCancellationRate":0.5,"minimumCommission":0.3,"maximumCommission":14.68,"commissionRates":[],"trackingLink":"https://tatrck.com/h/0Hu30z9R0ak1","createdAt":"2023-12-13T14:29:09.082Z","updatedAt":"2024-09-03T05:49:07.476Z"},{"merchantId":150417,"name":"Autovendi NL","imageUri":"https://monetizeamex.com/v3/120x60/b454522278550192707a5f792c7312a8.png","currencyCode":"EUR","defaultDomain":"autovendi.nl","domains":["autovendi.nl"],"categoryId":2,"description":null,"isActive":true,"countryCodes":["NL"],"averageBasketValue":null,"averageCommission":1.5,"averageConfirmationTime":null,"averageCancellationRate":null,"minimumCommission":null,"maximumCommission":null,"commissionRates":[],"trackingLink":"https://tatrck.com/h/0Hu30z9R0akH","createdAt":"2023-12-13T14:29:14.600Z","updatedAt":"2024-08-21T11:45:15.869Z"},{"merchantId":150449,"name":"Planete Discount FR","imageUri":"https://monetizeamex.com/v3/120x60/5c2a2de85c13ca339005ae9544f88106.png","currencyCode":"EUR","defaultDomain":"planetediscount.fr","domains":["planetediscount.fr"],"categoryId":74,"description":null,"isActive":true,"countryCodes":["FR"],"averageBasketValue":null,"averageCommission":1.58,"averageConfirmationTime":null,"averageCancellationRate":null,"minimumCommission":1.96,"maximumCommission":1.96,"commissionRates":[],"trackingLink":"https://tatrck.com/h/0Hu30z9R0akn","createdAt":"2023-12-13T14:29:24.470Z","updatedAt":"2024-08-26T05:35:04.053Z"},{"merchantId":150463,"name":"Under Armour ES","imageUri":"https://monetizeamex.com/v3/120x60/e5e5be0a589b32139d41ff5fec11475e.png","currencyCode":"EUR","defaultDomain":"underarmour.es","domains":["underarmour.es"],"categoryId":40,"description":null,"isActive":true,"countryCodes":["AT"],"averageBasketValue":46.14,"averageCommission":2.21,"averageConfirmationTime":null,"averageCancellationRate":null,"minimumCommission":0.39,"maximumCommission":5.54,"commissionRates":[],"trackingLink":"https://tatrck.com/h/0Hu30z9R0ak_","createdAt":"2023-12-13T14:29:31.674Z","updatedAt":"2024-08-28T05:54:20.381Z"},{"merchantId":150464,"name":"Under Armour IT","imageUri":"https://monetizeamex.com/v3/120x60/7991b6d15aa36edb8d5fe1319afc15d0.png","currencyCode":"EUR","defaultDomain":"underarmour.it","domains":["underarmour.it"],"categoryId":55,"description":null,"isActive":true,"countryCodes":["AT"],"averageBasketValue":74.2,"averageCommission":3.55,"averageConfirmationTime":null,"averageCancellationRate":null,"minimumCommission":0.47,"maximumCommission":22.39,"commissionRates":[],"trackingLink":"https://tatrck.com/h/0Hu30z9R0al0","createdAt":"2023-12-13T14:29:30.270Z","updatedAt":"2024-08-21T09:01:03.239Z"},{"merchantId":150465,"name":"Socialmatch DE","imageUri":"https://monetizeamex.com/v3/120x60/cb2080960fc649bba3a6b953237caf3d.png","currencyCode":"EUR","defaultDomain":"socialmatch.de","domains":["socialmatch.de"],"categoryId":7,"description":null,"isActive":true,"countryCodes":["DE"],"averageBasketValue":25,"averageCommission":1.82,"averageConfirmationTime":58,"averageCancellationRate":null,"minimumCommission":0.75,"maximumCommission":0.75,"commissionRates":[{"fixedCommission":null,"percentageCommission":3}],"trackingLink":"https://tatrck.com/h/0Hu30z9R0al1","createdAt":"2023-12-13T14:29:30.290Z","updatedAt":"2024-09-02T05:28:56.324Z"},{"merchantId":150466,"name":"Aerosus DE","imageUri":"https://monetizeamex.com/v3/120x60/df9634e64fb37f4736bf9d7168504a00.png","currencyCode":"EUR","defaultDomain":"aerosus.de","domains":["aerosus.de"],"categoryId":59,"description":null,"isActive":true,"countryCodes":["DE"],"averageBasketValue":399.11,"averageCommission":5.49,"averageConfirmationTime":15,"averageCancellationRate":7.2,"minimumCommission":6,"maximumCommission":6,"commissionRates":[],"trackingLink":"https://tatrck.com/h/0Hu30z9R0al2","createdAt":"2023-12-13T14:29:30.379Z","updatedAt":"2024-09-03T05:52:22.976Z"},{"merchantId":150472,"name":"Tech in the basket UK","imageUri":"https://monetizeamex.com/v3/120x60/1952d30b2024d19d72db07ac61a5df57.png","currencyCode":"EUR","defaultDomain":"techinthebasket.com","domains":["techinthebasket.com"],"categoryId":72,"description":null,"isActive":true,"countryCodes":["GB"],"averageBasketValue":410.6,"averageCommission":4.92,"averageConfirmationTime":null,"averageCancellationRate":null,"minimumCommission":1.66,"maximumCommission":1.7,"commissionRates":[],"trackingLink":"https://tatrck.com/h/0Hu30z9R0al8","createdAt":"2023-12-13T14:29:32.584Z","updatedAt":"2024-09-03T17:03:32.011Z"},{"merchantId":150478,"name":"Jewelry Liquidation US","imageUri":"https://monetizeamex.com/v3/120x60/0b50cc4a494fc71b89b705aac71ba773.png","currencyCode":"EUR","defaultDomain":"jewelry-liquidation.com","domains":["jewelry-liquidation.com"],"categoryId":73,"description":null,"isActive":true,"countryCodes":["US"],"averageBasketValue":330.66,"averageCommission":15.87,"averageConfirmationTime":null,"averageCancellationRate":null,"minimumCommission":15.87,"maximumCommission":15.87,"commissionRates":[{"fixedCommission":null,"percentageCommission":4.8}],"trackingLink":"https://tatrck.com/h/0Hu30z9R0alE","createdAt":"2023-12-13T14:29:34.696Z","updatedAt":"2024-08-21T11:31:11.435Z"},{"merchantId":150481,"name":"LedEquipped US","imageUri":"https://monetizeamex.com/v3/120x60/b0867f14ea84623ee966e789b12c72cb.png","currencyCode":"EUR","defaultDomain":"ledequipped.com","domains":["ledequipped.com"],"categoryId":59,"description":null,"isActive":true,"countryCodes":["US"],"averageBasketValue":42.57,"averageCommission":1.78,"averageConfirmationTime":null,"averageCancellationRate":null,"minimumCommission":null,"maximumCommission":null,"commissionRates":[{"fixedCommission":null,"percentageCommission":6}],"trackingLink":"https://tatrck.com/h/0Hu30z9R0alH","createdAt":"2023-12-13T14:29:35.673Z","updatedAt":"2024-08-21T11:35:16.168Z"},{"merchantId":150483,"name":"Mikes Cigars Distributors US","imageUri":"https://monetizeamex.com/v3/120x60/d38eabdc5c6d876f2b91e0ccc5e62eb5.png","currencyCode":"EUR","defaultDomain":"mikescigars.com","domains":["mikescigars.com"],"categoryId":21,"description":null,"isActive":true,"countryCodes":[],"averageBasketValue":106.88,"averageCommission":2.23,"averageConfirmationTime":null,"averageCancellationRate":null,"minimumCommission":1.02,"maximumCommission":5.19,"commissionRates":[],"trackingLink":"https://tatrck.com/h/0Hu30z9R0alJ","createdAt":"2023-12-13T14:29:36.497Z","updatedAt":"2024-08-26T09:01:15.843Z"},{"merchantId":150488,"name":"Finditonline SE","imageUri":"https://monetizeamex.com/v3/120x60/1659bdd83699e827f075237b0ebcef7f.png","currencyCode":"EUR","defaultDomain":"finditonline.se","domains":["finditonline.se"],"categoryId":28,"description":null,"isActive":true,"countryCodes":["SE"],"averageBasketValue":null,"averageCommission":null,"averageConfirmationTime":null,"averageCancellationRate":null,"minimumCommission":null,"maximumCommission":null,"commissionRates":[],"trackingLink":"https://tatrck.com/h/0Hu30z9R0alO","createdAt":"2023-12-13T14:29:37.788Z","updatedAt":"2024-08-21T11:32:48.040Z"},{"merchantId":150491,"name":"Tenstickers UK","imageUri":"https://monetizeamex.com/v3/120x60/e849070cfe9d2e7a4861fea06f0b9402.png","currencyCode":"EUR","defaultDomain":"tenstickers.co.uk","domains":["tenstickers.co.uk"],"categoryId":74,"description":null,"isActive":true,"countryCodes":["GB"],"averageBasketValue":24.55,"averageCommission":1.02,"averageConfirmationTime":5,"averageCancellationRate":null,"minimumCommission":0.52,"maximumCommission":2.14,"commissionRates":[],"trackingLink":"https://tatrck.com/h/0Hu30z9R0alR","createdAt":"2023-12-13T14:29:38.573Z","updatedAt":"2024-09-01T05:45:35.791Z"},{"merchantId":150498,"name":"Tischtennisequipment DE","imageUri":"https://monetizeamex.com/v3/120x60/f8cc42351ac5e167f1e3d55ed1f656b0.png","currencyCode":"EUR","defaultDomain":"tt-shop.de","domains":["tt-shop.de"],"categoryId":55,"description":null,"isActive":true,"countryCodes":["TT"],"averageBasketValue":93.59,"averageCommission":1.82,"averageConfirmationTime":null,"averageCancellationRate":null,"minimumCommission":0.13,"maximumCommission":5.91,"commissionRates":[{"fixedCommission":null,"percentageCommission":1.2},{"fixedCommission":null,"percentageCommission":3}],"trackingLink":"https://tatrck.com/h/0Hu30z9R0alY","createdAt":"2023-12-13T14:29:40.303Z","updatedAt":"2024-08-31T05:30:27.213Z"},{"merchantId":150507,"name":"Leukebril NL","imageUri":"https://monetizeamex.com/v3/120x60/1d5e3701652e522fd0b1fe3177003351.png","currencyCode":"EUR","defaultDomain":"leukebril.nu","domains":["leukebril.nu"],"categoryId":40,"description":null,"isActive":true,"countryCodes":["NL"],"averageBasketValue":null,"averageCommission":null,"averageConfirmationTime":null,"averageCancellationRate":null,"minimumCommission":null,"maximumCommission":null,"commissionRates":[],"trackingLink":"https://tatrck.com/h/0Hu30z9R0alh","createdAt":"2023-12-13T14:29:43.967Z","updatedAt":"2024-08-21T11:39:30.014Z"},{"merchantId":150509,"name":"Prylpelle SE","imageUri":"https://monetizeamex.com/v3/120x60/80ac9ce33f73a7a2f9996b9f42c3dba3.png","currencyCode":"EUR","defaultDomain":"prylpelle.se","domains":["prylpelle.se"],"categoryId":72,"description":null,"isActive":true,"countryCodes":["SE"],"averageBasketValue":null,"averageCommission":null,"averageConfirmationTime":null,"averageCancellationRate":null,"minimumCommission":null,"maximumCommission":null,"commissionRates":[],"trackingLink":"https://tatrck.com/h/0Hu30z9R0alj","createdAt":"2023-12-13T14:29:44.477Z","updatedAt":"2024-08-21T11:28:21.195Z"},{"merchantId":150524,"name":"Wine Selectors AU","imageUri":"https://monetizeamex.com/v3/120x60/c88f118f40cb142dd77daa25d55dcbf8.png","currencyCode":"EUR","defaultDomain":"wineselectors.com.au","domains":["wineselectors.com.au"],"categoryId":4,"description":null,"isActive":true,"countryCodes":["AU"],"averageBasketValue":130.7,"averageCommission":7.84,"averageConfirmationTime":null,"averageCancellationRate":null,"minimumCommission":3.63,"maximumCommission":12.09,"commissionRates":[{"fixedCommission":null,"percentageCommission":6}],"trackingLink":"https://tatrck.com/h/0Hu30z9R0aly","createdAt":"2023-12-13T14:29:48.885Z","updatedAt":"2024-09-03T17:04:47.774Z"},{"merchantId":150527,"name":"Caudalie CA","imageUri":"https://monetizeamex.com/v3/120x60/b1b6b7122872abb1d15c40a8e79a2bf0.png","currencyCode":"EUR","defaultDomain":"ca-en.caudalie.com","domains":["ca-en.caudalie.com"],"categoryId":28,"description":null,"isActive":true,"countryCodes":["CA"],"averageBasketValue":22.12,"averageCommission":0.49,"averageConfirmationTime":null,"averageCancellationRate":null,"minimumCommission":0.11,"maximumCommission":0.6,"commissionRates":[{"fixedCommission":null,"percentageCommission":1.92}],"trackingLink":"https://tatrck.com/h/0Hu30z9R0al_","createdAt":"2023-12-13T14:29:49.987Z","updatedAt":"2024-09-03T17:07:54.676Z"},{"merchantId":150559,"name":"Beauty Plus Salon US","imageUri":"https://monetizeamex.com/v3/120x60/edb23ffc4ccccd616b93f99a86ba86d4.png","currencyCode":"EUR","defaultDomain":"beautyplussalon.com","domains":["beautyplussalon.com"],"categoryId":28,"description":null,"isActive":true,"countryCodes":["US"],"averageBasketValue":53.77,"averageCommission":3.19,"averageConfirmationTime":null,"averageCancellationRate":1,"minimumCommission":0.24,"maximumCommission":7.07,"commissionRates":[],"trackingLink":"https://tatrck.com/h/0Hu30z9R0amV","createdAt":"2023-12-13T14:30:00.148Z","updatedAt":"2024-09-03T17:03:25.299Z"},{"merchantId":150561,"name":"Frescobol Carioca US","imageUri":"https://monetizeamex.com/v3/120x60/924e39fc1619ace9112449a9a581a9a5.png","currencyCode":"EUR","defaultDomain":"frescobolcarioca.com","domains":["frescobolcarioca.com"],"categoryId":40,"description":null,"isActive":true,"countryCodes":["GB"],"averageBasketValue":191.68,"averageCommission":9.63,"averageConfirmationTime":4,"averageCancellationRate":null,"minimumCommission":2.89,"maximumCommission":36.13,"commissionRates":[],"trackingLink":"https://tatrck.com/h/0Hu30z9R0amX","createdAt":"2023-12-13T14:30:01.324Z","updatedAt":"2024-09-03T17:06:41.114Z"},{"merchantId":150565,"name":"Ryka US","imageUri":"https://monetizeamex.com/v3/120x60/a1ab3adc8bf8f3375480115af5be50fe.png","currencyCode":"EUR","defaultDomain":"ryka.com","domains":["ryka.com"],"categoryId":68,"description":null,"isActive":true,"countryCodes":["US"],"averageBasketValue":73.6,"averageCommission":2.86,"averageConfirmationTime":null,"averageCancellationRate":null,"minimumCommission":2.58,"maximumCommission":2.58,"commissionRates":[{"fixedCommission":null,"percentageCommission":6}],"trackingLink":"https://tatrck.com/h/0Hu30z9R0amb","createdAt":"2023-12-13T14:30:02.867Z","updatedAt":"2024-09-03T17:07:48.215Z"},{"merchantId":150567,"name":"Thin Slim Foods US","imageUri":"https://monetizeamex.com/v3/120x60/852a0916298ca5033efb6b26d6547227.png","currencyCode":"EUR","defaultDomain":"thinslimfoods.com","domains":["thinslimfoods.com"],"categoryId":14,"description":null,"isActive":true,"countryCodes":["US"],"averageBasketValue":38.61,"averageCommission":null,"averageConfirmationTime":null,"averageCancellationRate":null,"minimumCommission":null,"maximumCommission":null,"commissionRates":[{"fixedCommission":null,"percentageCommission":0.006}],"trackingLink":"https://tatrck.com/h/0Hu30z9R0amd","createdAt":"2023-12-13T14:30:03.178Z","updatedAt":"2024-08-26T05:58:06.006Z"},{"merchantId":150580,"name":"Académie Du Goût FR","imageUri":"https://monetizeamex.com/v3/120x60/d4ebd0290ff3b5aa127d3e20c5682130.png","currencyCode":"EUR","defaultDomain":"academiedugout.fr","domains":["academiedugout.fr"],"categoryId":14,"description":null,"isActive":true,"countryCodes":["FR"],"averageBasketValue":34.94,"averageCommission":3.6,"averageConfirmationTime":null,"averageCancellationRate":null,"minimumCommission":1.2,"maximumCommission":4.8,"commissionRates":[],"trackingLink":"https://tatrck.com/h/0Hu30z9R0amq","createdAt":"2023-12-13T14:30:07.976Z","updatedAt":"2024-09-03T05:53:46.614Z"},{"merchantId":150584,"name":"Flixbus SE","imageUri":"https://monetizeamex.com/v3/120x60/f7f9141ec0d11cbe49e0be0cca8fe2ac.png","currencyCode":"EUR","defaultDomain":"flixbus.se","domains":["flixbus.se"],"categoryId":63,"description":null,"isActive":true,"countryCodes":["SE"],"averageBasketValue":3.83,"averageCommission":0.13,"averageConfirmationTime":null,"averageCancellationRate":null,"minimumCommission":0,"maximumCommission":2.53,"commissionRates":[],"trackingLink":"https://tatrck.com/h/0Hu30z9R0amu","createdAt":"2023-12-13T14:30:09.567Z","updatedAt":"2024-09-03T05:20:24.493Z"},{"merchantId":150585,"name":"Flixbus UK","imageUri":"https://monetizeamex.com/v3/120x60/d349199926e20122103ef527158143fd.png","currencyCode":"EUR","defaultDomain":"flixbus.co.uk","domains":["flixbus.co.uk"],"categoryId":63,"description":null,"isActive":true,"countryCodes":["GB"],"averageBasketValue":4.75,"averageCommission":0.16,"averageConfirmationTime":null,"averageCancellationRate":null,"minimumCommission":0,"maximumCommission":6.3,"commissionRates":[],"trackingLink":"https://tatrck.com/h/0Hu30z9R0amv","createdAt":"2023-12-13T14:30:08.071Z","updatedAt":"2024-09-03T05:19:10.990Z"},{"merchantId":150588,"name":"KongOnline UK","imageUri":"https://monetizeamex.com/v3/120x60/2916d0946eee9dda9277d3789d8cfe38.png","currencyCode":"EUR","defaultDomain":"kongonline.co.uk","domains":["kongonline.co.uk"],"categoryId":40,"description":null,"isActive":true,"countryCodes":["GB"],"averageBasketValue":null,"averageCommission":null,"averageConfirmationTime":null,"averageCancellationRate":null,"minimumCommission":null,"maximumCommission":null,"commissionRates":[{"fixedCommission":null,"percentageCommission":6}],"trackingLink":"https://tatrck.com/h/0Hu30z9R0amy","createdAt":"2023-12-13T14:30:08.998Z","updatedAt":"2024-08-21T11:27:31.357Z"},{"merchantId":150610,"name":"Hey Honey US","imageUri":"https://monetizeamex.com/v3/120x60/be5943b7e1f8e90d19c8ea0af1fb6934.png","currencyCode":"EUR","defaultDomain":"heyhoney.com","domains":["heyhoney.com"],"categoryId":28,"description":"Oney.com : Tout ce qu’il faut savoir sur le Groupe Oney. Trouvez ici les infos du Groupe, nos Engagements, l'espace Recrutement et nos Actualités.","isActive":true,"countryCodes":["US"],"averageBasketValue":41.25,"averageCommission":1.23,"averageConfirmationTime":null,"averageCancellationRate":null,"minimumCommission":0.93,"maximumCommission":1.21,"commissionRates":[{"fixedCommission":null,"percentageCommission":7.199999999999999}],"trackingLink":"https://tatrck.com/h/0Hu30z9R0anI","createdAt":"2023-12-13T14:30:15.894Z","updatedAt":"2024-09-03T17:07:56.168Z"},{"merchantId":150611,"name":"MarsMedSupply US","imageUri":"https://monetizeamex.com/v3/120x60/f2d7a75ed26c0cec40bea9f8ff5f3229.png","currencyCode":"EUR","defaultDomain":"marsmedsupply.com","domains":["marsmedsupply.com"],"categoryId":35,"description":null,"isActive":true,"countryCodes":["US"],"averageBasketValue":null,"averageCommission":null,"averageConfirmationTime":null,"averageCancellationRate":null,"minimumCommission":null,"maximumCommission":null,"commissionRates":[{"fixedCommission":null,"percentageCommission":6}],"trackingLink":"https://tatrck.com/h/0Hu30z9R0anJ","createdAt":"2023-12-13T14:30:16.087Z","updatedAt":"2024-08-21T11:41:26.311Z"},{"merchantId":150614,"name":"Revitin Life Sciences US","imageUri":"https://monetizeamex.com/v3/120x60/d9d78cef5a09c04426833a2fffb07735.png","currencyCode":"EUR","defaultDomain":"revitin.com","domains":["revitin.com"],"categoryId":27,"description":null,"isActive":true,"countryCodes":["US"],"averageBasketValue":41.07,"averageCommission":3.69,"averageConfirmationTime":1,"averageCancellationRate":10,"minimumCommission":10.36,"maximumCommission":10.36,"commissionRates":[{"fixedCommission":null,"percentageCommission":9}],"trackingLink":"https://tatrck.com/h/0Hu30z9R0anM","createdAt":"2023-12-13T14:30:16.874Z","updatedAt":"2024-08-21T11:46:11.422Z"},{"merchantId":150615,"name":"Scribendi US","imageUri":"https://monetizeamex.com/v3/120x60/9dfd6a1faa45e210ca1b647e483a9fe5.png","currencyCode":"EUR","defaultDomain":"scribendi.com","domains":["scribendi.com"],"categoryId":50,"description":null,"isActive":true,"countryCodes":["US"],"averageBasketValue":78.47,"averageCommission":7.06,"averageConfirmationTime":26,"averageCancellationRate":null,"minimumCommission":26.86,"maximumCommission":28.15,"commissionRates":[{"fixedCommission":null,"percentageCommission":7.199999999999999},{"fixedCommission":null,"percentageCommission":6.72},{"fixedCommission":null,"percentageCommission":5.76},{"fixedCommission":null,"percentageCommission":5.28},{"fixedCommission":null,"percentageCommission":6.24},{"fixedCommission":null,"percentageCommission":4.8},{"fixedCommission":null,"percentageCommission":9}],"trackingLink":"https://tatrck.com/h/0Hu30z9R0anN","createdAt":"2023-12-13T14:30:17.093Z","updatedAt":"2024-08-24T05:43:58.556Z"},{"merchantId":150629,"name":"Werkbroeken NL","imageUri":"https://monetizeamex.com/v3/120x60/bb1df89d7fc30c807e71e34436ecb86b.png","currencyCode":"EUR","defaultDomain":"werkbroeken.nl","domains":["werkbroeken.nl"],"categoryId":40,"description":null,"isActive":true,"countryCodes":["NL"],"averageBasketValue":80.1,"averageCommission":3.22,"averageConfirmationTime":30,"averageCancellationRate":null,"minimumCommission":1.26,"maximumCommission":10.15,"commissionRates":[],"trackingLink":"https://tatrck.com/h/0Hu30z9R0anb","createdAt":"2023-12-13T14:30:21.965Z","updatedAt":"2024-09-01T05:31:02.825Z"},{"merchantId":150636,"name":"ThriftBooks US","imageUri":"https://monetizeamex.com/v3/120x60/6432568f8e608475847af7438c1f1bf2.png","currencyCode":"EUR","defaultDomain":"thriftbooks.com","domains":["thriftbooks.com"],"categoryId":50,"description":null,"isActive":true,"countryCodes":["AU","CA","GB","IN","US"],"averageBasketValue":34.88,"averageCommission":0.27,"averageConfirmationTime":6,"averageCancellationRate":7,"minimumCommission":0.03,"maximumCommission":3.04,"commissionRates":[{"fixedCommission":null,"percentageCommission":1.92},{"fixedCommission":null,"percentageCommission":1.44},{"fixedCommission":null,"percentageCommission":1.2}],"trackingLink":"https://tatrck.com/h/0Hu30z9R0ani","createdAt":"2023-12-13T14:30:23.968Z","updatedAt":"2024-09-03T05:53:03.016Z"},{"merchantId":150637,"name":"Billy Guyatts AU","imageUri":"https://monetizeamex.com/v3/120x60/9151c7a69bdf02143e8dd4e03550af03.png","currencyCode":"EUR","defaultDomain":"billyguyatts.com.au","domains":["billyguyatts.com.au"],"categoryId":72,"description":null,"isActive":true,"countryCodes":["AU"],"averageBasketValue":213.1,"averageCommission":2.55,"averageConfirmationTime":null,"averageCancellationRate":null,"minimumCommission":0.15,"maximumCommission":4.8,"commissionRates":[{"fixedCommission":null,"percentageCommission":1.2},{"fixedCommission":null,"percentageCommission":4.2}],"trackingLink":"https://tatrck.com/h/0Hu30z9R0anj","createdAt":"2023-12-13T14:30:24.080Z","updatedAt":"2024-09-03T17:07:05.937Z"},{"merchantId":150640,"name":"Pink Elephant UK","imageUri":"https://monetizeamex.com/v3/120x60/bf93d1d195e237e5ed9fd7153416a3d5.png","currencyCode":"EUR","defaultDomain":"pinkelephantparking.com","domains":["pinkelephantparking.com","pinkelephantparking.co.uk"],"categoryId":63,"description":null,"isActive":true,"countryCodes":["GB"],"averageBasketValue":null,"averageCommission":null,"averageConfirmationTime":null,"averageCancellationRate":null,"minimumCommission":null,"maximumCommission":null,"commissionRates":[{"fixedCommission":null,"percentageCommission":1.2},{"fixedCommission":null,"percentageCommission":9},{"fixedCommission":null,"percentageCommission":6}],"trackingLink":"https://tatrck.com/h/0Hu30z9R0anm","createdAt":"2023-12-13T14:30:26.788Z","updatedAt":"2024-09-03T17:09:30.290Z"},{"merchantId":150644,"name":"Vattenfall FR","imageUri":"https://monetizeamex.com/v3/120x60/de17b489327bce9ea54e403a755fdf3b.png","currencyCode":"EUR","defaultDomain":"vattenfall.fr","domains":["vattenfall.de","vattenfall.fr"],"categoryId":51,"description":null,"isActive":true,"countryCodes":["FR"],"averageBasketValue":null,"averageCommission":30,"averageConfirmationTime":null,"averageCancellationRate":null,"minimumCommission":30,"maximumCommission":30,"commissionRates":[{"fixedCommission":30,"percentageCommission":null}],"trackingLink":"https://tatrck.com/h/0Hu30z9R0anq","createdAt":"2023-12-13T14:30:26.090Z","updatedAt":"2024-08-15T09:02:43.399Z"},{"merchantId":150653,"name":"Aerosus ES","imageUri":"https://monetizeamex.com/v3/120x60/fce6831d9558e09ad367d54a9c009e9b.png","currencyCode":"EUR","defaultDomain":"aerosus.es","domains":["aerosus.es"],"categoryId":59,"description":null,"isActive":true,"countryCodes":["ES"],"averageBasketValue":366.09,"averageCommission":5.5,"averageConfirmationTime":null,"averageCancellationRate":8.3,"minimumCommission":6,"maximumCommission":6,"commissionRates":[],"trackingLink":"https://tatrck.com/h/0Hu30z9R0anz","createdAt":"2023-12-13T14:30:28.881Z","updatedAt":"2024-08-22T05:54:32.833Z"},{"merchantId":150656,"name":"Landlord Insurance UK","imageUri":"https://monetizeamex.com/v3/120x60/e7fd1938e292c9e36cb2696b3f0e06ae.png","currencyCode":"EUR","defaultDomain":"towergateinsurance.co.uk","domains":["towergateinsurance.co.uk"],"categoryId":56,"description":null,"isActive":true,"countryCodes":["GB"],"averageBasketValue":null,"averageCommission":null,"averageConfirmationTime":null,"averageCancellationRate":null,"minimumCommission":null,"maximumCommission":null,"commissionRates":[{"fixedCommission":12.48,"percentageCommission":null}],"trackingLink":"https://tatrck.com/h/0Hu30z9R0ao0","createdAt":"2023-12-13T14:30:29.872Z","updatedAt":"2024-08-23T15:05:49.099Z"},{"merchantId":150659,"name":"Regis UK","imageUri":"https://monetizeamex.com/v3/120x60/64721df3f9251019a35fcca5ce995ce2.png","currencyCode":"EUR","defaultDomain":"regissalons.co.uk","domains":["regissalons.co.uk"],"categoryId":28,"description":null,"isActive":true,"countryCodes":["GB"],"averageBasketValue":null,"averageCommission":null,"averageConfirmationTime":null,"averageCancellationRate":null,"minimumCommission":null,"maximumCommission":null,"commissionRates":[{"fixedCommission":null,"percentageCommission":3}],"trackingLink":"https://tatrck.com/h/0Hu30z9R0ao3","createdAt":"2023-12-13T14:30:30.875Z","updatedAt":"2024-08-21T11:31:23.640Z"},{"merchantId":150660,"name":"Supercuts UK","imageUri":"https://monetizeamex.com/v3/120x60/2827862bbbd21a8f2841a1d7706feab6.png","currencyCode":"EUR","defaultDomain":"supercuts.co.uk","domains":["supercuts.co.uk"],"categoryId":50,"description":null,"isActive":true,"countryCodes":["GB"],"averageBasketValue":null,"averageCommission":null,"averageConfirmationTime":null,"averageCancellationRate":null,"minimumCommission":null,"maximumCommission":null,"commissionRates":[{"fixedCommission":null,"percentageCommission":3}],"trackingLink":"https://tatrck.com/h/0Hu30z9R0ao4","createdAt":"2023-12-13T14:30:31.276Z","updatedAt":"2024-08-21T11:26:55.950Z"},{"merchantId":150663,"name":"BoohooMan","imageUri":"https://monetizeamex.com/v3/120x60/0a71e9799a35a68d2bc9353ce3914b69.png","currencyCode":"EUR","defaultDomain":"boohooman.com","domains":["boohooman.com","boohooman.co.uk"],"categoryId":40,"description":null,"isActive":true,"countryCodes":["US"],"averageBasketValue":54.69,"averageCommission":2.25,"averageConfirmationTime":null,"averageCancellationRate":2.2,"minimumCommission":0.16,"maximumCommission":9.46,"commissionRates":[],"trackingLink":"https://tatrck.com/h/0Hu30z9R0ao7","createdAt":"2023-12-13T14:30:31.668Z","updatedAt":"2024-09-03T17:05:59.656Z"},{"merchantId":150689,"name":"Frank and Beans Underwear AU","imageUri":"https://monetizeamex.com/v3/120x60/5c5e6236b7b966c06e4ec11f4a9c366c.png","currencyCode":"EUR","defaultDomain":"frankandbeans.com.au","domains":["frankandbeans.com.au"],"categoryId":40,"description":null,"isActive":true,"countryCodes":["AU"],"averageBasketValue":null,"averageCommission":null,"averageConfirmationTime":null,"averageCancellationRate":null,"minimumCommission":null,"maximumCommission":null,"commissionRates":[{"fixedCommission":null,"percentageCommission":6}],"trackingLink":"https://tatrck.com/h/0Hu30z9R0aoX","createdAt":"2023-12-13T14:30:38.487Z","updatedAt":"2024-09-03T17:05:32.958Z"},{"merchantId":150694,"name":"RW&CO CA","imageUri":"https://monetizeamex.com/v3/120x60/083a090c5fc37f44277835a0c38e54aa.png","currencyCode":"EUR","defaultDomain":"rw-co.com","domains":["rw-co.ca","rw-co.com"],"categoryId":40,"description":null,"isActive":true,"countryCodes":["CA"],"averageBasketValue":34.37,"averageCommission":0.13,"averageConfirmationTime":1,"averageCancellationRate":null,"minimumCommission":0,"maximumCommission":0.49,"commissionRates":[],"trackingLink":"https://tatrck.com/h/0Hu30z9R0aoc","createdAt":"2023-12-13T14:30:39.994Z","updatedAt":"2024-09-03T05:51:07.792Z"},{"merchantId":150702,"name":"Abexsoft US","imageUri":"https://monetizeamex.com/v3/120x60/becf21de9403b78664d4c8ad97957172.png","currencyCode":"EUR","defaultDomain":"abexsoft.com","domains":["abexsoft.com"],"categoryId":49,"description":null,"isActive":true,"countryCodes":[],"averageBasketValue":null,"averageCommission":null,"averageConfirmationTime":null,"averageCancellationRate":null,"minimumCommission":null,"maximumCommission":null,"commissionRates":[{"fixedCommission":null,"percentageCommission":33}],"trackingLink":"https://tatrck.com/h/0Hu30z9R0aok","createdAt":"2023-12-13T14:30:44.106Z","updatedAt":"2024-08-15T09:09:22.929Z"},{"merchantId":150705,"name":"Ailtware US","imageUri":"https://monetizeamex.com/v3/120x60/bac01e5615e2b5eb7d8ba6a0deddc175.png","currencyCode":"EUR","defaultDomain":"ailtware.com","domains":["ailtware.com"],"categoryId":37,"description":null,"isActive":true,"countryCodes":[],"averageBasketValue":null,"averageCommission":null,"averageConfirmationTime":null,"averageCancellationRate":null,"minimumCommission":null,"maximumCommission":null,"commissionRates":[{"fixedCommission":null,"percentageCommission":30}],"trackingLink":"https://tatrck.com/h/0Hu30z9R0aon","createdAt":"2023-12-13T14:30:43.481Z","updatedAt":"2024-09-02T05:29:42.906Z"},{"merchantId":150707,"name":"Aostsoft US","imageUri":"https://monetizeamex.com/v3/120x60/20b029a4827130e54dd3dd9f34126bd4.png","currencyCode":"EUR","defaultDomain":"aostsoft.com","domains":["aostsoft.com"],"categoryId":37,"description":null,"isActive":true,"countryCodes":[],"averageBasketValue":null,"averageCommission":null,"averageConfirmationTime":null,"averageCancellationRate":null,"minimumCommission":null,"maximumCommission":null,"commissionRates":[{"fixedCommission":null,"percentageCommission":33}],"trackingLink":"https://tatrck.com/h/0Hu30z9R0aop","createdAt":"2023-12-13T14:30:44.776Z","updatedAt":"2024-08-15T09:02:41.623Z"}]}