{"meta":{"next":240684},"data":[{"merchantId":239739,"name":"nasm product US","imageUri":"https://monetizeamex.com/v3/120x60/e55e5a74798627e3ecbaf4a3d3e2d27b.png","currencyCode":"EUR","defaultDomain":"nasm.org","domains":["nasm.org"],"categoryId":68,"description":null,"isActive":true,"countryCodes":["US"],"averageBasketValue":430.4,"averageCommission":2.41,"averageConfirmationTime":null,"averageCancellationRate":null,"minimumCommission":1.98,"maximumCommission":2.46,"commissionRates":[{"fixedCommission":2.4,"percentageCommission":null}],"trackingLink":"https://tatrck.com/h/0Hu30z9R0wXx","createdAt":"2023-12-13T20:12:05.676Z","updatedAt":"2024-08-23T15:02:51.299Z"},{"merchantId":239813,"name":"redpocket product US","imageUri":"https://monetizeamex.com/v3/120x60/049460d4b16d4b3f9ac8ef29b041ba17.png","currencyCode":"EUR","defaultDomain":"redpocket.com","domains":["redpocket.com"],"categoryId":58,"description":null,"isActive":true,"countryCodes":["US"],"averageBasketValue":97.26,"averageCommission":2.29,"averageConfirmationTime":null,"averageCancellationRate":null,"minimumCommission":0.13,"maximumCommission":0.87,"commissionRates":[{"fixedCommission":null,"percentageCommission":0.138},{"fixedCommission":null,"percentageCommission":0.558},{"fixedCommission":4.8,"percentageCommission":null},{"fixedCommission":null,"percentageCommission":3.36},{"fixedCommission":null,"percentageCommission":1.116},{"fixedCommission":null,"percentageCommission":0.276}],"trackingLink":"https://tatrck.com/h/0Hu30z9R0wZ5","createdAt":"2023-12-13T20:12:15.368Z","updatedAt":"2024-09-03T05:52:31.872Z"},{"merchantId":239841,"name":"savers product GB","imageUri":"https://monetizeamex.com/v3/120x60/1f46a1a683a49af83669d84d4dfa6eb0.png","currencyCode":"EUR","defaultDomain":"savers.co.uk","domains":["savers.co.uk"],"categoryId":21,"description":null,"isActive":true,"countryCodes":["GB"],"averageBasketValue":15.1,"averageCommission":0.25,"averageConfirmationTime":null,"averageCancellationRate":null,"minimumCommission":0.09,"maximumCommission":1.57,"commissionRates":[{"fixedCommission":null,"percentageCommission":1.44}],"trackingLink":"https://tatrck.com/h/0Hu30z9R0wZX","createdAt":"2023-12-13T20:12:15.881Z","updatedAt":"2024-09-03T17:04:59.666Z"},{"merchantId":239881,"name":"stearnsandfoster product US","imageUri":"https://monetizeamex.com/v3/120x60/172161ecc09994407fe58e1857030beb.png","currencyCode":"EUR","defaultDomain":"stearnsandfoster.com","domains":["stearnsandfoster.com"],"categoryId":34,"description":null,"isActive":true,"countryCodes":["US"],"averageBasketValue":2,"averageCommission":17.02,"averageConfirmationTime":null,"averageCancellationRate":null,"minimumCommission":17.02,"maximumCommission":17.02,"commissionRates":[],"trackingLink":"https://tatrck.com/h/0Hu30z9R0wa9","createdAt":"2023-12-13T20:12:17.195Z","updatedAt":"2024-08-26T09:01:33.663Z"},{"merchantId":239888,"name":"sugarandjade product US","imageUri":"https://monetizeamex.com/v3/120x60/fbc97d305b51253ba30c75448ab14e61.png","currencyCode":"EUR","defaultDomain":"sugarandjade.com","domains":["sugarandjade.com"],"categoryId":17,"description":null,"isActive":true,"countryCodes":["CA"],"averageBasketValue":54.92,"averageCommission":0.3,"averageConfirmationTime":null,"averageCancellationRate":null,"minimumCommission":1.14,"maximumCommission":1.14,"commissionRates":[],"trackingLink":"https://tatrck.com/h/0Hu30z9R0waG","createdAt":"2023-12-13T20:12:18.567Z","updatedAt":"2024-09-02T05:51:44.327Z"},{"merchantId":239909,"name":"thehappyplanner product US","imageUri":"https://monetizeamex.com/v3/120x60/fbb92080336cac5eb82b95f6b8bc6433.png","currencyCode":"EUR","defaultDomain":"thehappyplanner.com","domains":["thehappyplanner.com"],"categoryId":70,"description":null,"isActive":true,"countryCodes":["US"],"averageBasketValue":56.21,"averageCommission":1.34,"averageConfirmationTime":null,"averageCancellationRate":null,"minimumCommission":0.06,"maximumCommission":2.83,"commissionRates":[],"trackingLink":"https://tatrck.com/h/0Hu30z9R0wab","createdAt":"2023-12-13T20:12:18.573Z","updatedAt":"2024-08-31T05:51:14.431Z"},{"merchantId":239990,"name":"Eschuhe AT","imageUri":"https://monetizeamex.com/v3/120x60/c6e4b966757d6fd0636095adbfefc3a1.png","currencyCode":"EUR","defaultDomain":"eschuhe.at","domains":["eschuhe.at"],"categoryId":21,"description":null,"isActive":true,"countryCodes":["AT"],"averageBasketValue":129.38,"averageCommission":2.71,"averageConfirmationTime":null,"averageCancellationRate":null,"minimumCommission":1.13,"maximumCommission":5.03,"commissionRates":[],"trackingLink":"https://tatrck.com/h/0Hu30z9R0wbs","createdAt":"2023-12-13T20:12:23.866Z","updatedAt":"2024-09-03T17:08:02.185Z"},{"merchantId":239991,"name":"The Oh Collective NL","imageUri":"https://monetizeamex.com/v3/120x60/3f72b3cabfc83182918e7eb3c7094edc.png","currencyCode":"EUR","defaultDomain":"theohcollective.com","domains":["theohcollective.com"],"categoryId":68,"description":null,"isActive":true,"countryCodes":["NL"],"averageBasketValue":null,"averageCommission":null,"averageConfirmationTime":null,"averageCancellationRate":null,"minimumCommission":null,"maximumCommission":null,"commissionRates":[],"trackingLink":"https://tatrck.com/h/0Hu30z9R0wbt","createdAt":"2023-12-13T20:12:25.000Z","updatedAt":"2024-09-03T17:09:21.871Z"},{"merchantId":239993,"name":"top Parfümerie DE","imageUri":"https://monetizeamex.com/v3/120x60/e236a9027aea5a46fd2321cc7aebd10e.png","currencyCode":"EUR","defaultDomain":"topparfuemerie.de","domains":["topparfuemerie.de"],"categoryId":28,"description":null,"isActive":true,"countryCodes":["DE"],"averageBasketValue":80.2,"averageCommission":3.85,"averageConfirmationTime":null,"averageCancellationRate":null,"minimumCommission":1.34,"maximumCommission":1.34,"commissionRates":[],"trackingLink":"https://tatrck.com/h/0Hu30z9R0wbv","createdAt":"2023-12-13T20:12:24.477Z","updatedAt":"2024-09-03T17:07:44.468Z"},{"merchantId":239997,"name":"Sallyrose US","imageUri":"https://monetizeamex.com/v3/120x60/cb1d9b31b4eeb831b1fc85393da510e3.png","currencyCode":"EUR","defaultDomain":"sallyrose.com","domains":["sallyrose.com"],"categoryId":73,"description":null,"isActive":true,"countryCodes":["US"],"averageBasketValue":70.46,"averageCommission":4.22,"averageConfirmationTime":null,"averageCancellationRate":null,"minimumCommission":4.22,"maximumCommission":4.22,"commissionRates":[{"fixedCommission":null,"percentageCommission":6}],"trackingLink":"https://tatrck.com/h/0Hu30z9R0wbz","createdAt":"2023-12-13T20:12:28.069Z","updatedAt":"2024-08-21T11:39:22.384Z"},{"merchantId":239998,"name":"ZIKETECH US","imageUri":"https://monetizeamex.com/v3/120x60/b46af26cd62a9c10571ad3ffac5e65ae.png","currencyCode":"EUR","defaultDomain":"ziketech.com","domains":["ziketech.com"],"categoryId":72,"description":null,"isActive":true,"countryCodes":["US"],"averageBasketValue":265.8,"averageCommission":15.94,"averageConfirmationTime":null,"averageCancellationRate":null,"minimumCommission":4.68,"maximumCommission":37.2,"commissionRates":[{"fixedCommission":null,"percentageCommission":6}],"trackingLink":"https://tatrck.com/h/0Hu30z9R0wb-","createdAt":"2023-12-13T20:12:26.468Z","updatedAt":"2024-08-21T11:46:09.105Z"},{"merchantId":239999,"name":"CashBro Many Geos","imageUri":"https://monetizeamex.com/v3/120x60/4ade98bf490778680f1fa78dab83683c.png","currencyCode":"EUR","defaultDomain":"cashbro.net","domains":["cashbro.net"],"categoryId":66,"description":null,"isActive":true,"countryCodes":["PL"],"averageBasketValue":null,"averageCommission":1.54,"averageConfirmationTime":null,"averageCancellationRate":null,"minimumCommission":null,"maximumCommission":null,"commissionRates":[],"trackingLink":"https://tatrck.com/h/0Hu30z9R0wb_","createdAt":"2023-12-13T20:12:26.768Z","updatedAt":"2024-08-21T11:45:24.861Z"},{"merchantId":240003,"name":"Mavette US","imageUri":"https://monetizeamex.com/v3/120x60/4220cb1407f35fc830ca815f192d6ff9.png","currencyCode":"EUR","defaultDomain":"mavette.com","domains":["mavette.com"],"categoryId":40,"description":null,"isActive":true,"countryCodes":["US"],"averageBasketValue":359.54,"averageCommission":37.84,"averageConfirmationTime":30,"averageCancellationRate":null,"minimumCommission":39.24,"maximumCommission":39.24,"commissionRates":[{"fixedCommission":null,"percentageCommission":0.6}],"trackingLink":"https://tatrck.com/h/0Hu30z9R0wc3","createdAt":"2023-12-13T20:12:30.277Z","updatedAt":"2024-09-02T05:46:28.889Z"},{"merchantId":240005,"name":"Meross","imageUri":"https://monetizeamex.com/v3/120x60/57c2b9807dfbb5da913bfceef893a1d7.png","currencyCode":"EUR","defaultDomain":"meross.com","domains":["meross.com"],"categoryId":64,"description":null,"isActive":true,"countryCodes":["US","DE","GB"],"averageBasketValue":54.15,"averageCommission":2.59,"averageConfirmationTime":null,"averageCancellationRate":4,"minimumCommission":0.18,"maximumCommission":3.23,"commissionRates":[{"fixedCommission":null,"percentageCommission":4.8}],"trackingLink":"https://tatrck.com/h/0Hu30z9R0wc5","createdAt":"2023-12-13T20:12:29.481Z","updatedAt":"2024-08-21T11:45:14.032Z"},{"merchantId":240008,"name":"A Little Thing","imageUri":"https://kqdxc4m5.de/logos_v2/120x60/3b44607f78c7fd65b217e6791f18eda2.gif","currencyCode":"EUR","defaultDomain":"alittlething.co","domains":["alittlething.co"],"categoryId":21,"description":null,"isActive":true,"countryCodes":[],"averageBasketValue":null,"averageCommission":null,"averageConfirmationTime":null,"averageCancellationRate":null,"minimumCommission":null,"maximumCommission":null,"commissionRates":[{"fixedCommission":null,"percentageCommission":3},{"fixedCommission":null,"percentageCommission":12}],"trackingLink":"https://tatrck.com/h/0Hu30z9R0wc8","createdAt":"2023-12-13T20:12:30.870Z","updatedAt":"2024-09-03T17:05:52.185Z"},{"merchantId":240009,"name":"Bonny","imageUri":"https://kqdxc4m5.de/logos_v2/120x60/35324e8aa4c5a5cf623cf8cc34d52340.gif","currencyCode":"EUR","defaultDomain":"bonny.com.au","domains":["bonny.com.au"],"categoryId":74,"description":null,"isActive":true,"countryCodes":["AU"],"averageBasketValue":309.3,"averageCommission":18.55,"averageConfirmationTime":null,"averageCancellationRate":null,"minimumCommission":14.54,"maximumCommission":16.87,"commissionRates":[{"fixedCommission":null,"percentageCommission":6}],"trackingLink":"https://tatrck.com/h/0Hu30z9R0wc9","createdAt":"2023-12-13T20:12:32.302Z","updatedAt":"2024-09-03T17:08:48.117Z"},{"merchantId":240010,"name":"Club 21","imageUri":"https://monetizeamex.com/v3/120x60/eab37328ea75e6bfab4ffbd07dc0352c.png","currencyCode":"EUR","defaultDomain":"club21.com","domains":["club21.com"],"categoryId":40,"description":null,"isActive":true,"countryCodes":["SG"],"averageBasketValue":276.65,"averageCommission":3.6,"averageConfirmationTime":null,"averageCancellationRate":62.3,"minimumCommission":0.78,"maximumCommission":32.44,"commissionRates":[],"trackingLink":"https://tatrck.com/h/0Hu30z9R0wcA","createdAt":"2023-12-13T20:12:30.994Z","updatedAt":"2024-09-03T17:03:52.409Z"},{"merchantId":240011,"name":"GUESS MY","imageUri":"https://monetizeamex.com/v3/120x60/5186047a9856b44dfe7efdd38a40fc15.png","currencyCode":"EUR","defaultDomain":"guess.my","domains":["guess.my"],"categoryId":40,"description":null,"isActive":true,"countryCodes":["SS","MY"],"averageBasketValue":null,"averageCommission":null,"averageConfirmationTime":null,"averageCancellationRate":null,"minimumCommission":null,"maximumCommission":null,"commissionRates":[{"fixedCommission":null,"percentageCommission":3.5999999999999996}],"trackingLink":"https://tatrck.com/h/0Hu30z9R0wcB","createdAt":"2023-12-13T20:12:31.288Z","updatedAt":"2024-09-03T17:06:04.690Z"},{"merchantId":240013,"name":"Pretty Ballerinas (MY)","imageUri":"https://kqdxc4m5.de/logos_v2/120x60/c68d9c292e3e4f36c1dd7636c6d7fc75.gif","currencyCode":"EUR","defaultDomain":"prettyballerinas.my","domains":["prettyballerinas.my"],"categoryId":40,"description":null,"isActive":true,"countryCodes":["MY"],"averageBasketValue":null,"averageCommission":null,"averageConfirmationTime":null,"averageCancellationRate":null,"minimumCommission":null,"maximumCommission":null,"commissionRates":[{"fixedCommission":null,"percentageCommission":3.5999999999999996}],"trackingLink":"https://tatrck.com/h/0Hu30z9R0wcD","createdAt":"2023-12-13T20:12:31.780Z","updatedAt":"2024-09-03T17:05:23.729Z"},{"merchantId":240014,"name":"Wholesale Aircon","imageUri":"https://kqdxc4m5.de/logos_v2/120x60/aeb8151c1cca583e7d0bedeaaadbd69b.gif","currencyCode":"EUR","defaultDomain":"wholesaleaircon.com.au","domains":["wholesaleaircon.com.au"],"categoryId":51,"description":null,"isActive":true,"countryCodes":["AU"],"averageBasketValue":1,"averageCommission":20.65,"averageConfirmationTime":null,"averageCancellationRate":16.7,"minimumCommission":18.92,"maximumCommission":32.18,"commissionRates":[{"fixedCommission":null,"percentageCommission":1.7999999999999998}],"trackingLink":"https://tatrck.com/h/0Hu30z9R0wcE","createdAt":"2023-12-13T20:12:33.368Z","updatedAt":"2024-09-03T17:08:45.454Z"},{"merchantId":240016,"name":"Jacadi","imageUri":"https://monetizeamex.com/v3/120x60/caee8435c8d8840fb50a22c088c5e3a5.png","currencyCode":"EUR","defaultDomain":"jacadi.com.tr","domains":["jacadi.com.tr"],"categoryId":40,"description":null,"isActive":true,"countryCodes":["TR"],"averageBasketValue":null,"averageCommission":null,"averageConfirmationTime":null,"averageCancellationRate":null,"minimumCommission":null,"maximumCommission":null,"commissionRates":[],"trackingLink":"https://tatrck.com/h/0Hu30z9R0wcG","createdAt":"2023-12-13T20:12:32.867Z","updatedAt":"2024-08-21T11:39:15.586Z"},{"merchantId":240021,"name":"Reply","imageUri":"https://monetizeamex.com/v3/120x60/667af2a614c4b64bb2bb0aa074007e73.png","currencyCode":"EUR","defaultDomain":"reply.io","domains":["reply.io"],"categoryId":75,"description":null,"isActive":true,"countryCodes":[],"averageBasketValue":null,"averageCommission":null,"averageConfirmationTime":null,"averageCancellationRate":null,"minimumCommission":null,"maximumCommission":null,"commissionRates":[],"trackingLink":"https://tatrck.com/h/0Hu30z9R0wcL","createdAt":"2023-12-13T20:12:33.368Z","updatedAt":"2024-08-21T11:39:25.249Z"},{"merchantId":240022,"name":"Teamwork","imageUri":"https://kqdxc4m5.de/logos_v2/120x60/102f1cdbae1fc75980f08fd5c3222603.gif","currencyCode":"EUR","defaultDomain":"teamwork.com","domains":["teamwork.com"],"categoryId":37,"description":null,"isActive":true,"countryCodes":[],"averageBasketValue":null,"averageCommission":null,"averageConfirmationTime":null,"averageCancellationRate":null,"minimumCommission":null,"maximumCommission":null,"commissionRates":[],"trackingLink":"https://tatrck.com/h/0Hu30z9R0wcM","createdAt":"2023-12-13T20:12:35.268Z","updatedAt":"2024-08-21T11:39:21.524Z"},{"merchantId":240023,"name":"ZoomInfo","imageUri":"https://monetizeamex.com/v3/120x60/1a49739f3ec21dc698c47b3feaf99861.png","currencyCode":"EUR","defaultDomain":"zoominfo.com","domains":["zoominfo.com"],"categoryId":41,"description":null,"isActive":true,"countryCodes":[],"averageBasketValue":null,"averageCommission":null,"averageConfirmationTime":null,"averageCancellationRate":null,"minimumCommission":null,"maximumCommission":null,"commissionRates":[],"trackingLink":"https://tatrck.com/h/0Hu30z9R0wcN","createdAt":"2023-12-13T20:12:34.482Z","updatedAt":"2024-08-15T09:12:48.708Z"},{"merchantId":240033,"name":"FitVille-UK","imageUri":"https://kqdxc4m5.de/logos_v2/120x60/8012e6f14a185eda67c76b25e84507c1.gif","currencyCode":"EUR","defaultDomain":"thefitville.uk","domains":["thefitville.uk"],"categoryId":40,"description":null,"isActive":true,"countryCodes":["GB","AU"],"averageBasketValue":52.24,"averageCommission":2.94,"averageConfirmationTime":2,"averageCancellationRate":null,"minimumCommission":3.72,"maximumCommission":4.02,"commissionRates":[],"trackingLink":"https://tatrck.com/h/0Hu30z9R0wcX","createdAt":"2023-12-13T20:12:37.190Z","updatedAt":"2024-08-21T11:47:11.291Z"},{"merchantId":240034,"name":"FruitFlowers.com US","imageUri":"https://kqdxc4m5.de/logos_v2/120x60/9f1dd8ac8cffea1745273a104b05d694.gif","currencyCode":"EUR","defaultDomain":"fruitflowers.com","domains":["fruitflowers.com"],"categoryId":47,"description":null,"isActive":true,"countryCodes":["US"],"averageBasketValue":null,"averageCommission":null,"averageConfirmationTime":null,"averageCancellationRate":null,"minimumCommission":null,"maximumCommission":null,"commissionRates":[{"fixedCommission":null,"percentageCommission":1.44},{"fixedCommission":null,"percentageCommission":1.7999999999999998}],"trackingLink":"https://tatrck.com/h/0Hu30z9R0wcY","createdAt":"2023-12-13T20:12:37.471Z","updatedAt":"2024-08-23T15:01:34.776Z"},{"merchantId":240035,"name":"Baytonia SA","imageUri":"https://monetizeamex.com/v3/120x60/c38e21f7f79f8548b37c6500fc8a54f3.png","currencyCode":"EUR","defaultDomain":"baytonia.com","domains":["baytonia.com"],"categoryId":34,"description":null,"isActive":true,"countryCodes":["SA"],"averageBasketValue":328.04,"averageCommission":4.81,"averageConfirmationTime":null,"averageCancellationRate":null,"minimumCommission":0.67,"maximumCommission":1.46,"commissionRates":[{"fixedCommission":null,"percentageCommission":2.1},{"fixedCommission":null,"percentageCommission":0.84}],"trackingLink":"https://tatrck.com/h/0Hu30z9R0wcZ","createdAt":"2023-12-13T20:12:37.493Z","updatedAt":"2024-08-30T10:01:02.327Z"},{"merchantId":240038,"name":"Linzi MENA Offline promo codes& Links US","imageUri":"https://kqdxc4m5.de/logos_v2/120x60/010253178042ce04aa3e5256251d545e.gif","currencyCode":"EUR","defaultDomain":"linzi.me","domains":["linzi.me"],"categoryId":63,"description":null,"isActive":true,"countryCodes":["AE","BH","JO","KW","SA"],"averageBasketValue":null,"averageCommission":null,"averageConfirmationTime":null,"averageCancellationRate":null,"minimumCommission":null,"maximumCommission":null,"commissionRates":[{"fixedCommission":null,"percentageCommission":4.2}],"trackingLink":"https://tatrck.com/h/0Hu30z9R0wcc","createdAt":"2023-12-13T20:12:38.074Z","updatedAt":"2024-08-21T11:30:03.496Z"},{"merchantId":240044,"name":"Oceans Alive GB","imageUri":"https://monetizeamex.com/v3/120x60/00353d04f7d156ec24ec6aef5ddb1621.png","currencyCode":"EUR","defaultDomain":"oceansalive.co.uk","domains":["oceansalive.co.uk"],"categoryId":68,"description":null,"isActive":true,"countryCodes":["GB"],"averageBasketValue":87.62,"averageCommission":4.2,"averageConfirmationTime":null,"averageCancellationRate":null,"minimumCommission":1.69,"maximumCommission":1.69,"commissionRates":[],"trackingLink":"https://tatrck.com/h/0Hu30z9R0wci","createdAt":"2023-12-13T20:12:39.468Z","updatedAt":"2024-09-03T17:08:38.665Z"},{"merchantId":240048,"name":"Fanko PL CPS PL","imageUri":"https://kqdxc4m5.de/logos_v2/120x60/d71c39c52addd15b8669d2ea11d9bfb6.gif","currencyCode":"EUR","defaultDomain":"fanko.pl","domains":["fanko.pl"],"categoryId":66,"description":null,"isActive":true,"countryCodes":["PL"],"averageBasketValue":null,"averageCommission":null,"averageConfirmationTime":null,"averageCancellationRate":null,"minimumCommission":null,"maximumCommission":null,"commissionRates":[],"trackingLink":"https://tatrck.com/h/0Hu30z9R0wcm","createdAt":"2023-12-13T20:12:40.094Z","updatedAt":"2024-07-29T11:10:35.771Z"},{"merchantId":240057,"name":"Cuddle Clones US","imageUri":"https://monetizeamex.com/v3/120x60/52641845052e165a683d229274fe84d9.png","currencyCode":"EUR","defaultDomain":"cuddleclones.com","domains":["cuddleclones.com"],"categoryId":17,"description":null,"isActive":true,"countryCodes":["US"],"averageBasketValue":140.76,"averageCommission":6.45,"averageConfirmationTime":3,"averageCancellationRate":0.6,"minimumCommission":0.3,"maximumCommission":23,"commissionRates":[{"fixedCommission":null,"percentageCommission":0.6}],"trackingLink":"https://tatrck.com/h/0Hu30z9R0wcv","createdAt":"2023-12-13T20:12:41.884Z","updatedAt":"2024-09-03T05:37:17.325Z"},{"merchantId":240058,"name":"Elevate Ecommerce FZE US","imageUri":"https://monetizeamex.com/v3/120x60/1c0b85ae988d42175c2e9e823479014b.png","currencyCode":"EUR","defaultDomain":"consciousitems.com","domains":["consciousitems.com"],"categoryId":73,"description":"Since 2016 we sell healing crystal jewelry from only real crystals.\r\nWe served over 400 000 customers.\r\nWe are launching regularly new items to our collection and are always expanding.","isActive":true,"countryCodes":["US"],"averageBasketValue":96.8,"averageCommission":1.07,"averageConfirmationTime":2,"averageCancellationRate":null,"minimumCommission":0.1,"maximumCommission":7.35,"commissionRates":[{"fixedCommission":null,"percentageCommission":9}],"trackingLink":"https://tatrck.com/h/0Hu30z9R0wcw","createdAt":"2023-12-13T20:12:41.369Z","updatedAt":"2024-09-03T05:37:18.590Z"},{"merchantId":240060,"name":"MA INNOVATIVE LTD US","imageUri":"https://monetizeamex.com/v3/120x60/31b30070f3c69b37514c2c00e3c38379.png","currencyCode":"EUR","defaultDomain":"markshop.co.uk","domains":["markshop.co.uk"],"categoryId":50,"description":null,"isActive":true,"countryCodes":["MA","US"],"averageBasketValue":null,"averageCommission":null,"averageConfirmationTime":null,"averageCancellationRate":null,"minimumCommission":null,"maximumCommission":null,"commissionRates":[{"fixedCommission":null,"percentageCommission":1.7999999999999998}],"trackingLink":"https://tatrck.com/h/0Hu30z9R0wcy","createdAt":"2023-12-13T20:12:41.076Z","updatedAt":"2024-08-21T11:39:41.860Z"},{"merchantId":240061,"name":"Penalty","imageUri":"https://monetizeamex.com/v3/120x60/88adbfa3e0f5eac7dcb55846035e6dcc.png","currencyCode":"EUR","defaultDomain":"penalty.com.br","domains":["penalty.com.br"],"categoryId":55,"description":null,"isActive":true,"countryCodes":["BR"],"averageBasketValue":56,"averageCommission":1.64,"averageConfirmationTime":null,"averageCancellationRate":null,"minimumCommission":0.96,"maximumCommission":2.59,"commissionRates":[],"trackingLink":"https://tatrck.com/h/0Hu30z9R0wcz","createdAt":"2023-12-13T20:12:41.970Z","updatedAt":"2024-09-03T05:53:20.039Z"},{"merchantId":240065,"name":"Designer Makeup Tools","imageUri":"https://kqdxc4m5.de/logos_v2/120x60/5926e0e4e6d07a95a94827e5ccbbf18e.gif","currencyCode":"EUR","defaultDomain":"designermakeuptools.com","domains":["designermakeuptools.com"],"categoryId":28,"description":null,"isActive":true,"countryCodes":["AU"],"averageBasketValue":19.94,"averageCommission":1.19,"averageConfirmationTime":null,"averageCancellationRate":null,"minimumCommission":null,"maximumCommission":null,"commissionRates":[{"fixedCommission":null,"percentageCommission":6}],"trackingLink":"https://tatrck.com/h/0Hu30z9R0wd1","createdAt":"2023-12-13T20:12:42.878Z","updatedAt":"2024-09-03T17:07:41.823Z"},{"merchantId":240066,"name":"Esmi","imageUri":"https://kqdxc4m5.de/logos_v2/120x60/b67d158d34bec21d7ad94b7e0116cd75.gif","currencyCode":"EUR","defaultDomain":"esmi.com.au","domains":["esmi.com.au"],"categoryId":28,"description":null,"isActive":true,"countryCodes":["AU"],"averageBasketValue":60.57,"averageCommission":0.91,"averageConfirmationTime":null,"averageCancellationRate":null,"minimumCommission":0.23,"maximumCommission":3.27,"commissionRates":[{"fixedCommission":null,"percentageCommission":1.2},{"fixedCommission":null,"percentageCommission":1.7999999999999998}],"trackingLink":"https://tatrck.com/h/0Hu30z9R0wd2","createdAt":"2023-12-13T20:12:43.283Z","updatedAt":"2024-09-03T17:04:58.006Z"},{"merchantId":240067,"name":"Newentor Australia","imageUri":"https://kqdxc4m5.de/logos_v2/120x60/f774d069939d034107dc10ff2187835f.gif","currencyCode":"EUR","defaultDomain":"newentor.com.au","domains":["newentor.com.au"],"categoryId":50,"description":null,"isActive":true,"countryCodes":["AU"],"averageBasketValue":169.84,"averageCommission":10.18,"averageConfirmationTime":null,"averageCancellationRate":null,"minimumCommission":4.81,"maximumCommission":21.33,"commissionRates":[{"fixedCommission":null,"percentageCommission":6}],"trackingLink":"https://tatrck.com/h/0Hu30z9R0wd3","createdAt":"2023-12-13T20:12:43.478Z","updatedAt":"2024-09-03T17:04:24.786Z"},{"merchantId":240069,"name":"Rivercity House and Home","imageUri":"https://kqdxc4m5.de/logos_v2/120x60/4f79101828bf5ba419cf3111de7e9c1e.gif","currencyCode":"EUR","defaultDomain":"rivercityhouseandhome.com.au","domains":["rivercityhouseandhome.com.au"],"categoryId":34,"description":null,"isActive":true,"countryCodes":["AU"],"averageBasketValue":271.57,"averageCommission":8.79,"averageConfirmationTime":null,"averageCancellationRate":25,"minimumCommission":1.65,"maximumCommission":1.65,"commissionRates":[{"fixedCommission":null,"percentageCommission":3},{"fixedCommission":null,"percentageCommission":0.6}],"trackingLink":"https://tatrck.com/h/0Hu30z9R0wd5","createdAt":"2023-12-13T20:12:43.805Z","updatedAt":"2024-09-03T17:04:11.389Z"},{"merchantId":240081,"name":"Cwtchy Covers GB","imageUri":"https://monetizeamex.com/v3/120x60/4472485c37dab9e24910539dda52395a.png","currencyCode":"EUR","defaultDomain":"cwtchy-covers.co.uk","domains":["cwtchy-covers.co.uk"],"categoryId":74,"description":null,"isActive":true,"countryCodes":["GB"],"averageBasketValue":561.15,"averageCommission":16.83,"averageConfirmationTime":null,"averageCancellationRate":null,"minimumCommission":16.83,"maximumCommission":16.83,"commissionRates":[],"trackingLink":"https://tatrck.com/h/0Hu30z9R0wdH","createdAt":"2023-12-13T20:12:48.870Z","updatedAt":"2024-09-03T17:08:23.413Z"},{"merchantId":240107,"name":"Kiatoo.com - Standard FR","imageUri":"https://kqdxc4m5.de/logos_v2/120x60/09c25c118d96ccfafc34444bc93f89bd.gif","currencyCode":"EUR","defaultDomain":"kiatoo.com","domains":["kiatoo.com"],"categoryId":72,"description":null,"isActive":true,"countryCodes":["FR"],"averageBasketValue":599,"averageCommission":21.56,"averageConfirmationTime":null,"averageCancellationRate":null,"minimumCommission":null,"maximumCommission":null,"commissionRates":[],"trackingLink":"https://tatrck.com/h/0Hu30z9R0wdh","createdAt":"2023-12-13T20:12:55.965Z","updatedAt":"2024-09-03T17:05:07.981Z"},{"merchantId":240112,"name":"Harry Potter Toronto - IE","imageUri":"https://monetizeamex.com/v3/120x60/c011afd8dd66d0bfc2e74766fc6447c6.png","currencyCode":"EUR","defaultDomain":"mirvish.com","domains":["mirvish.com"],"categoryId":7,"description":null,"isActive":true,"countryCodes":["GB","CA","US"],"averageBasketValue":217.02,"averageCommission":4.44,"averageConfirmationTime":19,"averageCancellationRate":9.400000000000002,"minimumCommission":1.54,"maximumCommission":32.3,"commissionRates":[{"fixedCommission":null,"percentageCommission":4.5},{"fixedCommission":null,"percentageCommission":5.3999999999999995},{"fixedCommission":null,"percentageCommission":2.4},{"fixedCommission":null,"percentageCommission":2.4},{"fixedCommission":null,"percentageCommission":6},{"fixedCommission":null,"percentageCommission":4.5},{"fixedCommission":null,"percentageCommission":2.4},{"fixedCommission":null,"percentageCommission":6},{"fixedCommission":null,"percentageCommission":5.3999999999999995},{"fixedCommission":null,"percentageCommission":4.5},{"fixedCommission":null,"percentageCommission":2.4},{"fixedCommission":null,"percentageCommission":2.4},{"fixedCommission":null,"percentageCommission":3},{"fixedCommission":null,"percentageCommission":2.4},{"fixedCommission":null,"percentageCommission":3},{"fixedCommission":null,"percentageCommission":5.3999999999999995},{"fixedCommission":null,"percentageCommission":3},{"fixedCommission":null,"percentageCommission":6}],"trackingLink":"https://tatrck.com/h/0Hu30z9R0wdm","createdAt":"2023-12-13T20:12:55.688Z","updatedAt":"2024-09-03T09:01:05.601Z"},{"merchantId":240114,"name":"Mali Wirtuozi PL","imageUri":"https://monetizeamex.com/v3/120x60/63db7f36ffd9213709f6ffddcb6bdd94.png","currencyCode":"EUR","defaultDomain":"maliwirtuozi.pl","domains":["maliwirtuozi.pl"],"categoryId":17,"description":null,"isActive":true,"countryCodes":["PL"],"averageBasketValue":null,"averageCommission":null,"averageConfirmationTime":null,"averageCancellationRate":null,"minimumCommission":null,"maximumCommission":null,"commissionRates":[],"trackingLink":"https://tatrck.com/h/0Hu30z9R0wdo","createdAt":"2023-12-13T20:12:55.593Z","updatedAt":"2024-08-21T11:32:46.676Z"},{"merchantId":240126,"name":"Myzone UK GB","imageUri":"https://monetizeamex.com/v3/120x60/ef7ebdcdcb5f1385a15dfa8137876f15.png","currencyCode":"EUR","defaultDomain":"myzone.org","domains":["myzone.org"],"categoryId":68,"description":null,"isActive":true,"countryCodes":["GB"],"averageBasketValue":90.34,"averageCommission":3.23,"averageConfirmationTime":30,"averageCancellationRate":null,"minimumCommission":0.15,"maximumCommission":72.54,"commissionRates":[],"trackingLink":"https://tatrck.com/h/0Hu30z9R0wd-","createdAt":"2023-12-13T20:12:59.068Z","updatedAt":"2024-09-02T05:50:06.609Z"},{"merchantId":240130,"name":"Meravino DE","imageUri":"https://monetizeamex.com/v3/120x60/013d3b321b2f9277cbc33424190d5b38.png","currencyCode":"EUR","defaultDomain":"meravino.de","domains":["meravino.de"],"categoryId":21,"description":null,"isActive":true,"countryCodes":["DE"],"averageBasketValue":35.59,"averageCommission":2.98,"averageConfirmationTime":null,"averageCancellationRate":null,"minimumCommission":1.26,"maximumCommission":1.26,"commissionRates":[],"trackingLink":"https://tatrck.com/h/0Hu30z9R0we2","createdAt":"2023-12-13T20:12:59.969Z","updatedAt":"2024-09-03T17:08:32.985Z"},{"merchantId":240145,"name":"Sealy","imageUri":"https://kqdxc4m5.de/logos_v2/120x60/2c8285478c17908cc0c645b8403198a3.gif","currencyCode":"EUR","defaultDomain":"sealy.com","domains":["sealy.com"],"categoryId":34,"description":null,"isActive":true,"countryCodes":["US"],"averageBasketValue":714,"averageCommission":8.56,"averageConfirmationTime":null,"averageCancellationRate":null,"minimumCommission":0.48,"maximumCommission":0.49,"commissionRates":[{"fixedCommission":null,"percentageCommission":0.96}],"trackingLink":"https://tatrck.com/h/0Hu30z9R0weH","createdAt":"2023-12-13T20:13:02.969Z","updatedAt":"2024-08-23T15:02:00.311Z"},{"merchantId":240146,"name":"101 Blockchains US","imageUri":"https://monetizeamex.com/v3/120x60/a6eebd35726ddbb229aeb61df1fe1638.png","currencyCode":"EUR","defaultDomain":"101blockchains.com","domains":["101blockchains.com"],"categoryId":44,"description":null,"isActive":true,"countryCodes":["US"],"averageBasketValue":null,"averageCommission":null,"averageConfirmationTime":null,"averageCancellationRate":null,"minimumCommission":null,"maximumCommission":null,"commissionRates":[{"fixedCommission":null,"percentageCommission":12}],"trackingLink":"https://tatrck.com/h/0Hu30z9R0weI","createdAt":"2023-12-13T20:13:03.079Z","updatedAt":"2024-08-21T11:33:27.155Z"},{"merchantId":240151,"name":"Daneson Ltd. US","imageUri":"https://monetizeamex.com/v3/120x60/ca0069b841dbf594873a99f17b86b797.png","currencyCode":"EUR","defaultDomain":"daneson.com","domains":["daneson.com"],"categoryId":14,"description":null,"isActive":true,"countryCodes":["US"],"averageBasketValue":29.81,"averageCommission":1.78,"averageConfirmationTime":null,"averageCancellationRate":null,"minimumCommission":1.18,"maximumCommission":1.89,"commissionRates":[{"fixedCommission":null,"percentageCommission":6}],"trackingLink":"https://tatrck.com/h/0Hu30z9R0weN","createdAt":"2023-12-13T20:13:04.384Z","updatedAt":"2024-08-21T11:39:12.026Z"},{"merchantId":240155,"name":"Grateful Earth US","imageUri":"https://monetizeamex.com/v3/120x60/98c2ad829ec87907606bd9158c9def4b.png","currencyCode":"EUR","defaultDomain":"gratefulearthcoffee.com","domains":["gratefulearthcoffee.com"],"categoryId":68,"description":null,"isActive":true,"countryCodes":["US"],"averageBasketValue":null,"averageCommission":null,"averageConfirmationTime":null,"averageCancellationRate":null,"minimumCommission":null,"maximumCommission":null,"commissionRates":[{"fixedCommission":null,"percentageCommission":21}],"trackingLink":"https://tatrck.com/h/0Hu30z9R0weR","createdAt":"2023-12-13T20:13:05.266Z","updatedAt":"2024-08-21T11:30:17.331Z"},{"merchantId":240156,"name":"Joyin US","imageUri":"https://monetizeamex.com/v3/120x60/3be39189be9be1a2abd92732ee663a1c.png","currencyCode":"EUR","defaultDomain":"joyin.com","domains":["joyin.com"],"categoryId":21,"description":null,"isActive":true,"countryCodes":["US"],"averageBasketValue":274.57,"averageCommission":22.3,"averageConfirmationTime":null,"averageCancellationRate":null,"minimumCommission":22.3,"maximumCommission":22.3,"commissionRates":[{"fixedCommission":null,"percentageCommission":7.199999999999999}],"trackingLink":"https://tatrck.com/h/0Hu30z9R0weS","createdAt":"2023-12-13T20:13:05.672Z","updatedAt":"2024-08-21T11:45:22.497Z"},{"merchantId":240157,"name":"KBS Research, LLC US","imageUri":"https://monetizeamex.com/v3/120x60/7972564d4395a478e30d36849d9faea4.png","currencyCode":"EUR","defaultDomain":"atrantil.com","domains":["atrantil.com"],"categoryId":35,"description":null,"isActive":true,"countryCodes":["US"],"averageBasketValue":null,"averageCommission":null,"averageConfirmationTime":null,"averageCancellationRate":null,"minimumCommission":null,"maximumCommission":null,"commissionRates":[{"fixedCommission":null,"percentageCommission":3.84}],"trackingLink":"https://tatrck.com/h/0Hu30z9R0weT","createdAt":"2023-12-13T20:13:06.296Z","updatedAt":"2024-08-29T05:43:23.187Z"},{"merchantId":240159,"name":"Noorio Innovations US","imageUri":"https://monetizeamex.com/v3/120x60/3d06586307fa18703aeda3c44fcd417c.png","currencyCode":"EUR","defaultDomain":"noorio.com","domains":["noorio.com"],"categoryId":64,"description":null,"isActive":true,"countryCodes":["US"],"averageBasketValue":null,"averageCommission":null,"averageConfirmationTime":null,"averageCancellationRate":null,"minimumCommission":null,"maximumCommission":null,"commissionRates":[{"fixedCommission":null,"percentageCommission":9}],"trackingLink":"https://tatrck.com/h/0Hu30z9R0weV","createdAt":"2023-12-13T20:13:08.197Z","updatedAt":"2024-08-21T11:41:26.203Z"},{"merchantId":240161,"name":"SEO Buddy US","imageUri":"https://monetizeamex.com/v3/120x60/745e136c6de3673140a32adaf7d3765e.png","currencyCode":"EUR","defaultDomain":"seobuddy.com","domains":["seobuddy.com"],"categoryId":36,"description":null,"isActive":true,"countryCodes":["US"],"averageBasketValue":null,"averageCommission":null,"averageConfirmationTime":null,"averageCancellationRate":null,"minimumCommission":null,"maximumCommission":null,"commissionRates":[{"fixedCommission":6,"percentageCommission":null}],"trackingLink":"https://tatrck.com/h/0Hu30z9R0weX","createdAt":"2023-12-13T20:13:06.675Z","updatedAt":"2024-08-21T11:39:09.709Z"},{"merchantId":240163,"name":"Surebeauty US","imageUri":"https://monetizeamex.com/v3/120x60/2b547c33e948575d1ed7f5b7d39cdb9a.png","currencyCode":"EUR","defaultDomain":"surebeauty.com","domains":["surebeauty.com"],"categoryId":68,"description":null,"isActive":true,"countryCodes":["US"],"averageBasketValue":null,"averageCommission":null,"averageConfirmationTime":null,"averageCancellationRate":null,"minimumCommission":null,"maximumCommission":null,"commissionRates":[{"fixedCommission":null,"percentageCommission":6}],"trackingLink":"https://tatrck.com/h/0Hu30z9R0weZ","createdAt":"2023-12-13T20:13:07.695Z","updatedAt":"2024-08-21T11:39:13.052Z"},{"merchantId":240166,"name":"blueshift nutrition US","imageUri":"https://monetizeamex.com/v3/120x60/be5d07b5d4d27403a5a185e5ebd5cd5c.png","currencyCode":"EUR","defaultDomain":"blueshiftnutrition.com","domains":["blueshiftnutrition.com"],"categoryId":68,"description":null,"isActive":true,"countryCodes":["US"],"averageBasketValue":null,"averageCommission":null,"averageConfirmationTime":null,"averageCancellationRate":null,"minimumCommission":null,"maximumCommission":null,"commissionRates":[{"fixedCommission":null,"percentageCommission":9}],"trackingLink":"https://tatrck.com/h/0Hu30z9R0wec","createdAt":"2023-12-13T20:13:09.087Z","updatedAt":"2024-08-21T11:29:38.286Z"},{"merchantId":240168,"name":"LingoAce US","imageUri":"https://monetizeamex.com/v3/120x60/c8ddad261455d71d667727e9b997dac0.png","currencyCode":"EUR","defaultDomain":"lingoace.com","domains":["lingoace.com"],"categoryId":44,"description":null,"isActive":true,"countryCodes":["US"],"averageBasketValue":11.39,"averageCommission":1.12,"averageConfirmationTime":null,"averageCancellationRate":null,"minimumCommission":1.78,"maximumCommission":132.46,"commissionRates":[{"fixedCommission":null,"percentageCommission":6},{"fixedCommission":0,"percentageCommission":null}],"trackingLink":"https://tatrck.com/h/0Hu30z9R0wee","createdAt":"2023-12-13T20:13:09.588Z","updatedAt":"2024-08-31T06:05:03.202Z"},{"merchantId":240176,"name":"Farmabenessere IT","imageUri":"https://kqdxc4m5.de/logos_v2/120x60/277f803efba3f3633ce8ec7d75013cba.gif","currencyCode":"EUR","defaultDomain":"farmabenessere.it","domains":["farmabenessere.it"],"categoryId":68,"description":null,"isActive":true,"countryCodes":["IT"],"averageBasketValue":null,"averageCommission":null,"averageConfirmationTime":null,"averageCancellationRate":null,"minimumCommission":null,"maximumCommission":null,"commissionRates":[{"fixedCommission":null,"percentageCommission":3}],"trackingLink":"https://tatrck.com/h/0Hu30z9R0wem","createdAt":"2023-12-13T20:13:11.978Z","updatedAt":"2024-08-21T11:25:23.043Z"},{"merchantId":240178,"name":"Monopoly Lifesized - IE","imageUri":"https://monetizeamex.com/v3/120x60/a3e9b6d4108a08eefc972c1af0837bc6.png","currencyCode":"EUR","defaultDomain":"monopolylifesized.com","domains":["monopolylifesized.com"],"categoryId":53,"description":null,"isActive":true,"countryCodes":["CA","GB","US","IE"],"averageBasketValue":326.72,"averageCommission":15.53,"averageConfirmationTime":11,"averageCancellationRate":null,"minimumCommission":6.59,"maximumCommission":25.56,"commissionRates":[{"fixedCommission":null,"percentageCommission":5.7},{"fixedCommission":null,"percentageCommission":5.7},{"fixedCommission":null,"percentageCommission":5.7},{"fixedCommission":null,"percentageCommission":5.7}],"trackingLink":"https://tatrck.com/h/0Hu30z9R0weo","createdAt":"2023-12-13T20:13:12.282Z","updatedAt":"2024-08-25T06:00:04.356Z"},{"merchantId":240182,"name":"mws france FR","imageUri":"https://kqdxc4m5.de/logos_v2/120x60/4093e1321bba187dab261f7dea38658d.gif","currencyCode":"EUR","defaultDomain":"mediawavestore.fr","domains":["mediawavestore.fr"],"categoryId":21,"description":null,"isActive":true,"countryCodes":["FR"],"averageBasketValue":null,"averageCommission":null,"averageConfirmationTime":null,"averageCancellationRate":null,"minimumCommission":null,"maximumCommission":null,"commissionRates":[{"fixedCommission":null,"percentageCommission":9}],"trackingLink":"https://tatrck.com/h/0Hu30z9R0wes","createdAt":"2023-12-13T20:13:13.186Z","updatedAt":"2024-08-21T11:25:26.191Z"},{"merchantId":240183,"name":"mws spain ES","imageUri":"https://monetizeamex.com/v3/120x60/1228a0199a5a88450753013dbae07ba1.png","currencyCode":"EUR","defaultDomain":"mediawavestore.es","domains":["mediawavestore.es"],"categoryId":21,"description":null,"isActive":true,"countryCodes":["ES"],"averageBasketValue":33.81,"averageCommission":2.07,"averageConfirmationTime":6,"averageCancellationRate":null,"minimumCommission":2.03,"maximumCommission":2.03,"commissionRates":[{"fixedCommission":null,"percentageCommission":8.4},{"fixedCommission":null,"percentageCommission":8.4}],"trackingLink":"https://tatrck.com/h/0Hu30z9R0wet","createdAt":"2023-12-13T20:13:13.091Z","updatedAt":"2024-09-03T17:07:29.862Z"},{"merchantId":240184,"name":"Tvlift-meubel.nl NL","imageUri":"https://kqdxc4m5.de/logos_v2/120x60/f3ca5088651bad92046b827a70854056.gif","currencyCode":"EUR","defaultDomain":"tvlift-meubel.nl","domains":["tvlift-meubel.nl"],"categoryId":34,"description":null,"isActive":true,"countryCodes":["NL"],"averageBasketValue":null,"averageCommission":null,"averageConfirmationTime":null,"averageCancellationRate":null,"minimumCommission":null,"maximumCommission":null,"commissionRates":[],"trackingLink":"https://tatrck.com/h/0Hu30z9R0weu","createdAt":"2023-12-13T20:13:14.570Z","updatedAt":"2024-08-21T11:45:19.778Z"},{"merchantId":240187,"name":"SANS MATIN GB","imageUri":"https://monetizeamex.com/v3/120x60/ddbbdca0cf17b11fe3f90c9fbb3bffaa.png","currencyCode":"EUR","defaultDomain":"sansmatin.co.uk","domains":["sansmatin.co.uk"],"categoryId":40,"description":null,"isActive":true,"countryCodes":["GB"],"averageBasketValue":174.2,"averageCommission":5.89,"averageConfirmationTime":null,"averageCancellationRate":null,"minimumCommission":4.15,"maximumCommission":8.52,"commissionRates":[],"trackingLink":"https://tatrck.com/h/0Hu30z9R0wex","createdAt":"2023-12-13T20:13:16.767Z","updatedAt":"2024-09-03T17:09:35.102Z"},{"merchantId":240198,"name":"Funko GB","imageUri":"https://monetizeamex.com/v3/120x60/5facde76ab6d4846af3b882a6a8a0493.png","currencyCode":"EUR","defaultDomain":"funkoeurope.com","domains":["funkoeurope.com"],"categoryId":82,"description":null,"isActive":true,"countryCodes":["GB"],"averageBasketValue":103.17,"averageCommission":1.68,"averageConfirmationTime":null,"averageCancellationRate":null,"minimumCommission":0.06,"maximumCommission":175.16,"commissionRates":[],"trackingLink":"https://tatrck.com/h/0Hu30z9R0wf6","createdAt":"2023-12-13T20:13:17.566Z","updatedAt":"2024-09-03T17:09:44.498Z"},{"merchantId":240207,"name":"MYCO Works GB","imageUri":"https://monetizeamex.com/v3/120x60/782bc124485916b714e6b18b1241b309.png","currencyCode":"EUR","defaultDomain":"mycoworks.co.uk","domains":["mycoworks.co.uk"],"categoryId":41,"description":null,"isActive":true,"countryCodes":["GB"],"averageBasketValue":42.96,"averageCommission":2.57,"averageConfirmationTime":28,"averageCancellationRate":null,"minimumCommission":null,"maximumCommission":null,"commissionRates":[],"trackingLink":"https://tatrck.com/h/0Hu30z9R0wfF","createdAt":"2023-12-13T20:13:18.485Z","updatedAt":"2024-09-03T17:07:10.050Z"},{"merchantId":240209,"name":"Neon ChampUS","imageUri":"https://monetizeamex.com/v3/120x60/ad69750a399467dd41b85013a6f760f0.png","currencyCode":"EUR","defaultDomain":"neonchamp.com","domains":["neonchamp.com"],"categoryId":74,"description":null,"isActive":true,"countryCodes":["US"],"averageBasketValue":326.53,"averageCommission":23.5,"averageConfirmationTime":58,"averageCancellationRate":33.3,"minimumCommission":12.1,"maximumCommission":12.1,"commissionRates":[],"trackingLink":"https://tatrck.com/h/0Hu30z9R0wfH","createdAt":"2023-12-13T20:13:18.402Z","updatedAt":"2024-09-03T17:09:32.858Z"},{"merchantId":240210,"name":"Nonna Lab FR","imageUri":"https://kqdxc4m5.de/logos_v2/120x60/bdbcda693e8983cfc23f4f01793fe5b8.gif","currencyCode":"EUR","defaultDomain":"nonnalab.com","domains":["nonnalab.com"],"categoryId":34,"description":null,"isActive":true,"countryCodes":["FR"],"averageBasketValue":29.27,"averageCommission":1.4,"averageConfirmationTime":null,"averageCancellationRate":null,"minimumCommission":0.91,"maximumCommission":0.91,"commissionRates":[],"trackingLink":"https://tatrck.com/h/0Hu30z9R0wfI","createdAt":"2023-12-13T20:13:18.893Z","updatedAt":"2024-09-03T17:08:01.649Z"},{"merchantId":240229,"name":"J Parkers GB","imageUri":"https://monetizeamex.com/v3/120x60/9b466af8fbde0e17fc6104f0eab94d1e.png","currencyCode":"EUR","defaultDomain":"jparkers.co.uk","domains":["jparkers.co.uk"],"categoryId":21,"description":null,"isActive":true,"countryCodes":["GB"],"averageBasketValue":38.07,"averageCommission":1.14,"averageConfirmationTime":1,"averageCancellationRate":21.6,"minimumCommission":0.16,"maximumCommission":4.36,"commissionRates":[],"trackingLink":"https://tatrck.com/h/0Hu30z9R0wfb","createdAt":"2023-12-13T20:13:22.078Z","updatedAt":"2024-09-03T05:49:06.964Z"},{"merchantId":240230,"name":"Skinchoice GB","imageUri":"https://monetizeamex.com/v3/120x60/06415ffca54175884e066c0f79cf0864.png","currencyCode":"EUR","defaultDomain":"skinchoice.com","domains":["skinchoice.com"],"categoryId":28,"description":null,"isActive":true,"countryCodes":["GB"],"averageBasketValue":null,"averageCommission":null,"averageConfirmationTime":null,"averageCancellationRate":null,"minimumCommission":null,"maximumCommission":null,"commissionRates":[],"trackingLink":"https://tatrck.com/h/0Hu30z9R0wfc","createdAt":"2023-12-13T20:13:23.075Z","updatedAt":"2024-09-03T17:08:05.528Z"},{"merchantId":240236,"name":"Green Chef NL","imageUri":"https://kqdxc4m5.de/logos_v2/120x60/c9476e3cc6ed81674aceeb31f74bb8ba.gif","currencyCode":"EUR","defaultDomain":"greenchef.nl","domains":["greenchef.nl"],"categoryId":13,"description":null,"isActive":true,"countryCodes":["NL"],"averageBasketValue":50.1,"averageCommission":11.89,"averageConfirmationTime":29,"averageCancellationRate":null,"minimumCommission":12.93,"maximumCommission":13,"commissionRates":[],"trackingLink":"https://tatrck.com/h/0Hu30z9R0wfi","createdAt":"2023-12-13T20:13:24.887Z","updatedAt":"2024-09-01T05:38:10.115Z"},{"merchantId":240237,"name":"Hawaiian Host US","imageUri":"https://monetizeamex.com/v3/120x60/d831d0ac85ba977cfeaf64ffed3a41e9.png","currencyCode":"EUR","defaultDomain":"hawaiianhost.com","domains":["hawaiianhost.com"],"categoryId":63,"description":null,"isActive":true,"countryCodes":["US"],"averageBasketValue":105,"averageCommission":3.15,"averageConfirmationTime":null,"averageCancellationRate":null,"minimumCommission":0.97,"maximumCommission":2.55,"commissionRates":[],"trackingLink":"https://tatrck.com/h/0Hu30z9R0wfj","createdAt":"2023-12-13T20:13:25.076Z","updatedAt":"2024-09-03T17:06:49.477Z"},{"merchantId":240240,"name":"Prime Buy US","imageUri":"https://monetizeamex.com/v3/120x60/3a3bb9ec9a4a4c38d1e1996301c243c5.png","currencyCode":"EUR","defaultDomain":"primebuy.com","domains":["primebuy.com"],"categoryId":50,"description":null,"isActive":true,"countryCodes":["US"],"averageBasketValue":null,"averageCommission":null,"averageConfirmationTime":null,"averageCancellationRate":null,"minimumCommission":null,"maximumCommission":null,"commissionRates":[{"fixedCommission":null,"percentageCommission":1.7999999999999998}],"trackingLink":"https://tatrck.com/h/0Hu30z9R0wfm","createdAt":"2023-12-13T20:13:26.082Z","updatedAt":"2024-08-21T11:39:39.710Z"},{"merchantId":240241,"name":"The TEFL Institute US","imageUri":"https://monetizeamex.com/v3/120x60/ff739b3dcf736a11b6464f1b811e43de.png","currencyCode":"EUR","defaultDomain":"teflinstitute.com","domains":["teflinstitute.com"],"categoryId":44,"description":null,"isActive":true,"countryCodes":["US"],"averageBasketValue":null,"averageCommission":null,"averageConfirmationTime":null,"averageCancellationRate":null,"minimumCommission":null,"maximumCommission":null,"commissionRates":[{"fixedCommission":null,"percentageCommission":6}],"trackingLink":"https://tatrck.com/h/0Hu30z9R0wfn","createdAt":"2023-12-13T20:13:25.868Z","updatedAt":"2024-08-21T11:28:58.350Z"},{"merchantId":240248,"name":"Hometogo DE","imageUri":"https://kqdxc4m5.de/logos_v2/120x60/05f56999d9e4e072dd1e6721a93a0b2d.gif","currencyCode":"EUR","defaultDomain":"hometogo.de","domains":["hometogo.de"],"categoryId":63,"description":null,"isActive":true,"countryCodes":["DE"],"averageBasketValue":935.09,"averageCommission":22.44,"averageConfirmationTime":28,"averageCancellationRate":1,"minimumCommission":0.37,"maximumCommission":75.84,"commissionRates":[],"trackingLink":"https://tatrck.com/h/0Hu30z9R0wfu","createdAt":"2023-12-13T20:13:28.069Z","updatedAt":"2024-08-31T05:42:31.842Z"},{"merchantId":240253,"name":"Casa Moro DE","imageUri":"https://monetizeamex.com/v3/120x60/98d4ed38ea4c8c54541ebdfef95d72af.png","currencyCode":"EUR","defaultDomain":"casa-moro.de","domains":["casa-moro.de"],"categoryId":34,"description":null,"isActive":true,"countryCodes":["DE"],"averageBasketValue":319.18,"averageCommission":9.57,"averageConfirmationTime":null,"averageCancellationRate":null,"minimumCommission":1.14,"maximumCommission":31.8,"commissionRates":[],"trackingLink":"https://tatrck.com/h/0Hu30z9R0wfz","createdAt":"2023-12-13T20:13:28.070Z","updatedAt":"2024-09-03T17:06:51.450Z"},{"merchantId":240254,"name":"Cook My Grub GB","imageUri":"https://monetizeamex.com/v3/120x60/d881cab438a21faccb6824f7bdf936d1.png","currencyCode":"EUR","defaultDomain":"cookmygrub.com","domains":["cookmygrub.com"],"categoryId":14,"description":null,"isActive":true,"countryCodes":["GB"],"averageBasketValue":null,"averageCommission":null,"averageConfirmationTime":null,"averageCancellationRate":null,"minimumCommission":null,"maximumCommission":null,"commissionRates":[],"trackingLink":"https://tatrck.com/h/0Hu30z9R0wf-","createdAt":"2023-12-13T20:13:29.067Z","updatedAt":"2024-09-03T17:09:25.820Z"},{"merchantId":240266,"name":"Je JoueUS","imageUri":"https://monetizeamex.com/v3/120x60/ca16ec91d62c420795a3f4a4067cdf63.png","currencyCode":"EUR","defaultDomain":"jejoue.com","domains":["jejoue.com"],"categoryId":60,"description":null,"isActive":true,"countryCodes":["US"],"averageBasketValue":69.7,"averageCommission":2.08,"averageConfirmationTime":6,"averageCancellationRate":null,"minimumCommission":2.23,"maximumCommission":2.23,"commissionRates":[],"trackingLink":"https://tatrck.com/h/0Hu30z9R0wgA","createdAt":"2023-12-13T20:13:32.166Z","updatedAt":"2024-09-03T17:09:10.351Z"},{"merchantId":240268,"name":"Keto Hana GB","imageUri":"https://monetizeamex.com/v3/120x60/b1aed9fa79b1b39f4fef3a53ba59a0a1.png","currencyCode":"EUR","defaultDomain":"ketohana.co.uk","domains":["ketohana.co.uk"],"categoryId":14,"description":null,"isActive":true,"countryCodes":["GB"],"averageBasketValue":23.69,"averageCommission":0.7,"averageConfirmationTime":null,"averageCancellationRate":null,"minimumCommission":0.63,"maximumCommission":0.63,"commissionRates":[],"trackingLink":"https://tatrck.com/h/0Hu30z9R0wgC","createdAt":"2023-12-13T20:13:31.775Z","updatedAt":"2024-09-03T17:08:59.813Z"},{"merchantId":240271,"name":"Lifelab Testing GB","imageUri":"https://monetizeamex.com/v3/120x60/40b9627c9b0563f21f7085d0920829f5.png","currencyCode":"EUR","defaultDomain":"lifelabtesting.com","domains":["lifelabtesting.com"],"categoryId":68,"description":null,"isActive":true,"countryCodes":["GB"],"averageBasketValue":null,"averageCommission":null,"averageConfirmationTime":null,"averageCancellationRate":null,"minimumCommission":null,"maximumCommission":null,"commissionRates":[],"trackingLink":"https://tatrck.com/h/0Hu30z9R0wgF","createdAt":"2023-12-13T20:13:32.878Z","updatedAt":"2024-09-03T17:09:44.103Z"},{"merchantId":240281,"name":"NordicTrack MX","imageUri":"https://monetizeamex.com/v3/120x60/f5d267bed7467ee8bb5e14b0ae352841.png","currencyCode":"EUR","defaultDomain":"nordictrack.com.mx","domains":["nordictrack.com.mx"],"categoryId":68,"description":null,"isActive":true,"countryCodes":["MX"],"averageBasketValue":593.47,"averageCommission":35.6,"averageConfirmationTime":null,"averageCancellationRate":null,"minimumCommission":35.6,"maximumCommission":35.6,"commissionRates":[],"trackingLink":"https://tatrck.com/h/0Hu30z9R0wgP","createdAt":"2023-12-13T20:13:35.075Z","updatedAt":"2024-09-03T17:07:07.903Z"},{"merchantId":240282,"name":"OH MY! FANTASY DE","imageUri":"https://monetizeamex.com/v3/120x60/0dcfecc54e2471afe615388ab1734acb.png","currencyCode":"EUR","defaultDomain":"ohmyfantasy.com","domains":["ohmyfantasy.com"],"categoryId":60,"description":null,"isActive":true,"countryCodes":["DE","MY"],"averageBasketValue":null,"averageCommission":null,"averageConfirmationTime":null,"averageCancellationRate":null,"minimumCommission":null,"maximumCommission":null,"commissionRates":[],"trackingLink":"https://tatrck.com/h/0Hu30z9R0wgQ","createdAt":"2023-12-13T20:13:35.200Z","updatedAt":"2024-09-03T17:09:26.408Z"},{"merchantId":240283,"name":"Password Depot DE","imageUri":"https://monetizeamex.com/v3/120x60/1fdac13189240485b4b0ee21fb6e7eb7.png","currencyCode":"EUR","defaultDomain":"password-depot.de","domains":["password-depot.de"],"categoryId":37,"description":null,"isActive":true,"countryCodes":["DE"],"averageBasketValue":99.95,"averageCommission":14.99,"averageConfirmationTime":null,"averageCancellationRate":null,"minimumCommission":14.99,"maximumCommission":14.99,"commissionRates":[],"trackingLink":"https://tatrck.com/h/0Hu30z9R0wgR","createdAt":"2023-12-13T20:13:35.099Z","updatedAt":"2024-09-03T17:05:39.983Z"},{"merchantId":240289,"name":"Spatarella Shop IT","imageUri":"https://kqdxc4m5.de/logos_v2/120x60/00252ccc3e5c33ecbebad20374392454.gif","currencyCode":"EUR","defaultDomain":"spatarella.eu","domains":["spatarella.eu"],"categoryId":40,"description":null,"isActive":true,"countryCodes":["US","IT"],"averageBasketValue":null,"averageCommission":null,"averageConfirmationTime":null,"averageCancellationRate":null,"minimumCommission":null,"maximumCommission":null,"commissionRates":[],"trackingLink":"https://tatrck.com/h/0Hu30z9R0wgX","createdAt":"2023-12-13T20:13:36.976Z","updatedAt":"2024-09-03T17:09:40.906Z"},{"merchantId":240292,"name":"The Pink Stuff - Het wonder schoonmaakmiddel NL","imageUri":"https://monetizeamex.com/v3/120x60/37ef04d60c2e347ddba4b86dd421cc99.png","currencyCode":"EUR","defaultDomain":"pinkstuff.nl","domains":["pinkstuff.nl"],"categoryId":72,"description":null,"isActive":true,"countryCodes":["NL"],"averageBasketValue":17.05,"averageCommission":1.22,"averageConfirmationTime":30,"averageCancellationRate":null,"minimumCommission":1.47,"maximumCommission":1.47,"commissionRates":[],"trackingLink":"https://tatrck.com/h/0Hu30z9R0wga","createdAt":"2023-12-13T20:13:37.074Z","updatedAt":"2024-09-03T17:07:36.347Z"},{"merchantId":240294,"name":"Traumfotografen.de DE","imageUri":"https://monetizeamex.com/v3/120x60/1093d931254edf6376787c83b9160b43.png","currencyCode":"EUR","defaultDomain":"traumfotografen.de","domains":["traumfotografen.de"],"categoryId":80,"description":null,"isActive":true,"countryCodes":["DE"],"averageBasketValue":null,"averageCommission":null,"averageConfirmationTime":null,"averageCancellationRate":null,"minimumCommission":null,"maximumCommission":null,"commissionRates":[],"trackingLink":"https://tatrck.com/h/0Hu30z9R0wgc","createdAt":"2023-12-13T20:13:38.184Z","updatedAt":"2024-09-03T17:06:03.585Z"},{"merchantId":240295,"name":"Tuff Pets LTD GB","imageUri":"https://monetizeamex.com/v3/120x60/a3723fe807234ce7900a6ebb8b4740ad.png","currencyCode":"EUR","defaultDomain":"tuffpets.co.uk","domains":["tuffpets.co.uk"],"categoryId":61,"description":null,"isActive":true,"countryCodes":["GB"],"averageBasketValue":17.95,"averageCommission":1.07,"averageConfirmationTime":28,"averageCancellationRate":50,"minimumCommission":2.15,"maximumCommission":2.15,"commissionRates":[],"trackingLink":"https://tatrck.com/h/0Hu30z9R0wgd","createdAt":"2023-12-13T20:13:38.808Z","updatedAt":"2024-09-03T17:07:59.840Z"},{"merchantId":240297,"name":"Ubuy - ES","imageUri":"https://monetizeamex.com/v3/120x60/fc964a76943f54b791133fb83e6e44f5.png","currencyCode":"EUR","defaultDomain":"ubuy.com.es","domains":["ubuy.com.es"],"categoryId":21,"description":null,"isActive":true,"countryCodes":["ES"],"averageBasketValue":null,"averageCommission":null,"averageConfirmationTime":null,"averageCancellationRate":null,"minimumCommission":null,"maximumCommission":null,"commissionRates":[],"trackingLink":"https://tatrck.com/h/0Hu30z9R0wgf","createdAt":"2023-12-13T20:13:40.670Z","updatedAt":"2024-09-03T17:08:10.880Z"},{"merchantId":240298,"name":"Ubuy - IT","imageUri":"https://monetizeamex.com/v3/120x60/01b1af54f5c1d98799e2a3ec7fedecb6.png","currencyCode":"EUR","defaultDomain":"ubuy.co.it","domains":["ubuy.co.it"],"categoryId":21,"description":null,"isActive":true,"countryCodes":["IT"],"averageBasketValue":null,"averageCommission":null,"averageConfirmationTime":null,"averageCancellationRate":null,"minimumCommission":null,"maximumCommission":null,"commissionRates":[],"trackingLink":"https://tatrck.com/h/0Hu30z9R0wgg","createdAt":"2023-12-13T20:13:41.281Z","updatedAt":"2024-09-03T17:08:20.865Z"},{"merchantId":240299,"name":"Ubuy - PT","imageUri":"https://monetizeamex.com/v3/120x60/75983af1eead043826eb72bd2e9e6ea7.png","currencyCode":"EUR","defaultDomain":"ubuy.com.pt","domains":["ubuy.com.pt"],"categoryId":50,"description":null,"isActive":true,"countryCodes":["PT"],"averageBasketValue":null,"averageCommission":null,"averageConfirmationTime":null,"averageCancellationRate":null,"minimumCommission":null,"maximumCommission":null,"commissionRates":[],"trackingLink":"https://tatrck.com/h/0Hu30z9R0wgh","createdAt":"2023-12-13T20:13:39.497Z","updatedAt":"2024-09-03T17:07:30.085Z"},{"merchantId":240300,"name":"XRshop - Tienda de Realidad Extendida y Gaming ES","imageUri":"https://monetizeamex.com/v3/120x60/c696c179254400be8e4381b68f402b3a.png","currencyCode":"EUR","defaultDomain":"xrshop.store","domains":["xrshop.store"],"categoryId":72,"description":null,"isActive":true,"countryCodes":["ES"],"averageBasketValue":null,"averageCommission":null,"averageConfirmationTime":null,"averageCancellationRate":null,"minimumCommission":null,"maximumCommission":null,"commissionRates":[],"trackingLink":"https://tatrck.com/h/0Hu30z9R0wgi","createdAt":"2023-12-13T20:13:39.969Z","updatedAt":"2024-09-03T17:08:45.628Z"},{"merchantId":240303,"name":"iHoverboard GB","imageUri":"https://monetizeamex.com/v3/120x60/874f688c696d7e74f3ec367d946ed986.png","currencyCode":"EUR","defaultDomain":"ihoverboard.co.uk","domains":["ihoverboard.co.uk"],"categoryId":60,"description":null,"isActive":true,"countryCodes":["GB"],"averageBasketValue":249.83,"averageCommission":8.99,"averageConfirmationTime":null,"averageCancellationRate":33.3,"minimumCommission":8.4,"maximumCommission":8.69,"commissionRates":[{"fixedCommission":null,"percentageCommission":4.8}],"trackingLink":"https://tatrck.com/h/0Hu30z9R0wgl","createdAt":"2023-12-13T20:13:40.774Z","updatedAt":"2024-09-03T17:08:37.591Z"},{"merchantId":240314,"name":"Terra Cotta Prints GB","imageUri":"https://kqdxc4m5.de/logos_v2/120x60/7092e7f5af39b98bbf9ff4548fde4c8a.gif","currencyCode":"EUR","defaultDomain":"terracottaprints.co.uk","domains":["terracottaprints.co.uk"],"categoryId":74,"description":null,"isActive":true,"countryCodes":["GB"],"averageBasketValue":null,"averageCommission":null,"averageConfirmationTime":null,"averageCancellationRate":null,"minimumCommission":null,"maximumCommission":null,"commissionRates":[{"fixedCommission":null,"percentageCommission":6}],"trackingLink":"https://tatrck.com/h/0Hu30z9R0wgw","createdAt":"2023-12-13T20:13:43.975Z","updatedAt":"2024-08-21T11:36:21.402Z"},{"merchantId":240316,"name":"www.psa-zema.de - Arbeitsschutzkleidung & Schutzausrüstung DE","imageUri":"https://monetizeamex.com/v3/120x60/16dce2f701d8794642541d50d0aa3f98.png","currencyCode":"EUR","defaultDomain":"psa-zema.de","domains":["psa-zema.de"],"categoryId":59,"description":null,"isActive":true,"countryCodes":["DE"],"averageBasketValue":null,"averageCommission":null,"averageConfirmationTime":null,"averageCancellationRate":null,"minimumCommission":null,"maximumCommission":null,"commissionRates":[],"trackingLink":"https://tatrck.com/h/0Hu30z9R0wgy","createdAt":"2023-12-13T20:13:44.279Z","updatedAt":"2024-09-03T17:09:28.684Z"},{"merchantId":240318,"name":"The IT Bay GB","imageUri":"https://monetizeamex.com/v3/120x60/3d705c3646690a5fd9deebd2766f9e32.png","currencyCode":"EUR","defaultDomain":"theitbay.com","domains":["theitbay.com"],"categoryId":72,"description":null,"isActive":true,"countryCodes":["GB"],"averageBasketValue":567.64,"averageCommission":7.33,"averageConfirmationTime":null,"averageCancellationRate":null,"minimumCommission":5.18,"maximumCommission":5.18,"commissionRates":[],"trackingLink":"https://tatrck.com/h/0Hu30z9R0wg-","createdAt":"2023-12-13T20:13:45.085Z","updatedAt":"2024-08-15T09:12:12.931Z"},{"merchantId":240320,"name":"Joseph Joseph UK","imageUri":"https://monetizeamex.com/v3/120x60/a0df1511e18105d566e58c9cd1eb742a.png","currencyCode":"EUR","defaultDomain":"josephjoseph.com","domains":["josephjoseph.com"],"categoryId":34,"description":null,"isActive":true,"countryCodes":["FR","US","GB"],"averageBasketValue":77.58,"averageCommission":1.39,"averageConfirmationTime":58,"averageCancellationRate":0.2,"minimumCommission":0.1,"maximumCommission":8.12,"commissionRates":[],"trackingLink":"https://tatrck.com/h/0Hu30z9R0wh0","createdAt":"2023-12-13T20:13:45.065Z","updatedAt":"2024-09-03T17:13:49.867Z"},{"merchantId":240321,"name":"Joseph Joseph DE","imageUri":"https://monetizeamex.com/v3/120x60/4b8aa3fd1be4986cbe28ab1fbde32820.png","currencyCode":"EUR","defaultDomain":"de.josephjoseph.com","domains":["de.josephjoseph.com"],"categoryId":72,"description":null,"isActive":true,"countryCodes":["DE"],"averageBasketValue":72.09,"averageCommission":1.45,"averageConfirmationTime":null,"averageCancellationRate":null,"minimumCommission":0.3,"maximumCommission":0.99,"commissionRates":[],"trackingLink":"https://tatrck.com/h/0Hu30z9R0wh1","createdAt":"2023-12-13T20:13:45.292Z","updatedAt":"2024-09-03T17:08:31.071Z"},{"merchantId":240322,"name":"Joseph Joseph FR","imageUri":"https://monetizeamex.com/v3/120x60/0fa0768fc2a1fe829b8022ca3c8564dc.png","currencyCode":"EUR","defaultDomain":"fr.josephjoseph.com","domains":["fr.josephjoseph.com"],"categoryId":34,"description":null,"isActive":true,"countryCodes":["FR"],"averageBasketValue":101.61,"averageCommission":1.83,"averageConfirmationTime":null,"averageCancellationRate":null,"minimumCommission":0.77,"maximumCommission":4.05,"commissionRates":[],"trackingLink":"https://tatrck.com/h/0Hu30z9R0wh2","createdAt":"2023-12-13T20:13:45.468Z","updatedAt":"2024-09-03T17:04:23.787Z"},{"merchantId":240323,"name":"Braxley Bands (Braxley LLC) US","imageUri":"https://monetizeamex.com/v3/120x60/4ea465cf4651ab5b78791a06069ec758.png","currencyCode":"EUR","defaultDomain":"braxleybands.com","domains":["braxleybands.com"],"categoryId":40,"description":null,"isActive":true,"countryCodes":["US"],"averageBasketValue":45.16,"averageCommission":2.39,"averageConfirmationTime":8,"averageCancellationRate":null,"minimumCommission":0.54,"maximumCommission":0.54,"commissionRates":[{"fixedCommission":null,"percentageCommission":1.5}],"trackingLink":"https://tatrck.com/h/0Hu30z9R0wh3","createdAt":"2023-12-13T20:13:46.085Z","updatedAt":"2024-08-21T11:29:38.356Z"},{"merchantId":240340,"name":"Collectiviste GB","imageUri":"https://monetizeamex.com/v3/120x60/3b8bb6bfd913d2d1a5f485e4143d3abe.png","currencyCode":"EUR","defaultDomain":"collectiviste.com","domains":["collectiviste.com"],"categoryId":74,"description":null,"isActive":true,"countryCodes":["GB"],"averageBasketValue":null,"averageCommission":null,"averageConfirmationTime":null,"averageCancellationRate":null,"minimumCommission":null,"maximumCommission":null,"commissionRates":[],"trackingLink":"https://tatrck.com/h/0Hu30z9R0whK","createdAt":"2023-12-13T20:13:48.583Z","updatedAt":"2024-09-03T17:07:46.365Z"},{"merchantId":240345,"name":"Electro Depot BE","imageUri":"https://monetizeamex.com/v3/120x60/d1d9c0356b0e84f4bf71f38f9f49f2d6.png","currencyCode":"EUR","defaultDomain":"electrodepot.be","domains":["electrodepot.be"],"categoryId":72,"description":null,"isActive":true,"countryCodes":["BE"],"averageBasketValue":379.67,"averageCommission":8.56,"averageConfirmationTime":42,"averageCancellationRate":null,"minimumCommission":11.93,"maximumCommission":11.93,"commissionRates":[],"trackingLink":"https://tatrck.com/h/0Hu30z9R0whP","createdAt":"2023-12-13T20:13:50.780Z","updatedAt":"2024-08-27T05:56:02.495Z"},{"merchantId":240347,"name":"FYTA - connect with plants DE","imageUri":"https://monetizeamex.com/v3/120x60/82f89b64d6c23ec945c4637d8c4aabaa.png","currencyCode":"EUR","defaultDomain":"fyta.de","domains":["fyta.de"],"categoryId":74,"description":null,"isActive":true,"countryCodes":["DE"],"averageBasketValue":null,"averageCommission":null,"averageConfirmationTime":null,"averageCancellationRate":null,"minimumCommission":null,"maximumCommission":null,"commissionRates":[],"trackingLink":"https://tatrck.com/h/0Hu30z9R0whR","createdAt":"2023-12-13T20:13:50.770Z","updatedAt":"2024-09-03T17:07:35.128Z"},{"merchantId":240348,"name":"Faith In Nature GB","imageUri":"https://monetizeamex.com/v3/120x60/7dd316bf048d61b43ea198fb11277c09.png","currencyCode":"EUR","defaultDomain":"faithinnature.co.uk","domains":["faithinnature.co.uk"],"categoryId":68,"description":null,"isActive":true,"countryCodes":["GB"],"averageBasketValue":46.39,"averageCommission":2.77,"averageConfirmationTime":11,"averageCancellationRate":1.4,"minimumCommission":0.57,"maximumCommission":3.79,"commissionRates":[],"trackingLink":"https://tatrck.com/h/0Hu30z9R0whS","createdAt":"2023-12-13T20:13:50.865Z","updatedAt":"2024-09-03T17:07:58.459Z"},{"merchantId":240351,"name":"GB Shop IT","imageUri":"https://monetizeamex.com/v3/120x60/f516124673cf6cf01f2b038b0f885e44.png","currencyCode":"EUR","defaultDomain":"gbshoponline.com","domains":["gbshoponline.com"],"categoryId":40,"description":null,"isActive":true,"countryCodes":["GB","IT"],"averageBasketValue":1,"averageCommission":87.57,"averageConfirmationTime":null,"averageCancellationRate":null,"minimumCommission":23.04,"maximumCommission":262.59,"commissionRates":[],"trackingLink":"https://tatrck.com/h/0Hu30z9R0whV","createdAt":"2023-12-13T20:13:51.881Z","updatedAt":"2024-09-03T17:09:24.558Z"},{"merchantId":240353,"name":"Game Over GB","imageUri":"https://monetizeamex.com/v3/120x60/70c4864c24c5efe7f5c2eb5fdfe85e26.png","currencyCode":"EUR","defaultDomain":"gameoverstore.co.uk","domains":["gameoverstore.co.uk"],"categoryId":34,"description":null,"isActive":true,"countryCodes":["GB"],"averageBasketValue":82.39,"averageCommission":3.95,"averageConfirmationTime":2,"averageCancellationRate":20,"minimumCommission":3.29,"maximumCommission":3.29,"commissionRates":[],"trackingLink":"https://tatrck.com/h/0Hu30z9R0whX","createdAt":"2023-12-13T20:13:51.971Z","updatedAt":"2024-09-03T17:07:55.585Z"},{"merchantId":240355,"name":"Jet Set CandyUS","imageUri":"https://monetizeamex.com/v3/120x60/94f9b33f83ab9ac301ad66ad23a156ea.png","currencyCode":"EUR","defaultDomain":"jetsetcandy.com","domains":["jetsetcandy.com"],"categoryId":40,"description":null,"isActive":true,"countryCodes":["US"],"averageBasketValue":530.82,"averageCommission":25.01,"averageConfirmationTime":null,"averageCancellationRate":null,"minimumCommission":10.95,"maximumCommission":10.95,"commissionRates":[],"trackingLink":"https://tatrck.com/h/0Hu30z9R0whZ","createdAt":"2023-12-13T20:13:52.585Z","updatedAt":"2024-09-03T17:08:55.255Z"},{"merchantId":240359,"name":"LoveReading4Kids GB","imageUri":"https://monetizeamex.com/v3/120x60/58010b27af8126ca4b624a9f866e2505.png","currencyCode":"EUR","defaultDomain":"lovereading4kids.co.uk","domains":["lovereading4kids.co.uk"],"categoryId":21,"description":null,"isActive":true,"countryCodes":["GB"],"averageBasketValue":41.96,"averageCommission":1.25,"averageConfirmationTime":null,"averageCancellationRate":null,"minimumCommission":null,"maximumCommission":null,"commissionRates":[],"trackingLink":"https://tatrck.com/h/0Hu30z9R0whd","createdAt":"2023-12-13T20:13:52.971Z","updatedAt":"2024-09-03T17:08:46.779Z"},{"merchantId":240360,"name":"Lumoava DE","imageUri":"https://monetizeamex.com/v3/120x60/d656c1600e88aad472c543b45a0ee3f8.png","currencyCode":"EUR","defaultDomain":"lumoava.fi","domains":["lumoava.fi"],"categoryId":73,"description":null,"isActive":true,"countryCodes":["DE"],"averageBasketValue":null,"averageCommission":null,"averageConfirmationTime":null,"averageCancellationRate":null,"minimumCommission":null,"maximumCommission":null,"commissionRates":[{"fixedCommission":null,"percentageCommission":12},{"fixedCommission":null,"percentageCommission":15}],"trackingLink":"https://tatrck.com/h/0Hu30z9R0whe","createdAt":"2023-12-13T20:13:53.585Z","updatedAt":"2024-09-03T17:06:54.876Z"},{"merchantId":240366,"name":"SheSpot Sexual Wellness GB","imageUri":"https://monetizeamex.com/v3/120x60/1261494c30ca7f96344763fa95c6dceb.png","currencyCode":"EUR","defaultDomain":"shespot.co.uk","domains":["shespot.co.uk"],"categoryId":60,"description":null,"isActive":true,"countryCodes":["GB"],"averageBasketValue":null,"averageCommission":null,"averageConfirmationTime":null,"averageCancellationRate":null,"minimumCommission":null,"maximumCommission":null,"commissionRates":[],"trackingLink":"https://tatrck.com/h/0Hu30z9R0whk","createdAt":"2023-12-13T20:13:54.600Z","updatedAt":"2024-09-03T17:08:36.275Z"},{"merchantId":240367,"name":"Shirttuning Austria AT","imageUri":"https://monetizeamex.com/v3/120x60/aea2c5b67f74cc0b214c19e1886705f0.png","currencyCode":"EUR","defaultDomain":"shirttuning.at","domains":["shirttuning.at"],"categoryId":47,"description":null,"isActive":true,"countryCodes":["AT"],"averageBasketValue":26.98,"averageCommission":1.62,"averageConfirmationTime":6,"averageCancellationRate":null,"minimumCommission":1.29,"maximumCommission":1.29,"commissionRates":[],"trackingLink":"https://tatrck.com/h/0Hu30z9R0whl","createdAt":"2023-12-13T20:13:54.465Z","updatedAt":"2024-09-03T17:09:27.875Z"},{"merchantId":240368,"name":"Smell Away GB","imageUri":"https://kqdxc4m5.de/logos_v2/120x60/91d3036de8e8bf9a7d7a2e67ea4ef0f6.gif","currencyCode":"EUR","defaultDomain":"smellaway.com","domains":["smellaway.com"],"categoryId":72,"description":null,"isActive":true,"countryCodes":["GB"],"averageBasketValue":377.14,"averageCommission":45.25,"averageConfirmationTime":null,"averageCancellationRate":null,"minimumCommission":null,"maximumCommission":null,"commissionRates":[],"trackingLink":"https://tatrck.com/h/0Hu30z9R0whm","createdAt":"2023-12-13T20:13:54.983Z","updatedAt":"2024-09-03T17:08:49.265Z"},{"merchantId":240371,"name":"ToMTuR DE","imageUri":"https://monetizeamex.com/v3/120x60/6c5e92ff0dc82d313d06f79af67920a9.png","currencyCode":"EUR","defaultDomain":"tomtur.de","domains":["tomtur.de"],"categoryId":59,"description":null,"isActive":true,"countryCodes":["DE"],"averageBasketValue":457.3,"averageCommission":13.72,"averageConfirmationTime":null,"averageCancellationRate":20,"minimumCommission":1.1,"maximumCommission":1.1,"commissionRates":[],"trackingLink":"https://tatrck.com/h/0Hu30z9R0whp","createdAt":"2023-12-13T20:13:55.478Z","updatedAt":"2024-09-03T17:09:11.872Z"},{"merchantId":240378,"name":"Yorkshire Bonsai GB","imageUri":"https://monetizeamex.com/v3/120x60/5e5bee9e5cdd0f9760eca67679342c7a.png","currencyCode":"EUR","defaultDomain":"yorkshirebonsai.co.uk","domains":["yorkshirebonsai.co.uk"],"categoryId":74,"description":null,"isActive":true,"countryCodes":["GB"],"averageBasketValue":33.73,"averageCommission":1.61,"averageConfirmationTime":null,"averageCancellationRate":null,"minimumCommission":0.33,"maximumCommission":0.33,"commissionRates":[],"trackingLink":"https://tatrck.com/h/0Hu30z9R0whw","createdAt":"2023-12-13T20:13:58.079Z","updatedAt":"2024-09-03T17:07:28.211Z"},{"merchantId":240379,"name":"ZONLIHOMEUS","imageUri":"https://monetizeamex.com/v3/120x60/993fdca66048ea9c93efa1c6b2c2d703.png","currencyCode":"EUR","defaultDomain":"zonlihome.com","domains":["zonlihome.com"],"categoryId":74,"description":null,"isActive":true,"countryCodes":["US","AU"],"averageBasketValue":4.5,"averageCommission":0.79,"averageConfirmationTime":null,"averageCancellationRate":46.7,"minimumCommission":18.78,"maximumCommission":18.78,"commissionRates":[],"trackingLink":"https://tatrck.com/h/0Hu30z9R0whx","createdAt":"2023-12-13T20:13:56.775Z","updatedAt":"2024-09-03T17:06:06.717Z"},{"merchantId":240381,"name":"iScooter DE","imageUri":"https://monetizeamex.com/v3/120x60/5a14e8504c50c07535f9201da406607a.png","currencyCode":"EUR","defaultDomain":"iscooterglobal.de","domains":["iscooterglobal.de"],"categoryId":60,"description":null,"isActive":true,"countryCodes":["DE"],"averageBasketValue":360.91,"averageCommission":16.45,"averageConfirmationTime":4,"averageCancellationRate":2.6,"minimumCommission":1.92,"maximumCommission":36.06,"commissionRates":[{"fixedCommission":null,"percentageCommission":2.6999999999999997}],"trackingLink":"https://tatrck.com/h/0Hu30z9R0whz","createdAt":"2023-12-13T20:13:57.879Z","updatedAt":"2024-09-03T17:07:28.868Z"},{"merchantId":240394,"name":"GOLDMoral US","imageUri":"https://monetizeamex.com/v3/120x60/a476cbe2d697551f533bbfd16104e004.png","currencyCode":"EUR","defaultDomain":"goldmoral.com","domains":["goldmoral.com"],"categoryId":40,"description":null,"isActive":true,"countryCodes":["US"],"averageBasketValue":null,"averageCommission":null,"averageConfirmationTime":null,"averageCancellationRate":null,"minimumCommission":null,"maximumCommission":null,"commissionRates":[{"fixedCommission":null,"percentageCommission":6}],"trackingLink":"https://tatrck.com/h/0Hu30z9R0wiA","createdAt":"2023-12-13T20:14:00.272Z","updatedAt":"2024-08-21T11:37:28.522Z"},{"merchantId":240395,"name":"Replenix US","imageUri":"https://monetizeamex.com/v3/120x60/317df35bc46cdcb4805c075c4923d9b6.png","currencyCode":"EUR","defaultDomain":"replenix.com","domains":["replenix.com"],"categoryId":28,"description":null,"isActive":true,"countryCodes":["US"],"averageBasketValue":24.25,"averageCommission":1.45,"averageConfirmationTime":null,"averageCancellationRate":null,"minimumCommission":0.3,"maximumCommission":3.83,"commissionRates":[{"fixedCommission":null,"percentageCommission":4.8}],"trackingLink":"https://tatrck.com/h/0Hu30z9R0wiB","createdAt":"2023-12-13T20:14:00.728Z","updatedAt":"2024-08-21T11:30:19.640Z"},{"merchantId":240406,"name":"Beach Scape Kin Ha VillasUS","imageUri":"https://monetizeamex.com/v3/120x60/3367d17ae0bd85cc5d2ba87017d2ac98.png","currencyCode":"EUR","defaultDomain":"en.beachscape.com.mx","domains":["en.beachscape.com.mx"],"categoryId":63,"description":null,"isActive":true,"countryCodes":["US"],"averageBasketValue":null,"averageCommission":null,"averageConfirmationTime":null,"averageCancellationRate":null,"minimumCommission":null,"maximumCommission":null,"commissionRates":[],"trackingLink":"https://tatrck.com/h/0Hu30z9R0wiM","createdAt":"2023-12-13T20:14:04.882Z","updatedAt":"2024-09-03T17:14:12.042Z"},{"merchantId":240412,"name":"Harry Specters GB","imageUri":"https://kqdxc4m5.de/logos_v2/120x60/64d6b76e1b10ebaf4919271fbb489b42.gif","currencyCode":"EUR","defaultDomain":"harryschocs.co.uk","domains":["harryschocs.co.uk"],"categoryId":14,"description":null,"isActive":true,"countryCodes":["GB"],"averageBasketValue":24.9,"averageCommission":1.49,"averageConfirmationTime":null,"averageCancellationRate":null,"minimumCommission":1.57,"maximumCommission":1.57,"commissionRates":[],"trackingLink":"https://tatrck.com/h/0Hu30z9R0wiS","createdAt":"2023-12-13T20:14:05.978Z","updatedAt":"2024-09-03T17:08:41.177Z"},{"merchantId":240417,"name":"Kitty Joyas GB","imageUri":"https://monetizeamex.com/v3/120x60/731eadd51cff9d56af1d5d828ed4318a.png","currencyCode":"EUR","defaultDomain":"kittyjoyas.com","domains":["kittyjoyas.com"],"categoryId":40,"description":null,"isActive":true,"countryCodes":["GB"],"averageBasketValue":null,"averageCommission":null,"averageConfirmationTime":null,"averageCancellationRate":null,"minimumCommission":null,"maximumCommission":null,"commissionRates":[],"trackingLink":"https://tatrck.com/h/0Hu30z9R0wiX","createdAt":"2023-12-13T20:14:06.866Z","updatedAt":"2024-09-03T17:08:01.610Z"},{"merchantId":240425,"name":"OnorUS","imageUri":"https://monetizeamex.com/v3/120x60/861290be5eab4d82674554565684c7b5.png","currencyCode":"EUR","defaultDomain":"onor.world","domains":["onor.world"],"categoryId":69,"description":null,"isActive":true,"countryCodes":["US"],"averageBasketValue":null,"averageCommission":null,"averageConfirmationTime":null,"averageCancellationRate":null,"minimumCommission":null,"maximumCommission":null,"commissionRates":[],"trackingLink":"https://tatrck.com/h/0Hu30z9R0wif","createdAt":"2023-12-13T20:14:07.678Z","updatedAt":"2024-09-03T17:08:08.045Z"},{"merchantId":240426,"name":"Paleo Ridge GB","imageUri":"https://monetizeamex.com/v3/120x60/fd18c0aa43e82bf777ad6465d81de40b.png","currencyCode":"EUR","defaultDomain":"paleoridge.co.uk","domains":["paleoridge.co.uk"],"categoryId":13,"description":null,"isActive":true,"countryCodes":["GB"],"averageBasketValue":85.01,"averageCommission":2.58,"averageConfirmationTime":28,"averageCancellationRate":null,"minimumCommission":0.73,"maximumCommission":14.76,"commissionRates":[],"trackingLink":"https://tatrck.com/h/0Hu30z9R0wig","createdAt":"2023-12-13T20:14:07.781Z","updatedAt":"2024-09-03T17:08:20.296Z"},{"merchantId":240427,"name":"Priya & Peanut GB","imageUri":"https://monetizeamex.com/v3/120x60/fca83c22f19964981407a9daa4b3c5c9.png","currencyCode":"EUR","defaultDomain":"priyaandpeanut.com","domains":["priyaandpeanut.com"],"categoryId":17,"description":null,"isActive":true,"countryCodes":["GB"],"averageBasketValue":11.89,"averageCommission":0.57,"averageConfirmationTime":null,"averageCancellationRate":null,"minimumCommission":0.57,"maximumCommission":0.57,"commissionRates":[],"trackingLink":"https://tatrck.com/h/0Hu30z9R0wih","createdAt":"2023-12-13T20:14:08.005Z","updatedAt":"2024-09-03T17:08:20.123Z"},{"merchantId":240431,"name":"The Ayurveda Experience DE","imageUri":"https://monetizeamex.com/v3/120x60/399d8b569fdce1468e0e844cdb306a74.png","currencyCode":"EUR","defaultDomain":"theayurvedaexperience.de","domains":["theayurvedaexperience.de"],"categoryId":68,"description":null,"isActive":true,"countryCodes":["DE"],"averageBasketValue":62.16,"averageCommission":5.59,"averageConfirmationTime":null,"averageCancellationRate":6.7,"minimumCommission":2.88,"maximumCommission":10.54,"commissionRates":[{"fixedCommission":null,"percentageCommission":9}],"trackingLink":"https://tatrck.com/h/0Hu30z9R0wil","createdAt":"2023-12-13T20:14:08.884Z","updatedAt":"2024-09-03T17:09:28.207Z"},{"merchantId":240437,"name":"Ubuy - CAN CA","imageUri":"https://monetizeamex.com/v3/120x60/649111531eb9e380c71b43130c32beaa.png","currencyCode":"EUR","defaultDomain":"you-buy.ca","domains":["you-buy.ca"],"categoryId":77,"description":null,"isActive":true,"countryCodes":["CA"],"averageBasketValue":null,"averageCommission":null,"averageConfirmationTime":null,"averageCancellationRate":null,"minimumCommission":null,"maximumCommission":null,"commissionRates":[],"trackingLink":"https://tatrck.com/h/0Hu30z9R0wir","createdAt":"2023-12-13T20:14:09.867Z","updatedAt":"2024-09-03T17:08:30.176Z"},{"merchantId":240440,"name":"Ubuy - SE","imageUri":"https://monetizeamex.com/v3/120x60/dae48300e46985e3837f85b6c7fecbbe.png","currencyCode":"EUR","defaultDomain":"ubuy.com.se","domains":["ubuy.com.se"],"categoryId":77,"description":null,"isActive":true,"countryCodes":["SE"],"averageBasketValue":null,"averageCommission":null,"averageConfirmationTime":null,"averageCancellationRate":null,"minimumCommission":null,"maximumCommission":null,"commissionRates":[],"trackingLink":"https://tatrck.com/h/0Hu30z9R0wiu","createdAt":"2023-12-13T20:14:10.784Z","updatedAt":"2024-09-03T17:09:23.116Z"},{"merchantId":240442,"name":"Wood MajesticUS","imageUri":"https://monetizeamex.com/v3/120x60/7fc58802984a2013693ae5e6f83aa571.png","currencyCode":"EUR","defaultDomain":"woodmajestic.com","domains":["woodmajestic.com"],"categoryId":34,"description":null,"isActive":true,"countryCodes":["US"],"averageBasketValue":null,"averageCommission":null,"averageConfirmationTime":null,"averageCancellationRate":null,"minimumCommission":null,"maximumCommission":null,"commissionRates":[],"trackingLink":"https://tatrck.com/h/0Hu30z9R0wiw","createdAt":"2023-12-13T20:14:11.376Z","updatedAt":"2024-09-03T17:06:55.600Z"},{"merchantId":240449,"name":"RECETE [CPS/Satış]","imageUri":"https://monetizeamex.com/v3/120x60/06b3048e855023145aa35d6241617c80.png","currencyCode":"EUR","defaultDomain":"recete.com","domains":["recete.com"],"categoryId":28,"description":null,"isActive":true,"countryCodes":["TR"],"averageBasketValue":26.03,"averageCommission":1.4,"averageConfirmationTime":null,"averageCancellationRate":null,"minimumCommission":0.52,"maximumCommission":1.58,"commissionRates":[],"trackingLink":"https://tatrck.com/h/0Hu30z9R0wj1","createdAt":"2023-12-13T20:14:12.572Z","updatedAt":"2024-09-01T05:38:09.471Z"},{"merchantId":240451,"name":"1212 US","imageUri":"https://monetizeamex.com/v3/120x60/c64a6b678eef329974584ad667b48d85.png","currencyCode":"EUR","defaultDomain":"shop1212.com","domains":["shop1212.com"],"categoryId":17,"description":null,"isActive":true,"countryCodes":["US"],"averageBasketValue":37.54,"averageCommission":2.7,"averageConfirmationTime":58,"averageCancellationRate":null,"minimumCommission":null,"maximumCommission":null,"commissionRates":[{"fixedCommission":null,"percentageCommission":7.199999999999999}],"trackingLink":"https://tatrck.com/h/0Hu30z9R0wj3","createdAt":"2023-12-13T20:14:15.173Z","updatedAt":"2024-08-21T11:30:18.056Z"},{"merchantId":240452,"name":"Ail Miles Clothing US","imageUri":"https://monetizeamex.com/v3/120x60/edf29ad7bcb834ef3b9d8e867c9976e7.png","currencyCode":"EUR","defaultDomain":"alimiles.com","domains":["alimiles.com"],"categoryId":40,"description":null,"isActive":true,"countryCodes":["US"],"averageBasketValue":54.84,"averageCommission":3.28,"averageConfirmationTime":null,"averageCancellationRate":null,"minimumCommission":3.28,"maximumCommission":3.28,"commissionRates":[{"fixedCommission":null,"percentageCommission":6}],"trackingLink":"https://tatrck.com/h/0Hu30z9R0wj4","createdAt":"2023-12-13T20:14:14.767Z","updatedAt":"2024-08-21T11:41:18.786Z"},{"merchantId":240454,"name":"Bamboo Little US","imageUri":"https://monetizeamex.com/v3/120x60/89cfe682b852dde7662699245e2d10fa.png","currencyCode":"EUR","defaultDomain":"bamboolittle.com","domains":["bamboolittle.com"],"categoryId":17,"description":null,"isActive":true,"countryCodes":["US"],"averageBasketValue":43.92,"averageCommission":1.31,"averageConfirmationTime":20,"averageCancellationRate":null,"minimumCommission":3.18,"maximumCommission":3.18,"commissionRates":[{"fixedCommission":null,"percentageCommission":3}],"trackingLink":"https://tatrck.com/h/0Hu30z9R0wj6","createdAt":"2023-12-13T20:14:14.769Z","updatedAt":"2024-08-21T11:40:10.118Z"},{"merchantId":240455,"name":"Bedfellow US","imageUri":"https://monetizeamex.com/v3/120x60/ebfa5492bba2c8120252c5eed993649b.png","currencyCode":"EUR","defaultDomain":"bedfellowdreams.com","domains":["bedfellowdreams.com"],"categoryId":40,"description":null,"isActive":true,"countryCodes":["US"],"averageBasketValue":null,"averageCommission":null,"averageConfirmationTime":null,"averageCancellationRate":null,"minimumCommission":null,"maximumCommission":null,"commissionRates":[{"fixedCommission":null,"percentageCommission":9}],"trackingLink":"https://tatrck.com/h/0Hu30z9R0wj7","createdAt":"2023-12-13T20:14:15.288Z","updatedAt":"2024-08-21T11:42:49.582Z"},{"merchantId":240457,"name":"Cluci US","imageUri":"https://monetizeamex.com/v3/120x60/4b116122118654c409e951627a74b2b4.png","currencyCode":"EUR","defaultDomain":"cluci.com","domains":["cluci.com"],"categoryId":40,"description":null,"isActive":true,"countryCodes":["US"],"averageBasketValue":72.28,"averageCommission":0.43,"averageConfirmationTime":2,"averageCancellationRate":null,"minimumCommission":0.73,"maximumCommission":0.73,"commissionRates":[{"fixedCommission":null,"percentageCommission":0.6}],"trackingLink":"https://tatrck.com/h/0Hu30z9R0wj9","createdAt":"2023-12-13T20:14:15.788Z","updatedAt":"2024-08-21T11:46:09.245Z"},{"merchantId":240462,"name":"Harbin Maiyuan Electronic Commerce Co., Ltd. US","imageUri":"https://monetizeamex.com/v3/120x60/91bd3f6321a471d213502ac174967248.png","currencyCode":"EUR","defaultDomain":"myfaceboxer.com","domains":["myfaceboxer.com"],"categoryId":40,"description":null,"isActive":true,"countryCodes":["US"],"averageBasketValue":37.3,"averageCommission":1.11,"averageConfirmationTime":2,"averageCancellationRate":null,"minimumCommission":0.52,"maximumCommission":0.52,"commissionRates":[{"fixedCommission":null,"percentageCommission":3}],"trackingLink":"https://tatrck.com/h/0Hu30z9R0wjE","createdAt":"2023-12-13T20:14:16.974Z","updatedAt":"2024-08-31T05:37:14.111Z"},{"merchantId":240463,"name":"Hi! Human Improvement US","imageUri":"https://monetizeamex.com/v3/120x60/13efadc009205eaca6256499bcd6a1e6.png","currencyCode":"EUR","defaultDomain":"buyhi.co","domains":["buyhi.co"],"categoryId":35,"description":null,"isActive":true,"countryCodes":["US"],"averageBasketValue":57.33,"averageCommission":2.74,"averageConfirmationTime":10,"averageCancellationRate":null,"minimumCommission":2.48,"maximumCommission":2.48,"commissionRates":[{"fixedCommission":null,"percentageCommission":4.8}],"trackingLink":"https://tatrck.com/h/0Hu30z9R0wjF","createdAt":"2023-12-13T20:14:17.080Z","updatedAt":"2024-08-21T11:39:10.894Z"},{"merchantId":240464,"name":"IHOOD INC US","imageUri":"https://monetizeamex.com/v3/120x60/a75cc9ebc2e9945dbb9232e3760e813c.png","currencyCode":"EUR","defaultDomain":"ihoodwarm.com","domains":["ihoodwarm.com"],"categoryId":40,"description":null,"isActive":true,"countryCodes":["US"],"averageBasketValue":58.96,"averageCommission":3.88,"averageConfirmationTime":null,"averageCancellationRate":null,"minimumCommission":3.88,"maximumCommission":3.88,"commissionRates":[{"fixedCommission":null,"percentageCommission":6}],"trackingLink":"https://tatrck.com/h/0Hu30z9R0wjG","createdAt":"2023-12-13T20:14:17.470Z","updatedAt":"2024-08-21T11:30:27.365Z"},{"merchantId":240465,"name":"John Mark Clothing US","imageUri":"https://monetizeamex.com/v3/120x60/9d94f96a5d6e21364883f6df5fb4cdbb.png","currencyCode":"EUR","defaultDomain":"johnmarkclothing.com","domains":["johnmarkclothing.com"],"categoryId":40,"description":null,"isActive":true,"countryCodes":["US"],"averageBasketValue":67.34,"averageCommission":4.03,"averageConfirmationTime":null,"averageCancellationRate":null,"minimumCommission":2.61,"maximumCommission":2.61,"commissionRates":[{"fixedCommission":null,"percentageCommission":6}],"trackingLink":"https://tatrck.com/h/0Hu30z9R0wjH","createdAt":"2023-12-13T20:14:17.997Z","updatedAt":"2024-08-21T11:37:31.099Z"},{"merchantId":240467,"name":"Kixies Inc US","imageUri":"https://monetizeamex.com/v3/120x60/cdd0baa608c49900fe7d055d981d8d3b.png","currencyCode":"EUR","defaultDomain":"kixies.com","domains":["kixies.com"],"categoryId":40,"description":null,"isActive":true,"countryCodes":["US"],"averageBasketValue":null,"averageCommission":null,"averageConfirmationTime":6,"averageCancellationRate":null,"minimumCommission":null,"maximumCommission":null,"commissionRates":[{"fixedCommission":null,"percentageCommission":12}],"trackingLink":"https://tatrck.com/h/0Hu30z9R0wjJ","createdAt":"2023-12-13T20:14:18.097Z","updatedAt":"2024-08-21T11:43:08.249Z"},{"merchantId":240469,"name":"Langho Trade Limited US","imageUri":"https://kqdxc4m5.de/logos_v2/120x60/2fc9669bc41739aa38e26b1c53363fc0.gif","currencyCode":"EUR","defaultDomain":"echoine.com","domains":["echoine.com"],"categoryId":40,"description":null,"isActive":true,"countryCodes":["US"],"averageBasketValue":33.25,"averageCommission":1.99,"averageConfirmationTime":29,"averageCancellationRate":12.5,"minimumCommission":1.8,"maximumCommission":1.8,"commissionRates":[{"fixedCommission":null,"percentageCommission":6}],"trackingLink":"https://tatrck.com/h/0Hu30z9R0wjL","createdAt":"2023-12-13T20:14:19.175Z","updatedAt":"2024-08-31T05:37:28.352Z"},{"merchantId":240471,"name":"MYanimec.com US","imageUri":"https://monetizeamex.com/v3/120x60/a2d9e20a7c60dcf2ea2a8eb76a384337.png","currencyCode":"EUR","defaultDomain":"myanimec.com","domains":["myanimec.com"],"categoryId":60,"description":null,"isActive":true,"countryCodes":["US"],"averageBasketValue":58.22,"averageCommission":6.98,"averageConfirmationTime":43,"averageCancellationRate":3.2,"minimumCommission":6.15,"maximumCommission":6.15,"commissionRates":[{"fixedCommission":null,"percentageCommission":12}],"trackingLink":"https://tatrck.com/h/0Hu30z9R0wjN","createdAt":"2023-12-13T20:14:18.989Z","updatedAt":"2024-08-21T11:32:16.473Z"},{"merchantId":240474,"name":"Pareto US","imageUri":"https://monetizeamex.com/v3/120x60/e6dc4776c684ab39c4a84080b2ff02f7.png","currencyCode":"EUR","defaultDomain":"shoppareto.com","domains":["shoppareto.com"],"categoryId":40,"description":null,"isActive":true,"countryCodes":["US"],"averageBasketValue":null,"averageCommission":null,"averageConfirmationTime":null,"averageCancellationRate":null,"minimumCommission":null,"maximumCommission":null,"commissionRates":[{"fixedCommission":null,"percentageCommission":4.8}],"trackingLink":"https://tatrck.com/h/0Hu30z9R0wjQ","createdAt":"2023-12-13T20:14:20.176Z","updatedAt":"2024-08-21T11:32:10.627Z"},{"merchantId":240480,"name":"SassyBax US","imageUri":"https://monetizeamex.com/v3/120x60/efe7d48a694bc6c54d770f76721ba4cc.png","currencyCode":"EUR","defaultDomain":"sassybax.com","domains":["sassybax.com"],"categoryId":40,"description":null,"isActive":true,"countryCodes":["US"],"averageBasketValue":null,"averageCommission":null,"averageConfirmationTime":null,"averageCancellationRate":null,"minimumCommission":null,"maximumCommission":null,"commissionRates":[],"trackingLink":"https://tatrck.com/h/0Hu30z9R0wjW","createdAt":"2023-12-13T20:14:22.077Z","updatedAt":"2024-08-21T11:39:40.407Z"},{"merchantId":240481,"name":"Shedo Lane US","imageUri":"https://kqdxc4m5.de/logos_v2/120x60/1913f55467d6ebe669860fc9372fe15d.gif","currencyCode":"EUR","defaultDomain":"shedolane.com","domains":["shedolane.com"],"categoryId":40,"description":null,"isActive":true,"countryCodes":["US"],"averageBasketValue":36.56,"averageCommission":3.28,"averageConfirmationTime":null,"averageCancellationRate":null,"minimumCommission":3.28,"maximumCommission":3.28,"commissionRates":[],"trackingLink":"https://tatrck.com/h/0Hu30z9R0wjX","createdAt":"2023-12-13T20:14:23.576Z","updatedAt":"2024-08-21T11:27:53.550Z"},{"merchantId":240484,"name":"Stream2Sea US","imageUri":"https://monetizeamex.com/v3/120x60/eda8726b740add7b7a81a3a6e4dcb82d.png","currencyCode":"EUR","defaultDomain":"stream2sea.com","domains":["stream2sea.com"],"categoryId":28,"description":null,"isActive":true,"countryCodes":["US"],"averageBasketValue":77.98,"averageCommission":4.67,"averageConfirmationTime":14,"averageCancellationRate":null,"minimumCommission":3.88,"maximumCommission":3.88,"commissionRates":[{"fixedCommission":null,"percentageCommission":6}],"trackingLink":"https://tatrck.com/h/0Hu30z9R0wja","createdAt":"2023-12-13T20:14:25.370Z","updatedAt":"2024-08-21T11:39:27.585Z"},{"merchantId":240488,"name":"Woolloomooloo Shoe US","imageUri":"https://monetizeamex.com/v3/120x60/2b22148698930694d85bb6ffdead25a4.png","currencyCode":"EUR","defaultDomain":"woolloomoolooshoe.com","domains":["woolloomoolooshoe.com"],"categoryId":40,"description":null,"isActive":true,"countryCodes":["US"],"averageBasketValue":null,"averageCommission":null,"averageConfirmationTime":null,"averageCancellationRate":null,"minimumCommission":null,"maximumCommission":null,"commissionRates":[{"fixedCommission":null,"percentageCommission":9}],"trackingLink":"https://tatrck.com/h/0Hu30z9R0wje","createdAt":"2023-12-13T20:14:24.970Z","updatedAt":"2024-08-21T11:31:21.666Z"},{"merchantId":240489,"name":"Xiamen Qishunshun Electronic Commerce Co., Ltd. US","imageUri":"https://monetizeamex.com/v3/120x60/a1617d5a344ea3d34e02a85738313a57.png","currencyCode":"EUR","defaultDomain":"oluolin.com","domains":["oluolin.com"],"categoryId":40,"description":null,"isActive":true,"countryCodes":["US"],"averageBasketValue":23.91,"averageCommission":1.14,"averageConfirmationTime":null,"averageCancellationRate":null,"minimumCommission":4.59,"maximumCommission":4.59,"commissionRates":[{"fixedCommission":null,"percentageCommission":4.8}],"trackingLink":"https://tatrck.com/h/0Hu30z9R0wjf","createdAt":"2023-12-13T20:14:25.572Z","updatedAt":"2024-08-21T11:31:08.425Z"},{"merchantId":240490,"name":"Ycosplay US","imageUri":"https://monetizeamex.com/v3/120x60/81071c5971355121f7fe170f778acac9.png","currencyCode":"EUR","defaultDomain":"ycosplay.com","domains":["ycosplay.com"],"categoryId":40,"description":null,"isActive":true,"countryCodes":["US"],"averageBasketValue":110.54,"averageCommission":15.17,"averageConfirmationTime":49,"averageCancellationRate":null,"minimumCommission":null,"maximumCommission":null,"commissionRates":[{"fixedCommission":null,"percentageCommission":9}],"trackingLink":"https://tatrck.com/h/0Hu30z9R0wjg","createdAt":"2023-12-13T20:14:25.587Z","updatedAt":"2024-08-21T11:32:13.670Z"},{"merchantId":240493,"name":"menseventwear US","imageUri":"https://monetizeamex.com/v3/120x60/9b8ce00b4e93227108f44aeace1eda5c.png","currencyCode":"EUR","defaultDomain":"menseventwear.com","domains":["menseventwear.com"],"categoryId":40,"description":null,"isActive":true,"countryCodes":["US"],"averageBasketValue":62.25,"averageCommission":4.73,"averageConfirmationTime":10,"averageCancellationRate":null,"minimumCommission":5.13,"maximumCommission":5.13,"commissionRates":[{"fixedCommission":null,"percentageCommission":6}],"trackingLink":"https://tatrck.com/h/0Hu30z9R0wjj","createdAt":"2023-12-13T20:14:26.592Z","updatedAt":"2024-08-21T11:29:47.079Z"},{"merchantId":240508,"name":"bawclothing.com.br BR","imageUri":"https://monetizeamex.com/v3/120x60/a379312eba80b8164e828619232df5ac.png","currencyCode":"EUR","defaultDomain":"bawclothing.com.br","domains":["bawclothing.com.br"],"categoryId":40,"description":null,"isActive":true,"countryCodes":["BR"],"averageBasketValue":44.1,"averageCommission":1.28,"averageConfirmationTime":null,"averageCancellationRate":0.9,"minimumCommission":0.07,"maximumCommission":5.03,"commissionRates":[{"fixedCommission":null,"percentageCommission":3.528}],"trackingLink":"https://tatrck.com/h/0Hu30z9R0wjy","createdAt":"2023-12-13T20:14:28.867Z","updatedAt":"2024-08-21T11:27:53.568Z"},{"merchantId":240544,"name":"hunterfan.com СРС US","imageUri":"https://monetizeamex.com/v3/120x60/a7586f472a68d713bf5532e7e9fae3ce.png","currencyCode":"EUR","defaultDomain":"hunterfan.com","domains":["hunterfan.com"],"categoryId":74,"description":null,"isActive":true,"countryCodes":["US"],"averageBasketValue":176.31,"averageCommission":2.53,"averageConfirmationTime":null,"averageCancellationRate":null,"minimumCommission":0.17,"maximumCommission":7.65,"commissionRates":[{"fixedCommission":null,"percentageCommission":1.44}],"trackingLink":"https://tatrck.com/h/0Hu30z9R0wkW","createdAt":"2023-12-13T20:14:32.583Z","updatedAt":"2024-09-03T05:53:51.803Z"},{"merchantId":240551,"name":"Talking Tables GB","imageUri":"https://monetizeamex.com/v3/120x60/d108b825db83aaa36ef54e1f2c0e55d9.png","currencyCode":"EUR","defaultDomain":"talkingtables.co.uk","domains":["talkingtables.co.uk"],"categoryId":70,"description":null,"isActive":true,"countryCodes":["GB"],"averageBasketValue":46.04,"averageCommission":1.38,"averageConfirmationTime":null,"averageCancellationRate":null,"minimumCommission":2.37,"maximumCommission":2.37,"commissionRates":[{"fixedCommission":null,"percentageCommission":2.4}],"trackingLink":"https://tatrck.com/h/0Hu30z9R0wkd","createdAt":"2023-12-13T20:14:33.870Z","updatedAt":"2024-09-03T17:03:25.556Z"},{"merchantId":240576,"name":"naturesfinestfoods.de СРС DE","imageUri":"https://monetizeamex.com/v3/120x60/386e3e095ec5c2e05cb0d7441f24c44c.png","currencyCode":"EUR","defaultDomain":"naturesfinestfoods.de","domains":["naturesfinestfoods.de"],"categoryId":68,"description":null,"isActive":true,"countryCodes":["DE"],"averageBasketValue":44.23,"averageCommission":1.52,"averageConfirmationTime":null,"averageCancellationRate":null,"minimumCommission":0.3,"maximumCommission":2.21,"commissionRates":[{"fixedCommission":null,"percentageCommission":3}],"trackingLink":"https://tatrck.com/h/0Hu30z9R0wl0","createdAt":"2023-12-13T20:14:38.672Z","updatedAt":"2024-08-21T11:26:07.745Z"},{"merchantId":240641,"name":"Joyfy US","imageUri":"https://monetizeamex.com/v3/120x60/9010d7af6a923d9eb24a1377ff12bbb5.png","currencyCode":"EUR","defaultDomain":"joyfy.com","domains":["joyfy.com"],"categoryId":50,"description":null,"isActive":true,"countryCodes":["US"],"averageBasketValue":37.99,"averageCommission":2.73,"averageConfirmationTime":null,"averageCancellationRate":100,"minimumCommission":null,"maximumCommission":null,"commissionRates":[{"fixedCommission":null,"percentageCommission":7.199999999999999}],"trackingLink":"https://tatrck.com/h/0Hu30z9R0wm1","createdAt":"2023-12-13T20:14:47.070Z","updatedAt":"2024-08-21T11:43:51.138Z"},{"merchantId":240642,"name":"Katia Crafts Ltd GB","imageUri":"https://monetizeamex.com/v3/120x60/b29204b4bff1547f773b2a834fa7b917.png","currencyCode":"EUR","defaultDomain":"katia.com","domains":["katia.com"],"categoryId":70,"description":null,"isActive":true,"countryCodes":["US","GB"],"averageBasketValue":null,"averageCommission":null,"averageConfirmationTime":null,"averageCancellationRate":null,"minimumCommission":null,"maximumCommission":null,"commissionRates":[],"trackingLink":"https://tatrck.com/h/0Hu30z9R0wm2","createdAt":"2023-12-13T20:14:47.178Z","updatedAt":"2024-09-03T17:09:19.909Z"},{"merchantId":240665,"name":"Elbbricks DE","imageUri":"https://monetizeamex.com/v3/120x60/658a0f2b602a2db762b0acab4926252b.png","currencyCode":"EUR","defaultDomain":"elbbricks.com","domains":["elbbricks.com"],"categoryId":75,"description":null,"isActive":true,"countryCodes":["DE"],"averageBasketValue":74.96,"averageCommission":1.35,"averageConfirmationTime":28,"averageCancellationRate":null,"minimumCommission":0.19,"maximumCommission":0.19,"commissionRates":[],"trackingLink":"https://tatrck.com/h/0Hu30z9R0wmP","createdAt":"2023-12-13T20:14:50.879Z","updatedAt":"2024-09-03T17:07:51.467Z"},{"merchantId":240672,"name":"Stoneline DE","imageUri":"https://monetizeamex.com/v3/120x60/271a5c8e18f56a60412236ec206fec49.png","currencyCode":"EUR","defaultDomain":"stoneline.de","domains":["stoneline.de"],"categoryId":72,"description":null,"isActive":true,"countryCodes":["DE"],"averageBasketValue":51.96,"averageCommission":4.39,"averageConfirmationTime":58,"averageCancellationRate":null,"minimumCommission":0.77,"maximumCommission":4.6,"commissionRates":[],"trackingLink":"https://tatrck.com/h/0Hu30z9R0wmW","createdAt":"2023-12-13T20:14:53.976Z","updatedAt":"2024-09-03T17:08:35.332Z"},{"merchantId":240680,"name":"Fanrek US","imageUri":"https://monetizeamex.com/v3/120x60/995b2657366c6d7e0b303609dfbba683.png","currencyCode":"EUR","defaultDomain":"fanrek.com","domains":["fanrek.com"],"categoryId":40,"description":null,"isActive":true,"countryCodes":["US"],"averageBasketValue":19.11,"averageCommission":1.72,"averageConfirmationTime":13,"averageCancellationRate":null,"minimumCommission":2.17,"maximumCommission":2.17,"commissionRates":[{"fixedCommission":null,"percentageCommission":9}],"trackingLink":"https://tatrck.com/h/0Hu30z9R0wme","createdAt":"2023-12-13T20:14:55.169Z","updatedAt":"2024-08-22T05:45:19.757Z"},{"merchantId":240683,"name":"Mixology Clothing Company US","imageUri":"https://monetizeamex.com/v3/120x60/a0e0480b76f1aba99bc3582be14b9b55.png","currencyCode":"EUR","defaultDomain":"shopmixology.com","domains":["shopmixology.com"],"categoryId":40,"description":null,"isActive":true,"countryCodes":["US"],"averageBasketValue":103.11,"averageCommission":1.85,"averageConfirmationTime":10,"averageCancellationRate":null,"minimumCommission":0.73,"maximumCommission":0.73,"commissionRates":[{"fixedCommission":null,"percentageCommission":1.7999999999999998}],"trackingLink":"https://tatrck.com/h/0Hu30z9R0wmh","createdAt":"2023-12-13T20:14:56.005Z","updatedAt":"2024-09-03T05:37:26.218Z"}]}