{"meta":{"next":118887},"data":[{"merchantId":118372,"name":"Famous Footwear US","imageUri":"https://monetizeamex.com/v3/120x60/0cee37e59261261bf1927aea5213d379.png","currencyCode":"EUR","defaultDomain":"famousfootwear.com","domains":["famousfootwear.com"],"categoryId":50,"description":null,"isActive":true,"countryCodes":["US"],"averageBasketValue":75.71,"averageCommission":0.44,"averageConfirmationTime":null,"averageCancellationRate":0.4,"minimumCommission":0.05,"maximumCommission":1.58,"commissionRates":[{"fixedCommission":null,"percentageCommission":0.48}],"trackingLink":"https://tatrck.com/h/0Hu30z9R0Sva","createdAt":"2023-12-13T11:19:46.178Z","updatedAt":"2024-09-03T17:03:25.087Z"},{"merchantId":118375,"name":"Fine Tuxedos US","imageUri":"https://monetizeamex.com/v3/120x60/828cdecbc14b1dcb91b0c5850627f3f3.png","currencyCode":"EUR","defaultDomain":"finetuxedos.com","domains":["finetuxedos.com"],"categoryId":40,"description":null,"isActive":true,"countryCodes":["US"],"averageBasketValue":38.96,"averageCommission":1.86,"averageConfirmationTime":null,"averageCancellationRate":null,"minimumCommission":1.86,"maximumCommission":1.86,"commissionRates":[{"fixedCommission":null,"percentageCommission":4.8}],"trackingLink":"https://tatrck.com/h/0Hu30z9R0Svd","createdAt":"2023-12-13T11:19:47.275Z","updatedAt":"2024-08-21T11:39:43.778Z"},{"merchantId":118377,"name":"FlowerShopping US","imageUri":"https://monetizeamex.com/v3/120x60/d5f114b09eff102fdf03346ed8221010.png","currencyCode":"EUR","defaultDomain":"flowershopping.com","domains":["flowershopping.com"],"categoryId":47,"description":null,"isActive":true,"countryCodes":["US"],"averageBasketValue":52.88,"averageCommission":0.6,"averageConfirmationTime":null,"averageCancellationRate":5.3,"minimumCommission":0.36,"maximumCommission":1.52,"commissionRates":[{"fixedCommission":null,"percentageCommission":0.96},{"fixedCommission":null,"percentageCommission":0.48}],"trackingLink":"https://tatrck.com/h/0Hu30z9R0Svf","createdAt":"2023-12-13T11:19:48.090Z","updatedAt":"2024-09-03T17:06:15.214Z"},{"merchantId":118382,"name":"Fredericks of Hollywood US","imageUri":"https://monetizeamex.com/v3/120x60/548703aaffca7f66a0139f51297d1a15.png","currencyCode":"EUR","defaultDomain":"fredericks.com","domains":["fredericks.com"],"categoryId":40,"description":null,"isActive":true,"countryCodes":["US"],"averageBasketValue":23.07,"averageCommission":0.48,"averageConfirmationTime":null,"averageCancellationRate":null,"minimumCommission":0.11,"maximumCommission":1.43,"commissionRates":[{"fixedCommission":null,"percentageCommission":3}],"trackingLink":"https://tatrck.com/h/0Hu30z9R0Svk","createdAt":"2023-12-13T11:19:49.674Z","updatedAt":"2024-08-21T11:37:19.637Z"},{"merchantId":118389,"name":"Great Big Canvas US","imageUri":"https://monetizeamex.com/v3/120x60/f4b43ee7a1c4b01f60790512c80968fd.png","currencyCode":"EUR","defaultDomain":"greatbigcanvas.com","domains":["greatbigcanvas.com"],"categoryId":74,"description":null,"isActive":true,"countryCodes":["US"],"averageBasketValue":287.29,"averageCommission":0.63,"averageConfirmationTime":null,"averageCancellationRate":null,"minimumCommission":0.39,"maximumCommission":2.25,"commissionRates":[{"fixedCommission":null,"percentageCommission":0}],"trackingLink":"https://tatrck.com/h/0Hu30z9R0Svr","createdAt":"2023-12-13T11:19:52.787Z","updatedAt":"2024-08-30T05:50:51.494Z"},{"merchantId":118390,"name":"Grooming Lounge US","imageUri":"https://monetizeamex.com/v3/120x60/6a0abdbcb8416106b142440cd017561a.png","currencyCode":"EUR","defaultDomain":"groominglounge.com","domains":["groominglounge.com"],"categoryId":27,"description":null,"isActive":true,"countryCodes":["US"],"averageBasketValue":73.31,"averageCommission":2.19,"averageConfirmationTime":4,"averageCancellationRate":null,"minimumCommission":1.39,"maximumCommission":4.09,"commissionRates":[],"trackingLink":"https://tatrck.com/h/0Hu30z9R0Svs","createdAt":"2023-12-13T11:19:52.969Z","updatedAt":"2024-09-03T17:08:45.526Z"},{"merchantId":118398,"name":"Home Delivery Incontinent Supplies US","imageUri":"https://monetizeamex.com/v3/120x60/c7f69f458bb8fcc048b88164b734a6ba.png","currencyCode":"EUR","defaultDomain":"hdis.com","domains":["hdis.com"],"categoryId":35,"description":null,"isActive":true,"countryCodes":["US"],"averageBasketValue":null,"averageCommission":null,"averageConfirmationTime":null,"averageCancellationRate":null,"minimumCommission":null,"maximumCommission":null,"commissionRates":[{"fixedCommission":null,"percentageCommission":4.8},{"fixedCommission":null,"percentageCommission":6}],"trackingLink":"https://tatrck.com/h/0Hu30z9R0Sv-","createdAt":"2023-12-13T11:19:55.674Z","updatedAt":"2024-08-23T15:01:57.484Z"},{"merchantId":118400,"name":"I.R.I.S US","imageUri":"https://monetizeamex.com/v3/120x60/2ab183509aceeecae91ba2f3615c2d05.png","currencyCode":"EUR","defaultDomain":"irislink.com","domains":["irislink.com"],"categoryId":37,"description":null,"isActive":true,"countryCodes":[],"averageBasketValue":80.57,"averageCommission":19.33,"averageConfirmationTime":null,"averageCancellationRate":null,"minimumCommission":19.33,"maximumCommission":19.33,"commissionRates":[{"fixedCommission":null,"percentageCommission":24},{"fixedCommission":null,"percentageCommission":15}],"trackingLink":"https://tatrck.com/h/0Hu30z9R0Sw0","createdAt":"2023-12-13T11:19:56.597Z","updatedAt":"2024-09-02T05:32:44.605Z"},{"merchantId":118403,"name":"InkPlusToner US","imageUri":"https://monetizeamex.com/v3/120x60/e82050745581a2a363b21ac87bd41662.png","currencyCode":"EUR","defaultDomain":"inkplustoner.com","domains":["inkplustoner.com"],"categoryId":77,"description":null,"isActive":true,"countryCodes":["US"],"averageBasketValue":null,"averageCommission":null,"averageConfirmationTime":null,"averageCancellationRate":null,"minimumCommission":null,"maximumCommission":null,"commissionRates":[{"fixedCommission":null,"percentageCommission":1.2}],"trackingLink":"https://tatrck.com/h/0Hu30z9R0Sw3","createdAt":"2023-12-13T11:19:57.480Z","updatedAt":"2024-08-21T11:32:58.452Z"},{"merchantId":118409,"name":"KateSomerville US","imageUri":"https://monetizeamex.com/v3/120x60/76da6d0b0901fde08da1cc91b15fe905.png","currencyCode":"EUR","defaultDomain":"katesomerville.com","domains":["katesomerville.com"],"categoryId":28,"description":null,"isActive":true,"countryCodes":["US"],"averageBasketValue":71.93,"averageCommission":0.43,"averageConfirmationTime":null,"averageCancellationRate":null,"minimumCommission":0.2,"maximumCommission":0.2,"commissionRates":[{"fixedCommission":null,"percentageCommission":0.48},{"fixedCommission":null,"percentageCommission":0.6}],"trackingLink":"https://tatrck.com/h/0Hu30z9R0Sw9","createdAt":"2023-12-13T11:20:00.483Z","updatedAt":"2024-09-03T05:52:17.609Z"},{"merchantId":118410,"name":"Kidrobot US","imageUri":"https://monetizeamex.com/v3/120x60/a4e1a46bf99326403329b760ef5e9f81.png","currencyCode":"EUR","defaultDomain":"kidrobot.com","domains":["kidrobot.com"],"categoryId":82,"description":null,"isActive":true,"countryCodes":["US"],"averageBasketValue":26.65,"averageCommission":0.79,"averageConfirmationTime":null,"averageCancellationRate":null,"minimumCommission":1.15,"maximumCommission":1.15,"commissionRates":[],"trackingLink":"https://tatrck.com/h/0Hu30z9R0SwA","createdAt":"2023-12-13T11:20:00.825Z","updatedAt":"2024-09-03T17:03:52.951Z"},{"merchantId":118411,"name":"KimmyShop US","imageUri":"https://monetizeamex.com/v3/120x60/9327e342395e9bd5506a5a07d136f8ce.png","currencyCode":"EUR","defaultDomain":"kimmyshop.com","domains":["kimmyshop.com"],"categoryId":17,"description":null,"isActive":true,"countryCodes":["US"],"averageBasketValue":null,"averageCommission":null,"averageConfirmationTime":null,"averageCancellationRate":null,"minimumCommission":null,"maximumCommission":null,"commissionRates":[],"trackingLink":"https://tatrck.com/h/0Hu30z9R0SwB","createdAt":"2023-12-13T11:20:01.298Z","updatedAt":"2024-08-23T15:01:31.968Z"},{"merchantId":118415,"name":"Lane Bryant US","imageUri":"https://monetizeamex.com/v3/120x60/afb2b52ec8cf6544421963bfff8a84bf.png","currencyCode":"EUR","defaultDomain":"lanebryant.com","domains":["lanebryant.com"],"categoryId":40,"description":null,"isActive":true,"countryCodes":["US"],"averageBasketValue":84.75,"averageCommission":1.02,"averageConfirmationTime":null,"averageCancellationRate":0.4,"minimumCommission":0.14,"maximumCommission":3.5,"commissionRates":[],"trackingLink":"https://tatrck.com/h/0Hu30z9R0SwF","createdAt":"2023-12-13T11:20:02.479Z","updatedAt":"2024-09-03T17:05:56.600Z"},{"merchantId":118417,"name":"Lee Jeans US","imageUri":"https://monetizeamex.com/v3/120x60/f2b356c0dc87a877590207bd2188b425.png","currencyCode":"EUR","defaultDomain":"lee.com","domains":["lee.com"],"categoryId":40,"description":null,"isActive":true,"countryCodes":["FR"],"averageBasketValue":56.68,"averageCommission":2.69,"averageConfirmationTime":null,"averageCancellationRate":null,"minimumCommission":0.87,"maximumCommission":0.87,"commissionRates":[],"trackingLink":"https://tatrck.com/h/0Hu30z9R0SwH","createdAt":"2023-12-13T11:20:02.883Z","updatedAt":"2024-09-02T05:51:48.428Z"},{"merchantId":118418,"name":"LifeStride US","imageUri":"https://monetizeamex.com/v3/120x60/68ad9f9fec5c61034e9edd1ae73fb7d9.png","currencyCode":"EUR","defaultDomain":"lifestride.com","domains":["lifestride.com"],"categoryId":40,"description":null,"isActive":true,"countryCodes":["US"],"averageBasketValue":48.72,"averageCommission":1.36,"averageConfirmationTime":null,"averageCancellationRate":null,"minimumCommission":0.59,"maximumCommission":2.5,"commissionRates":[{"fixedCommission":null,"percentageCommission":6}],"trackingLink":"https://tatrck.com/h/0Hu30z9R0SwI","createdAt":"2023-12-13T11:20:03.270Z","updatedAt":"2024-09-03T17:06:38.365Z"},{"merchantId":118435,"name":"Merrell","imageUri":"https://monetizeamex.com/v3/120x60/f93943fda46982a2b3053f66448c9468.png","currencyCode":"EUR","defaultDomain":"merrell.com","domains":["merrell.com"],"categoryId":55,"description":null,"isActive":true,"countryCodes":["US","GB","FR","DE","CA"],"averageBasketValue":100.71,"averageCommission":3.01,"averageConfirmationTime":41,"averageCancellationRate":55,"minimumCommission":0.37,"maximumCommission":12.21,"commissionRates":[{"fixedCommission":null,"percentageCommission":1.7999999999999998},{"fixedCommission":null,"percentageCommission":3},{"fixedCommission":null,"percentageCommission":3},{"fixedCommission":null,"percentageCommission":3.5999999999999996},{"fixedCommission":null,"percentageCommission":4.2}],"trackingLink":"https://tatrck.com/h/0Hu30z9R0SwZ","createdAt":"2023-12-13T11:20:11.272Z","updatedAt":"2024-09-03T05:53:41.399Z"},{"merchantId":118447,"name":"Natural Form US","imageUri":"https://monetizeamex.com/v3/120x60/b1cb3705f68249681dbdd721a447fc4e.png","currencyCode":"EUR","defaultDomain":"naturalform.com","domains":["naturalform.com"],"categoryId":74,"description":null,"isActive":true,"countryCodes":["US"],"averageBasketValue":1,"averageCommission":55.61,"averageConfirmationTime":29,"averageCancellationRate":null,"minimumCommission":null,"maximumCommission":null,"commissionRates":[{"fixedCommission":null,"percentageCommission":3.5999999999999996}],"trackingLink":"https://tatrck.com/h/0Hu30z9R0Swl","createdAt":"2023-12-13T11:20:14.471Z","updatedAt":"2024-08-27T05:30:11.155Z"},{"merchantId":118449,"name":"Naturalizer CA","imageUri":"https://monetizeamex.com/v3/120x60/a8fefb5f3442751828f2ea1c359f91a7.png","currencyCode":"EUR","defaultDomain":"naturalizer.ca","domains":["naturalizer.ca"],"categoryId":40,"description":null,"isActive":true,"countryCodes":[],"averageBasketValue":103.96,"averageCommission":1.78,"averageConfirmationTime":null,"averageCancellationRate":null,"minimumCommission":1.26,"maximumCommission":1.57,"commissionRates":[{"fixedCommission":null,"percentageCommission":1.44}],"trackingLink":"https://tatrck.com/h/0Hu30z9R0Swn","createdAt":"2023-12-13T11:20:15.596Z","updatedAt":"2024-09-03T17:06:47.959Z"},{"merchantId":118455,"name":"OnCourtOffCourt US","imageUri":"https://monetizeamex.com/v3/120x60/ea4a5668235174874c6a86accda737b5.png","currencyCode":"EUR","defaultDomain":"oncourtoffcourt.com","domains":["oncourtoffcourt.com"],"categoryId":55,"description":null,"isActive":true,"countryCodes":["US"],"averageBasketValue":779.47,"averageCommission":28.05,"averageConfirmationTime":28,"averageCancellationRate":null,"minimumCommission":null,"maximumCommission":null,"commissionRates":[],"trackingLink":"https://tatrck.com/h/0Hu30z9R0Swt","createdAt":"2023-12-13T11:20:17.978Z","updatedAt":"2024-08-15T08:49:05.432Z"},{"merchantId":118463,"name":"Perfume US","imageUri":"https://monetizeamex.com/v3/120x60/9e1d0a26a55a3d8aced66210867f7676.png","currencyCode":"EUR","defaultDomain":"perfume.com","domains":["perfume.com"],"categoryId":28,"description":null,"isActive":true,"countryCodes":["US"],"averageBasketValue":63.55,"averageCommission":0.37,"averageConfirmationTime":54,"averageCancellationRate":5.2,"minimumCommission":0.01,"maximumCommission":2.01,"commissionRates":[],"trackingLink":"https://tatrck.com/h/0Hu30z9R0Sw_","createdAt":"2023-12-13T11:20:20.178Z","updatedAt":"2024-09-03T05:36:03.228Z"},{"merchantId":118465,"name":"Peruvian Connection US","imageUri":"https://monetizeamex.com/v3/120x60/f91e71b5dded24eb8a8b466c9fdfd269.png","currencyCode":"EUR","defaultDomain":"peruvianconnection.com","domains":["peruvianconnection.com"],"categoryId":40,"description":null,"isActive":true,"countryCodes":["US"],"averageBasketValue":null,"averageCommission":null,"averageConfirmationTime":null,"averageCancellationRate":null,"minimumCommission":null,"maximumCommission":null,"commissionRates":[{"fixedCommission":null,"percentageCommission":2.4}],"trackingLink":"https://tatrck.com/h/0Hu30z9R0Sx1","createdAt":"2023-12-13T11:20:20.447Z","updatedAt":"2024-09-02T11:01:02.817Z"},{"merchantId":118476,"name":"Pura Vida Bracelets US","imageUri":"https://monetizeamex.com/v3/120x60/7d8d2d660a7ea7d939408967fa4c62dd.png","currencyCode":"EUR","defaultDomain":"puravidabracelets.com","domains":["puravidabracelets.com"],"categoryId":40,"description":null,"isActive":true,"countryCodes":["US"],"averageBasketValue":35.28,"averageCommission":0.28,"averageConfirmationTime":45,"averageCancellationRate":0.4,"minimumCommission":0.09,"maximumCommission":1.33,"commissionRates":[],"trackingLink":"https://tatrck.com/h/0Hu30z9R0SxC","createdAt":"2023-12-13T11:20:24.873Z","updatedAt":"2024-09-03T05:47:49.802Z"},{"merchantId":118479,"name":"Radley UK","imageUri":"https://monetizeamex.com/v3/120x60/ef45b61c77a2014b192b45bad76eaa27.png","currencyCode":"EUR","defaultDomain":"radleylondon.com","domains":["radley.co.uk","radleylondon.com"],"categoryId":40,"description":null,"isActive":true,"countryCodes":["US"],"averageBasketValue":77.97,"averageCommission":2.96,"averageConfirmationTime":null,"averageCancellationRate":null,"minimumCommission":1.23,"maximumCommission":3.81,"commissionRates":[{"fixedCommission":null,"percentageCommission":3}],"trackingLink":"https://tatrck.com/h/0Hu30z9R0SxF","createdAt":"2023-12-13T11:20:25.890Z","updatedAt":"2024-08-28T06:00:04.397Z"},{"merchantId":118484,"name":"RingCentral US","imageUri":"https://monetizeamex.com/v3/120x60/6fd74c9574e1c4450d2dee3684949cf8.png","currencyCode":"EUR","defaultDomain":"ringcentral.com","domains":["ringcentral.com"],"categoryId":58,"description":null,"isActive":true,"countryCodes":["US"],"averageBasketValue":null,"averageCommission":null,"averageConfirmationTime":null,"averageCancellationRate":null,"minimumCommission":null,"maximumCommission":null,"commissionRates":[{"fixedCommission":12,"percentageCommission":null},{"fixedCommission":48,"percentageCommission":null},{"fixedCommission":4.8,"percentageCommission":null},{"fixedCommission":19.2,"percentageCommission":null},{"fixedCommission":7.2,"percentageCommission":null}],"trackingLink":"https://tatrck.com/h/0Hu30z9R0SxK","createdAt":"2023-12-13T11:20:27.373Z","updatedAt":"2024-08-23T15:01:58.232Z"},{"merchantId":118490,"name":"Sharis Berries US","imageUri":"https://monetizeamex.com/v3/120x60/19a4474d8131953bb4feeaa21750ee49.png","currencyCode":"EUR","defaultDomain":"berries.com","domains":["berries.com"],"categoryId":47,"description":null,"isActive":true,"countryCodes":["US"],"averageBasketValue":58.6,"averageCommission":0.99,"averageConfirmationTime":58,"averageCancellationRate":1.7,"minimumCommission":0.44,"maximumCommission":2.56,"commissionRates":[],"trackingLink":"https://tatrck.com/h/0Hu30z9R0SxQ","createdAt":"2023-12-13T11:20:28.967Z","updatedAt":"2024-08-31T05:39:26.912Z"},{"merchantId":118497,"name":"Skis.com US","imageUri":"https://monetizeamex.com/v3/120x60/08d68dc4c344b7dcc3ad30bcc8230e08.png","currencyCode":"EUR","defaultDomain":"skis.com","domains":["skis.com"],"categoryId":55,"description":null,"isActive":true,"countryCodes":["US"],"averageBasketValue":null,"averageCommission":null,"averageConfirmationTime":null,"averageCancellationRate":null,"minimumCommission":null,"maximumCommission":null,"commissionRates":[{"fixedCommission":null,"percentageCommission":4.8},{"fixedCommission":null,"percentageCommission":5.28},{"fixedCommission":null,"percentageCommission":1.92},{"fixedCommission":null,"percentageCommission":4.32}],"trackingLink":"https://tatrck.com/h/0Hu30z9R0SxX","createdAt":"2023-12-13T11:20:33.471Z","updatedAt":"2024-08-23T15:01:53.628Z"},{"merchantId":118516,"name":"Suppliesoutlet US","imageUri":"https://monetizeamex.com/v3/120x60/71979f733bff31ad0ba286239e41ff1b.png","currencyCode":"EUR","defaultDomain":"suppliesoutlet.com","domains":["suppliesoutlet.com"],"categoryId":70,"description":null,"isActive":true,"countryCodes":["US"],"averageBasketValue":71.6,"averageCommission":4.29,"averageConfirmationTime":null,"averageCancellationRate":null,"minimumCommission":0.78,"maximumCommission":7.8,"commissionRates":[{"fixedCommission":null,"percentageCommission":6},{"fixedCommission":null,"percentageCommission":4.8}],"trackingLink":"https://tatrck.com/h/0Hu30z9R0Sxq","createdAt":"2023-12-13T11:20:41.369Z","updatedAt":"2024-08-23T15:01:29.913Z"},{"merchantId":118517,"name":"TackleDirect US","imageUri":"https://monetizeamex.com/v3/120x60/7584c62d13b09194dba8b48c58059e5c.png","currencyCode":"EUR","defaultDomain":"tackledirect.com","domains":["tackledirect.com"],"categoryId":55,"description":null,"isActive":true,"countryCodes":["US"],"averageBasketValue":161.41,"averageCommission":3.01,"averageConfirmationTime":2,"averageCancellationRate":1.8,"minimumCommission":0.09,"maximumCommission":34.01,"commissionRates":[{"fixedCommission":null,"percentageCommission":1.44},{"fixedCommission":null,"percentageCommission":1.7999999999999998}],"trackingLink":"https://tatrck.com/h/0Hu30z9R0Sxr","createdAt":"2023-12-13T11:20:42.666Z","updatedAt":"2024-09-03T05:51:19.411Z"},{"merchantId":118518,"name":"Temptu Pro US","imageUri":"https://monetizeamex.com/v3/120x60/b7f8fe33c2f6b460893257b04bc8dca9.png","currencyCode":"EUR","defaultDomain":"temptupro.com","domains":["temptupro.com"],"categoryId":28,"description":null,"isActive":true,"countryCodes":["US"],"averageBasketValue":119.94,"averageCommission":2.87,"averageConfirmationTime":null,"averageCancellationRate":null,"minimumCommission":0.85,"maximumCommission":4.66,"commissionRates":[],"trackingLink":"https://tatrck.com/h/0Hu30z9R0Sxs","createdAt":"2023-12-13T11:20:41.781Z","updatedAt":"2024-08-15T08:49:07.021Z"},{"merchantId":118526,"name":"Textbooks US","imageUri":"https://monetizeamex.com/v3/120x60/62fa838fc1a20ff3807f37a4bfb9708e.png","currencyCode":"EUR","defaultDomain":"textbooks.com","domains":["textbooks.com"],"categoryId":44,"description":null,"isActive":true,"countryCodes":["US"],"averageBasketValue":42.86,"averageCommission":1.28,"averageConfirmationTime":null,"averageCancellationRate":null,"minimumCommission":0.33,"maximumCommission":3.61,"commissionRates":[],"trackingLink":"https://tatrck.com/h/0Hu30z9R0Sx-","createdAt":"2023-12-13T11:20:44.871Z","updatedAt":"2024-08-31T05:52:19.739Z"},{"merchantId":118531,"name":"The Sportsmans Guide US","imageUri":"https://monetizeamex.com/v3/120x60/619c7206fc3ef52eb0b501dec7efba8e.png","currencyCode":"EUR","defaultDomain":"sportsmansguide.com","domains":["sportsmansguide.com"],"categoryId":55,"description":null,"isActive":true,"countryCodes":["US"],"averageBasketValue":148.66,"averageCommission":3.56,"averageConfirmationTime":null,"averageCancellationRate":null,"minimumCommission":0.39,"maximumCommission":12.57,"commissionRates":[{"fixedCommission":null,"percentageCommission":2.4}],"trackingLink":"https://tatrck.com/h/0Hu30z9R0Sy3","createdAt":"2023-12-13T11:20:46.892Z","updatedAt":"2024-08-29T05:58:02.237Z"},{"merchantId":118542,"name":"Vacations Made Easy US","imageUri":"https://monetizeamex.com/v3/120x60/bcb00e6c8e0d31a85fefba3bc1dffe72.png","currencyCode":"EUR","defaultDomain":"vacationsmadeeasy.com","domains":["vacationsmadeeasy.com"],"categoryId":63,"description":null,"isActive":true,"countryCodes":[],"averageBasketValue":125.75,"averageCommission":11.31,"averageConfirmationTime":3,"averageCancellationRate":null,"minimumCommission":6.62,"maximumCommission":6.62,"commissionRates":[],"trackingLink":"https://tatrck.com/h/0Hu30z9R0SyE","createdAt":"2023-12-13T11:20:52.087Z","updatedAt":"2024-09-02T12:01:03.713Z"},{"merchantId":118543,"name":"ValueMags US","imageUri":"https://monetizeamex.com/v3/120x60/d24ccc26ba1959a624449568f4ff41e6.png","currencyCode":"EUR","defaultDomain":"valuemags.com","domains":["valuemags.com"],"categoryId":21,"description":null,"isActive":true,"countryCodes":["US"],"averageBasketValue":null,"averageCommission":null,"averageConfirmationTime":null,"averageCancellationRate":null,"minimumCommission":null,"maximumCommission":null,"commissionRates":[],"trackingLink":"https://tatrck.com/h/0Hu30z9R0SyF","createdAt":"2023-12-13T11:20:52.671Z","updatedAt":"2024-08-23T15:01:43.927Z"},{"merchantId":118552,"name":"wrangler US","imageUri":"https://monetizeamex.com/v3/120x60/9bc180cf2a2cdfe16fb29876c0a2e3da.png","currencyCode":"EUR","defaultDomain":"wrangler.com","domains":["wrangler.at","wrangler.be","wrangler.com","wrangler.dk","wrangler.es","wrangler.fr","wrangler.ie","wrangler.it","wrangler.nl","wrangler.pl"],"categoryId":40,"description":null,"isActive":true,"countryCodes":["US"],"averageBasketValue":78.06,"averageCommission":1.46,"averageConfirmationTime":null,"averageCancellationRate":null,"minimumCommission":0.12,"maximumCommission":10.92,"commissionRates":[{"fixedCommission":null,"percentageCommission":3.84},{"fixedCommission":null,"percentageCommission":1.92}],"trackingLink":"https://tatrck.com/h/0Hu30z9R0SyO","createdAt":"2023-12-13T11:20:56.099Z","updatedAt":"2024-09-03T05:51:19.252Z"},{"merchantId":118556,"name":"Zazzle US","imageUri":"https://monetizeamex.com/v3/120x60/9cb6e685c61f69136106e095916f217a.png","currencyCode":"EUR","defaultDomain":"zazzle.com","domains":["zazzle.com"],"categoryId":77,"description":null,"isActive":true,"countryCodes":["US"],"averageBasketValue":45.88,"averageCommission":3.43,"averageConfirmationTime":null,"averageCancellationRate":null,"minimumCommission":0.05,"maximumCommission":10.52,"commissionRates":[{"fixedCommission":null,"percentageCommission":3}],"trackingLink":"https://tatrck.com/h/0Hu30z9R0SyS","createdAt":"2023-12-13T11:20:57.969Z","updatedAt":"2024-09-02T05:44:06.308Z"},{"merchantId":118558,"name":"100 Percent Pure US","imageUri":"https://monetizeamex.com/v3/120x60/108990d132c51779cef6a7b88a3fe9e7.png","currencyCode":"EUR","defaultDomain":"100percentpure.com","domains":["100percentpure.com"],"categoryId":28,"description":null,"isActive":true,"countryCodes":["US"],"averageBasketValue":62.88,"averageCommission":1.88,"averageConfirmationTime":null,"averageCancellationRate":null,"minimumCommission":1.35,"maximumCommission":1.35,"commissionRates":[{"fixedCommission":null,"percentageCommission":2.4}],"trackingLink":"https://tatrck.com/h/0Hu30z9R0SyU","createdAt":"2023-12-13T11:20:59.667Z","updatedAt":"2024-08-29T05:52:13.235Z"},{"merchantId":118566,"name":"Aftershock UK","imageUri":"https://monetizeamex.com/v3/120x60/02296dfef953b26f626aff2a1a085b20.png","currencyCode":"EUR","defaultDomain":"aftershockplc.com","domains":["aftershockplc.com"],"categoryId":40,"description":null,"isActive":true,"countryCodes":["GB"],"averageBasketValue":null,"averageCommission":null,"averageConfirmationTime":null,"averageCancellationRate":null,"minimumCommission":null,"maximumCommission":null,"commissionRates":[],"trackingLink":"https://tatrck.com/h/0Hu30z9R0Syc","createdAt":"2023-12-13T11:21:00.829Z","updatedAt":"2024-09-03T17:13:48.451Z"},{"merchantId":118567,"name":"AHAVA US","imageUri":"https://monetizeamex.com/v3/120x60/ae85ac47b28c4d3b55a57493e7ba99ed.png","currencyCode":"EUR","defaultDomain":"ahava.com","domains":["ahava.com","ahavaus.com"],"categoryId":27,"description":null,"isActive":true,"countryCodes":["US"],"averageBasketValue":99.66,"averageCommission":2.46,"averageConfirmationTime":null,"averageCancellationRate":null,"minimumCommission":5.34,"maximumCommission":5.34,"commissionRates":[{"fixedCommission":null,"percentageCommission":1.44}],"trackingLink":"https://tatrck.com/h/0Hu30z9R0Syd","createdAt":"2023-12-13T11:21:01.971Z","updatedAt":"2024-09-03T17:05:51.706Z"},{"merchantId":118571,"name":"Any Promo Inc. US","imageUri":"https://monetizeamex.com/v3/120x60/317ea6cfedb32f7d42d4ae9580c8d681.png","currencyCode":"EUR","defaultDomain":"anypromo.com","domains":["anypromo.com"],"categoryId":41,"description":null,"isActive":true,"countryCodes":["US"],"averageBasketValue":204.28,"averageCommission":1.95,"averageConfirmationTime":null,"averageCancellationRate":null,"minimumCommission":0.2,"maximumCommission":11.61,"commissionRates":[],"trackingLink":"https://tatrck.com/h/0Hu30z9R0Syh","createdAt":"2023-12-13T11:21:05.228Z","updatedAt":"2024-09-01T05:52:40.101Z"},{"merchantId":118572,"name":"AppliancePartsPros US","imageUri":"https://monetizeamex.com/v3/120x60/25acdff001a32e2a9cbc55596999db74.png","currencyCode":"EUR","defaultDomain":"appliancepartspros.com","domains":["appliancepartspros.com"],"categoryId":74,"description":null,"isActive":true,"countryCodes":["US"],"averageBasketValue":68.19,"averageCommission":2.86,"averageConfirmationTime":null,"averageCancellationRate":null,"minimumCommission":0.85,"maximumCommission":12.9,"commissionRates":[],"trackingLink":"https://tatrck.com/h/0Hu30z9R0Syi","createdAt":"2023-12-13T11:21:03.368Z","updatedAt":"2024-09-03T17:07:42.265Z"},{"merchantId":118595,"name":"Burpee Gardening US","imageUri":"https://monetizeamex.com/v3/120x60/76280d54f9ffefe81efcfda489920a2f.png","currencyCode":"EUR","defaultDomain":"burpee.com","domains":["burpee.com"],"categoryId":74,"description":null,"isActive":true,"countryCodes":["US"],"averageBasketValue":44.8,"averageCommission":1.34,"averageConfirmationTime":null,"averageCancellationRate":null,"minimumCommission":0.37,"maximumCommission":1.78,"commissionRates":[],"trackingLink":"https://tatrck.com/h/0Hu30z9R0Sz3","createdAt":"2023-12-13T11:21:13.568Z","updatedAt":"2024-09-03T17:04:06.414Z"},{"merchantId":118615,"name":"Colorful Images US","imageUri":"https://monetizeamex.com/v3/120x60/c5f5de451a591aff215292e4f917407a.png","currencyCode":"EUR","defaultDomain":"colorfulimages.com","domains":["colorfulimages.com"],"categoryId":21,"description":null,"isActive":true,"countryCodes":["US"],"averageBasketValue":6.53,"averageCommission":0.09,"averageConfirmationTime":null,"averageCancellationRate":null,"minimumCommission":0.22,"maximumCommission":5.23,"commissionRates":[{"fixedCommission":null,"percentageCommission":1.44}],"trackingLink":"https://tatrck.com/h/0Hu30z9R0SzN","createdAt":"2023-12-13T11:21:23.075Z","updatedAt":"2024-08-23T15:05:31.698Z"},{"merchantId":118622,"name":"CyberChimps US","imageUri":"https://monetizeamex.com/v3/120x60/4b8dc0f8c36d75b3bd75956315c561f7.png","currencyCode":"EUR","defaultDomain":"cyberchimps.com","domains":["cyberchimps.com"],"categoryId":49,"description":null,"isActive":true,"countryCodes":["US"],"averageBasketValue":null,"averageCommission":null,"averageConfirmationTime":null,"averageCancellationRate":null,"minimumCommission":null,"maximumCommission":null,"commissionRates":[{"fixedCommission":null,"percentageCommission":18}],"trackingLink":"https://tatrck.com/h/0Hu30z9R0SzU","createdAt":"2023-12-13T11:21:24.086Z","updatedAt":"2024-08-21T11:42:25.062Z"},{"merchantId":118627,"name":"Design By Hümans US","imageUri":"https://monetizeamex.com/v3/120x60/80257106157409f0cc7d21ab4929ed49.png","currencyCode":"EUR","defaultDomain":"designbyhumans.com","domains":["designbyhumans.com"],"categoryId":82,"description":null,"isActive":true,"countryCodes":["US"],"averageBasketValue":63.29,"averageCommission":1.08,"averageConfirmationTime":5,"averageCancellationRate":null,"minimumCommission":0.36,"maximumCommission":1.92,"commissionRates":[{"fixedCommission":null,"percentageCommission":1.7999999999999998}],"trackingLink":"https://tatrck.com/h/0Hu30z9R0SzZ","createdAt":"2023-12-13T11:21:25.600Z","updatedAt":"2024-09-01T05:27:02.977Z"},{"merchantId":118632,"name":"Dr. Fuhrman US","imageUri":"https://monetizeamex.com/v3/120x60/77580a58963eff9d0a2b4ce9c1d5d05d.png","currencyCode":"EUR","defaultDomain":"drfuhrman.com","domains":["drfuhrman.com"],"categoryId":68,"description":null,"isActive":true,"countryCodes":["US"],"averageBasketValue":135.87,"averageCommission":8.14,"averageConfirmationTime":null,"averageCancellationRate":null,"minimumCommission":9.34,"maximumCommission":12.65,"commissionRates":[],"trackingLink":"https://tatrck.com/h/0Hu30z9R0Sze","createdAt":"2023-12-13T11:21:28.572Z","updatedAt":"2024-09-03T17:04:53.857Z"},{"merchantId":118639,"name":"Effy Jewelry US","imageUri":"https://monetizeamex.com/v3/120x60/e03b5e3a7749883b46440c9e574bad2e.png","currencyCode":"EUR","defaultDomain":"effyjewelry.com","domains":["effyjewelry.com"],"categoryId":73,"description":null,"isActive":true,"countryCodes":["US"],"averageBasketValue":931.99,"averageCommission":16.77,"averageConfirmationTime":null,"averageCancellationRate":null,"minimumCommission":4.15,"maximumCommission":35.64,"commissionRates":[{"fixedCommission":null,"percentageCommission":1.44},{"fixedCommission":null,"percentageCommission":1.7999999999999998}],"trackingLink":"https://tatrck.com/h/0Hu30z9R0Szl","createdAt":"2023-12-13T11:21:30.145Z","updatedAt":"2024-08-21T11:37:28.281Z"},{"merchantId":118651,"name":"Flower.com US","imageUri":"https://monetizeamex.com/v3/120x60/feb60d45b4facef6b2ff01ca5752014a.png","currencyCode":"EUR","defaultDomain":"flower.com","domains":["flower.com"],"categoryId":47,"description":null,"isActive":true,"countryCodes":["US"],"averageBasketValue":null,"averageCommission":null,"averageConfirmationTime":null,"averageCancellationRate":null,"minimumCommission":9.82,"maximumCommission":9.82,"commissionRates":[],"trackingLink":"https://tatrck.com/h/0Hu30z9R0Szx","createdAt":"2023-12-13T11:21:35.466Z","updatedAt":"2024-09-03T17:07:52.981Z"},{"merchantId":118654,"name":"FragranceNet.com UK / US","imageUri":"https://monetizeamex.com/v3/120x60/7f2e16ebe3849c25fe9795a7fff22823.png","currencyCode":"EUR","defaultDomain":"fragrancenet.com","domains":["fragrancenet.com"],"categoryId":28,"description":null,"isActive":true,"countryCodes":["US"],"averageBasketValue":41.1,"averageCommission":0.01,"averageConfirmationTime":null,"averageCancellationRate":0.1,"minimumCommission":0,"maximumCommission":0.24,"commissionRates":[],"trackingLink":"https://tatrck.com/h/0Hu30z9R0Sz-","createdAt":"2023-12-13T11:21:35.368Z","updatedAt":"2024-09-03T17:08:35.692Z"},{"merchantId":118668,"name":"Golfballs.com US","imageUri":"https://monetizeamex.com/v3/120x60/94b4eeab702a0173374e772f1af11c17.png","currencyCode":"EUR","defaultDomain":"golfballs.com","domains":["golfballs.com"],"categoryId":55,"description":null,"isActive":true,"countryCodes":["US"],"averageBasketValue":333.65,"averageCommission":16.01,"averageConfirmationTime":null,"averageCancellationRate":null,"minimumCommission":2.38,"maximumCommission":27.69,"commissionRates":[],"trackingLink":"https://tatrck.com/h/0Hu30z9R0S-C","createdAt":"2023-12-13T11:21:38.679Z","updatedAt":"2024-09-03T17:09:20.966Z"},{"merchantId":118672,"name":"HeartMath LLC US","imageUri":"https://monetizeamex.com/v3/120x60/8af7fe4307ed5a7f4183b5e6527a2963.png","currencyCode":"EUR","defaultDomain":"heartmath.com","domains":["heartmath.com","heartmathstore.com","store.heartmath.com"],"categoryId":68,"description":null,"isActive":true,"countryCodes":["US"],"averageBasketValue":162.42,"averageCommission":1.55,"averageConfirmationTime":null,"averageCancellationRate":null,"minimumCommission":0.06,"maximumCommission":0.12,"commissionRates":[],"trackingLink":"https://tatrck.com/h/0Hu30z9R0S-G","createdAt":"2023-12-13T11:21:39.512Z","updatedAt":"2024-08-23T15:01:36.139Z"},{"merchantId":118673,"name":"HisRoom US","imageUri":"https://monetizeamex.com/v3/120x60/acfd6f9cc6f45a2b02165e9ca44156a9.png","currencyCode":"EUR","defaultDomain":"hisroom.com","domains":["hisroom.com"],"categoryId":40,"description":null,"isActive":true,"countryCodes":["US"],"averageBasketValue":10,"averageCommission":0.72,"averageConfirmationTime":null,"averageCancellationRate":null,"minimumCommission":1.06,"maximumCommission":1.06,"commissionRates":[{"fixedCommission":null,"percentageCommission":7.199999999999999}],"trackingLink":"https://tatrck.com/h/0Hu30z9R0S-H","createdAt":"2023-12-13T11:21:39.697Z","updatedAt":"2024-08-21T11:45:22.961Z"},{"merchantId":118681,"name":"J.McLaughlin US","imageUri":"https://monetizeamex.com/v3/120x60/3cf0594b59b45b6a5aaa61edd8d65552.png","currencyCode":"EUR","defaultDomain":"jmclaughlin.com","domains":["jmclaughlin.com"],"categoryId":40,"description":null,"isActive":true,"countryCodes":["US"],"averageBasketValue":0.68,"averageCommission":0.01,"averageConfirmationTime":3,"averageCancellationRate":15.2,"minimumCommission":1.15,"maximumCommission":7.6,"commissionRates":[],"trackingLink":"https://tatrck.com/h/0Hu30z9R0S-P","createdAt":"2023-12-13T11:21:42.094Z","updatedAt":"2024-09-03T17:04:38.623Z"},{"merchantId":118696,"name":"LoJack for Laptops US","imageUri":"https://monetizeamex.com/v3/120x60/1fdd865db7eeff380c0ff21ea5aa8668.png","currencyCode":"EUR","defaultDomain":"absolutelojack.com","domains":["absolute.com","absolutelojack.com"],"categoryId":58,"description":null,"isActive":true,"countryCodes":[],"averageBasketValue":null,"averageCommission":null,"averageConfirmationTime":null,"averageCancellationRate":null,"minimumCommission":null,"maximumCommission":null,"commissionRates":[],"trackingLink":"https://tatrck.com/h/0Hu30z9R0S-e","createdAt":"2023-12-13T11:21:46.876Z","updatedAt":"2024-09-03T05:28:58.011Z"},{"merchantId":118699,"name":"MacPaw US","imageUri":"https://monetizeamex.com/v3/120x60/36048265ec87c5fca0fee5d5dadc3569.png","currencyCode":"EUR","defaultDomain":"macpaw.com","domains":["macpaw.com"],"categoryId":49,"description":null,"isActive":true,"countryCodes":[],"averageBasketValue":67,"averageCommission":6.1,"averageConfirmationTime":null,"averageCancellationRate":null,"minimumCommission":0.05,"maximumCommission":8.88,"commissionRates":[],"trackingLink":"https://tatrck.com/h/0Hu30z9R0S-h","createdAt":"2023-12-13T11:21:49.564Z","updatedAt":"2024-09-03T17:09:04.312Z"},{"merchantId":118700,"name":"Magazines US","imageUri":"https://monetizeamex.com/v3/120x60/7e0596a753c4b3e654aa1767f75af049.png","currencyCode":"EUR","defaultDomain":"magazines.com","domains":["magazines.com"],"categoryId":21,"description":null,"isActive":true,"countryCodes":["US"],"averageBasketValue":19.66,"averageCommission":1.03,"averageConfirmationTime":null,"averageCancellationRate":null,"minimumCommission":0.34,"maximumCommission":1.74,"commissionRates":[{"fixedCommission":null,"percentageCommission":4.8}],"trackingLink":"https://tatrck.com/h/0Hu30z9R0S-i","createdAt":"2023-12-13T11:21:48.642Z","updatedAt":"2024-09-03T17:04:05.349Z"},{"merchantId":118717,"name":"MyChelle Dermaceuticals US","imageUri":"https://monetizeamex.com/v3/120x60/c508c9386320ac967cbadd8452058039.png","currencyCode":"EUR","defaultDomain":"mychelle.com","domains":["mychelle.com"],"categoryId":28,"description":null,"isActive":true,"countryCodes":[],"averageBasketValue":106.08,"averageCommission":null,"averageConfirmationTime":null,"averageCancellationRate":null,"minimumCommission":null,"maximumCommission":null,"commissionRates":[{"fixedCommission":null,"percentageCommission":4.8}],"trackingLink":"https://tatrck.com/h/0Hu30z9R0S-z","createdAt":"2023-12-13T11:21:55.180Z","updatedAt":"2024-08-21T11:30:18.128Z"},{"merchantId":118727,"name":"onehanesplace US","imageUri":"https://monetizeamex.com/v3/120x60/44132789ce1df17302f36557007dac09.png","currencyCode":"EUR","defaultDomain":"onehanesplace.com","domains":["onehanesplace.com"],"categoryId":21,"description":null,"isActive":true,"countryCodes":["US"],"averageBasketValue":35.71,"averageCommission":0.32,"averageConfirmationTime":null,"averageCancellationRate":null,"minimumCommission":0.22,"maximumCommission":0.39,"commissionRates":[{"fixedCommission":null,"percentageCommission":7.199999999999999}],"trackingLink":"https://tatrck.com/h/0Hu30z9R0S_7","createdAt":"2023-12-13T11:21:59.076Z","updatedAt":"2024-09-03T17:04:31.319Z"},{"merchantId":118733,"name":"Paul Fredrick MenStyle US","imageUri":"https://monetizeamex.com/v3/120x60/f145dc4f984f52257c5f53a123b78b75.png","currencyCode":"EUR","defaultDomain":"paulfredrick.com","domains":["paulfredrick.com"],"categoryId":40,"description":null,"isActive":true,"countryCodes":["US"],"averageBasketValue":108.89,"averageCommission":4.97,"averageConfirmationTime":null,"averageCancellationRate":2.9,"minimumCommission":0.31,"maximumCommission":13.87,"commissionRates":[{"fixedCommission":null,"percentageCommission":3.84}],"trackingLink":"https://tatrck.com/h/0Hu30z9R0S_D","createdAt":"2023-12-13T11:22:00.689Z","updatedAt":"2024-09-03T17:05:19.415Z"},{"merchantId":118741,"name":"Pimsleur.com US","imageUri":"https://monetizeamex.com/v3/120x60/4cf6919b0b839a85dd0a43a7041ef6ca.png","currencyCode":"EUR","defaultDomain":"pimsleur.com","domains":["pimsleur.com"],"categoryId":44,"description":null,"isActive":true,"countryCodes":["US"],"averageBasketValue":12.21,"averageCommission":2.85,"averageConfirmationTime":58,"averageCancellationRate":null,"minimumCommission":2.38,"maximumCommission":10.85,"commissionRates":[],"trackingLink":"https://tatrck.com/h/0Hu30z9R0S_L","createdAt":"2023-12-13T11:22:03.175Z","updatedAt":"2024-09-03T05:39:07.950Z"},{"merchantId":118765,"name":"Silver Jeans US","imageUri":"https://monetizeamex.com/v3/120x60/8da9246a7e8c4beabc8e3eb26ae98925.png","currencyCode":"EUR","defaultDomain":"silverjeans.com","domains":["silverjeans.com"],"categoryId":40,"description":null,"isActive":true,"countryCodes":["US"],"averageBasketValue":88.79,"averageCommission":2.4,"averageConfirmationTime":null,"averageCancellationRate":null,"minimumCommission":4.09,"maximumCommission":4.09,"commissionRates":[],"trackingLink":"https://tatrck.com/h/0Hu30z9R0S_j","createdAt":"2023-12-13T11:22:10.576Z","updatedAt":"2024-08-15T08:49:13.048Z"},{"merchantId":118768,"name":"Skin Chemists UK","imageUri":"https://monetizeamex.com/v3/120x60/83187ddd6b230e8e84490831d77cc204.png","currencyCode":"EUR","defaultDomain":"skinchemists.com","domains":["skinchemists.com","skinchemists.co.uk"],"categoryId":28,"description":null,"isActive":true,"countryCodes":["GB"],"averageBasketValue":12.58,"averageCommission":1.13,"averageConfirmationTime":null,"averageCancellationRate":null,"minimumCommission":0.46,"maximumCommission":5.19,"commissionRates":[],"trackingLink":"https://tatrck.com/h/0Hu30z9R0S_m","createdAt":"2023-12-13T11:22:11.176Z","updatedAt":"2024-09-03T17:07:23.835Z"},{"merchantId":118774,"name":"SodaStream US","imageUri":"https://monetizeamex.com/v3/120x60/5230f0f24b488b6c2baaf839fd9125c2.png","currencyCode":"EUR","defaultDomain":"sodastream.com","domains":["sodastream.com","sodastreamusa.com"],"categoryId":72,"description":null,"isActive":true,"countryCodes":["US"],"averageBasketValue":33.41,"averageCommission":1.08,"averageConfirmationTime":null,"averageCancellationRate":null,"minimumCommission":0.13,"maximumCommission":9.28,"commissionRates":[{"fixedCommission":null,"percentageCommission":6}],"trackingLink":"https://tatrck.com/h/0Hu30z9R0S_s","createdAt":"2023-12-13T11:22:14.715Z","updatedAt":"2024-09-01T05:53:06.101Z"},{"merchantId":118779,"name":"Splendid","imageUri":"https://monetizeamex.com/v3/120x60/bc18372bb83731e48059d8a82e40b925.png","currencyCode":"EUR","defaultDomain":"splendid.com","domains":["splendid.com"],"categoryId":40,"description":null,"isActive":true,"countryCodes":["US"],"averageBasketValue":58.84,"averageCommission":1.32,"averageConfirmationTime":null,"averageCancellationRate":null,"minimumCommission":0.87,"maximumCommission":8.74,"commissionRates":[{"fixedCommission":null,"percentageCommission":1.92}],"trackingLink":"https://tatrck.com/h/0Hu30z9R0S_x","createdAt":"2023-12-13T11:22:16.676Z","updatedAt":"2024-09-03T17:06:28.121Z"},{"merchantId":118785,"name":"Szul US","imageUri":"https://monetizeamex.com/v3/120x60/221e6cae1a830c4dc2088d226723aabc.png","currencyCode":"EUR","defaultDomain":"szul.com","domains":["szul.com"],"categoryId":73,"description":null,"isActive":true,"countryCodes":["US"],"averageBasketValue":null,"averageCommission":null,"averageConfirmationTime":null,"averageCancellationRate":null,"minimumCommission":null,"maximumCommission":null,"commissionRates":[{"fixedCommission":null,"percentageCommission":5.76},{"fixedCommission":null,"percentageCommission":2.4},{"fixedCommission":null,"percentageCommission":1.44},{"fixedCommission":null,"percentageCommission":0.48},{"fixedCommission":null,"percentageCommission":3.36}],"trackingLink":"https://tatrck.com/h/0Hu30z9R0T01","createdAt":"2023-12-13T11:22:17.024Z","updatedAt":"2024-09-03T17:07:42.280Z"},{"merchantId":118790,"name":"Tessabit Stores UK","imageUri":"https://monetizeamex.com/v3/120x60/3ccc93604388e21f6ef19f8ce29c249f.png","currencyCode":"EUR","defaultDomain":"tessabit.com","domains":["tessabit.com"],"categoryId":40,"description":null,"isActive":true,"countryCodes":["GB","IT"],"averageBasketValue":162.66,"averageCommission":8.68,"averageConfirmationTime":null,"averageCancellationRate":null,"minimumCommission":7.9,"maximumCommission":7.9,"commissionRates":[{"fixedCommission":null,"percentageCommission":4.8}],"trackingLink":"https://tatrck.com/h/0Hu30z9R0T06","createdAt":"2023-12-13T11:22:18.798Z","updatedAt":"2024-09-03T17:04:03.956Z"},{"merchantId":118791,"name":"The Black Bow US","imageUri":"https://monetizeamex.com/v3/120x60/2a2161a114dc277057a9f0a5eee08b57.png","currencyCode":"EUR","defaultDomain":"theblackbow.com","domains":["theblackbow.com"],"categoryId":73,"description":null,"isActive":true,"countryCodes":[],"averageBasketValue":null,"averageCommission":null,"averageConfirmationTime":null,"averageCancellationRate":null,"minimumCommission":null,"maximumCommission":null,"commissionRates":[],"trackingLink":"https://tatrck.com/h/0Hu30z9R0T07","createdAt":"2023-12-13T11:22:21.174Z","updatedAt":"2024-08-26T09:01:05.763Z"},{"merchantId":118803,"name":"TRIA UK","imageUri":"https://monetizeamex.com/v3/120x60/75371d3138bc49d967bfcc3be2322023.png","currencyCode":"EUR","defaultDomain":"triabeauty.co.uk","domains":["triabeauty.co.uk"],"categoryId":28,"description":null,"isActive":true,"countryCodes":["GB"],"averageBasketValue":null,"averageCommission":null,"averageConfirmationTime":null,"averageCancellationRate":null,"minimumCommission":null,"maximumCommission":null,"commissionRates":[{"fixedCommission":null,"percentageCommission":3.5999999999999996}],"trackingLink":"https://tatrck.com/h/0Hu30z9R0T0J","createdAt":"2023-12-13T11:22:23.985Z","updatedAt":"2024-09-03T17:08:48.376Z"},{"merchantId":118817,"name":"Wego Hotels US","imageUri":"https://monetizeamex.com/v3/120x60/278edd2f9de75dd0914319a087409f0f.png","currencyCode":"EUR","defaultDomain":"wego.com","domains":["wego.com"],"categoryId":63,"description":null,"isActive":true,"countryCodes":["US"],"averageBasketValue":null,"averageCommission":null,"averageConfirmationTime":null,"averageCancellationRate":null,"minimumCommission":null,"maximumCommission":null,"commissionRates":[],"trackingLink":"https://tatrck.com/h/0Hu30z9R0T0X","createdAt":"2023-12-13T11:22:29.181Z","updatedAt":"2024-08-20T08:01:15.232Z"},{"merchantId":118844,"name":"BlindsExpress US","imageUri":"https://monetizeamex.com/v3/120x60/b5d3b41e8ab9bdb98a695e0c508ca83a.png","currencyCode":"EUR","defaultDomain":"blindsexpress.com","domains":["blindsexpress.com"],"categoryId":74,"description":null,"isActive":true,"countryCodes":["US"],"averageBasketValue":1,"averageCommission":20.64,"averageConfirmationTime":null,"averageCancellationRate":null,"minimumCommission":12.6,"maximumCommission":12.6,"commissionRates":[{"fixedCommission":null,"percentageCommission":1.7999999999999998}],"trackingLink":"https://tatrck.com/h/0Hu30z9R0T0y","createdAt":"2023-12-13T11:22:41.978Z","updatedAt":"2024-08-23T15:01:40.572Z"},{"merchantId":118885,"name":"Fifthroom.com","imageUri":"https://monetizeamex.com/v3/120x60/2f63e8121ec0e40dd20a6bc9cedf07a4.png","currencyCode":"EUR","defaultDomain":"fifthroom.com","domains":["fifthroom.com"],"categoryId":74,"description":null,"isActive":true,"countryCodes":["US"],"averageBasketValue":452.7,"averageCommission":27.16,"averageConfirmationTime":null,"averageCancellationRate":null,"minimumCommission":26.61,"maximumCommission":26.61,"commissionRates":[{"fixedCommission":null,"percentageCommission":6}],"trackingLink":"https://tatrck.com/h/0Hu30z9R0T1b","createdAt":"2023-12-13T11:22:59.582Z","updatedAt":"2024-08-21T11:43:53.506Z"}]}