{"meta":{"next":199444},"data":[{"merchantId":198536,"name":"dogman.com","imageUri":"https://monetizeamex.com/v3/120x60/27496363c97ea3f8ed27b7535d5238fb.png","currencyCode":"EUR","defaultDomain":"dogman.com","domains":["dogman.com"],"categoryId":61,"description":null,"isActive":true,"countryCodes":["SE"],"averageBasketValue":36.84,"averageCommission":2.43,"averageConfirmationTime":1,"averageCancellationRate":null,"minimumCommission":0.36,"maximumCommission":11.53,"commissionRates":[],"trackingLink":"https://tatrck.com/h/0Hu30z9R0mU8","createdAt":"2023-12-13T18:12:05.876Z","updatedAt":"2024-08-21T11:45:23.168Z"},{"merchantId":198543,"name":"donaghybros.co.uk UK","imageUri":"https://monetizeamex.com/v3/120x60/5373db035b9768759230ea8ee4deb602.png","currencyCode":"EUR","defaultDomain":"donaghybros.co.uk","domains":["donaghybros.co.uk"],"categoryId":72,"description":null,"isActive":true,"countryCodes":["GB"],"averageBasketValue":224.87,"averageCommission":0.93,"averageConfirmationTime":null,"averageCancellationRate":null,"minimumCommission":0.54,"maximumCommission":1.75,"commissionRates":[],"trackingLink":"https://tatrck.com/h/0Hu30z9R0mUF","createdAt":"2023-12-13T18:12:08.981Z","updatedAt":"2024-08-21T11:43:36.629Z"},{"merchantId":198634,"name":"e-capcom.com JP","imageUri":"https://monetizeamex.com/v3/120x60/0b3646b889a8bc033dd874c4a2a7aaf3.png","currencyCode":"EUR","defaultDomain":"e-capcom.com","domains":["e-capcom.com"],"categoryId":21,"description":null,"isActive":true,"countryCodes":["OM"],"averageBasketValue":null,"averageCommission":null,"averageConfirmationTime":null,"averageCancellationRate":null,"minimumCommission":null,"maximumCommission":null,"commissionRates":[],"trackingLink":"https://tatrck.com/h/0Hu30z9R0mVg","createdAt":"2023-12-13T18:12:22.989Z","updatedAt":"2024-08-21T11:46:16.188Z"},{"merchantId":198641,"name":"e-styleaudio.nl NL","imageUri":"https://kqdxc4m5.de/logos_v2/120x60/c1433d79d3c00aa5b870d54d411656da.gif","currencyCode":"EUR","defaultDomain":"e-styleaudio.nl","domains":["e-styleaudio.nl"],"categoryId":72,"description":null,"isActive":true,"countryCodes":["NL"],"averageBasketValue":504.32,"averageCommission":6.61,"averageConfirmationTime":null,"averageCancellationRate":null,"minimumCommission":26.01,"maximumCommission":26.01,"commissionRates":[],"trackingLink":"https://tatrck.com/h/0Hu30z9R0mVn","createdAt":"2023-12-13T18:12:24.176Z","updatedAt":"2024-08-21T11:28:05.705Z"},{"merchantId":198661,"name":"ecokindpettreats.com US","imageUri":"https://kqdxc4m5.de/logos_v2/120x60/b9732f845de380831adea4de8982f45f.gif","currencyCode":"EUR","defaultDomain":"ecokindpettreats.com","domains":["ecokindpettreats.com"],"categoryId":61,"description":null,"isActive":true,"countryCodes":["US"],"averageBasketValue":51.45,"averageCommission":3.7,"averageConfirmationTime":1,"averageCancellationRate":null,"minimumCommission":1.65,"maximumCommission":5.74,"commissionRates":[{"fixedCommission":null,"percentageCommission":7.199999999999999}],"trackingLink":"https://tatrck.com/h/0Hu30z9R0mW5","createdAt":"2023-12-13T18:12:27.176Z","updatedAt":"2024-08-21T11:35:16.550Z"},{"merchantId":198695,"name":"electrobueno.com ES","imageUri":"https://kqdxc4m5.de/logos_v2/120x60/cf928e23343356b783e6075892816da5.gif","currencyCode":"EUR","defaultDomain":"electrobueno.com","domains":["electrobueno.com"],"categoryId":72,"description":null,"isActive":true,"countryCodes":["ES"],"averageBasketValue":447.57,"averageCommission":5.64,"averageConfirmationTime":null,"averageCancellationRate":null,"minimumCommission":null,"maximumCommission":null,"commissionRates":[{"fixedCommission":null,"percentageCommission":1.26}],"trackingLink":"https://tatrck.com/h/0Hu30z9R0mWd","createdAt":"2023-12-13T18:12:34.174Z","updatedAt":"2024-09-01T05:53:22.800Z"},{"merchantId":198719,"name":"eleonto.com DE","imageUri":"https://monetizeamex.com/v3/120x60/2d2bae6e8407908a31702d3c41ba2093.png","currencyCode":"EUR","defaultDomain":"eleonto.com","domains":["eleonto.com"],"categoryId":21,"description":null,"isActive":true,"countryCodes":["DE","FR"],"averageBasketValue":303.86,"averageCommission":7.32,"averageConfirmationTime":null,"averageCancellationRate":12.5,"minimumCommission":0.21,"maximumCommission":2.64,"commissionRates":[],"trackingLink":"https://tatrck.com/h/0Hu30z9R0mW_","createdAt":"2023-12-13T18:12:38.388Z","updatedAt":"2024-09-03T17:08:19.755Z"},{"merchantId":198732,"name":"elitesupps.com.au JP","imageUri":"https://monetizeamex.com/v3/120x60/b2aae92b899e8318e897e753a5df9427.png","currencyCode":"EUR","defaultDomain":"elitesupps.com.au","domains":["elitesupps.com.au"],"categoryId":67,"description":null,"isActive":true,"countryCodes":["AU"],"averageBasketValue":33.43,"averageCommission":1.62,"averageConfirmationTime":null,"averageCancellationRate":null,"minimumCommission":0.04,"maximumCommission":7.03,"commissionRates":[],"trackingLink":"https://tatrck.com/h/0Hu30z9R0mXC","createdAt":"2023-12-13T18:12:40.386Z","updatedAt":"2024-08-26T09:01:27.269Z"},{"merchantId":198784,"name":"epto.it IT","imageUri":"https://monetizeamex.com/v3/120x60/9888974e7fa6cdcdcf78b42154dbec0a.png","currencyCode":"EUR","defaultDomain":"epto.it","domains":["epto.it"],"categoryId":72,"description":null,"isActive":true,"countryCodes":["IT"],"averageBasketValue":1,"averageCommission":13.6,"averageConfirmationTime":null,"averageCancellationRate":33.3,"minimumCommission":31.62,"maximumCommission":31.62,"commissionRates":[],"trackingLink":"https://tatrck.com/h/0Hu30z9R0mY0","createdAt":"2023-12-13T18:12:47.268Z","updatedAt":"2024-08-21T11:43:20.591Z"},{"merchantId":198802,"name":"eshop.vistaexpert.it IT","imageUri":"https://monetizeamex.com/v3/120x60/4541878a342a66284d02ad3e29534e61.png","currencyCode":"EUR","defaultDomain":"vistaexpert.it","domains":["vistaexpert.it"],"categoryId":40,"description":null,"isActive":true,"countryCodes":["IT","GB","FR","DE"],"averageBasketValue":125.61,"averageCommission":8.96,"averageConfirmationTime":null,"averageCancellationRate":null,"minimumCommission":5.55,"maximumCommission":14.61,"commissionRates":[],"trackingLink":"https://tatrck.com/h/0Hu30z9R0mYI","createdAt":"2023-12-13T18:12:50.303Z","updatedAt":"2024-09-03T17:09:35.656Z"},{"merchantId":198850,"name":"expondo.at AT","imageUri":"https://monetizeamex.com/v3/120x60/fb506381145a7e028314045420b0845c.png","currencyCode":"EUR","defaultDomain":"expondo.at","domains":["expondo.at"],"categoryId":21,"description":null,"isActive":true,"countryCodes":["AT"],"averageBasketValue":200.97,"averageCommission":4.23,"averageConfirmationTime":58,"averageCancellationRate":2.6,"minimumCommission":0.38,"maximumCommission":33.15,"commissionRates":[],"trackingLink":"https://tatrck.com/h/0Hu30z9R0mZ2","createdAt":"2023-12-13T18:12:57.967Z","updatedAt":"2024-09-03T05:45:28.527Z"},{"merchantId":198851,"name":"expondo.be BE","imageUri":"https://monetizeamex.com/v3/120x60/44a225385b165353b080e0f40e23976f.png","currencyCode":"EUR","defaultDomain":"expondo.be","domains":["expondo.be"],"categoryId":21,"description":null,"isActive":true,"countryCodes":["NL","BE"],"averageBasketValue":142.24,"averageCommission":3.7,"averageConfirmationTime":58,"averageCancellationRate":16.7,"minimumCommission":2.96,"maximumCommission":2.96,"commissionRates":[],"trackingLink":"https://tatrck.com/h/0Hu30z9R0mZ3","createdAt":"2023-12-13T18:13:00.419Z","updatedAt":"2024-09-01T05:49:53.332Z"},{"merchantId":198853,"name":"expondo.cz CZ","imageUri":"https://monetizeamex.com/v3/120x60/f84893d41fa09deece19e1c20d725f4e.png","currencyCode":"EUR","defaultDomain":"expondo.cz","domains":["expondo.cz"],"categoryId":21,"description":null,"isActive":true,"countryCodes":["PL","CZ"],"averageBasketValue":227.16,"averageCommission":5.19,"averageConfirmationTime":null,"averageCancellationRate":null,"minimumCommission":0.43,"maximumCommission":23.99,"commissionRates":[],"trackingLink":"https://tatrck.com/h/0Hu30z9R0mZ5","createdAt":"2023-12-13T18:12:58.888Z","updatedAt":"2024-09-03T05:49:08.467Z"},{"merchantId":198855,"name":"expondo.de","imageUri":"https://monetizeamex.com/v3/120x60/2b5a22a5e38253a0d0fc0947fbc228e1.png","currencyCode":"EUR","defaultDomain":"expondo.de","domains":["expondo.de"],"categoryId":21,"description":null,"isActive":true,"countryCodes":["DE"],"averageBasketValue":242.93,"averageCommission":5.22,"averageConfirmationTime":52,"averageCancellationRate":2.4,"minimumCommission":0.39,"maximumCommission":59.29,"commissionRates":[],"trackingLink":"https://tatrck.com/h/0Hu30z9R0mZ7","createdAt":"2023-12-13T18:12:58.977Z","updatedAt":"2024-09-03T05:47:59.869Z"},{"merchantId":198857,"name":"expondo.dk DK","imageUri":"https://monetizeamex.com/v3/120x60/4fea091feb2246f56781032ad917adbf.png","currencyCode":"EUR","defaultDomain":"expondo.dk","domains":["expondo.dk"],"categoryId":50,"description":null,"isActive":true,"countryCodes":["DK"],"averageBasketValue":197.75,"averageCommission":4.15,"averageConfirmationTime":null,"averageCancellationRate":null,"minimumCommission":0.4,"maximumCommission":80.01,"commissionRates":[],"trackingLink":"https://tatrck.com/h/0Hu30z9R0mZ9","createdAt":"2023-12-13T18:12:59.083Z","updatedAt":"2024-09-01T05:47:21.223Z"},{"merchantId":198858,"name":"expondo.es ES","imageUri":"https://monetizeamex.com/v3/120x60/faeb5fb6b668cf7193cdaa673737a252.png","currencyCode":"EUR","defaultDomain":"expondo.es","domains":["expondo.es"],"categoryId":50,"description":null,"isActive":true,"countryCodes":["ES"],"averageBasketValue":171.49,"averageCommission":7.2,"averageConfirmationTime":null,"averageCancellationRate":null,"minimumCommission":15.2,"maximumCommission":15.2,"commissionRates":[],"trackingLink":"https://tatrck.com/h/0Hu30z9R0mZA","createdAt":"2023-12-13T18:12:59.995Z","updatedAt":"2024-08-28T05:50:45.439Z"},{"merchantId":198859,"name":"expondo.fi FI","imageUri":"https://monetizeamex.com/v3/120x60/734d264a504cd8f14eaa2bedb37255b6.png","currencyCode":"EUR","defaultDomain":"expondo.fi","domains":["expondo.fi"],"categoryId":21,"description":null,"isActive":true,"countryCodes":["FI"],"averageBasketValue":170.14,"averageCommission":3.46,"averageConfirmationTime":30,"averageCancellationRate":12.5,"minimumCommission":1.72,"maximumCommission":15.22,"commissionRates":[],"trackingLink":"https://tatrck.com/h/0Hu30z9R0mZB","createdAt":"2023-12-13T18:12:59.978Z","updatedAt":"2024-08-21T11:26:09.901Z"},{"merchantId":198860,"name":"expondo.fr FR","imageUri":"https://monetizeamex.com/v3/120x60/532b84de8b242d9e7c94baef27c79db1.png","currencyCode":"EUR","defaultDomain":"expondo.fr","domains":["expondo.fr"],"categoryId":50,"description":null,"isActive":true,"countryCodes":["FR"],"averageBasketValue":259.25,"averageCommission":9.15,"averageConfirmationTime":8,"averageCancellationRate":5.7,"minimumCommission":0.81,"maximumCommission":179.62,"commissionRates":[],"trackingLink":"https://tatrck.com/h/0Hu30z9R0mZC","createdAt":"2023-12-13T18:12:59.883Z","updatedAt":"2024-09-03T05:51:03.993Z"},{"merchantId":198861,"name":"expondo.hu HU","imageUri":"https://monetizeamex.com/v3/120x60/1f9ff58b25568e35e2db2c5094a51f71.png","currencyCode":"EUR","defaultDomain":"expondo.hu","domains":["expondo.hu"],"categoryId":50,"description":null,"isActive":true,"countryCodes":["PL","HU"],"averageBasketValue":127.25,"averageCommission":3.1,"averageConfirmationTime":null,"averageCancellationRate":null,"minimumCommission":0.9,"maximumCommission":4.36,"commissionRates":[],"trackingLink":"https://tatrck.com/h/0Hu30z9R0mZD","createdAt":"2023-12-13T18:13:01.475Z","updatedAt":"2024-08-31T05:56:00.995Z"},{"merchantId":198863,"name":"expondo.nl NL","imageUri":"https://monetizeamex.com/v3/120x60/ca3c2a14108aedf446bb67ac3134fe74.png","currencyCode":"EUR","defaultDomain":"expondo.nl","domains":["expondo.nl"],"categoryId":21,"description":null,"isActive":true,"countryCodes":["NL"],"averageBasketValue":172.08,"averageCommission":6.36,"averageConfirmationTime":null,"averageCancellationRate":null,"minimumCommission":3.83,"maximumCommission":6.9,"commissionRates":[],"trackingLink":"https://tatrck.com/h/0Hu30z9R0mZF","createdAt":"2023-12-13T18:13:01.377Z","updatedAt":"2024-08-21T11:39:06.124Z"},{"merchantId":198865,"name":"expondo.se SE","imageUri":"https://monetizeamex.com/v3/120x60/824e06fae82382a59290e97be2526303.png","currencyCode":"EUR","defaultDomain":"expondo.se","domains":["expondo.se"],"categoryId":50,"description":null,"isActive":true,"countryCodes":["SE"],"averageBasketValue":155.57,"averageCommission":3.21,"averageConfirmationTime":null,"averageCancellationRate":null,"minimumCommission":0.69,"maximumCommission":0.69,"commissionRates":[],"trackingLink":"https://tatrck.com/h/0Hu30z9R0mZH","createdAt":"2023-12-13T18:13:03.172Z","updatedAt":"2024-08-21T11:28:06.828Z"},{"merchantId":198907,"name":"farmaciamato.it IT","imageUri":"https://monetizeamex.com/v3/120x60/04a2cf3733e50ebd39ee573e49fe8456.png","currencyCode":"EUR","defaultDomain":"farmaciamato.it","domains":["farmaciamato.it"],"categoryId":27,"description":null,"isActive":true,"countryCodes":["IT"],"averageBasketValue":40.36,"averageCommission":1.21,"averageConfirmationTime":4,"averageCancellationRate":null,"minimumCommission":0.85,"maximumCommission":0.85,"commissionRates":[],"trackingLink":"https://tatrck.com/h/0Hu30z9R0mZx","createdAt":"2023-12-13T18:13:07.270Z","updatedAt":"2024-08-21T11:46:24.668Z"},{"merchantId":198913,"name":"farmacieravenna.com IT","imageUri":"https://monetizeamex.com/v3/120x60/b49f6eba53336c1b3161d408b4732d85.png","currencyCode":"EUR","defaultDomain":"farmacieravenna.com","domains":["farmacieravenna.com"],"categoryId":28,"description":null,"isActive":true,"countryCodes":["IT"],"averageBasketValue":52.22,"averageCommission":1.97,"averageConfirmationTime":1,"averageCancellationRate":16.9,"minimumCommission":1.66,"maximumCommission":4.84,"commissionRates":[],"trackingLink":"https://tatrck.com/h/0Hu30z9R0ma1","createdAt":"2023-12-13T18:13:09.201Z","updatedAt":"2024-08-24T05:51:06.135Z"},{"merchantId":198989,"name":"feltpaperscissors.com US","imageUri":"https://monetizeamex.com/v3/120x60/4e7adb492a0cd6771d265e50562e8a24.png","currencyCode":"EUR","defaultDomain":"feltpaperscissors.com","domains":["feltpaperscissors.com"],"categoryId":82,"description":null,"isActive":true,"countryCodes":["US"],"averageBasketValue":50.27,"averageCommission":1.5,"averageConfirmationTime":null,"averageCancellationRate":null,"minimumCommission":0.17,"maximumCommission":4.71,"commissionRates":[{"fixedCommission":null,"percentageCommission":3}],"trackingLink":"https://tatrck.com/h/0Hu30z9R0mbD","createdAt":"2023-12-13T18:13:23.178Z","updatedAt":"2024-09-03T05:47:28.196Z"},{"merchantId":198991,"name":"fera24.de DE","imageUri":"https://monetizeamex.com/v3/120x60/29ebc42916835a9e7adcdb0fe6ea3c3c.png","currencyCode":"EUR","defaultDomain":"fera24.de","domains":["fera24.de"],"categoryId":21,"description":null,"isActive":true,"countryCodes":["DE"],"averageBasketValue":58.79,"averageCommission":1.41,"averageConfirmationTime":58,"averageCancellationRate":1,"minimumCommission":0.29,"maximumCommission":5.72,"commissionRates":[],"trackingLink":"https://tatrck.com/h/0Hu30z9R0mbF","createdAt":"2023-12-13T18:13:23.678Z","updatedAt":"2024-09-03T17:07:40.949Z"},{"merchantId":199037,"name":"flexfits.com US","imageUri":"https://monetizeamex.com/v3/120x60/68f477687c56373a3c61d6826c5bcbe8.png","currencyCode":"EUR","defaultDomain":"flexfits.com","domains":["flexfits.com"],"categoryId":28,"description":null,"isActive":true,"countryCodes":["US"],"averageBasketValue":39.78,"averageCommission":0.34,"averageConfirmationTime":null,"averageCancellationRate":null,"minimumCommission":0.17,"maximumCommission":0.25,"commissionRates":[{"fixedCommission":null,"percentageCommission":0.48}],"trackingLink":"https://tatrck.com/h/0Hu30z9R0mbz","createdAt":"2023-12-13T18:13:31.083Z","updatedAt":"2024-08-21T11:29:44.403Z"},{"merchantId":199097,"name":"freepeople.com US","imageUri":"https://monetizeamex.com/v3/120x60/a1737213f10d53d8f390f81b3e01b906.png","currencyCode":"EUR","defaultDomain":"freepeople.com","domains":["freepeople.com"],"categoryId":40,"description":null,"isActive":true,"countryCodes":["FR","NL","GB"],"averageBasketValue":11.4,"averageCommission":0.27,"averageConfirmationTime":1,"averageCancellationRate":null,"minimumCommission":0.1,"maximumCommission":7.38,"commissionRates":[{"fixedCommission":null,"percentageCommission":3},{"fixedCommission":null,"percentageCommission":0.96}],"trackingLink":"https://tatrck.com/h/0Hu30z9R0mcv","createdAt":"2023-12-13T18:13:42.904Z","updatedAt":"2024-09-03T17:04:06.088Z"},{"merchantId":199100,"name":"FreshCap Mushrooms US","imageUri":"https://monetizeamex.com/v3/120x60/afd576903a9fb4692e89f39f325eae9b.png","currencyCode":"EUR","defaultDomain":"freshcap.com","domains":["freshcap.com"],"categoryId":35,"description":null,"isActive":true,"countryCodes":["US"],"averageBasketValue":55.68,"averageCommission":1.66,"averageConfirmationTime":null,"averageCancellationRate":null,"minimumCommission":0.72,"maximumCommission":1.32,"commissionRates":[],"trackingLink":"https://tatrck.com/h/0Hu30z9R0mcy","createdAt":"2023-12-13T18:13:42.977Z","updatedAt":"2024-08-15T09:11:08.960Z"},{"merchantId":199172,"name":"geekmall.com IT","imageUri":"https://monetizeamex.com/v3/120x60/805f829bc0580629f465c6fe076f4813.png","currencyCode":"EUR","defaultDomain":"geekmall.com","domains":["geekmall.com"],"categoryId":72,"description":null,"isActive":true,"countryCodes":["IT"],"averageBasketValue":348.46,"averageCommission":8.02,"averageConfirmationTime":null,"averageCancellationRate":null,"minimumCommission":7.58,"maximumCommission":7.58,"commissionRates":[{"fixedCommission":null,"percentageCommission":2.25},{"fixedCommission":null,"percentageCommission":2.6999999999999997}],"trackingLink":"https://tatrck.com/h/0Hu30z9R0me4","createdAt":"2023-12-13T18:13:56.472Z","updatedAt":"2024-08-26T05:51:17.163Z"},{"merchantId":199175,"name":"geers.de DE","imageUri":"https://monetizeamex.com/v3/120x60/5208f509ccfbe87b597ed3678f5595c9.png","currencyCode":"EUR","defaultDomain":"shop.geers.de","domains":["geers.de","shop.geers.de"],"categoryId":68,"description":null,"isActive":true,"countryCodes":["DE"],"averageBasketValue":null,"averageCommission":null,"averageConfirmationTime":null,"averageCancellationRate":null,"minimumCommission":null,"maximumCommission":null,"commissionRates":[],"trackingLink":"https://tatrck.com/h/0Hu30z9R0me7","createdAt":"2023-12-13T18:13:55.775Z","updatedAt":"2024-09-03T17:08:41.277Z"},{"merchantId":199214,"name":"Gina Tricot","imageUri":"https://monetizeamex.com/v3/120x60/3cd44b549f0c5f7e96c27abbb1baff88.png","currencyCode":"EUR","defaultDomain":"ginatricot.com","domains":["ginatricot.com"],"categoryId":40,"description":null,"isActive":true,"countryCodes":["DE"],"averageBasketValue":5,"averageCommission":3.9,"averageConfirmationTime":null,"averageCancellationRate":null,"minimumCommission":3.12,"maximumCommission":3.97,"commissionRates":[],"trackingLink":"https://tatrck.com/h/0Hu30z9R0mek","createdAt":"2023-12-13T18:14:02.476Z","updatedAt":"2024-08-31T05:49:41.239Z"},{"merchantId":199278,"name":"griffi.it IT","imageUri":"https://monetizeamex.com/v3/120x60/187bf3f4a76a538c54b78cae5ad4bad8.png","currencyCode":"EUR","defaultDomain":"griffi.it","domains":["griffi.it"],"categoryId":21,"description":null,"isActive":true,"countryCodes":["IT"],"averageBasketValue":53.28,"averageCommission":4.17,"averageConfirmationTime":null,"averageCancellationRate":null,"minimumCommission":4.17,"maximumCommission":4.17,"commissionRates":[],"trackingLink":"https://tatrck.com/h/0Hu30z9R0mfk","createdAt":"2023-12-13T18:14:13.888Z","updatedAt":"2024-09-03T17:08:06.778Z"},{"merchantId":199307,"name":"gunze-store.jp JP","imageUri":"https://monetizeamex.com/v3/120x60/50c9cabec412bcd82d537aab06e4558d.png","currencyCode":"EUR","defaultDomain":"gunze-store.jp","domains":["gunze-store.jp"],"categoryId":40,"description":null,"isActive":true,"countryCodes":["JP"],"averageBasketValue":null,"averageCommission":null,"averageConfirmationTime":null,"averageCancellationRate":null,"minimumCommission":null,"maximumCommission":null,"commissionRates":[],"trackingLink":"https://tatrck.com/h/0Hu30z9R0mgB","createdAt":"2023-12-13T18:14:21.182Z","updatedAt":"2024-08-21T11:39:19.912Z"},{"merchantId":199349,"name":"happy-garden.fr FR","imageUri":"https://monetizeamex.com/v3/120x60/397c33b11519a237f2c4423c2756ef8f.png","currencyCode":"EUR","defaultDomain":"happy-garden.fr","domains":["happy-garden.fr"],"categoryId":34,"description":null,"isActive":true,"countryCodes":["FR"],"averageBasketValue":null,"averageCommission":8.85,"averageConfirmationTime":null,"averageCancellationRate":null,"minimumCommission":0.99,"maximumCommission":21.19,"commissionRates":[],"trackingLink":"https://tatrck.com/h/0Hu30z9R0mgr","createdAt":"2023-12-13T18:14:29.367Z","updatedAt":"2024-08-22T11:06:23.783Z"},{"merchantId":199355,"name":"hartsofstur.com UK","imageUri":"https://monetizeamex.com/v3/120x60/aa6dba602edb5976f6b793ebd39cf829.png","currencyCode":"EUR","defaultDomain":"hartsofstur.com","domains":["hartsofstur.com"],"categoryId":72,"description":null,"isActive":true,"countryCodes":["GB"],"averageBasketValue":82.11,"averageCommission":1.99,"averageConfirmationTime":57,"averageCancellationRate":0.5,"minimumCommission":0.03,"maximumCommission":45.39,"commissionRates":[],"trackingLink":"https://tatrck.com/h/0Hu30z9R0mgx","createdAt":"2023-12-13T18:14:29.275Z","updatedAt":"2024-09-03T17:08:54.150Z"},{"merchantId":199356,"name":"hasznos-holmik.hu HU","imageUri":"https://monetizeamex.com/v3/120x60/0ae96f925c5c6f08b2e42826e8733736.png","currencyCode":"EUR","defaultDomain":"hasznos-holmik.hu","domains":["hasznos-holmik.hu"],"categoryId":21,"description":null,"isActive":true,"countryCodes":["HU"],"averageBasketValue":27.24,"averageCommission":1.48,"averageConfirmationTime":null,"averageCancellationRate":null,"minimumCommission":0.24,"maximumCommission":4.84,"commissionRates":[{"fixedCommission":null,"percentageCommission":5.46}],"trackingLink":"https://tatrck.com/h/0Hu30z9R0mgy","createdAt":"2023-12-13T18:14:30.075Z","updatedAt":"2024-08-22T05:55:14.216Z"},{"merchantId":199388,"name":"hema.com DE","imageUri":"https://monetizeamex.com/v3/120x60/4369851228c0cb21afc2bf086e823a08.png","currencyCode":"EUR","defaultDomain":"hema.com","domains":["hema.com"],"categoryId":21,"description":null,"isActive":true,"countryCodes":["FR"],"averageBasketValue":32.39,"averageCommission":0.19,"averageConfirmationTime":6,"averageCancellationRate":1,"minimumCommission":0.01,"maximumCommission":1.96,"commissionRates":[],"trackingLink":"https://tatrck.com/h/0Hu30z9R0mhS","createdAt":"2023-12-13T18:14:36.372Z","updatedAt":"2024-09-03T05:45:16.366Z"}]}