{"meta":{"next":185010},"data":[{"merchantId":184138,"name":"Calista Tools US","imageUri":"https://kqdxc4m5.de/logos_v2/120x60/d0402408d3e5241df8efa5c16c59791b.gif","currencyCode":"EUR","defaultDomain":"calistatools.com","domains":["calistatools.com"],"categoryId":28,"description":null,"isActive":true,"countryCodes":["US"],"averageBasketValue":48.29,"averageCommission":1.44,"averageConfirmationTime":null,"averageCancellationRate":null,"minimumCommission":null,"maximumCommission":null,"commissionRates":[{"fixedCommission":null,"percentageCommission":3}],"trackingLink":"https://tatrck.com/h/0Hu30z9R0izA","createdAt":"2023-12-13T17:13:38.787Z","updatedAt":"2024-09-01T05:24:07.802Z"},{"merchantId":184143,"name":"Hofdeco US","imageUri":"https://kqdxc4m5.de/logos_v2/120x60/315680496466b6f94498b10ce86f9339.gif","currencyCode":"EUR","defaultDomain":"hofdeco.com","domains":["hofdeco.com"],"categoryId":74,"description":null,"isActive":true,"countryCodes":["US"],"averageBasketValue":null,"averageCommission":null,"averageConfirmationTime":null,"averageCancellationRate":null,"minimumCommission":null,"maximumCommission":null,"commissionRates":[{"fixedCommission":null,"percentageCommission":6}],"trackingLink":"https://tatrck.com/h/0Hu30z9R0izF","createdAt":"2023-12-13T17:13:41.666Z","updatedAt":"2024-08-21T11:42:25.045Z"},{"merchantId":184144,"name":"Job Ready Programmer Inc. US","imageUri":"https://kqdxc4m5.de/logos_v2/120x60/1469cdfc0a70b5566a4c1ff4a66766c2.gif","currencyCode":"EUR","defaultDomain":"jobreadyprogrammer.com","domains":["jobreadyprogrammer.com"],"categoryId":44,"description":null,"isActive":true,"countryCodes":["US"],"averageBasketValue":123.2,"averageCommission":7.38,"averageConfirmationTime":null,"averageCancellationRate":null,"minimumCommission":2.04,"maximumCommission":12.73,"commissionRates":[{"fixedCommission":null,"percentageCommission":4.8},{"fixedCommission":null,"percentageCommission":6}],"trackingLink":"https://tatrck.com/h/0Hu30z9R0izG","createdAt":"2023-12-13T17:13:41.692Z","updatedAt":"2024-08-23T15:02:09.709Z"},{"merchantId":184149,"name":"My Lala Leggings US","imageUri":"https://kqdxc4m5.de/logos_v2/120x60/fe8ba503c3235425d7671787b8f61337.gif","currencyCode":"EUR","defaultDomain":"mylalaleggings.com","domains":["mylalaleggings.com"],"categoryId":40,"description":null,"isActive":true,"countryCodes":["US"],"averageBasketValue":null,"averageCommission":null,"averageConfirmationTime":null,"averageCancellationRate":null,"minimumCommission":null,"maximumCommission":null,"commissionRates":[{"fixedCommission":null,"percentageCommission":6}],"trackingLink":"https://tatrck.com/h/0Hu30z9R0izL","createdAt":"2023-12-13T17:13:42.767Z","updatedAt":"2024-08-21T11:41:20.641Z"},{"merchantId":184152,"name":"P R I M A U R A US","imageUri":"https://kqdxc4m5.de/logos_v2/120x60/6367f10e1de37239fee477f4be71e344.gif","currencyCode":"EUR","defaultDomain":"primaura.us","domains":["primaura.us"],"categoryId":40,"description":null,"isActive":true,"countryCodes":["US"],"averageBasketValue":null,"averageCommission":null,"averageConfirmationTime":null,"averageCancellationRate":null,"minimumCommission":null,"maximumCommission":null,"commissionRates":[{"fixedCommission":null,"percentageCommission":12}],"trackingLink":"https://tatrck.com/h/0Hu30z9R0izO","createdAt":"2023-12-13T17:13:43.880Z","updatedAt":"2024-08-21T11:30:18.126Z"},{"merchantId":184154,"name":"PHONE NUMBER EXPERT US","imageUri":"https://monetizeamex.com/v3/120x60/b0507a215ca02dc24460e151889c9d70.png","currencyCode":"EUR","defaultDomain":"phonenumberexpert.com","domains":["phonenumberexpert.com"],"categoryId":58,"description":null,"isActive":true,"countryCodes":["US"],"averageBasketValue":null,"averageCommission":null,"averageConfirmationTime":null,"averageCancellationRate":null,"minimumCommission":null,"maximumCommission":null,"commissionRates":[{"fixedCommission":null,"percentageCommission":12}],"trackingLink":"https://tatrck.com/h/0Hu30z9R0izQ","createdAt":"2023-12-13T17:13:44.465Z","updatedAt":"2024-08-21T11:31:10.995Z"},{"merchantId":184159,"name":"Shewin.com US","imageUri":"https://monetizeamex.com/v3/120x60/36a41af9dff732b553cea71381401003.png","currencyCode":"EUR","defaultDomain":"shewin.com","domains":["shewin.com"],"categoryId":40,"description":null,"isActive":true,"countryCodes":["US"],"averageBasketValue":670.93,"averageCommission":40.25,"averageConfirmationTime":null,"averageCancellationRate":42.1,"minimumCommission":3.17,"maximumCommission":25.72,"commissionRates":[{"fixedCommission":null,"percentageCommission":6}],"trackingLink":"https://tatrck.com/h/0Hu30z9R0izV","createdAt":"2023-12-13T17:13:46.266Z","updatedAt":"2024-09-02T05:45:16.025Z"},{"merchantId":184162,"name":"Stegmann Clogs US","imageUri":"https://kqdxc4m5.de/logos_v2/120x60/e0413e441db7dd3a56e8caaaf152d553.gif","currencyCode":"EUR","defaultDomain":"stegmannusa.com","domains":["stegmannusa.com"],"categoryId":40,"description":null,"isActive":true,"countryCodes":["US"],"averageBasketValue":125.06,"averageCommission":2.1,"averageConfirmationTime":10,"averageCancellationRate":null,"minimumCommission":0.46,"maximumCommission":2.46,"commissionRates":[{"fixedCommission":null,"percentageCommission":2.4}],"trackingLink":"https://tatrck.com/h/0Hu30z9R0izY","createdAt":"2023-12-13T17:13:46.686Z","updatedAt":"2024-08-29T05:29:25.830Z"},{"merchantId":184164,"name":"ublins.com US","imageUri":"https://kqdxc4m5.de/logos_v2/120x60/13ff8d5bcce4ebc2104125ba858cb3b2.gif","currencyCode":"EUR","defaultDomain":"ublins.com","domains":["ublins.com"],"categoryId":40,"description":null,"isActive":true,"countryCodes":["US"],"averageBasketValue":46.24,"averageCommission":3.32,"averageConfirmationTime":10,"averageCancellationRate":null,"minimumCommission":0.48,"maximumCommission":0.48,"commissionRates":[{"fixedCommission":null,"percentageCommission":7.199999999999999}],"trackingLink":"https://tatrck.com/h/0Hu30z9R0iza","createdAt":"2023-12-13T17:13:48.496Z","updatedAt":"2024-08-21T11:35:14.190Z"},{"merchantId":184168,"name":"Weblium.com US","imageUri":"https://kqdxc4m5.de/logos_v2/120x60/bbfa8dbc318f69d6d7358d607cf115fc.gif","currencyCode":"EUR","defaultDomain":"weblium.com","domains":["weblium.com"],"categoryId":41,"description":null,"isActive":true,"countryCodes":["US"],"averageBasketValue":3.44,"averageCommission":0.73,"averageConfirmationTime":3,"averageCancellationRate":null,"minimumCommission":1.6,"maximumCommission":20.38,"commissionRates":[{"fixedCommission":0,"percentageCommission":null},{"fixedCommission":null,"percentageCommission":21}],"trackingLink":"https://tatrck.com/h/0Hu30z9R0ize","createdAt":"2023-12-13T17:13:50.570Z","updatedAt":"2024-09-01T05:24:06.389Z"},{"merchantId":184174,"name":"Altura Cycling UK","imageUri":"https://monetizeamex.com/v3/120x60/cf3ed912fbd337861c1fcfed242938d8.png","currencyCode":"EUR","defaultDomain":"altura.co.uk","domains":["altura.co.uk"],"categoryId":59,"description":null,"isActive":true,"countryCodes":["GB"],"averageBasketValue":46.73,"averageCommission":1.68,"averageConfirmationTime":null,"averageCancellationRate":null,"minimumCommission":0.29,"maximumCommission":15.24,"commissionRates":[{"fixedCommission":null,"percentageCommission":3.5999999999999996}],"trackingLink":"https://tatrck.com/h/0Hu30z9R0izk","createdAt":"2023-12-13T17:13:51.364Z","updatedAt":"2024-08-30T05:26:43.341Z"},{"merchantId":184177,"name":"Autumn and May UK","imageUri":"https://monetizeamex.com/v3/120x60/2d5e34ad414c65908055e46791ee2635.png","currencyCode":"EUR","defaultDomain":"autumnandmay.co.uk","domains":["autumnandmay.co.uk"],"categoryId":73,"description":null,"isActive":true,"countryCodes":["GB"],"averageBasketValue":33.42,"averageCommission":1.6,"averageConfirmationTime":6,"averageCancellationRate":null,"minimumCommission":1.84,"maximumCommission":1.84,"commissionRates":[],"trackingLink":"https://tatrck.com/h/0Hu30z9R0izn","createdAt":"2023-12-13T17:13:52.468Z","updatedAt":"2024-09-03T17:08:10.993Z"},{"merchantId":184180,"name":"Dean Morris Cards UK","imageUri":"https://monetizeamex.com/v3/120x60/380f81dfc99341b0a995c1c4fa5baa0f.png","currencyCode":"EUR","defaultDomain":"deanmorriscards.co.uk","domains":["deanmorriscards.co.uk"],"categoryId":47,"description":null,"isActive":true,"countryCodes":["GB"],"averageBasketValue":7.42,"averageCommission":0.88,"averageConfirmationTime":28,"averageCancellationRate":null,"minimumCommission":null,"maximumCommission":null,"commissionRates":[],"trackingLink":"https://tatrck.com/h/0Hu30z9R0izq","createdAt":"2023-12-13T17:13:52.766Z","updatedAt":"2024-09-03T17:08:37.873Z"},{"merchantId":184188,"name":"Sex Superstore UK","imageUri":"https://monetizeamex.com/v3/120x60/cea8172b1a561e0f1e31a783021f7a26.png","currencyCode":"EUR","defaultDomain":"sexsuperstore.co.uk","domains":["sexsuperstore.co.uk"],"categoryId":60,"description":null,"isActive":true,"countryCodes":["GB"],"averageBasketValue":54.6,"averageCommission":3.27,"averageConfirmationTime":null,"averageCancellationRate":33.3,"minimumCommission":1,"maximumCommission":4.8,"commissionRates":[{"fixedCommission":null,"percentageCommission":6}],"trackingLink":"https://tatrck.com/h/0Hu30z9R0izy","createdAt":"2023-12-13T17:13:55.283Z","updatedAt":"2024-08-15T09:08:21.224Z"},{"merchantId":184195,"name":"Bullstrap Affiliate Program","imageUri":"https://kqdxc4m5.de/logos_v2/120x60/07e1a48419b39cc4956fa51ef9f101f2.gif","currencyCode":"EUR","defaultDomain":"bullstrap.co","domains":["bullstrap.co"],"categoryId":40,"description":null,"isActive":true,"countryCodes":["US"],"averageBasketValue":null,"averageCommission":null,"averageConfirmationTime":null,"averageCancellationRate":null,"minimumCommission":null,"maximumCommission":null,"commissionRates":[],"trackingLink":"https://tatrck.com/h/0Hu30z9R0i-3","createdAt":"2023-12-13T17:13:58.364Z","updatedAt":"2024-08-23T15:04:33.061Z"},{"merchantId":184196,"name":"Roofing Supplies UK","imageUri":"https://kqdxc4m5.de/logos_v2/120x60/a8705ee8f9931d87f81c87e013869f05.gif","currencyCode":"EUR","defaultDomain":"roofingsuppliesuk.co.uk","domains":["roofingsuppliesuk.co.uk"],"categoryId":72,"description":null,"isActive":true,"countryCodes":["GB"],"averageBasketValue":null,"averageCommission":null,"averageConfirmationTime":null,"averageCancellationRate":null,"minimumCommission":null,"maximumCommission":null,"commissionRates":[],"trackingLink":"https://tatrck.com/h/0Hu30z9R0i-4","createdAt":"2023-12-13T17:13:58.397Z","updatedAt":"2024-08-23T15:01:33.222Z"},{"merchantId":184199,"name":"Kaiser Kraft- Tutto per lAzienda IT","imageUri":"https://monetizeamex.com/v3/120x60/d4c4e97a4d17b2a617a90de2bfda25ea.png","currencyCode":"EUR","defaultDomain":"kaiserkraft.it","domains":["kaiserkraft.it"],"categoryId":70,"description":null,"isActive":true,"countryCodes":["IT"],"averageBasketValue":null,"averageCommission":null,"averageConfirmationTime":null,"averageCancellationRate":null,"minimumCommission":null,"maximumCommission":null,"commissionRates":[],"trackingLink":"https://tatrck.com/h/0Hu30z9R0i-7","createdAt":"2023-12-13T17:13:59.572Z","updatedAt":"2024-09-03T17:08:39.056Z"},{"merchantId":184202,"name":"1stopflorists US","imageUri":"https://kqdxc4m5.de/logos_v2/120x60/738133585eec603d9236713620fcbd33.gif","currencyCode":"EUR","defaultDomain":"1stopflorists.com","domains":["1stopflorists.com"],"categoryId":47,"description":null,"isActive":true,"countryCodes":["US"],"averageBasketValue":null,"averageCommission":null,"averageConfirmationTime":null,"averageCancellationRate":null,"minimumCommission":null,"maximumCommission":null,"commissionRates":[],"trackingLink":"https://tatrck.com/h/0Hu30z9R0i-A","createdAt":"2023-12-13T17:13:59.599Z","updatedAt":"2024-08-23T15:04:21.125Z"},{"merchantId":184204,"name":"24S Worldwide (APAC/EU/US)","imageUri":"https://monetizeamex.com/v3/120x60/9956340ec2bc5a529a808b0c86362801.png","currencyCode":"EUR","defaultDomain":"24s.com","domains":["24s.com"],"categoryId":40,"description":null,"isActive":true,"countryCodes":["AT","BE","BG","CY","CZ","DE","DK","EE","ES","FI","FR","GB","GR","HR","HU","IE","IT","LT","LU","LV","MT","NL","PL","PT","RO","SE","SI","SK","US"],"averageBasketValue":280.59,"averageCommission":9.63,"averageConfirmationTime":null,"averageCancellationRate":8.3,"minimumCommission":1.68,"maximumCommission":51.58,"commissionRates":[],"trackingLink":"https://tatrck.com/h/0Hu30z9R0i-C","createdAt":"2023-12-13T17:14:01.892Z","updatedAt":"2024-09-03T17:05:13.805Z"},{"merchantId":184220,"name":"Academy Sports + Outdoor US","imageUri":"https://monetizeamex.com/v3/120x60/9160ed05b501da255f0ce935b529efca.png","currencyCode":"EUR","defaultDomain":"academy.com","domains":["academy.com"],"categoryId":55,"description":null,"isActive":true,"countryCodes":["US"],"averageBasketValue":113.69,"averageCommission":0.18,"averageConfirmationTime":null,"averageCancellationRate":null,"minimumCommission":0.01,"maximumCommission":2.19,"commissionRates":[{"fixedCommission":null,"percentageCommission":0.48}],"trackingLink":"https://tatrck.com/h/0Hu30z9R0i-S","createdAt":"2023-12-13T17:14:02.973Z","updatedAt":"2024-09-03T05:52:21.537Z"},{"merchantId":184221,"name":"Ace Cash Express US","imageUri":"https://kqdxc4m5.de/logos_v2/120x60/1d9bbb0521e8552dc31dcbce952d8e6c.gif","currencyCode":"EUR","defaultDomain":"acecashexpress.com","domains":["acecashexpress.com"],"categoryId":66,"description":null,"isActive":true,"countryCodes":["US"],"averageBasketValue":null,"averageCommission":0.81,"averageConfirmationTime":null,"averageCancellationRate":null,"minimumCommission":0.81,"maximumCommission":0.82,"commissionRates":[{"fixedCommission":0.96,"percentageCommission":null}],"trackingLink":"https://tatrck.com/h/0Hu30z9R0i-T","createdAt":"2023-12-13T17:14:03.765Z","updatedAt":"2024-08-30T05:57:08.322Z"},{"merchantId":184222,"name":"Acorns - Invest Spare Change US","imageUri":"https://monetizeamex.com/v3/120x60/7ef4a545621e6b7d67ae77707021c888.png","currencyCode":"EUR","defaultDomain":"acorns.com","domains":["acorns.com"],"categoryId":66,"description":null,"isActive":true,"countryCodes":["US"],"averageBasketValue":0.81,"averageCommission":1.67,"averageConfirmationTime":58,"averageCancellationRate":null,"minimumCommission":24.07,"maximumCommission":24.16,"commissionRates":[{"fixedCommission":36,"percentageCommission":null}],"trackingLink":"https://tatrck.com/h/0Hu30z9R0i-U","createdAt":"2023-12-13T17:14:04.276Z","updatedAt":"2024-08-28T06:00:02.719Z"},{"merchantId":184224,"name":"Adam & Eve US","imageUri":"https://monetizeamex.com/v3/120x60/f3d9ed0913de98ca763828fee0739ead.png","currencyCode":"EUR","defaultDomain":"adamandeve.com","domains":["adamandeve.com"],"categoryId":60,"description":null,"isActive":true,"countryCodes":["US"],"averageBasketValue":null,"averageCommission":null,"averageConfirmationTime":null,"averageCancellationRate":null,"minimumCommission":null,"maximumCommission":null,"commissionRates":[],"trackingLink":"https://tatrck.com/h/0Hu30z9R0i-W","createdAt":"2023-12-13T17:14:05.177Z","updatedAt":"2024-08-21T11:46:07.331Z"},{"merchantId":184227,"name":"Adrop.cz US","imageUri":"https://monetizeamex.com/v3/120x60/1a1a57c0e4a67bf1d893113ebad87a49.png","currencyCode":"EUR","defaultDomain":"adrop.cz","domains":["adrop.cz"],"categoryId":47,"description":null,"isActive":true,"countryCodes":["CZ"],"averageBasketValue":139.99,"averageCommission":10.08,"averageConfirmationTime":null,"averageCancellationRate":null,"minimumCommission":4.19,"maximumCommission":4.19,"commissionRates":[],"trackingLink":"https://tatrck.com/h/0Hu30z9R0i-Z","createdAt":"2023-12-13T17:14:05.094Z","updatedAt":"2024-08-15T09:08:22.383Z"},{"merchantId":184242,"name":"Alexandre Birman US","imageUri":"https://kqdxc4m5.de/logos_v2/120x60/4b7e4df010979adcc101d8e2e1e3a844.gif","currencyCode":"EUR","defaultDomain":"alexandrebirman.com","domains":["alexandrebirman.com"],"categoryId":40,"description":null,"isActive":true,"countryCodes":["US"],"averageBasketValue":null,"averageCommission":null,"averageConfirmationTime":null,"averageCancellationRate":null,"minimumCommission":0.06,"maximumCommission":0.06,"commissionRates":[],"trackingLink":"https://tatrck.com/h/0Hu30z9R0i-o","createdAt":"2023-12-13T17:14:07.387Z","updatedAt":"2024-08-23T15:02:52.728Z"},{"merchantId":184247,"name":"Alpha Omega Publications US","imageUri":"https://monetizeamex.com/v3/120x60/f62cbc8ec15b303b1cb76f931ab85184.png","currencyCode":"EUR","defaultDomain":"aop.com","domains":["aop.com"],"categoryId":44,"description":null,"isActive":true,"countryCodes":["US"],"averageBasketValue":95.95,"averageCommission":2.3,"averageConfirmationTime":null,"averageCancellationRate":null,"minimumCommission":0.21,"maximumCommission":10.81,"commissionRates":[],"trackingLink":"https://tatrck.com/h/0Hu30z9R0i-t","createdAt":"2023-12-13T17:14:07.981Z","updatedAt":"2024-09-03T17:08:24.588Z"},{"merchantId":184259,"name":"AnneCole.com US","imageUri":"https://kqdxc4m5.de/logos_v2/120x60/8ae7956f51eb3a5f0760d65f471ae95f.gif","currencyCode":"EUR","defaultDomain":"annecole.com","domains":["annecole.com"],"categoryId":40,"description":null,"isActive":true,"countryCodes":["US"],"averageBasketValue":65.91,"averageCommission":3.16,"averageConfirmationTime":null,"averageCancellationRate":null,"minimumCommission":1.54,"maximumCommission":8.31,"commissionRates":[{"fixedCommission":null,"percentageCommission":4.8}],"trackingLink":"https://tatrck.com/h/0Hu30z9R0i_3","createdAt":"2023-12-13T17:14:09.777Z","updatedAt":"2024-08-21T11:29:37.560Z"},{"merchantId":184263,"name":"Apero Label US","imageUri":"https://monetizeamex.com/v3/120x60/5715be9603a31ac2a3c672705ef9f5a7.png","currencyCode":"EUR","defaultDomain":"aperolabel.com","domains":["aperolabel.com"],"categoryId":40,"description":null,"isActive":true,"countryCodes":["US"],"averageBasketValue":75.19,"averageCommission":2.29,"averageConfirmationTime":null,"averageCancellationRate":null,"minimumCommission":1,"maximumCommission":4.48,"commissionRates":[{"fixedCommission":null,"percentageCommission":2.4},{"fixedCommission":null,"percentageCommission":4.8}],"trackingLink":"https://tatrck.com/h/0Hu30z9R0i_7","createdAt":"2023-12-13T17:14:10.783Z","updatedAt":"2024-09-03T17:06:45.717Z"},{"merchantId":184266,"name":"Arrive Outdoors US","imageUri":"https://kqdxc4m5.de/logos_v2/120x60/e6d820601b05226a0b2c35e8a42f9bb9.gif","currencyCode":"EUR","defaultDomain":"arriveoutdoors.com","domains":["arriveoutdoors.com"],"categoryId":55,"description":null,"isActive":true,"countryCodes":["US"],"averageBasketValue":null,"averageCommission":null,"averageConfirmationTime":null,"averageCancellationRate":null,"minimumCommission":null,"maximumCommission":null,"commissionRates":[],"trackingLink":"https://tatrck.com/h/0Hu30z9R0i_A","createdAt":"2023-12-13T17:14:11.669Z","updatedAt":"2024-08-23T15:01:36.433Z"},{"merchantId":184270,"name":"AS MONACO FR US","imageUri":"https://monetizeamex.com/v3/120x60/17263bb960f79d2ac4094e5503ecfee2.png","currencyCode":"EUR","defaultDomain":"asmonaco.com","domains":["asmonaco.com"],"categoryId":55,"description":null,"isActive":true,"countryCodes":["FR"],"averageBasketValue":117.45,"averageCommission":4.93,"averageConfirmationTime":6,"averageCancellationRate":null,"minimumCommission":1.05,"maximumCommission":29.82,"commissionRates":[],"trackingLink":"https://tatrck.com/h/0Hu30z9R0i_E","createdAt":"2023-12-13T17:14:11.725Z","updatedAt":"2024-09-03T17:09:28.519Z"},{"merchantId":184280,"name":"Aveda Australia US","imageUri":"https://monetizeamex.com/v3/120x60/cc754d78eb68bcf8b025e1eb817e1cd4.png","currencyCode":"EUR","defaultDomain":"aveda.com.au","domains":["aveda.com.au"],"categoryId":28,"description":null,"isActive":true,"countryCodes":["AU"],"averageBasketValue":176.09,"averageCommission":1.79,"averageConfirmationTime":null,"averageCancellationRate":null,"minimumCommission":0.7,"maximumCommission":2.55,"commissionRates":[],"trackingLink":"https://tatrck.com/h/0Hu30z9R0i_O","createdAt":"2023-12-13T17:14:13.584Z","updatedAt":"2024-08-26T09:01:03.068Z"},{"merchantId":184281,"name":"Avis Australia US","imageUri":"https://monetizeamex.com/v3/120x60/f149918e34592bafe3c8e649fe3b4c52.png","currencyCode":"EUR","defaultDomain":"avis.com.au","domains":["avis.com.au"],"categoryId":5,"description":null,"isActive":true,"countryCodes":["AU"],"averageBasketValue":191.63,"averageCommission":7.58,"averageConfirmationTime":null,"averageCancellationRate":2.3,"minimumCommission":1.17,"maximumCommission":82.89,"commissionRates":[],"trackingLink":"https://tatrck.com/h/0Hu30z9R0i_P","createdAt":"2023-12-13T17:14:14.196Z","updatedAt":"2024-09-01T05:52:07.402Z"},{"merchantId":184289,"name":"BAKblade US","imageUri":"https://kqdxc4m5.de/logos_v2/120x60/9a0faad17082168c1df2d47e7e1b288e.gif","currencyCode":"EUR","defaultDomain":"bakblade.com","domains":["bakblade.com"],"categoryId":27,"description":null,"isActive":true,"countryCodes":["US"],"averageBasketValue":40.83,"averageCommission":1.66,"averageConfirmationTime":null,"averageCancellationRate":null,"minimumCommission":2.44,"maximumCommission":2.44,"commissionRates":[],"trackingLink":"https://tatrck.com/h/0Hu30z9R0i_X","createdAt":"2023-12-13T17:14:16.296Z","updatedAt":"2024-08-21T11:46:06.370Z"},{"merchantId":184292,"name":"BannerBuzz UK US","imageUri":"https://monetizeamex.com/v3/120x60/c1b2cbb1eb57ac8ff6defc7a24321f83.png","currencyCode":"EUR","defaultDomain":"bannerbuzz.co.uk","domains":["bannerbuzz.co.uk"],"categoryId":77,"description":null,"isActive":true,"countryCodes":["GB"],"averageBasketValue":71.2,"averageCommission":3.21,"averageConfirmationTime":null,"averageCancellationRate":17.9,"minimumCommission":0.54,"maximumCommission":9.17,"commissionRates":[{"fixedCommission":null,"percentageCommission":6}],"trackingLink":"https://tatrck.com/h/0Hu30z9R0i_a","createdAt":"2023-12-13T17:14:17.075Z","updatedAt":"2024-08-26T05:57:23.529Z"},{"merchantId":184293,"name":"BannerBuzz.com US","imageUri":"https://kqdxc4m5.de/logos_v2/120x60/d2bffe137138fe1dfbb0de9aaf5f6714.gif","currencyCode":"EUR","defaultDomain":"bannerbuzz.com","domains":["bannerbuzz.com"],"categoryId":41,"description":null,"isActive":true,"countryCodes":["US"],"averageBasketValue":304.53,"averageCommission":9.34,"averageConfirmationTime":16,"averageCancellationRate":2.2,"minimumCommission":1.11,"maximumCommission":34.38,"commissionRates":[{"fixedCommission":null,"percentageCommission":6},{"fixedCommission":null,"percentageCommission":3.84},{"fixedCommission":null,"percentageCommission":6.6}],"trackingLink":"https://tatrck.com/h/0Hu30z9R0i_b","createdAt":"2023-12-13T17:14:17.299Z","updatedAt":"2024-09-02T05:52:24.118Z"},{"merchantId":184295,"name":"BBQGuys.com US","imageUri":"https://kqdxc4m5.de/logos_v2/120x60/0aa2960b99f2cf04aca379bfc0cd63d7.gif","currencyCode":"EUR","defaultDomain":"bbqguys.com","domains":["bbqguys.com"],"categoryId":77,"description":null,"isActive":true,"countryCodes":["US"],"averageBasketValue":830.65,"averageCommission":19.09,"averageConfirmationTime":58,"averageCancellationRate":24.7,"minimumCommission":0.86,"maximumCommission":13.26,"commissionRates":[],"trackingLink":"https://tatrck.com/h/0Hu30z9R0i_d","createdAt":"2023-12-13T17:14:18.087Z","updatedAt":"2024-09-03T05:40:06.598Z"},{"merchantId":184305,"name":"Because Market US","imageUri":"https://monetizeamex.com/v3/120x60/55e2a877b630b9bd588b07b4a69dadf0.png","currencyCode":"EUR","defaultDomain":"becausemarket.com","domains":["becausemarket.com"],"categoryId":27,"description":null,"isActive":true,"countryCodes":["US"],"averageBasketValue":25.79,"averageCommission":7.17,"averageConfirmationTime":null,"averageCancellationRate":50,"minimumCommission":14.37,"maximumCommission":14.37,"commissionRates":[],"trackingLink":"https://tatrck.com/h/0Hu30z9R0i_n","createdAt":"2023-12-13T17:14:19.567Z","updatedAt":"2024-08-29T05:49:41.886Z"},{"merchantId":184308,"name":"Bella Dahl US","imageUri":"https://monetizeamex.com/v3/120x60/1078ff96935690fa37dae5f3c4979651.png","currencyCode":"EUR","defaultDomain":"belladahl.com","domains":["belladahl.com"],"categoryId":40,"description":null,"isActive":true,"countryCodes":["US"],"averageBasketValue":145.08,"averageCommission":6.52,"averageConfirmationTime":null,"averageCancellationRate":14.8,"minimumCommission":0.88,"maximumCommission":22.81,"commissionRates":[],"trackingLink":"https://tatrck.com/h/0Hu30z9R0i_q","createdAt":"2023-12-13T17:14:20.579Z","updatedAt":"2024-09-03T05:51:04.581Z"},{"merchantId":184310,"name":"Best & Less US","imageUri":"https://kqdxc4m5.de/logos_v2/120x60/5e2c140c29b83e9d723deca810302b9b.gif","currencyCode":"EUR","defaultDomain":"bestandless.com.au","domains":["bestandless.com.au"],"categoryId":21,"description":null,"isActive":true,"countryCodes":["US","AU"],"averageBasketValue":31.97,"averageCommission":0.48,"averageConfirmationTime":null,"averageCancellationRate":null,"minimumCommission":0.19,"maximumCommission":0.47,"commissionRates":[],"trackingLink":"https://tatrck.com/h/0Hu30z9R0i_s","createdAt":"2023-12-13T17:14:20.991Z","updatedAt":"2024-08-24T05:52:35.435Z"},{"merchantId":184325,"name":"Black Diamond Equipment US","imageUri":"https://monetizeamex.com/v3/120x60/057ef8524951c4fc204b31f398f361c2.png","currencyCode":"EUR","defaultDomain":"blackdiamondequipment.com","domains":["blackdiamondequipment.com"],"categoryId":55,"description":null,"isActive":true,"countryCodes":["CH","AT"],"averageBasketValue":92.41,"averageCommission":4.98,"averageConfirmationTime":null,"averageCancellationRate":null,"minimumCommission":1.4,"maximumCommission":1.4,"commissionRates":[{"fixedCommission":null,"percentageCommission":5.3999999999999995},{"fixedCommission":null,"percentageCommission":5.3999999999999995}],"trackingLink":"https://tatrck.com/h/0Hu30z9R0j05","createdAt":"2023-12-13T17:14:24.298Z","updatedAt":"2024-09-03T17:08:14.567Z"},{"merchantId":184331,"name":"Blue Ridge Chair Works US","imageUri":"https://kqdxc4m5.de/logos_v2/120x60/260025f05e89fd2cddc9cdd9f6536a0d.gif","currencyCode":"EUR","defaultDomain":"blueridgechair.com","domains":["blueridgechair.com"],"categoryId":34,"description":null,"isActive":true,"countryCodes":["US"],"averageBasketValue":null,"averageCommission":null,"averageConfirmationTime":null,"averageCancellationRate":null,"minimumCommission":null,"maximumCommission":null,"commissionRates":[],"trackingLink":"https://tatrck.com/h/0Hu30z9R0j0B","createdAt":"2023-12-13T17:14:25.584Z","updatedAt":"2024-08-23T15:01:30.426Z"},{"merchantId":184338,"name":"Body Glove US","imageUri":"https://kqdxc4m5.de/logos_v2/120x60/5614f9feef3c9f5b72d699c8cfc79df7.gif","currencyCode":"EUR","defaultDomain":"bodyglove.com","domains":["bodyglove.com"],"categoryId":77,"description":null,"isActive":true,"countryCodes":["US"],"averageBasketValue":141.35,"averageCommission":3.59,"averageConfirmationTime":1,"averageCancellationRate":null,"minimumCommission":1.96,"maximumCommission":1.96,"commissionRates":[{"fixedCommission":null,"percentageCommission":0.96}],"trackingLink":"https://tatrck.com/h/0Hu30z9R0j0I","createdAt":"2023-12-13T17:14:26.173Z","updatedAt":"2024-08-30T05:57:10.012Z"},{"merchantId":184339,"name":"Bodyography US","imageUri":"https://kqdxc4m5.de/logos_v2/120x60/aed8664565cf0c7cf4f0e8ec874ee9ec.gif","currencyCode":"EUR","defaultDomain":"bodyography.com","domains":["bodyography.com"],"categoryId":28,"description":null,"isActive":true,"countryCodes":["US"],"averageBasketValue":null,"averageCommission":null,"averageConfirmationTime":null,"averageCancellationRate":null,"minimumCommission":null,"maximumCommission":null,"commissionRates":[{"fixedCommission":null,"percentageCommission":0.96}],"trackingLink":"https://tatrck.com/h/0Hu30z9R0j0J","createdAt":"2023-12-13T17:14:27.773Z","updatedAt":"2024-08-23T15:05:31.053Z"},{"merchantId":184351,"name":"Bourbon and Boweties US","imageUri":"https://kqdxc4m5.de/logos_v2/120x60/0815b2cf04ccf4c6f2194c4da84d7c47.gif","currencyCode":"EUR","defaultDomain":"bourbonandboweties.com","domains":["bourbonandboweties.com"],"categoryId":40,"description":null,"isActive":true,"countryCodes":["US"],"averageBasketValue":23.28,"averageCommission":1.39,"averageConfirmationTime":null,"averageCancellationRate":null,"minimumCommission":1.03,"maximumCommission":1.03,"commissionRates":[{"fixedCommission":null,"percentageCommission":7.199999999999999}],"trackingLink":"https://tatrck.com/h/0Hu30z9R0j0V","createdAt":"2023-12-13T17:14:29.271Z","updatedAt":"2024-09-03T17:03:38.868Z"},{"merchantId":184355,"name":"BRAS N THINGS PTY LTD US","imageUri":"https://kqdxc4m5.de/logos_v2/120x60/3aaf66e783a03bc41f0b478c352fdbf3.gif","currencyCode":"EUR","defaultDomain":"brasnthings.com","domains":["brasnthings.com"],"categoryId":40,"description":null,"isActive":true,"countryCodes":["US"],"averageBasketValue":13.04,"averageCommission":0.19,"averageConfirmationTime":null,"averageCancellationRate":null,"minimumCommission":0.09,"maximumCommission":0.3,"commissionRates":[{"fixedCommission":null,"percentageCommission":2.592},{"fixedCommission":null,"percentageCommission":1.296}],"trackingLink":"https://tatrck.com/h/0Hu30z9R0j0Z","createdAt":"2023-12-13T17:14:30.892Z","updatedAt":"2024-09-03T05:52:25.275Z"},{"merchantId":184360,"name":"Buddy Punch","imageUri":"https://monetizeamex.com/v3/120x60/63cd98a320e28d3aad307501e02b5527.png","currencyCode":"EUR","defaultDomain":"buddypunch.com","domains":["buddypunch.com"],"categoryId":37,"description":null,"isActive":true,"countryCodes":[],"averageBasketValue":null,"averageCommission":null,"averageConfirmationTime":null,"averageCancellationRate":null,"minimumCommission":null,"maximumCommission":null,"commissionRates":[],"trackingLink":"https://tatrck.com/h/0Hu30z9R0j0e","createdAt":"2023-12-13T17:14:32.292Z","updatedAt":"2024-08-21T11:45:29.931Z"},{"merchantId":184361,"name":"Budget Australia US","imageUri":"https://monetizeamex.com/v3/120x60/9c9b04e1660e5d6d632fd38d5f75d576.png","currencyCode":"EUR","defaultDomain":"budget.com.au","domains":["budget.com.au"],"categoryId":63,"description":null,"isActive":true,"countryCodes":["AU"],"averageBasketValue":192.54,"averageCommission":8.08,"averageConfirmationTime":null,"averageCancellationRate":null,"minimumCommission":3.66,"maximumCommission":25.66,"commissionRates":[],"trackingLink":"https://tatrck.com/h/0Hu30z9R0j0f","createdAt":"2023-12-13T17:14:31.883Z","updatedAt":"2024-08-23T15:05:27.257Z"},{"merchantId":184372,"name":"Caldwell Shooting US","imageUri":"https://kqdxc4m5.de/logos_v2/120x60/414be6e24d7dbbf9c3fe72c29175e8d1.gif","currencyCode":"EUR","defaultDomain":"caldwellshooting.com","domains":["caldwellshooting.com"],"categoryId":55,"description":null,"isActive":true,"countryCodes":["US"],"averageBasketValue":null,"averageCommission":null,"averageConfirmationTime":null,"averageCancellationRate":null,"minimumCommission":null,"maximumCommission":null,"commissionRates":[{"fixedCommission":null,"percentageCommission":4.8}],"trackingLink":"https://tatrck.com/h/0Hu30z9R0j0q","createdAt":"2023-12-13T17:14:33.698Z","updatedAt":"2024-08-23T15:01:50.219Z"},{"merchantId":184373,"name":"California Cowboy US","imageUri":"https://kqdxc4m5.de/logos_v2/120x60/ac7d55edee68397b1176653139a6b465.gif","currencyCode":"EUR","defaultDomain":"californiacowboy.com","domains":["californiacowboy.com"],"categoryId":40,"description":null,"isActive":true,"countryCodes":["US"],"averageBasketValue":100.01,"averageCommission":4.79,"averageConfirmationTime":null,"averageCancellationRate":null,"minimumCommission":4.79,"maximumCommission":4.79,"commissionRates":[{"fixedCommission":null,"percentageCommission":4.8}],"trackingLink":"https://tatrck.com/h/0Hu30z9R0j0r","createdAt":"2023-12-13T17:14:34.057Z","updatedAt":"2024-08-23T15:05:12.034Z"},{"merchantId":184383,"name":"Capri-Blue US","imageUri":"https://kqdxc4m5.de/logos_v2/120x60/a08256299d938e9274c9dc4480af03fd.gif","currencyCode":"EUR","defaultDomain":"capri-blue.com","domains":["capri-blue.com"],"categoryId":40,"description":null,"isActive":true,"countryCodes":["US"],"averageBasketValue":71.52,"averageCommission":1.76,"averageConfirmationTime":null,"averageCancellationRate":null,"minimumCommission":0.42,"maximumCommission":21.1,"commissionRates":[{"fixedCommission":null,"percentageCommission":3.84}],"trackingLink":"https://tatrck.com/h/0Hu30z9R0j0_","createdAt":"2023-12-13T17:14:37.272Z","updatedAt":"2024-09-03T05:52:24.254Z"},{"merchantId":184393,"name":"CBD Olie NL US","imageUri":"https://monetizeamex.com/v3/120x60/4b435887330f2dd32c5027bfa557661b.png","currencyCode":"EUR","defaultDomain":"cbdolie.nl","domains":["cbdolie.nl"],"categoryId":68,"description":null,"isActive":true,"countryCodes":["NL"],"averageBasketValue":236.25,"averageCommission":28.12,"averageConfirmationTime":null,"averageCancellationRate":20,"minimumCommission":56.29,"maximumCommission":57.73,"commissionRates":[],"trackingLink":"https://tatrck.com/h/0Hu30z9R0j19","createdAt":"2023-12-13T17:14:38.485Z","updatedAt":"2024-08-22T05:54:41.394Z"},{"merchantId":184395,"name":"CCleaner","imageUri":"https://monetizeamex.com/v3/120x60/88fd1a12599978ee81713ba15a77cf00.png","currencyCode":"EUR","defaultDomain":"ccleaner.com","domains":["ccleaner.com"],"categoryId":37,"description":null,"isActive":true,"countryCodes":[],"averageBasketValue":62.41,"averageCommission":17.86,"averageConfirmationTime":null,"averageCancellationRate":2,"minimumCommission":2.25,"maximumCommission":40.86,"commissionRates":[],"trackingLink":"https://tatrck.com/h/0Hu30z9R0j1B","createdAt":"2023-12-13T17:14:38.371Z","updatedAt":"2024-09-03T05:53:29.971Z"},{"merchantId":184405,"name":"Chemist Warehouse AU US","imageUri":"https://kqdxc4m5.de/logos_v2/120x60/0c82cf5049e1bfe7bc00b580a35ab73e.gif","currencyCode":"EUR","defaultDomain":"chemistwarehouse.com.au","domains":["chemistwarehouse.com.au"],"categoryId":28,"description":null,"isActive":true,"countryCodes":["AU","US"],"averageBasketValue":37.52,"averageCommission":0.24,"averageConfirmationTime":null,"averageCancellationRate":0.8,"minimumCommission":0.01,"maximumCommission":1.97,"commissionRates":[{"fixedCommission":null,"percentageCommission":0.48}],"trackingLink":"https://tatrck.com/h/0Hu30z9R0j1L","createdAt":"2023-12-13T17:14:41.971Z","updatedAt":"2024-09-03T17:06:30.416Z"},{"merchantId":184417,"name":"Clinique Australia US","imageUri":"https://kqdxc4m5.de/logos_v2/120x60/01bce3885ce8081f85ff5b38e2a83b0b.gif","currencyCode":"EUR","defaultDomain":"clinique.com.au","domains":["clinique.com.au"],"categoryId":28,"description":null,"isActive":true,"countryCodes":["US"],"averageBasketValue":91.48,"averageCommission":1.83,"averageConfirmationTime":null,"averageCancellationRate":null,"minimumCommission":1.83,"maximumCommission":1.83,"commissionRates":[{"fixedCommission":null,"percentageCommission":5.28},{"fixedCommission":null,"percentageCommission":2.64}],"trackingLink":"https://tatrck.com/h/0Hu30z9R0j1X","createdAt":"2023-12-13T17:14:43.774Z","updatedAt":"2024-09-02T08:01:06.097Z"},{"merchantId":184424,"name":"Codecademy US","imageUri":"https://monetizeamex.com/v3/120x60/3cf5ea660dd06d33e302845014cb06c2.png","currencyCode":"EUR","defaultDomain":"codecademy.com","domains":["codecademy.com"],"categoryId":44,"description":null,"isActive":true,"countryCodes":[],"averageBasketValue":31.6,"averageCommission":1.71,"averageConfirmationTime":58,"averageCancellationRate":null,"minimumCommission":1.28,"maximumCommission":11.07,"commissionRates":[{"fixedCommission":null,"percentageCommission":4.8},{"fixedCommission":null,"percentageCommission":7.199999999999999},{"fixedCommission":null,"percentageCommission":9}],"trackingLink":"https://tatrck.com/h/0Hu30z9R0j1e","createdAt":"2023-12-13T17:14:43.866Z","updatedAt":"2024-09-03T05:51:20.893Z"},{"merchantId":184426,"name":"Backer US","imageUri":"https://monetizeamex.com/v3/120x60/a8910aacece33b3855bd8bef4122a3f3.png","currencyCode":"EUR","defaultDomain":"backer.com","domains":["backer.com"],"categoryId":20,"description":null,"isActive":true,"countryCodes":["US"],"averageBasketValue":null,"averageCommission":null,"averageConfirmationTime":null,"averageCancellationRate":null,"minimumCommission":null,"maximumCommission":null,"commissionRates":[{"fixedCommission":9.6,"percentageCommission":null},{"fixedCommission":4.8,"percentageCommission":null},{"fixedCommission":null,"percentageCommission":19.2}],"trackingLink":"https://tatrck.com/h/0Hu30z9R0j1g","createdAt":"2023-12-13T17:14:44.867Z","updatedAt":"2024-08-27T10:01:17.092Z"},{"merchantId":184437,"name":"Copper Cow Coffee US","imageUri":"https://kqdxc4m5.de/logos_v2/120x60/60c46a7e2e44a47acf04152f73b5a4aa.gif","currencyCode":"EUR","defaultDomain":"coppercowcoffee.com","domains":["coppercowcoffee.com"],"categoryId":4,"description":null,"isActive":true,"countryCodes":["US"],"averageBasketValue":24.72,"averageCommission":1.18,"averageConfirmationTime":null,"averageCancellationRate":null,"minimumCommission":null,"maximumCommission":null,"commissionRates":[{"fixedCommission":null,"percentageCommission":4.8}],"trackingLink":"https://tatrck.com/h/0Hu30z9R0j1r","createdAt":"2023-12-13T17:14:46.966Z","updatedAt":"2024-08-21T11:32:09.433Z"},{"merchantId":184438,"name":"Cora US","imageUri":"https://monetizeamex.com/v3/120x60/91f4533aa0683604696cbb688fc4204c.png","currencyCode":"EUR","defaultDomain":"cora.life","domains":["cora.life"],"categoryId":27,"description":null,"isActive":true,"countryCodes":["US"],"averageBasketValue":7.42,"averageCommission":6.31,"averageConfirmationTime":null,"averageCancellationRate":null,"minimumCommission":5.2,"maximumCommission":7.41,"commissionRates":[{"fixedCommission":2.4,"percentageCommission":null}],"trackingLink":"https://tatrck.com/h/0Hu30z9R0j1s","createdAt":"2023-12-13T17:14:48.671Z","updatedAt":"2024-09-03T17:03:28.190Z"},{"merchantId":184439,"name":"Cornwall Hideaways US","imageUri":"https://monetizeamex.com/v3/120x60/22f54d018bd349ce442de798c4c93a1f.png","currencyCode":"EUR","defaultDomain":"cornwallhideaways.co.uk","domains":["cornwallhideaways.co.uk"],"categoryId":63,"description":null,"isActive":true,"countryCodes":["GB"],"averageBasketValue":null,"averageCommission":null,"averageConfirmationTime":null,"averageCancellationRate":null,"minimumCommission":null,"maximumCommission":null,"commissionRates":[{"fixedCommission":null,"percentageCommission":3}],"trackingLink":"https://tatrck.com/h/0Hu30z9R0j1t","createdAt":"2023-12-13T17:14:47.670Z","updatedAt":"2024-09-03T17:05:44.516Z"},{"merchantId":184440,"name":"Cover FX US","imageUri":"https://monetizeamex.com/v3/120x60/1851c7059335e409cc0b86124777cc0f.png","currencyCode":"EUR","defaultDomain":"coverfx.com","domains":["coverfx.com"],"categoryId":28,"description":null,"isActive":true,"countryCodes":["US"],"averageBasketValue":20.23,"averageCommission":0.36,"averageConfirmationTime":null,"averageCancellationRate":null,"minimumCommission":0.21,"maximumCommission":0.21,"commissionRates":[{"fixedCommission":null,"percentageCommission":2.4}],"trackingLink":"https://tatrck.com/h/0Hu30z9R0j1u","createdAt":"2023-12-13T17:14:49.768Z","updatedAt":"2024-09-03T17:04:51.763Z"},{"merchantId":184447,"name":"Credit Karma US","imageUri":"https://monetizeamex.com/v3/120x60/2b502eb596fd32ece886734751085bb3.png","currencyCode":"EUR","defaultDomain":"creditkarma.com","domains":["creditkarma.com"],"categoryId":66,"description":null,"isActive":true,"countryCodes":["US"],"averageBasketValue":null,"averageCommission":3.27,"averageConfirmationTime":5,"averageCancellationRate":null,"minimumCommission":25.78,"maximumCommission":25.78,"commissionRates":[],"trackingLink":"https://tatrck.com/h/0Hu30z9R0j1_","createdAt":"2023-12-13T17:14:50.176Z","updatedAt":"2024-08-21T11:34:12.277Z"},{"merchantId":184451,"name":"Crimson Trace US","imageUri":"https://kqdxc4m5.de/logos_v2/120x60/be9eb4e16c342f7c50cbe72b342772b5.gif","currencyCode":"EUR","defaultDomain":"crimsontrace.com","domains":["crimsontrace.com"],"categoryId":21,"description":null,"isActive":true,"countryCodes":["US"],"averageBasketValue":null,"averageCommission":null,"averageConfirmationTime":null,"averageCancellationRate":null,"minimumCommission":null,"maximumCommission":null,"commissionRates":[{"fixedCommission":null,"percentageCommission":4.8}],"trackingLink":"https://tatrck.com/h/0Hu30z9R0j23","createdAt":"2023-12-13T17:14:51.171Z","updatedAt":"2024-08-23T15:01:45.262Z"},{"merchantId":184453,"name":"CrossBreed Holsters US","imageUri":"https://kqdxc4m5.de/logos_v2/120x60/00cbf3a89ed0d328e9abb05b10c7c2a0.gif","currencyCode":"EUR","defaultDomain":"crossbreedholsters.com","domains":["crossbreedholsters.com"],"categoryId":59,"description":null,"isActive":true,"countryCodes":["US"],"averageBasketValue":62.79,"averageCommission":2.25,"averageConfirmationTime":null,"averageCancellationRate":null,"minimumCommission":5.27,"maximumCommission":5.27,"commissionRates":[],"trackingLink":"https://tatrck.com/h/0Hu30z9R0j25","createdAt":"2023-12-13T17:14:51.373Z","updatedAt":"2024-09-02T05:53:25.807Z"},{"merchantId":184457,"name":"Cult Gaia - US","imageUri":"https://kqdxc4m5.de/logos_v2/120x60/7b978a330e4daaec1a8cb31e2cf12c32.gif","currencyCode":"EUR","defaultDomain":"cultgaia.com","domains":["cultgaia.com"],"categoryId":40,"description":null,"isActive":true,"countryCodes":["US"],"averageBasketValue":3,"averageCommission":58.46,"averageConfirmationTime":null,"averageCancellationRate":null,"minimumCommission":22.02,"maximumCommission":710.1,"commissionRates":[{"fixedCommission":null,"percentageCommission":1.92}],"trackingLink":"https://tatrck.com/h/0Hu30z9R0j29","createdAt":"2023-12-13T17:14:52.273Z","updatedAt":"2024-08-31T05:52:31.438Z"},{"merchantId":184461,"name":"Darphin CA US","imageUri":"https://kqdxc4m5.de/logos_v2/120x60/07a7d9f00c0499eb028287489735c4e4.gif","currencyCode":"EUR","defaultDomain":"darphin.ca","domains":["darphin.ca"],"categoryId":28,"description":null,"isActive":true,"countryCodes":["US"],"averageBasketValue":null,"averageCommission":null,"averageConfirmationTime":null,"averageCancellationRate":null,"minimumCommission":null,"maximumCommission":null,"commissionRates":[{"fixedCommission":null,"percentageCommission":4.8}],"trackingLink":"https://tatrck.com/h/0Hu30z9R0j2D","createdAt":"2023-12-13T17:14:52.766Z","updatedAt":"2024-08-23T15:01:44.308Z"},{"merchantId":184467,"name":"DeBragga US","imageUri":"https://kqdxc4m5.de/logos_v2/120x60/a175ce9d99bb8120846c2c365160d33d.gif","currencyCode":"EUR","defaultDomain":"debragga.com","domains":["debragga.com"],"categoryId":14,"description":null,"isActive":true,"countryCodes":["US"],"averageBasketValue":171.43,"averageCommission":5.14,"averageConfirmationTime":null,"averageCancellationRate":null,"minimumCommission":5.18,"maximumCommission":5.18,"commissionRates":[],"trackingLink":"https://tatrck.com/h/0Hu30z9R0j2J","createdAt":"2023-12-13T17:14:53.767Z","updatedAt":"2024-08-23T15:04:13.873Z"},{"merchantId":184470,"name":"Deep Sentinel Home Security US","imageUri":"https://monetizeamex.com/v3/120x60/cd5f75b41ae16e8de002f52c9a72a8b1.png","currencyCode":"EUR","defaultDomain":"deepsentinel.com","domains":["deepsentinel.com"],"categoryId":64,"description":null,"isActive":true,"countryCodes":["US"],"averageBasketValue":702.43,"averageCommission":84.29,"averageConfirmationTime":null,"averageCancellationRate":null,"minimumCommission":84.29,"maximumCommission":84.29,"commissionRates":[{"fixedCommission":null,"percentageCommission":9.6}],"trackingLink":"https://tatrck.com/h/0Hu30z9R0j2M","createdAt":"2023-12-13T17:14:53.977Z","updatedAt":"2024-08-23T15:05:10.663Z"},{"merchantId":184484,"name":"DIFF eyewear US","imageUri":"https://kqdxc4m5.de/logos_v2/120x60/7423edfce4b7ac4c2fa94461557733b5.gif","currencyCode":"EUR","defaultDomain":"diffeyewear.com","domains":["diffeyewear.com"],"categoryId":40,"description":null,"isActive":true,"countryCodes":["US"],"averageBasketValue":109.88,"averageCommission":4.36,"averageConfirmationTime":null,"averageCancellationRate":null,"minimumCommission":null,"maximumCommission":null,"commissionRates":[{"fixedCommission":null,"percentageCommission":2.4},{"fixedCommission":null,"percentageCommission":3.84},{"fixedCommission":null,"percentageCommission":1.92}],"trackingLink":"https://tatrck.com/h/0Hu30z9R0j2a","createdAt":"2023-12-13T17:14:56.077Z","updatedAt":"2024-09-02T05:44:58.540Z"},{"merchantId":184485,"name":"Diptyque US","imageUri":"https://kqdxc4m5.de/logos_v2/120x60/ba74036d9b785cc0a86b6ce9adea462d.gif","currencyCode":"EUR","defaultDomain":"diptyqueparis.com","domains":["diptyqueparis.com"],"categoryId":28,"description":null,"isActive":true,"countryCodes":["US"],"averageBasketValue":34.02,"averageCommission":1.35,"averageConfirmationTime":null,"averageCancellationRate":null,"minimumCommission":2.42,"maximumCommission":2.42,"commissionRates":[{"fixedCommission":null,"percentageCommission":1.92},{"fixedCommission":null,"percentageCommission":3.84}],"trackingLink":"https://tatrck.com/h/0Hu30z9R0j2b","createdAt":"2023-12-13T17:14:56.287Z","updatedAt":"2024-08-31T05:52:17.013Z"},{"merchantId":184490,"name":"Dometic US","imageUri":"https://kqdxc4m5.de/logos_v2/120x60/0424571fb4ecebc39e29c618d60390d7.gif","currencyCode":"EUR","defaultDomain":"dometic.com","domains":["dometic.com"],"categoryId":55,"description":null,"isActive":true,"countryCodes":["US"],"averageBasketValue":788.59,"averageCommission":18.92,"averageConfirmationTime":null,"averageCancellationRate":null,"minimumCommission":44.52,"maximumCommission":44.52,"commissionRates":[{"fixedCommission":null,"percentageCommission":2.4}],"trackingLink":"https://tatrck.com/h/0Hu30z9R0j2g","createdAt":"2023-12-13T17:14:57.182Z","updatedAt":"2024-09-02T05:53:25.462Z"},{"merchantId":184491,"name":"Dominos Pizza UK","imageUri":"https://monetizeamex.com/v3/120x60/11bcc51200b1f7fbe63538b0ee0106fd.png","currencyCode":"EUR","defaultDomain":"dominos.co.uk","domains":["dominos.co.uk"],"categoryId":14,"description":null,"isActive":true,"countryCodes":["GB"],"averageBasketValue":28.9,"averageCommission":0.47,"averageConfirmationTime":43,"averageCancellationRate":0.1,"minimumCommission":0.1,"maximumCommission":3.12,"commissionRates":[],"trackingLink":"https://tatrck.com/h/0Hu30z9R0j2h","createdAt":"2023-12-13T17:14:57.200Z","updatedAt":"2024-09-03T05:53:59.045Z"},{"merchantId":184492,"name":"Door Superstore US","imageUri":"https://monetizeamex.com/v3/120x60/f155989d3dd3f1ad94d2cccfc470582e.png","currencyCode":"EUR","defaultDomain":"doorsuperstore.co.uk","domains":["doorsuperstore.co.uk"],"categoryId":72,"description":null,"isActive":true,"countryCodes":["GB"],"averageBasketValue":275.34,"averageCommission":3.3,"averageConfirmationTime":null,"averageCancellationRate":20,"minimumCommission":0.83,"maximumCommission":3.18,"commissionRates":[],"trackingLink":"https://tatrck.com/h/0Hu30z9R0j2i","createdAt":"2023-12-13T17:14:57.221Z","updatedAt":"2024-09-03T17:09:19.579Z"},{"merchantId":184499,"name":"Drainage Superstore US","imageUri":"https://monetizeamex.com/v3/120x60/267edbb6018d0fda5a3c6b6d77c714a5.png","currencyCode":"EUR","defaultDomain":"drainagesuperstore.co.uk","domains":["drainagesuperstore.co.uk"],"categoryId":72,"description":null,"isActive":true,"countryCodes":["GB"],"averageBasketValue":924.68,"averageCommission":11.09,"averageConfirmationTime":null,"averageCancellationRate":26.7,"minimumCommission":0.33,"maximumCommission":0.64,"commissionRates":[],"trackingLink":"https://tatrck.com/h/0Hu30z9R0j2p","createdAt":"2023-12-13T17:14:58.277Z","updatedAt":"2024-09-03T17:09:10.252Z"},{"merchantId":184503,"name":"Driftaway Coffee US","imageUri":"https://kqdxc4m5.de/logos_v2/120x60/efa7338880f211a8583687fa624853bd.gif","currencyCode":"EUR","defaultDomain":"driftaway.coffee","domains":["driftaway.coffee"],"categoryId":14,"description":null,"isActive":true,"countryCodes":["US"],"averageBasketValue":14.09,"averageCommission":0.33,"averageConfirmationTime":null,"averageCancellationRate":null,"minimumCommission":null,"maximumCommission":null,"commissionRates":[{"fixedCommission":null,"percentageCommission":2.4}],"trackingLink":"https://tatrck.com/h/0Hu30z9R0j2t","createdAt":"2023-12-13T17:14:58.378Z","updatedAt":"2024-08-26T05:58:08.596Z"},{"merchantId":184505,"name":"Drive-In Autosound US","imageUri":"https://kqdxc4m5.de/logos_v2/120x60/f46abe34602d9dd7cdc8baadf4788b42.gif","currencyCode":"EUR","defaultDomain":"driveinautosound.com","domains":["driveinautosound.com"],"categoryId":59,"description":null,"isActive":true,"countryCodes":["US"],"averageBasketValue":384.73,"averageCommission":5.53,"averageConfirmationTime":null,"averageCancellationRate":null,"minimumCommission":3.34,"maximumCommission":3.34,"commissionRates":[{"fixedCommission":null,"percentageCommission":1.44}],"trackingLink":"https://tatrck.com/h/0Hu30z9R0j2v","createdAt":"2023-12-13T17:14:59.277Z","updatedAt":"2024-08-23T15:01:35.866Z"},{"merchantId":184526,"name":"Ellesse US","imageUri":"https://monetizeamex.com/v3/120x60/56f4fec8bafd042bab60eef2bea811e3.png","currencyCode":"EUR","defaultDomain":"ellesse.com","domains":["ellesse.com","ellesse.co.uk"],"categoryId":40,"description":null,"isActive":true,"countryCodes":["DE","GB"],"averageBasketValue":364.37,"averageCommission":13.11,"averageConfirmationTime":null,"averageCancellationRate":80,"minimumCommission":1.48,"maximumCommission":1.48,"commissionRates":[{"fixedCommission":null,"percentageCommission":3.5999999999999996},{"fixedCommission":null,"percentageCommission":3.5999999999999996}],"trackingLink":"https://tatrck.com/h/0Hu30z9R0j3E","createdAt":"2023-12-13T17:15:04.688Z","updatedAt":"2024-09-03T17:09:25.158Z"},{"merchantId":184527,"name":"Elvie US","imageUri":"https://monetizeamex.com/v3/120x60/34ef92acc1d10973b532afc91dad8406.png","currencyCode":"EUR","defaultDomain":"elvie.com","domains":["elvie.com"],"categoryId":35,"description":null,"isActive":true,"countryCodes":["GB","US"],"averageBasketValue":165.6,"averageCommission":4.7,"averageConfirmationTime":null,"averageCancellationRate":null,"minimumCommission":1.19,"maximumCommission":1.19,"commissionRates":[{"fixedCommission":null,"percentageCommission":1.92},{"fixedCommission":null,"percentageCommission":3.84}],"trackingLink":"https://tatrck.com/h/0Hu30z9R0j3F","createdAt":"2023-12-13T17:15:04.792Z","updatedAt":"2024-09-03T17:08:41.389Z"},{"merchantId":184531,"name":"EMP Shield US","imageUri":"https://kqdxc4m5.de/logos_v2/120x60/202ba647b58a2f059ae67b1fa21265f5.gif","currencyCode":"EUR","defaultDomain":"empshield.com","domains":["empshield.com"],"categoryId":53,"description":null,"isActive":true,"countryCodes":["US"],"averageBasketValue":null,"averageCommission":null,"averageConfirmationTime":null,"averageCancellationRate":null,"minimumCommission":null,"maximumCommission":null,"commissionRates":[{"fixedCommission":null,"percentageCommission":7.199999999999999}],"trackingLink":"https://tatrck.com/h/0Hu30z9R0j3J","createdAt":"2023-12-13T17:15:05.691Z","updatedAt":"2024-08-23T15:02:53.028Z"},{"merchantId":184536,"name":"Eraldo US","imageUri":"https://monetizeamex.com/v3/120x60/9f456a003f61d0ac5369ef716d1bb2a9.png","currencyCode":"EUR","defaultDomain":"eraldo.com","domains":["eraldo.com"],"categoryId":21,"description":null,"isActive":true,"countryCodes":["IT"],"averageBasketValue":315.26,"averageCommission":11.34,"averageConfirmationTime":null,"averageCancellationRate":null,"minimumCommission":11.38,"maximumCommission":11.38,"commissionRates":[],"trackingLink":"https://tatrck.com/h/0Hu30z9R0j3O","createdAt":"2023-12-13T17:15:06.888Z","updatedAt":"2024-09-03T17:04:07.914Z"},{"merchantId":184537,"name":"Ergoflex US","imageUri":"https://kqdxc4m5.de/logos_v2/120x60/6df514bfa123f87b8af883afcfe1afa1.gif","currencyCode":"EUR","defaultDomain":"ergoflex.com.au","domains":["ergoflex.com.au"],"categoryId":34,"description":null,"isActive":true,"countryCodes":["US"],"averageBasketValue":580.84,"averageCommission":13.93,"averageConfirmationTime":null,"averageCancellationRate":null,"minimumCommission":null,"maximumCommission":null,"commissionRates":[{"fixedCommission":null,"percentageCommission":2.4}],"trackingLink":"https://tatrck.com/h/0Hu30z9R0j3P","createdAt":"2023-12-13T17:15:07.182Z","updatedAt":"2024-09-03T17:04:36.165Z"},{"merchantId":184546,"name":"Every Man Jack US","imageUri":"https://kqdxc4m5.de/logos_v2/120x60/cd0b334ceacf61d4a648c68c9c07067e.gif","currencyCode":"EUR","defaultDomain":"everymanjack.com","domains":["everymanjack.com"],"categoryId":27,"description":null,"isActive":true,"countryCodes":["US"],"averageBasketValue":18.59,"averageCommission":0.83,"averageConfirmationTime":null,"averageCancellationRate":null,"minimumCommission":0.85,"maximumCommission":0.85,"commissionRates":[{"fixedCommission":null,"percentageCommission":3.84}],"trackingLink":"https://tatrck.com/h/0Hu30z9R0j3Y","createdAt":"2023-12-13T17:15:08.787Z","updatedAt":"2024-09-03T17:03:54.231Z"},{"merchantId":184549,"name":"ExpressVPN","imageUri":"https://monetizeamex.com/v3/120x60/dacdc277e7c4dd8c20788f1318770606.png","currencyCode":"EUR","defaultDomain":"expressvpn.com","domains":["expressvpn.com"],"categoryId":50,"description":null,"isActive":true,"countryCodes":[],"averageBasketValue":754.46,"averageCommission":6.5,"averageConfirmationTime":8,"averageCancellationRate":0.1,"minimumCommission":3,"maximumCommission":18.23,"commissionRates":[{"fixedCommission":8.38,"percentageCommission":null},{"fixedCommission":14.68,"percentageCommission":null},{"fixedCommission":29.37,"percentageCommission":null},{"fixedCommission":null,"percentageCommission":36}],"trackingLink":"https://tatrck.com/h/0Hu30z9R0j3b","createdAt":"2023-12-13T17:15:09.789Z","updatedAt":"2024-09-03T17:04:29.032Z"},{"merchantId":184551,"name":"FaceTheFuture.co.uk US","imageUri":"https://kqdxc4m5.de/logos_v2/120x60/0e6a4cf765c14955d5f6f23370cebbe6.gif","currencyCode":"EUR","defaultDomain":"facethefuture.co.uk","domains":["facethefuture.co.uk"],"categoryId":28,"description":null,"isActive":true,"countryCodes":["GB"],"averageBasketValue":42.03,"averageCommission":1.18,"averageConfirmationTime":null,"averageCancellationRate":3,"minimumCommission":0.85,"maximumCommission":2.19,"commissionRates":[{"fixedCommission":null,"percentageCommission":2.4},{"fixedCommission":null,"percentageCommission":0.96},{"fixedCommission":null,"percentageCommission":5.76}],"trackingLink":"https://tatrck.com/h/0Hu30z9R0j3d","createdAt":"2023-12-13T17:15:10.382Z","updatedAt":"2024-09-03T17:05:57.218Z"},{"merchantId":184553,"name":"FAN+ US","imageUri":"https://monetizeamex.com/v3/120x60/b1f2a40b5388cef25d18474148508b2f.png","currencyCode":"EUR","defaultDomain":"fanplus.com","domains":["fanplus.com"],"categoryId":53,"description":null,"isActive":true,"countryCodes":["AU"],"averageBasketValue":null,"averageCommission":null,"averageConfirmationTime":null,"averageCancellationRate":null,"minimumCommission":null,"maximumCommission":null,"commissionRates":[{"fixedCommission":null,"percentageCommission":3}],"trackingLink":"https://tatrck.com/h/0Hu30z9R0j3f","createdAt":"2023-12-13T17:15:10.967Z","updatedAt":"2024-09-03T17:05:30.567Z"},{"merchantId":184557,"name":"FarmRio US","imageUri":"https://kqdxc4m5.de/logos_v2/120x60/3c3d6ef1071837d101d8165f819b5ad7.gif","currencyCode":"EUR","defaultDomain":"farmrio.com","domains":["farmrio.com"],"categoryId":40,"description":null,"isActive":true,"countryCodes":["US"],"averageBasketValue":167.2,"averageCommission":5.23,"averageConfirmationTime":null,"averageCancellationRate":null,"minimumCommission":8.15,"maximumCommission":9.17,"commissionRates":[],"trackingLink":"https://tatrck.com/h/0Hu30z9R0j3j","createdAt":"2023-12-13T17:15:11.485Z","updatedAt":"2024-09-03T17:04:11.180Z"},{"merchantId":184564,"name":"Fender Play UK","imageUri":"https://kqdxc4m5.de/logos_v2/120x60/0f9214aba9df5d648509840e62db3039.gif","currencyCode":"EUR","defaultDomain":"fender.com","domains":["fender.com"],"categoryId":3,"description":null,"isActive":true,"countryCodes":[],"averageBasketValue":26.63,"averageCommission":0.4,"averageConfirmationTime":2,"averageCancellationRate":null,"minimumCommission":1.97,"maximumCommission":1.97,"commissionRates":[{"fixedCommission":7.2,"percentageCommission":null},{"fixedCommission":3.6,"percentageCommission":null},{"fixedCommission":0,"percentageCommission":null},{"fixedCommission":4.56,"percentageCommission":null},{"fixedCommission":2.28,"percentageCommission":null}],"trackingLink":"https://tatrck.com/h/0Hu30z9R0j3q","createdAt":"2023-12-13T17:15:12.570Z","updatedAt":"2024-09-03T05:52:44.129Z"},{"merchantId":184569,"name":"First Choice Liquor US","imageUri":"https://kqdxc4m5.de/logos_v2/120x60/c590ee424a6e9dc060984b050aface16.gif","currencyCode":"EUR","defaultDomain":"firstchoiceliquor.com.au","domains":["firstchoiceliquor.com.au"],"categoryId":4,"description":null,"isActive":true,"countryCodes":["AU"],"averageBasketValue":26.45,"averageCommission":0.21,"averageConfirmationTime":null,"averageCancellationRate":null,"minimumCommission":0.04,"maximumCommission":0.87,"commissionRates":[{"fixedCommission":null,"percentageCommission":0.24},{"fixedCommission":null,"percentageCommission":2.4}],"trackingLink":"https://tatrck.com/h/0Hu30z9R0j3v","createdAt":"2023-12-13T17:15:13.502Z","updatedAt":"2024-08-31T06:03:02.508Z"},{"merchantId":184579,"name":"FOCO","imageUri":"https://monetizeamex.com/v3/120x60/3cdc8b4b9094b57a20a5da44f3fa8e45.png","currencyCode":"EUR","defaultDomain":"foco.com","domains":["foco.com"],"categoryId":55,"description":null,"isActive":true,"countryCodes":["US"],"averageBasketValue":61.98,"averageCommission":1.29,"averageConfirmationTime":null,"averageCancellationRate":null,"minimumCommission":0.09,"maximumCommission":5.95,"commissionRates":[],"trackingLink":"https://tatrck.com/h/0Hu30z9R0j43","createdAt":"2023-12-13T17:15:15.284Z","updatedAt":"2024-09-03T05:51:21.013Z"},{"merchantId":184586,"name":"Forsake US","imageUri":"https://kqdxc4m5.de/logos_v2/120x60/c3da920a11eddb4a5833cfac1d81a6cc.gif","currencyCode":"EUR","defaultDomain":"forsake.com","domains":["forsake.com"],"categoryId":55,"description":null,"isActive":true,"countryCodes":["US"],"averageBasketValue":72.63,"averageCommission":1.38,"averageConfirmationTime":null,"averageCancellationRate":null,"minimumCommission":null,"maximumCommission":null,"commissionRates":[{"fixedCommission":null,"percentageCommission":1.92}],"trackingLink":"https://tatrck.com/h/0Hu30z9R0j4A","createdAt":"2023-12-13T17:15:17.381Z","updatedAt":"2024-08-23T15:01:59.672Z"},{"merchantId":184594,"name":"Frankford Arsenal US","imageUri":"https://kqdxc4m5.de/logos_v2/120x60/b27084a2df004b001119d4864f585b48.gif","currencyCode":"EUR","defaultDomain":"frankfordarsenal.com","domains":["frankfordarsenal.com"],"categoryId":55,"description":null,"isActive":true,"countryCodes":["US"],"averageBasketValue":108.62,"averageCommission":5.2,"averageConfirmationTime":null,"averageCancellationRate":null,"minimumCommission":3.54,"maximumCommission":11.21,"commissionRates":[],"trackingLink":"https://tatrck.com/h/0Hu30z9R0j4I","createdAt":"2023-12-13T17:15:18.476Z","updatedAt":"2024-08-23T15:05:28.536Z"},{"merchantId":184598,"name":"Fresh US","imageUri":"https://monetizeamex.com/v3/120x60/2b700d9bc0aa8da0c60f013ceac5ff54.png","currencyCode":"EUR","defaultDomain":"fresh.com","domains":["fresh.com"],"categoryId":28,"description":null,"isActive":true,"countryCodes":["GB","AT","BE","BG","CY","CZ","DE","DK","EE","ES","FI","FR","GR","HR","HU","IE","IT","LT","LU","LV","MT","NL","PL","PT","RO","SE","SI","SK","US","CA"],"averageBasketValue":34.81,"averageCommission":1.01,"averageConfirmationTime":null,"averageCancellationRate":null,"minimumCommission":0.28,"maximumCommission":6.31,"commissionRates":[{"fixedCommission":null,"percentageCommission":3.5999999999999996},{"fixedCommission":null,"percentageCommission":2.4}],"trackingLink":"https://tatrck.com/h/0Hu30z9R0j4M","createdAt":"2023-12-13T17:15:18.873Z","updatedAt":"2024-09-03T17:04:40.631Z"},{"merchantId":184602,"name":"Front Gate Tickets US","imageUri":"https://kqdxc4m5.de/logos_v2/120x60/e21800d5cb28a08157e58c7f88d31eee.gif","currencyCode":"EUR","defaultDomain":"frontgatetickets.com","domains":["frontgatetickets.com"],"categoryId":7,"description":null,"isActive":true,"countryCodes":["US","GB"],"averageBasketValue":null,"averageCommission":null,"averageConfirmationTime":null,"averageCancellationRate":null,"minimumCommission":null,"maximumCommission":null,"commissionRates":[{"fixedCommission":null,"percentageCommission":0.48}],"trackingLink":"https://tatrck.com/h/0Hu30z9R0j4Q","createdAt":"2023-12-13T17:15:19.374Z","updatedAt":"2024-08-23T15:01:50.817Z"},{"merchantId":184604,"name":"Function of Beauty US","imageUri":"https://monetizeamex.com/v3/120x60/172967ab6ef11cde98279c75c3764aaf.png","currencyCode":"EUR","defaultDomain":"functionofbeauty.com","domains":["functionofbeauty.com"],"categoryId":28,"description":null,"isActive":true,"countryCodes":["US"],"averageBasketValue":45.97,"averageCommission":3.3,"averageConfirmationTime":null,"averageCancellationRate":null,"minimumCommission":1.75,"maximumCommission":1.75,"commissionRates":[{"fixedCommission":null,"percentageCommission":7.199999999999999}],"trackingLink":"https://tatrck.com/h/0Hu30z9R0j4S","createdAt":"2023-12-13T17:15:20.069Z","updatedAt":"2024-08-21T11:36:57.220Z"},{"merchantId":184608,"name":"Gaia Herbs US","imageUri":"https://monetizeamex.com/v3/120x60/8f1aa00f39c8c12348d9183882c9990c.png","currencyCode":"EUR","defaultDomain":"gaiaherbs.com","domains":["gaiaherbs.com"],"categoryId":35,"description":null,"isActive":true,"countryCodes":["US"],"averageBasketValue":56.23,"averageCommission":0.55,"averageConfirmationTime":null,"averageCancellationRate":null,"minimumCommission":0.54,"maximumCommission":1,"commissionRates":[{"fixedCommission":null,"percentageCommission":0.96},{"fixedCommission":null,"percentageCommission":0.48}],"trackingLink":"https://tatrck.com/h/0Hu30z9R0j4W","createdAt":"2023-12-13T17:15:20.187Z","updatedAt":"2024-09-03T17:03:49.966Z"},{"merchantId":184612,"name":"Gate Video Smart Lock US","imageUri":"https://kqdxc4m5.de/logos_v2/120x60/9790bfe0db2c84c9c457110bd2087784.gif","currencyCode":"EUR","defaultDomain":"getgate.com","domains":["getgate.com"],"categoryId":64,"description":null,"isActive":true,"countryCodes":["US"],"averageBasketValue":null,"averageCommission":null,"averageConfirmationTime":null,"averageCancellationRate":null,"minimumCommission":null,"maximumCommission":null,"commissionRates":[],"trackingLink":"https://tatrck.com/h/0Hu30z9R0j4a","createdAt":"2023-12-13T17:15:21.168Z","updatedAt":"2024-08-23T15:04:40.521Z"},{"merchantId":184620,"name":"Getaway US","imageUri":"https://kqdxc4m5.de/logos_v2/120x60/2c1820715843c86b5fd01db8f9c2a9dd.gif","currencyCode":"EUR","defaultDomain":"getaway.house","domains":["getaway.house"],"categoryId":63,"description":null,"isActive":true,"countryCodes":["US"],"averageBasketValue":261.33,"averageCommission":2.5,"averageConfirmationTime":null,"averageCancellationRate":null,"minimumCommission":0.54,"maximumCommission":6.56,"commissionRates":[{"fixedCommission":null,"percentageCommission":0.96}],"trackingLink":"https://tatrck.com/h/0Hu30z9R0j4i","createdAt":"2023-12-13T17:15:22.095Z","updatedAt":"2024-09-02T05:52:24.612Z"},{"merchantId":184628,"name":"Glamsquad US","imageUri":"https://monetizeamex.com/v3/120x60/30cba738476f813de53d683f676dc5dd.png","currencyCode":"EUR","defaultDomain":"glamsquad.com","domains":["glamsquad.com"],"categoryId":28,"description":null,"isActive":true,"countryCodes":["US"],"averageBasketValue":91.15,"averageCommission":3.54,"averageConfirmationTime":null,"averageCancellationRate":null,"minimumCommission":0.45,"maximumCommission":6.66,"commissionRates":[],"trackingLink":"https://tatrck.com/h/0Hu30z9R0j4q","createdAt":"2023-12-13T17:15:24.669Z","updatedAt":"2024-08-30T10:01:02.964Z"},{"merchantId":184645,"name":"Grassracks US","imageUri":"https://kqdxc4m5.de/logos_v2/120x60/16a94661858a7ad7b7d1d066044548d5.gif","currencyCode":"EUR","defaultDomain":"grassracks.com","domains":["grassracks.com"],"categoryId":74,"description":null,"isActive":true,"countryCodes":["US"],"averageBasketValue":null,"averageCommission":null,"averageConfirmationTime":null,"averageCancellationRate":null,"minimumCommission":null,"maximumCommission":null,"commissionRates":[],"trackingLink":"https://tatrck.com/h/0Hu30z9R0j55","createdAt":"2023-12-13T17:15:27.979Z","updatedAt":"2024-08-23T15:01:59.774Z"},{"merchantId":184659,"name":"Guns.com US","imageUri":"https://kqdxc4m5.de/logos_v2/120x60/4011f0ba24fbb62c4e20c608eea31859.gif","currencyCode":"EUR","defaultDomain":"guns.com","domains":["guns.com"],"categoryId":21,"description":null,"isActive":true,"countryCodes":["US"],"averageBasketValue":531.11,"averageCommission":7.28,"averageConfirmationTime":null,"averageCancellationRate":null,"minimumCommission":0.28,"maximumCommission":29.73,"commissionRates":[{"fixedCommission":null,"percentageCommission":1.44}],"trackingLink":"https://tatrck.com/h/0Hu30z9R0j5J","createdAt":"2023-12-13T17:15:29.982Z","updatedAt":"2024-08-29T06:03:01.629Z"},{"merchantId":184665,"name":"Hanacure US","imageUri":"https://monetizeamex.com/v3/120x60/19d61ee9494e3c5d3db6ca54295c97ca.png","currencyCode":"EUR","defaultDomain":"hanacure.com","domains":["hanacure.com"],"categoryId":28,"description":null,"isActive":true,"countryCodes":["US"],"averageBasketValue":132.08,"averageCommission":3.96,"averageConfirmationTime":null,"averageCancellationRate":null,"minimumCommission":0.91,"maximumCommission":7.35,"commissionRates":[{"fixedCommission":null,"percentageCommission":3}],"trackingLink":"https://tatrck.com/h/0Hu30z9R0j5P","createdAt":"2023-12-13T17:15:31.994Z","updatedAt":"2024-09-03T05:47:19.070Z"},{"merchantId":184674,"name":"Havenly US","imageUri":"https://kqdxc4m5.de/logos_v2/120x60/8262bad3a1178b98c60d5a9e6c9e6763.gif","currencyCode":"EUR","defaultDomain":"havenly.com","domains":["havenly.com"],"categoryId":74,"description":null,"isActive":true,"countryCodes":["US"],"averageBasketValue":142.4,"averageCommission":3.86,"averageConfirmationTime":null,"averageCancellationRate":null,"minimumCommission":6.09,"maximumCommission":9.81,"commissionRates":[{"fixedCommission":null,"percentageCommission":7.199999999999999}],"trackingLink":"https://tatrck.com/h/0Hu30z9R0j5Y","createdAt":"2023-12-13T17:15:33.367Z","updatedAt":"2024-09-02T05:53:25.278Z"},{"merchantId":184680,"name":"HealthworxCBD US","imageUri":"https://monetizeamex.com/v3/120x60/82eec3b543a90e259b213e93fdd3e781.png","currencyCode":"EUR","defaultDomain":"hwxcbd.com","domains":["healthworxcbd.com","hwxcbd.com"],"categoryId":68,"description":null,"isActive":true,"countryCodes":["US","DO"],"averageBasketValue":null,"averageCommission":null,"averageConfirmationTime":null,"averageCancellationRate":null,"minimumCommission":null,"maximumCommission":null,"commissionRates":[{"fixedCommission":null,"percentageCommission":19.2}],"trackingLink":"https://tatrck.com/h/0Hu30z9R0j5e","createdAt":"2023-12-13T17:15:34.474Z","updatedAt":"2024-08-31T05:52:32.023Z"},{"merchantId":184685,"name":"Helzberg Diamonds US","imageUri":"https://kqdxc4m5.de/logos_v2/120x60/87913d6a231708258619b0f4cc2b6fb4.gif","currencyCode":"EUR","defaultDomain":"helzberg.com","domains":["helzberg.com"],"categoryId":73,"description":null,"isActive":true,"countryCodes":["US"],"averageBasketValue":521.63,"averageCommission":11.51,"averageConfirmationTime":null,"averageCancellationRate":null,"minimumCommission":1.97,"maximumCommission":79.69,"commissionRates":[{"fixedCommission":null,"percentageCommission":0.48},{"fixedCommission":null,"percentageCommission":0.96}],"trackingLink":"https://tatrck.com/h/0Hu30z9R0j5j","createdAt":"2023-12-13T17:15:35.002Z","updatedAt":"2024-08-23T15:01:50.971Z"},{"merchantId":184716,"name":"HTC Vive and HTC Phone US","imageUri":"https://monetizeamex.com/v3/120x60/303039f91bb7d859312a1231d62cd5e3.png","currencyCode":"EUR","defaultDomain":"vive.com","domains":["vive.com"],"categoryId":65,"description":null,"isActive":true,"countryCodes":["DE","GB","FR"],"averageBasketValue":402.3,"averageCommission":7.24,"averageConfirmationTime":null,"averageCancellationRate":null,"minimumCommission":2.99,"maximumCommission":15.11,"commissionRates":[],"trackingLink":"https://tatrck.com/h/0Hu30z9R0j6C","createdAt":"2023-12-13T17:15:38.882Z","updatedAt":"2024-09-03T17:07:36.889Z"},{"merchantId":184718,"name":"Hungryroot US","imageUri":"https://kqdxc4m5.de/logos_v2/120x60/7ee20da943b1ed4dbc35c81d0f1a53af.gif","currencyCode":"EUR","defaultDomain":"hungryroot.com","domains":["hungryroot.com"],"categoryId":68,"description":null,"isActive":true,"countryCodes":["US"],"averageBasketValue":71.24,"averageCommission":4.45,"averageConfirmationTime":58,"averageCancellationRate":null,"minimumCommission":4.15,"maximumCommission":12.41,"commissionRates":[],"trackingLink":"https://tatrck.com/h/0Hu30z9R0j6E","createdAt":"2023-12-13T17:15:39.772Z","updatedAt":"2024-09-03T17:03:41.742Z"},{"merchantId":184719,"name":"Hydro Flask US","imageUri":"https://monetizeamex.com/v3/120x60/527c8602811349ee11ec5b5a59d3f37c.png","currencyCode":"EUR","defaultDomain":"hydroflask.com","domains":["hydroflask.com"],"categoryId":21,"description":null,"isActive":true,"countryCodes":["US"],"averageBasketValue":46.27,"averageCommission":1.8,"averageConfirmationTime":null,"averageCancellationRate":null,"minimumCommission":0.13,"maximumCommission":9.53,"commissionRates":[],"trackingLink":"https://tatrck.com/h/0Hu30z9R0j6F","createdAt":"2023-12-13T17:15:39.973Z","updatedAt":"2024-09-02T05:54:43.220Z"},{"merchantId":184726,"name":"Ice Rings US","imageUri":"https://monetizeamex.com/v3/120x60/2983a54bcc3a9ba86ae935c12d7a432a.png","currencyCode":"EUR","defaultDomain":"icetrends.com","domains":["icetrends.com"],"categoryId":73,"description":null,"isActive":true,"countryCodes":["US"],"averageBasketValue":null,"averageCommission":null,"averageConfirmationTime":null,"averageCancellationRate":null,"minimumCommission":null,"maximumCommission":null,"commissionRates":[],"trackingLink":"https://tatrck.com/h/0Hu30z9R0j6M","createdAt":"2023-12-13T17:15:41.176Z","updatedAt":"2024-08-23T15:05:39.025Z"},{"merchantId":184728,"name":"IG Charcoal BBQ US","imageUri":"https://kqdxc4m5.de/logos_v2/120x60/feb176246c23e16c60c0cfcb1a6b1fa4.gif","currencyCode":"EUR","defaultDomain":"igbbq.com","domains":["igbbq.com"],"categoryId":72,"description":null,"isActive":true,"countryCodes":["US"],"averageBasketValue":null,"averageCommission":null,"averageConfirmationTime":null,"averageCancellationRate":null,"minimumCommission":null,"maximumCommission":null,"commissionRates":[{"fixedCommission":null,"percentageCommission":9.6},{"fixedCommission":null,"percentageCommission":3.5999999999999996}],"trackingLink":"https://tatrck.com/h/0Hu30z9R0j6O","createdAt":"2023-12-13T17:15:41.874Z","updatedAt":"2024-08-23T15:01:29.326Z"},{"merchantId":184731,"name":"Il duomo novara US","imageUri":"https://kqdxc4m5.de/logos_v2/120x60/f611363569ab445490d47e2c618d1f2f.gif","currencyCode":"EUR","defaultDomain":"ilduomo.it","domains":["ilduomo.it","ilduomonovara.it"],"categoryId":40,"description":null,"isActive":true,"countryCodes":["FR"],"averageBasketValue":329.24,"averageCommission":18.96,"averageConfirmationTime":null,"averageCancellationRate":null,"minimumCommission":null,"maximumCommission":null,"commissionRates":[{"fixedCommission":null,"percentageCommission":5.76},{"fixedCommission":null,"percentageCommission":2.88}],"trackingLink":"https://tatrck.com/h/0Hu30z9R0j6R","createdAt":"2023-12-13T17:15:42.166Z","updatedAt":"2024-08-23T15:01:51.804Z"},{"merchantId":184737,"name":"Industry West US","imageUri":"https://kqdxc4m5.de/logos_v2/120x60/41c0161aadd37e1190449f5b256238bf.gif","currencyCode":"EUR","defaultDomain":"industrywest.com","domains":["industrywest.com"],"categoryId":34,"description":null,"isActive":true,"countryCodes":["US"],"averageBasketValue":550.75,"averageCommission":13.21,"averageConfirmationTime":null,"averageCancellationRate":null,"minimumCommission":null,"maximumCommission":null,"commissionRates":[{"fixedCommission":null,"percentageCommission":2.4}],"trackingLink":"https://tatrck.com/h/0Hu30z9R0j6X","createdAt":"2023-12-13T17:15:43.177Z","updatedAt":"2024-09-02T05:53:28.678Z"},{"merchantId":184744,"name":"Insulation Superstore US","imageUri":"https://monetizeamex.com/v3/120x60/19982fdb8c8d5cf8bfb4b22ff7e58058.png","currencyCode":"EUR","defaultDomain":"insulationsuperstore.co.uk","domains":["insulationsuperstore.co.uk"],"categoryId":74,"description":null,"isActive":true,"countryCodes":["GB"],"averageBasketValue":348.19,"averageCommission":4.17,"averageConfirmationTime":null,"averageCancellationRate":null,"minimumCommission":1.51,"maximumCommission":1.51,"commissionRates":[],"trackingLink":"https://tatrck.com/h/0Hu30z9R0j6e","createdAt":"2023-12-13T17:15:44.387Z","updatedAt":"2024-09-03T17:07:29.099Z"},{"merchantId":184745,"name":"IntellaSphere US","imageUri":"https://kqdxc4m5.de/logos_v2/120x60/3d4d1e29c3dfc0274a4e8567a8f9dfe2.gif","currencyCode":"EUR","defaultDomain":"intellasphere.com","domains":["intellasphere.com"],"categoryId":38,"description":null,"isActive":true,"countryCodes":["US"],"averageBasketValue":null,"averageCommission":null,"averageConfirmationTime":null,"averageCancellationRate":null,"minimumCommission":null,"maximumCommission":null,"commissionRates":[],"trackingLink":"https://tatrck.com/h/0Hu30z9R0j6f","createdAt":"2023-12-13T17:15:45.080Z","updatedAt":"2024-08-23T15:02:08.633Z"},{"merchantId":184767,"name":"John Elliott US","imageUri":"https://monetizeamex.com/v3/120x60/c78923fe93996e9912db886c5f105f0b.png","currencyCode":"EUR","defaultDomain":"johnelliott.com","domains":["johnelliott.com"],"categoryId":40,"description":null,"isActive":true,"countryCodes":["US"],"averageBasketValue":344.62,"averageCommission":3.91,"averageConfirmationTime":null,"averageCancellationRate":null,"minimumCommission":2.45,"maximumCommission":7.41,"commissionRates":[{"fixedCommission":null,"percentageCommission":0.96}],"trackingLink":"https://tatrck.com/h/0Hu30z9R0j6_","createdAt":"2023-12-13T17:15:49.368Z","updatedAt":"2024-08-23T15:04:33.388Z"},{"merchantId":184782,"name":"Kassatex US","imageUri":"https://kqdxc4m5.de/logos_v2/120x60/943e96a4c35fd442b5fa91c968756f24.gif","currencyCode":"EUR","defaultDomain":"kassatex.com","domains":["kassatex.com"],"categoryId":74,"description":null,"isActive":true,"countryCodes":["US"],"averageBasketValue":87.1,"averageCommission":5.44,"averageConfirmationTime":null,"averageCancellationRate":null,"minimumCommission":13.18,"maximumCommission":13.18,"commissionRates":[{"fixedCommission":null,"percentageCommission":7.199999999999999}],"trackingLink":"https://tatrck.com/h/0Hu30z9R0j7E","createdAt":"2023-12-13T17:15:50.881Z","updatedAt":"2024-08-23T15:01:52.623Z"},{"merchantId":184785,"name":"Kendra Scott US","imageUri":"https://monetizeamex.com/v3/120x60/a78ed2578ba67a59cdc1bb373043b6b6.png","currencyCode":"EUR","defaultDomain":"kendrascott.com","domains":["kendrascott.com"],"categoryId":40,"description":null,"isActive":true,"countryCodes":["US"],"averageBasketValue":78.87,"averageCommission":3.15,"averageConfirmationTime":null,"averageCancellationRate":null,"minimumCommission":0.23,"maximumCommission":29.84,"commissionRates":[{"fixedCommission":null,"percentageCommission":2.88},{"fixedCommission":null,"percentageCommission":1.44}],"trackingLink":"https://tatrck.com/h/0Hu30z9R0j7H","createdAt":"2023-12-13T17:15:53.364Z","updatedAt":"2024-09-02T05:52:23.883Z"},{"merchantId":184789,"name":"Keyport US","imageUri":"https://kqdxc4m5.de/logos_v2/120x60/97ca749e88f999563a46a54258b2f526.gif","currencyCode":"EUR","defaultDomain":"mykeyport.com","domains":["mykeyport.com"],"categoryId":40,"description":null,"isActive":true,"countryCodes":["US"],"averageBasketValue":95.11,"averageCommission":1.14,"averageConfirmationTime":null,"averageCancellationRate":null,"minimumCommission":null,"maximumCommission":null,"commissionRates":[{"fixedCommission":null,"percentageCommission":4.2}],"trackingLink":"https://tatrck.com/h/0Hu30z9R0j7L","createdAt":"2023-12-13T17:15:52.578Z","updatedAt":"2024-08-30T05:49:02.385Z"},{"merchantId":184797,"name":"Kogalla US","imageUri":"https://kqdxc4m5.de/logos_v2/120x60/5fdd58722bef6ed1e76580ddf0eeefbb.gif","currencyCode":"EUR","defaultDomain":"kogalla.com","domains":["kogalla.com"],"categoryId":55,"description":null,"isActive":true,"countryCodes":["US"],"averageBasketValue":144.88,"averageCommission":6.95,"averageConfirmationTime":null,"averageCancellationRate":null,"minimumCommission":3.15,"maximumCommission":9.34,"commissionRates":[{"fixedCommission":null,"percentageCommission":4.8}],"trackingLink":"https://tatrck.com/h/0Hu30z9R0j7T","createdAt":"2023-12-13T17:15:52.869Z","updatedAt":"2024-08-23T15:01:46.982Z"},{"merchantId":184802,"name":"KUIU US","imageUri":"https://kqdxc4m5.de/logos_v2/120x60/8d663c1e4fe8c2c4fd9901e4227b197a.gif","currencyCode":"EUR","defaultDomain":"kuiu.com","domains":["kuiu.com"],"categoryId":40,"description":null,"isActive":true,"countryCodes":["US"],"averageBasketValue":265.43,"averageCommission":4.75,"averageConfirmationTime":59,"averageCancellationRate":null,"minimumCommission":1.23,"maximumCommission":4.59,"commissionRates":[{"fixedCommission":null,"percentageCommission":1.7999999999999998},{"fixedCommission":null,"percentageCommission":1.44}],"trackingLink":"https://tatrck.com/h/0Hu30z9R0j7Y","createdAt":"2023-12-13T17:15:54.276Z","updatedAt":"2024-09-03T05:53:31.316Z"},{"merchantId":184821,"name":"Legoland Discovery Center US","imageUri":"https://monetizeamex.com/v3/120x60/ad9e6f7fd9ff097e1756ced85df2494c.png","currencyCode":"EUR","defaultDomain":"legolanddiscoverycenter.com","domains":["legolanddiscoverycenter.com"],"categoryId":7,"description":null,"isActive":true,"countryCodes":[],"averageBasketValue":null,"averageCommission":null,"averageConfirmationTime":null,"averageCancellationRate":null,"minimumCommission":null,"maximumCommission":null,"commissionRates":[{"fixedCommission":null,"percentageCommission":1.2}],"trackingLink":"https://tatrck.com/h/0Hu30z9R0j7r","createdAt":"2023-12-13T17:15:58.274Z","updatedAt":"2024-08-21T11:25:40.873Z"},{"merchantId":184824,"name":"Lenox US","imageUri":"https://monetizeamex.com/v3/120x60/df98ee03d0ac3439d20c388480b46f64.png","currencyCode":"EUR","defaultDomain":"lenox.com","domains":["lenox.com"],"categoryId":73,"description":null,"isActive":true,"countryCodes":["US"],"averageBasketValue":30.32,"averageCommission":1.65,"averageConfirmationTime":null,"averageCancellationRate":null,"minimumCommission":null,"maximumCommission":null,"commissionRates":[],"trackingLink":"https://tatrck.com/h/0Hu30z9R0j7u","createdAt":"2023-12-13T17:15:59.485Z","updatedAt":"2024-08-30T05:57:31.803Z"},{"merchantId":184850,"name":"Longitude swim US","imageUri":"https://kqdxc4m5.de/logos_v2/120x60/a72ed7fa50be70108fbb1b4e4b5e7636.gif","currencyCode":"EUR","defaultDomain":"longitudeswim.com","domains":["longitudeswim.com"],"categoryId":40,"description":null,"isActive":true,"countryCodes":["US"],"averageBasketValue":104.52,"averageCommission":3,"averageConfirmationTime":null,"averageCancellationRate":null,"minimumCommission":2.14,"maximumCommission":2.16,"commissionRates":[],"trackingLink":"https://tatrck.com/h/0Hu30z9R0j8I","createdAt":"2023-12-13T17:16:03.349Z","updatedAt":"2024-08-23T15:01:30.898Z"},{"merchantId":184861,"name":"Lorna Jane APAC US","imageUri":"https://monetizeamex.com/v3/120x60/85ab83518698c4a8f7627159d9f9810c.png","currencyCode":"EUR","defaultDomain":"lornajane.sg","domains":["lornajane.sg"],"categoryId":40,"description":null,"isActive":true,"countryCodes":["US"],"averageBasketValue":36.33,"averageCommission":0.87,"averageConfirmationTime":null,"averageCancellationRate":null,"minimumCommission":0.74,"maximumCommission":0.99,"commissionRates":[],"trackingLink":"https://tatrck.com/h/0Hu30z9R0j8T","createdAt":"2023-12-13T17:16:03.471Z","updatedAt":"2024-08-23T15:01:26.254Z"},{"merchantId":184874,"name":"MacCleaner US","imageUri":"https://monetizeamex.com/v3/120x60/eecfcc9f94457776254356d2db0b24cd.png","currencyCode":"EUR","defaultDomain":"nektony.com","domains":["nektony.com"],"categoryId":37,"description":null,"isActive":true,"countryCodes":["US"],"averageBasketValue":null,"averageCommission":null,"averageConfirmationTime":null,"averageCancellationRate":null,"minimumCommission":null,"maximumCommission":null,"commissionRates":[{"fixedCommission":null,"percentageCommission":17.4}],"trackingLink":"https://tatrck.com/h/0Hu30z9R0j8g","createdAt":"2023-12-13T17:16:04.867Z","updatedAt":"2024-08-23T15:01:40.403Z"},{"merchantId":184878,"name":"Make Up For Ever US","imageUri":"https://kqdxc4m5.de/logos_v2/120x60/5d323b142aa07dd635e504883d1e9508.gif","currencyCode":"EUR","defaultDomain":"makeupforever.com","domains":["makeupforever.com"],"categoryId":28,"description":null,"isActive":true,"countryCodes":["US","FR"],"averageBasketValue":73.06,"averageCommission":3.35,"averageConfirmationTime":null,"averageCancellationRate":null,"minimumCommission":1.81,"maximumCommission":11.11,"commissionRates":[{"fixedCommission":null,"percentageCommission":4.8}],"trackingLink":"https://tatrck.com/h/0Hu30z9R0j8k","createdAt":"2023-12-13T17:16:05.476Z","updatedAt":"2024-09-03T17:03:57.600Z"},{"merchantId":184889,"name":"ManyChat","imageUri":"https://monetizeamex.com/v3/120x60/354b31dc02fcaebaeffe30c72a5d2667.png","currencyCode":"EUR","defaultDomain":"manychat.com","domains":["manychat.com"],"categoryId":38,"description":null,"isActive":true,"countryCodes":[],"averageBasketValue":4.74,"averageCommission":2.71,"averageConfirmationTime":58,"averageCancellationRate":0.6,"minimumCommission":2.86,"maximumCommission":142.05,"commissionRates":[],"trackingLink":"https://tatrck.com/h/0Hu30z9R0j8v","createdAt":"2023-12-13T17:16:05.374Z","updatedAt":"2024-09-03T05:54:43.388Z"},{"merchantId":184922,"name":"MiniTool Affiliate Program US","imageUri":"https://monetizeamex.com/v3/120x60/e5a638dcaadbec6004a00df2b47633d9.png","currencyCode":"EUR","defaultDomain":"minitool.com","domains":["minitool.com"],"categoryId":37,"description":null,"isActive":true,"countryCodes":["US"],"averageBasketValue":103.01,"averageCommission":15,"averageConfirmationTime":10,"averageCancellationRate":null,"minimumCommission":7.72,"maximumCommission":7.72,"commissionRates":[{"fixedCommission":null,"percentageCommission":4.8},{"fixedCommission":null,"percentageCommission":14.399999999999999},{"fixedCommission":null,"percentageCommission":19.2},{"fixedCommission":null,"percentageCommission":9.6}],"trackingLink":"https://tatrck.com/h/0Hu30z9R0j9Q","createdAt":"2023-12-13T17:16:10.067Z","updatedAt":"2024-09-03T17:07:21.150Z"},{"merchantId":184928,"name":"MM LaFleur US","imageUri":"https://kqdxc4m5.de/logos_v2/120x60/0da0c2fc940e95be4d74a6d0ae037ae1.gif","currencyCode":"EUR","defaultDomain":"mmlafleur.com","domains":["mmlafleur.com"],"categoryId":40,"description":null,"isActive":true,"countryCodes":["US"],"averageBasketValue":280.48,"averageCommission":1.65,"averageConfirmationTime":null,"averageCancellationRate":2,"minimumCommission":0.74,"maximumCommission":11.94,"commissionRates":[{"fixedCommission":null,"percentageCommission":1.92}],"trackingLink":"https://tatrck.com/h/0Hu30z9R0j9W","createdAt":"2023-12-13T17:16:10.767Z","updatedAt":"2024-09-03T17:03:49.723Z"},{"merchantId":184939,"name":"MoneyTips Elite US","imageUri":"https://kqdxc4m5.de/logos_v2/120x60/8e60f4fe89c36e6a2fc74daef79d2cd7.gif","currencyCode":"EUR","defaultDomain":"moneytips.com","domains":["moneytips.com"],"categoryId":66,"description":null,"isActive":true,"countryCodes":["US"],"averageBasketValue":null,"averageCommission":null,"averageConfirmationTime":null,"averageCancellationRate":null,"minimumCommission":null,"maximumCommission":null,"commissionRates":[],"trackingLink":"https://tatrck.com/h/0Hu30z9R0j9h","createdAt":"2023-12-13T17:16:12.172Z","updatedAt":"2024-08-23T15:04:23.516Z"},{"merchantId":184942,"name":"Morning Brew US","imageUri":"https://kqdxc4m5.de/logos_v2/120x60/109eca2ecab7475bd3288ba8dc746f8f.gif","currencyCode":"EUR","defaultDomain":"morningbrew.com","domains":["morningbrew.com"],"categoryId":50,"description":null,"isActive":true,"countryCodes":[],"averageBasketValue":null,"averageCommission":0.21,"averageConfirmationTime":2,"averageCancellationRate":null,"minimumCommission":null,"maximumCommission":null,"commissionRates":[],"trackingLink":"https://tatrck.com/h/0Hu30z9R0j9k","createdAt":"2023-12-13T17:16:14.685Z","updatedAt":"2024-08-23T05:57:03.265Z"},{"merchantId":184943,"name":"Morningstar Inc. US","imageUri":"https://monetizeamex.com/v3/120x60/1c64fb438b6996917feb3d82ba224e07.png","currencyCode":"EUR","defaultDomain":"morningstar.com","domains":["morningstar.com"],"categoryId":20,"description":null,"isActive":true,"countryCodes":[],"averageBasketValue":114.88,"averageCommission":1.53,"averageConfirmationTime":null,"averageCancellationRate":null,"minimumCommission":26.04,"maximumCommission":26.04,"commissionRates":[],"trackingLink":"https://tatrck.com/h/0Hu30z9R0j9l","createdAt":"2023-12-13T17:16:14.576Z","updatedAt":"2024-09-03T17:09:26.623Z"},{"merchantId":184944,"name":"Moroccanoil US","imageUri":"https://kqdxc4m5.de/logos_v2/120x60/7e87a3ea1e6875b9ed4509153628d25b.gif","currencyCode":"EUR","defaultDomain":"moroccanoil.com","domains":["moroccanoil.com"],"categoryId":28,"description":null,"isActive":true,"countryCodes":["US"],"averageBasketValue":21.07,"averageCommission":0.62,"averageConfirmationTime":null,"averageCancellationRate":null,"minimumCommission":0.14,"maximumCommission":1.47,"commissionRates":[{"fixedCommission":null,"percentageCommission":6}],"trackingLink":"https://tatrck.com/h/0Hu30z9R0j9m","createdAt":"2023-12-13T17:16:13.280Z","updatedAt":"2024-09-03T05:51:21.181Z"},{"merchantId":184947,"name":"MTN OPS US","imageUri":"https://monetizeamex.com/v3/120x60/36b927fb92f44c2aa9eeb9d434f33d1a.png","currencyCode":"EUR","defaultDomain":"mtnops.com","domains":["mtnops.com"],"categoryId":68,"description":null,"isActive":true,"countryCodes":["US"],"averageBasketValue":18.6,"averageCommission":1.12,"averageConfirmationTime":1,"averageCancellationRate":null,"minimumCommission":0.84,"maximumCommission":20.66,"commissionRates":[],"trackingLink":"https://tatrck.com/h/0Hu30z9R0j9p","createdAt":"2023-12-13T17:16:14.977Z","updatedAt":"2024-08-31T06:02:02.306Z"},{"merchantId":184949,"name":"Mukha Yoga US","imageUri":"https://monetizeamex.com/v3/120x60/8df7de9aec42f1813352543169a10342.png","currencyCode":"EUR","defaultDomain":"mukhayoga.com","domains":["mukhayoga.com"],"categoryId":40,"description":null,"isActive":true,"countryCodes":["US"],"averageBasketValue":null,"averageCommission":null,"averageConfirmationTime":null,"averageCancellationRate":null,"minimumCommission":null,"maximumCommission":null,"commissionRates":[{"fixedCommission":null,"percentageCommission":3.84}],"trackingLink":"https://tatrck.com/h/0Hu30z9R0j9r","createdAt":"2023-12-13T17:16:15.170Z","updatedAt":"2024-08-23T15:01:42.965Z"},{"merchantId":184962,"name":"MyHouse Australia US","imageUri":"https://monetizeamex.com/v3/120x60/4da552031e80ebc76c32a91ea33fddf2.png","currencyCode":"EUR","defaultDomain":"myhouse.com.au","domains":["myhouse.com.au"],"categoryId":74,"description":null,"isActive":true,"countryCodes":["AU"],"averageBasketValue":84.28,"averageCommission":1.14,"averageConfirmationTime":null,"averageCancellationRate":null,"minimumCommission":0.1,"maximumCommission":2.4,"commissionRates":[{"fixedCommission":null,"percentageCommission":4.8},{"fixedCommission":null,"percentageCommission":1.7999999999999998}],"trackingLink":"https://tatrck.com/h/0Hu30z9R0jA2","createdAt":"2023-12-13T17:16:15.487Z","updatedAt":"2024-09-03T17:07:38.265Z"},{"merchantId":184966,"name":"National Geographic Kids Magazine","imageUri":"https://monetizeamex.com/v3/120x60/5b579cc08426ba8c576d9bdead36ee9e.png","currencyCode":"EUR","defaultDomain":"natgeokids.com","domains":["natgeokids.com","nationalgeographic.com"],"categoryId":53,"description":null,"isActive":true,"countryCodes":["GB"],"averageBasketValue":57.2,"averageCommission":3.6,"averageConfirmationTime":null,"averageCancellationRate":null,"minimumCommission":3.6,"maximumCommission":3.6,"commissionRates":[],"trackingLink":"https://tatrck.com/h/0Hu30z9R0jA6","createdAt":"2023-12-13T17:16:17.575Z","updatedAt":"2024-08-21T11:29:54.088Z"},{"merchantId":184982,"name":"Newmarket Holidays US","imageUri":"https://monetizeamex.com/v3/120x60/7640af25560d0307bbd13afb3770d816.png","currencyCode":"EUR","defaultDomain":"newmarketholidays.co.uk","domains":["newmarketholidays.co.uk"],"categoryId":46,"description":null,"isActive":true,"countryCodes":["GB"],"averageBasketValue":3,"averageCommission":65.58,"averageConfirmationTime":null,"averageCancellationRate":null,"minimumCommission":59.77,"maximumCommission":59.77,"commissionRates":[],"trackingLink":"https://tatrck.com/h/0Hu30z9R0jAM","createdAt":"2023-12-13T17:16:18.468Z","updatedAt":"2024-08-31T06:03:03.819Z"},{"merchantId":185002,"name":"Notino.pl","imageUri":"https://monetizeamex.com/v3/120x60/3db90dd980978c55260a3a5a47724747.png","currencyCode":"EUR","defaultDomain":"notino.pl","domains":["notino.pl"],"categoryId":28,"description":null,"isActive":true,"countryCodes":["PL"],"averageBasketValue":48.17,"averageCommission":0.61,"averageConfirmationTime":null,"averageCancellationRate":null,"minimumCommission":0.01,"maximumCommission":5.84,"commissionRates":[],"trackingLink":"https://tatrck.com/h/0Hu30z9R0jAg","createdAt":"2023-12-13T17:16:19.979Z","updatedAt":"2024-09-03T05:51:03.365Z"}]}