{"meta":{"next":170615},"data":[{"merchantId":169960,"name":"EaseMyTrip IN","imageUri":"https://monetizeamex.com/v3/120x60/bd78ff376dbfc77f05f309473813c39c.png","currencyCode":"EUR","defaultDomain":"easemytrip.com","domains":["easemytrip.com"],"categoryId":46,"description":null,"isActive":true,"countryCodes":["IN"],"averageBasketValue":169.69,"averageCommission":0.86,"averageConfirmationTime":null,"averageCancellationRate":null,"minimumCommission":0.12,"maximumCommission":13.85,"commissionRates":[],"trackingLink":"https://tatrck.com/h/0Hu30z9R0fVe","createdAt":"2023-12-13T16:15:48.176Z","updatedAt":"2024-08-22T08:01:14.111Z"},{"merchantId":169993,"name":"Checkfrank DE","imageUri":"https://kqdxc4m5.de/logos_v2/120x60/b9ac9b2388f70235a87dea6e6ff7789d.gif","currencyCode":"EUR","defaultDomain":"checkfrank.de","domains":["checkfrank.de"],"categoryId":21,"description":null,"isActive":true,"countryCodes":["DE"],"averageBasketValue":null,"averageCommission":null,"averageConfirmationTime":null,"averageCancellationRate":null,"minimumCommission":null,"maximumCommission":null,"commissionRates":[],"trackingLink":"https://tatrck.com/h/0Hu30z9R0fW9","createdAt":"2023-12-13T16:16:00.584Z","updatedAt":"2024-08-21T11:26:08.404Z"},{"merchantId":169999,"name":"Heuts DE","imageUri":"https://monetizeamex.com/v3/120x60/0f4ec4744ecc17495b561dbde1f9d2fe.png","currencyCode":"EUR","defaultDomain":"heuts.de","domains":["heuts.de"],"categoryId":59,"description":null,"isActive":true,"countryCodes":["DE"],"averageBasketValue":292.28,"averageCommission":4.29,"averageConfirmationTime":null,"averageCancellationRate":null,"minimumCommission":0.63,"maximumCommission":16.59,"commissionRates":[],"trackingLink":"https://tatrck.com/h/0Hu30z9R0fWF","createdAt":"2023-12-13T16:16:02.869Z","updatedAt":"2024-08-26T09:01:14.823Z"},{"merchantId":170012,"name":"Quehoteles ES","imageUri":"https://kqdxc4m5.de/logos_v2/120x60/e193652fd32d28536bb1b22bff9dda67.gif","currencyCode":"EUR","defaultDomain":"quehoteles.com","domains":["quehoteles.com"],"categoryId":45,"description":null,"isActive":true,"countryCodes":["ES"],"averageBasketValue":433.15,"averageCommission":5.19,"averageConfirmationTime":6,"averageCancellationRate":null,"minimumCommission":null,"maximumCommission":null,"commissionRates":[{"fixedCommission":null,"percentageCommission":1.2}],"trackingLink":"https://tatrck.com/h/0Hu30z9R0fWS","createdAt":"2023-12-13T16:16:08.267Z","updatedAt":"2024-09-03T05:54:11.572Z"},{"merchantId":170019,"name":"uOpen UK","imageUri":"https://monetizeamex.com/v3/120x60/9f57c390863b4f000a21f00b0611626f.png","currencyCode":"EUR","defaultDomain":"uopen.com","domains":["uopen.com"],"categoryId":41,"description":null,"isActive":true,"countryCodes":["GB"],"averageBasketValue":null,"averageCommission":null,"averageConfirmationTime":null,"averageCancellationRate":null,"minimumCommission":null,"maximumCommission":null,"commissionRates":[{"fixedCommission":null,"percentageCommission":2.52}],"trackingLink":"https://tatrck.com/h/0Hu30z9R0fWZ","createdAt":"2023-12-13T16:16:12.124Z","updatedAt":"2024-08-21T11:25:27.085Z"},{"merchantId":170034,"name":"Allbirds US","imageUri":"https://monetizeamex.com/v3/120x60/af20d1db9bb89755237b40a161f129ae.png","currencyCode":"EUR","defaultDomain":"allbirds.com","domains":["allbirds.com"],"categoryId":40,"description":null,"isActive":true,"countryCodes":["US"],"averageBasketValue":31.19,"averageCommission":0.17,"averageConfirmationTime":1,"averageCancellationRate":null,"minimumCommission":0.31,"maximumCommission":1.26,"commissionRates":[{"fixedCommission":null,"percentageCommission":3},{"fixedCommission":null,"percentageCommission":0.6}],"trackingLink":"https://tatrck.com/h/0Hu30z9R0fWo","createdAt":"2023-12-13T16:16:15.586Z","updatedAt":"2024-09-03T05:54:44.582Z"},{"merchantId":170037,"name":"Appointy US","imageUri":"https://kqdxc4m5.de/logos_v2/120x60/5272561fa727594ab2afdad74c32fb4f.gif","currencyCode":"EUR","defaultDomain":"appointy.com","domains":["appointy.com"],"categoryId":75,"description":null,"isActive":true,"countryCodes":["US"],"averageBasketValue":2.96,"averageCommission":0.58,"averageConfirmationTime":4,"averageCancellationRate":null,"minimumCommission":5.05,"maximumCommission":5.16,"commissionRates":[{"fixedCommission":null,"percentageCommission":19.2},{"fixedCommission":0,"percentageCommission":null},{"fixedCommission":null,"percentageCommission":19.8}],"trackingLink":"https://tatrck.com/h/0Hu30z9R0fWr","createdAt":"2023-12-13T16:16:17.281Z","updatedAt":"2024-08-27T05:52:17.574Z"},{"merchantId":170038,"name":"Arkel US","imageUri":"https://monetizeamex.com/v3/120x60/b8b30edc718885d290df2cae56a6a4b9.png","currencyCode":"EUR","defaultDomain":"arkel-od.com","domains":["arkel-od.com"],"categoryId":59,"description":null,"isActive":true,"countryCodes":["US"],"averageBasketValue":138.18,"averageCommission":4.14,"averageConfirmationTime":10,"averageCancellationRate":null,"minimumCommission":1.53,"maximumCommission":4.4,"commissionRates":[{"fixedCommission":null,"percentageCommission":3}],"trackingLink":"https://tatrck.com/h/0Hu30z9R0fWs","createdAt":"2023-12-13T16:16:17.669Z","updatedAt":"2024-08-21T11:31:11.698Z"},{"merchantId":170049,"name":"ESR US","imageUri":"https://monetizeamex.com/v3/120x60/6d8ffaa3a2b7c102a0151b31485c4d10.png","currencyCode":"EUR","defaultDomain":"esrgear.com","domains":["esrgear.com"],"categoryId":72,"description":null,"isActive":true,"countryCodes":["US","AT","SR"],"averageBasketValue":37.31,"averageCommission":2.61,"averageConfirmationTime":7,"averageCancellationRate":null,"minimumCommission":2.14,"maximumCommission":5.58,"commissionRates":[{"fixedCommission":null,"percentageCommission":7.199999999999999},{"fixedCommission":null,"percentageCommission":7.199999999999999}],"trackingLink":"https://tatrck.com/h/0Hu30z9R0fX1","createdAt":"2023-12-13T16:16:22.169Z","updatedAt":"2024-09-03T17:08:25.065Z"},{"merchantId":170053,"name":"graf lantz US","imageUri":"https://monetizeamex.com/v3/120x60/4017919bbe861c83e03a1054e43edb83.png","currencyCode":"EUR","defaultDomain":"graf-lantz.com","domains":["graf-lantz.com"],"categoryId":40,"description":null,"isActive":true,"countryCodes":["US"],"averageBasketValue":null,"averageCommission":null,"averageConfirmationTime":null,"averageCancellationRate":null,"minimumCommission":null,"maximumCommission":null,"commissionRates":[{"fixedCommission":null,"percentageCommission":4.2}],"trackingLink":"https://tatrck.com/h/0Hu30z9R0fX5","createdAt":"2023-12-13T16:16:23.891Z","updatedAt":"2024-08-21T11:30:29.246Z"},{"merchantId":170065,"name":"Jet Fuel Meals US","imageUri":"https://monetizeamex.com/v3/120x60/99b81c283d053ceb3a2e4203010c8998.png","currencyCode":"EUR","defaultDomain":"jetfuelmeals.com","domains":["jetfuelmeals.com"],"categoryId":14,"description":null,"isActive":true,"countryCodes":["US"],"averageBasketValue":84.11,"averageCommission":12.61,"averageConfirmationTime":null,"averageCancellationRate":null,"minimumCommission":8.76,"maximumCommission":8.76,"commissionRates":[{"fixedCommission":null,"percentageCommission":15}],"trackingLink":"https://tatrck.com/h/0Hu30z9R0fXH","createdAt":"2023-12-13T16:16:30.169Z","updatedAt":"2024-08-27T05:22:05.166Z"},{"merchantId":170071,"name":"KIMERA KOFFEE US","imageUri":"https://kqdxc4m5.de/logos_v2/120x60/aca17834e466e26a48b281c15c00809a.gif","currencyCode":"EUR","defaultDomain":"kimerakoffee.com","domains":["kimerakoffee.com"],"categoryId":68,"description":null,"isActive":true,"countryCodes":["US"],"averageBasketValue":58.12,"averageCommission":6.27,"averageConfirmationTime":null,"averageCancellationRate":null,"minimumCommission":null,"maximumCommission":null,"commissionRates":[{"fixedCommission":null,"percentageCommission":10.799999999999999}],"trackingLink":"https://tatrck.com/h/0Hu30z9R0fXN","createdAt":"2023-12-13T16:16:34.480Z","updatedAt":"2024-08-21T11:45:32.526Z"},{"merchantId":170073,"name":"Kut from the kloth US","imageUri":"https://kqdxc4m5.de/logos_v2/120x60/094b80e1db8d00ca5a73b6c867451c7c.gif","currencyCode":"EUR","defaultDomain":"kutfromthekloth.com","domains":["kutfromthekloth.com"],"categoryId":40,"description":null,"isActive":true,"countryCodes":["US"],"averageBasketValue":63.86,"averageCommission":2.88,"averageConfirmationTime":null,"averageCancellationRate":null,"minimumCommission":3.51,"maximumCommission":8.31,"commissionRates":[{"fixedCommission":null,"percentageCommission":0.96}],"trackingLink":"https://tatrck.com/h/0Hu30z9R0fXP","createdAt":"2023-12-13T16:16:33.073Z","updatedAt":"2024-09-03T17:03:42.623Z"},{"merchantId":170103,"name":"TreStique US","imageUri":"https://monetizeamex.com/v3/120x60/f1e100a5b7237e87da04f896b9ffc88e.png","currencyCode":"EUR","defaultDomain":"trestique.com","domains":["trestique.com"],"categoryId":27,"description":null,"isActive":true,"countryCodes":["US"],"averageBasketValue":45.13,"averageCommission":0.27,"averageConfirmationTime":null,"averageCancellationRate":null,"minimumCommission":0.27,"maximumCommission":0.27,"commissionRates":[],"trackingLink":"https://tatrck.com/h/0Hu30z9R0fXt","createdAt":"2023-12-13T16:16:49.179Z","updatedAt":"2024-09-03T17:04:10.045Z"},{"merchantId":170110,"name":"Xpand US","imageUri":"https://monetizeamex.com/v3/120x60/63066aa4642eb923f029064ea66cc040.png","currencyCode":"EUR","defaultDomain":"xpandlaces.com","domains":["xpandlaces.com"],"categoryId":60,"description":null,"isActive":true,"countryCodes":["US"],"averageBasketValue":null,"averageCommission":null,"averageConfirmationTime":null,"averageCancellationRate":null,"minimumCommission":null,"maximumCommission":null,"commissionRates":[{"fixedCommission":null,"percentageCommission":6}],"trackingLink":"https://tatrck.com/h/0Hu30z9R0fX-","createdAt":"2023-12-13T16:16:50.871Z","updatedAt":"2024-08-21T11:39:22.808Z"},{"merchantId":170112,"name":"Zero Breeze US","imageUri":"https://monetizeamex.com/v3/120x60/75f726aaaa491a9ce04c5bb0fb3d163a.png","currencyCode":"EUR","defaultDomain":"zerobreeze.com","domains":["zerobreeze.com"],"categoryId":72,"description":null,"isActive":true,"countryCodes":["US"],"averageBasketValue":null,"averageCommission":null,"averageConfirmationTime":null,"averageCancellationRate":null,"minimumCommission":null,"maximumCommission":null,"commissionRates":[{"fixedCommission":null,"percentageCommission":3.5999999999999996},{"fixedCommission":null,"percentageCommission":3}],"trackingLink":"https://tatrck.com/h/0Hu30z9R0fY0","createdAt":"2023-12-13T16:16:51.866Z","updatedAt":"2024-09-03T09:01:03.774Z"},{"merchantId":170117,"name":"Devart US","imageUri":"https://monetizeamex.com/v3/120x60/6afb534197a8e23e6f55a9f65bf162b7.png","currencyCode":"EUR","defaultDomain":"devart.com","domains":["devart.com"],"categoryId":49,"description":null,"isActive":true,"countryCodes":["US"],"averageBasketValue":380.79,"averageCommission":11.42,"averageConfirmationTime":null,"averageCancellationRate":null,"minimumCommission":2.65,"maximumCommission":34.86,"commissionRates":[{"fixedCommission":null,"percentageCommission":3}],"trackingLink":"https://tatrck.com/h/0Hu30z9R0fY5","createdAt":"2023-12-13T16:16:53.383Z","updatedAt":"2024-09-02T05:29:45.754Z"},{"merchantId":170118,"name":"Easeware Technology Limited  US","imageUri":"https://monetizeamex.com/v3/120x60/ed7025a0beb51e4189ef432a861ee9ec.png","currencyCode":"EUR","defaultDomain":"drivereasy.com","domains":["drivereasy.com"],"categoryId":65,"description":null,"isActive":true,"countryCodes":[],"averageBasketValue":26.92,"averageCommission":8.07,"averageConfirmationTime":null,"averageCancellationRate":null,"minimumCommission":4.63,"maximumCommission":9.25,"commissionRates":[{"fixedCommission":null,"percentageCommission":30}],"trackingLink":"https://tatrck.com/h/0Hu30z9R0fY6","createdAt":"2023-12-13T16:16:54.182Z","updatedAt":"2024-08-15T09:07:37.971Z"},{"merchantId":170119,"name":"Eguasoft  US","imageUri":"https://monetizeamex.com/v3/120x60/a8606f2bf87ce93039a1b7e552df5303.png","currencyCode":"EUR","defaultDomain":"eguasoft.com","domains":["eguasoft.com"],"categoryId":55,"description":null,"isActive":true,"countryCodes":[],"averageBasketValue":null,"averageCommission":null,"averageConfirmationTime":null,"averageCancellationRate":null,"minimumCommission":null,"maximumCommission":null,"commissionRates":[{"fixedCommission":null,"percentageCommission":12}],"trackingLink":"https://tatrck.com/h/0Hu30z9R0fY7","createdAt":"2023-12-13T16:16:56.181Z","updatedAt":"2024-09-03T05:28:58.061Z"},{"merchantId":170121,"name":"MINBO QRE SRL US","imageUri":"https://monetizeamex.com/v3/120x60/1be3c287e342878b141eeb37697b6cf4.png","currencyCode":"EUR","defaultDomain":"wpplugins.tips","domains":["wpplugins.tips"],"categoryId":49,"description":null,"isActive":true,"countryCodes":[],"averageBasketValue":null,"averageCommission":null,"averageConfirmationTime":null,"averageCancellationRate":null,"minimumCommission":null,"maximumCommission":null,"commissionRates":[{"fixedCommission":null,"percentageCommission":18}],"trackingLink":"https://tatrck.com/h/0Hu30z9R0fY9","createdAt":"2023-12-13T16:16:55.285Z","updatedAt":"2024-08-15T09:07:37.781Z"},{"merchantId":170126,"name":"WizardSoft NL","imageUri":"https://kqdxc4m5.de/logos_v2/120x60/7973a605353ec0c0ce7dce643e7ef05e.gif","currencyCode":"EUR","defaultDomain":"wizardsoft.nl","domains":["wizardsoft.nl"],"categoryId":49,"description":null,"isActive":true,"countryCodes":[],"averageBasketValue":null,"averageCommission":null,"averageConfirmationTime":null,"averageCancellationRate":null,"minimumCommission":null,"maximumCommission":null,"commissionRates":[{"fixedCommission":null,"percentageCommission":12}],"trackingLink":"https://tatrck.com/h/0Hu30z9R0fYE","createdAt":"2023-12-13T16:16:57.571Z","updatedAt":"2024-07-30T15:17:03.208Z"},{"merchantId":170133,"name":"Trivago AR","imageUri":"https://monetizeamex.com/v3/120x60/2142a2a495029a40c5eba4b9c7fb7409.png","currencyCode":"EUR","defaultDomain":"ar.trivago.com","domains":["ar.trivago.com"],"categoryId":63,"description":null,"isActive":true,"countryCodes":["AR"],"averageBasketValue":null,"averageCommission":null,"averageConfirmationTime":null,"averageCancellationRate":null,"minimumCommission":null,"maximumCommission":null,"commissionRates":[],"trackingLink":"https://tatrck.com/h/0Hu30z9R0fYL","createdAt":"2024-04-15T13:23:26.837Z","updatedAt":"2024-08-21T11:43:13.770Z"},{"merchantId":170147,"name":"STARK DE","imageUri":"https://monetizeamex.com/v3/120x60/9d77296cb3d200fa15be0fab325d6495.png","currencyCode":"EUR","defaultDomain":"stark-verlag.de","domains":["stark-verlag.de"],"categoryId":26,"description":null,"isActive":true,"countryCodes":["DE"],"averageBasketValue":50.5,"averageCommission":3.54,"averageConfirmationTime":null,"averageCancellationRate":null,"minimumCommission":0.53,"maximumCommission":11.47,"commissionRates":[{"fixedCommission":null,"percentageCommission":6},{"fixedCommission":null,"percentageCommission":7.199999999999999}],"trackingLink":"https://tatrck.com/h/0Hu30z9R0fYZ","createdAt":"2023-12-13T16:17:05.567Z","updatedAt":"2024-09-02T05:31:47.853Z"},{"merchantId":170158,"name":"Covers And All CA","imageUri":"https://monetizeamex.com/v3/120x60/0df1073867f987f3aa930032d03c00a2.png","currencyCode":"EUR","defaultDomain":"coversandall.ca","domains":["coversandall.ca"],"categoryId":74,"description":null,"isActive":true,"countryCodes":["CA"],"averageBasketValue":208.27,"averageCommission":11.28,"averageConfirmationTime":20,"averageCancellationRate":null,"minimumCommission":3.92,"maximumCommission":18.3,"commissionRates":[{"fixedCommission":null,"percentageCommission":4.8}],"trackingLink":"https://tatrck.com/h/0Hu30z9R0fYk","createdAt":"2023-12-13T16:17:07.574Z","updatedAt":"2024-09-03T17:07:22.460Z"},{"merchantId":170161,"name":"ForPro PL","imageUri":"https://monetizeamex.com/v3/120x60/ec6e9340be423aa14b7c399c1be77c92.png","currencyCode":"EUR","defaultDomain":"forpro.pl","domains":["forpro.pl"],"categoryId":55,"description":null,"isActive":true,"countryCodes":["PL"],"averageBasketValue":4.06,"averageCommission":0.14,"averageConfirmationTime":null,"averageCancellationRate":null,"minimumCommission":0.11,"maximumCommission":0.17,"commissionRates":[{"fixedCommission":null,"percentageCommission":3.5999999999999996}],"trackingLink":"https://tatrck.com/h/0Hu30z9R0fYn","createdAt":"2023-12-13T16:17:08.968Z","updatedAt":"2024-09-03T17:08:11.082Z"},{"merchantId":170177,"name":"Gobi Heat US","imageUri":"https://kqdxc4m5.de/logos_v2/120x60/1367716acfca899a2506ef54d100ff34.gif","currencyCode":"EUR","defaultDomain":"gobiheat.com","domains":["gobiheat.com"],"categoryId":40,"description":null,"isActive":true,"countryCodes":["US"],"averageBasketValue":null,"averageCommission":null,"averageConfirmationTime":null,"averageCancellationRate":null,"minimumCommission":null,"maximumCommission":null,"commissionRates":[],"trackingLink":"https://tatrck.com/h/0Hu30z9R0fZ1","createdAt":"2023-12-13T16:17:12.775Z","updatedAt":"2024-09-03T17:03:39.181Z"},{"merchantId":170183,"name":"Borghese US","imageUri":"https://monetizeamex.com/v3/120x60/9e73b514da7640269e80a737cef2f99c.png","currencyCode":"EUR","defaultDomain":"borghese.com","domains":["borghese.com"],"categoryId":28,"description":null,"isActive":true,"countryCodes":["US"],"averageBasketValue":68.29,"averageCommission":1.63,"averageConfirmationTime":null,"averageCancellationRate":null,"minimumCommission":0.87,"maximumCommission":0.87,"commissionRates":[{"fixedCommission":null,"percentageCommission":2.4}],"trackingLink":"https://tatrck.com/h/0Hu30z9R0fZ7","createdAt":"2023-12-13T16:17:13.769Z","updatedAt":"2024-08-23T15:01:43.153Z"},{"merchantId":170184,"name":"Diyanu US","imageUri":"https://monetizeamex.com/v3/120x60/ad55cded11fe7db31b542f6555af5bfc.png","currencyCode":"EUR","defaultDomain":"diyanu.com","domains":["diyanu.com"],"categoryId":40,"description":null,"isActive":true,"countryCodes":["US"],"averageBasketValue":107.84,"averageCommission":5.02,"averageConfirmationTime":58,"averageCancellationRate":null,"minimumCommission":3.64,"maximumCommission":3.64,"commissionRates":[{"fixedCommission":null,"percentageCommission":6}],"trackingLink":"https://tatrck.com/h/0Hu30z9R0fZ8","createdAt":"2023-12-13T16:17:14.480Z","updatedAt":"2024-08-23T15:01:57.208Z"},{"merchantId":170195,"name":"Zutano US","imageUri":"https://monetizeamex.com/v3/120x60/2e23570a105efb81a90c7184a44e3b57.png","currencyCode":"EUR","defaultDomain":"zutano.com","domains":["zutano.com"],"categoryId":17,"description":null,"isActive":true,"countryCodes":["US"],"averageBasketValue":34.83,"averageCommission":1.66,"averageConfirmationTime":null,"averageCancellationRate":null,"minimumCommission":0.9,"maximumCommission":0.9,"commissionRates":[{"fixedCommission":null,"percentageCommission":3.84},{"fixedCommission":null,"percentageCommission":4.8}],"trackingLink":"https://tatrck.com/h/0Hu30z9R0fZJ","createdAt":"2023-12-13T16:17:19.369Z","updatedAt":"2024-09-02T05:53:25.618Z"},{"merchantId":170202,"name":"Delphinus MX","imageUri":"https://monetizeamex.com/v3/120x60/10a8c8eafc38bf7996d9fa82f3d55828.png","currencyCode":"EUR","defaultDomain":"delphinusworld.com","domains":["delphinusworld.com"],"categoryId":79,"description":null,"isActive":true,"countryCodes":["US"],"averageBasketValue":114.32,"averageCommission":5.48,"averageConfirmationTime":null,"averageCancellationRate":null,"minimumCommission":10.96,"maximumCommission":10.96,"commissionRates":[{"fixedCommission":null,"percentageCommission":4.8},{"fixedCommission":0,"percentageCommission":null}],"trackingLink":"https://tatrck.com/h/0Hu30z9R0fZQ","createdAt":"2023-12-13T16:17:22.269Z","updatedAt":"2024-08-21T11:39:24.129Z"},{"merchantId":170207,"name":"Lureaux NL","imageUri":"https://kqdxc4m5.de/logos_v2/120x60/e1855a8264543c18c84d68f84afeb391.gif","currencyCode":"EUR","defaultDomain":"lureaux.com","domains":["lureaux.com"],"categoryId":40,"description":null,"isActive":true,"countryCodes":["NL"],"averageBasketValue":86.74,"averageCommission":3.9,"averageConfirmationTime":null,"averageCancellationRate":null,"minimumCommission":3.84,"maximumCommission":5.76,"commissionRates":[],"trackingLink":"https://tatrck.com/h/0Hu30z9R0fZV","createdAt":"2023-12-13T16:17:23.570Z","updatedAt":"2024-08-21T11:43:34.505Z"},{"merchantId":170220,"name":"Selldorado - Detecteurs FR","imageUri":"https://monetizeamex.com/v3/120x60/0453380b71c21143213d2727497440f1.png","currencyCode":"EUR","defaultDomain":"detecteurs.fr","domains":["detecteurs.fr"],"categoryId":50,"description":null,"isActive":true,"countryCodes":["FR"],"averageBasketValue":130.75,"averageCommission":4.7,"averageConfirmationTime":30,"averageCancellationRate":null,"minimumCommission":null,"maximumCommission":null,"commissionRates":[],"trackingLink":"https://tatrck.com/h/0Hu30z9R0fZi","createdAt":"2023-12-13T16:17:29.677Z","updatedAt":"2024-09-03T17:04:51.899Z"},{"merchantId":170235,"name":"ABC Prints UK","imageUri":"https://monetizeamex.com/v3/120x60/1c902cb06b629b4402fb92085f5772e7.png","currencyCode":"EUR","defaultDomain":"abcprints.co.uk","domains":["abcprints.co.uk"],"categoryId":50,"description":null,"isActive":true,"countryCodes":["GB"],"averageBasketValue":17.42,"averageCommission":0.52,"averageConfirmationTime":null,"averageCancellationRate":null,"minimumCommission":0.1,"maximumCommission":0.68,"commissionRates":[{"fixedCommission":null,"percentageCommission":3}],"trackingLink":"https://tatrck.com/h/0Hu30z9R0fZx","createdAt":"2023-12-13T16:17:35.480Z","updatedAt":"2024-08-28T05:38:03.372Z"},{"merchantId":170236,"name":"Philip Jones Jewellery UK","imageUri":"https://monetizeamex.com/v3/120x60/a32fe21493085e61f239d291230811b2.png","currencyCode":"EUR","defaultDomain":"philipjonesjewellery.com","domains":["philipjonesjewellery.com"],"categoryId":40,"description":null,"isActive":true,"countryCodes":["GB"],"averageBasketValue":12.72,"averageCommission":0.95,"averageConfirmationTime":28,"averageCancellationRate":null,"minimumCommission":0.74,"maximumCommission":0.98,"commissionRates":[],"trackingLink":"https://tatrck.com/h/0Hu30z9R0fZy","createdAt":"2023-12-13T16:17:35.965Z","updatedAt":"2024-09-03T17:09:28.958Z"},{"merchantId":170256,"name":"Natural History Museum Shop UK","imageUri":"https://kqdxc4m5.de/logos_v2/120x60/4e66ab56ff924e90bdc510e7bf953213.gif","currencyCode":"EUR","defaultDomain":"nhmshop.co.uk","domains":["nhmshop.co.uk"],"categoryId":47,"description":null,"isActive":true,"countryCodes":["GB"],"averageBasketValue":45.07,"averageCommission":0.81,"averageConfirmationTime":null,"averageCancellationRate":52.9,"minimumCommission":0.5,"maximumCommission":2.71,"commissionRates":[{"fixedCommission":null,"percentageCommission":1.7999999999999998}],"trackingLink":"https://tatrck.com/h/0Hu30z9R0faG","createdAt":"2023-12-13T16:17:43.570Z","updatedAt":"2024-08-21T11:34:50.897Z"},{"merchantId":170267,"name":"Loberon  FR","imageUri":"https://monetizeamex.com/v3/120x60/d255605c6873bfeb26d3d6779ea0d302.png","currencyCode":"EUR","defaultDomain":"loberon.fr","domains":["loberon.fr"],"categoryId":34,"description":null,"isActive":true,"countryCodes":["FR"],"averageBasketValue":null,"averageCommission":null,"averageConfirmationTime":null,"averageCancellationRate":null,"minimumCommission":null,"maximumCommission":null,"commissionRates":[],"trackingLink":"https://tatrck.com/h/0Hu30z9R0faR","createdAt":"2023-12-13T16:17:48.978Z","updatedAt":"2024-08-15T09:07:38.004Z"},{"merchantId":170280,"name":"Santander AT Jetztsofort Kredit AT","imageUri":"https://kqdxc4m5.de/logos_v2/120x60/a7e0d5365794956fc4e9357028c719be.gif","currencyCode":"EUR","defaultDomain":"santanderconsumer.at","domains":["santanderconsumer.at"],"categoryId":12,"description":null,"isActive":true,"countryCodes":["AT","CH","DE"],"averageBasketValue":null,"averageCommission":56.64,"averageConfirmationTime":58,"averageCancellationRate":null,"minimumCommission":90,"maximumCommission":90,"commissionRates":[],"trackingLink":"https://tatrck.com/h/0Hu30z9R0fae","createdAt":"2023-12-13T16:17:51.083Z","updatedAt":"2024-09-03T05:33:08.312Z"},{"merchantId":170313,"name":"Shopee VN","imageUri":"https://monetizeamex.com/v3/120x60/5c22cfc1636a4a9a09ee56c5a2168939.png","currencyCode":"EUR","defaultDomain":"shopee.vn","domains":["shopee.vn"],"categoryId":21,"description":null,"isActive":true,"countryCodes":["VN"],"averageBasketValue":12.73,"averageCommission":0.1,"averageConfirmationTime":47,"averageCancellationRate":0.3,"minimumCommission":0,"maximumCommission":5.29,"commissionRates":[],"trackingLink":"https://tatrck.com/h/0Hu30z9R0fb9","createdAt":"2023-12-13T16:18:00.423Z","updatedAt":"2024-09-03T05:54:11.484Z"},{"merchantId":170397,"name":"Boundary Supply US","imageUri":"https://kqdxc4m5.de/logos_v2/120x60/f01474ce45a54812f16536a9dee7ea07.gif","currencyCode":"EUR","defaultDomain":"boundarysupply.com","domains":["boundarysupply.com"],"categoryId":55,"description":null,"isActive":true,"countryCodes":["US"],"averageBasketValue":199.87,"averageCommission":11.98,"averageConfirmationTime":5,"averageCancellationRate":null,"minimumCommission":18.09,"maximumCommission":18.09,"commissionRates":[{"fixedCommission":null,"percentageCommission":6}],"trackingLink":"https://tatrck.com/h/0Hu30z9R0fcT","createdAt":"2023-12-13T16:18:10.270Z","updatedAt":"2024-08-21T11:39:11.556Z"},{"merchantId":170404,"name":"FarmFoods US","imageUri":"https://monetizeamex.com/v3/120x60/c05cb761996fed7b306b9fe942729481.png","currencyCode":"EUR","defaultDomain":"farmfoodsmarket.com","domains":["farmfoodsmarket.com"],"categoryId":14,"description":null,"isActive":true,"countryCodes":["US"],"averageBasketValue":187.43,"averageCommission":4.71,"averageConfirmationTime":null,"averageCancellationRate":null,"minimumCommission":4.71,"maximumCommission":4.71,"commissionRates":[],"trackingLink":"https://tatrck.com/h/0Hu30z9R0fca","createdAt":"2023-12-13T16:18:13.893Z","updatedAt":"2024-08-26T09:01:03.618Z"},{"merchantId":170408,"name":"Honeybook US","imageUri":"https://monetizeamex.com/v3/120x60/11b9a75c9e21c44a8d2b19e383790d05.png","currencyCode":"EUR","defaultDomain":"honeybook.com","domains":["honeybook.com"],"categoryId":41,"description":null,"isActive":true,"countryCodes":[],"averageBasketValue":null,"averageCommission":5.07,"averageConfirmationTime":null,"averageCancellationRate":null,"minimumCommission":28.68,"maximumCommission":28.68,"commissionRates":[],"trackingLink":"https://tatrck.com/h/0Hu30z9R0fce","createdAt":"2023-12-13T16:18:14.179Z","updatedAt":"2024-09-03T17:06:45.912Z"},{"merchantId":170410,"name":"K&F Concept US","imageUri":"https://kqdxc4m5.de/logos_v2/120x60/3f7311ec353c39429602a71cfc7f05ec.gif","currencyCode":"EUR","defaultDomain":"kentfaith.com","domains":["kentfaith.com"],"categoryId":80,"description":null,"isActive":true,"countryCodes":["US"],"averageBasketValue":60.36,"averageCommission":3.61,"averageConfirmationTime":null,"averageCancellationRate":null,"minimumCommission":null,"maximumCommission":null,"commissionRates":[{"fixedCommission":null,"percentageCommission":6}],"trackingLink":"https://tatrck.com/h/0Hu30z9R0fcg","createdAt":"2023-12-13T16:18:15.193Z","updatedAt":"2024-09-03T05:24:18.299Z"},{"merchantId":170426,"name":"Soukare Trading US","imageUri":"https://kqdxc4m5.de/logos_v2/120x60/afe7de582f9ff43773fc954eb2f4934f.gif","currencyCode":"EUR","defaultDomain":"soukare.com","domains":["soukare.com"],"categoryId":35,"description":null,"isActive":true,"countryCodes":[],"averageBasketValue":40.24,"averageCommission":0.9,"averageConfirmationTime":null,"averageCancellationRate":1.9,"minimumCommission":0.37,"maximumCommission":12.85,"commissionRates":[],"trackingLink":"https://tatrck.com/h/0Hu30z9R0fcw","createdAt":"2023-12-13T16:18:19.774Z","updatedAt":"2024-09-03T05:54:36.843Z"},{"merchantId":170428,"name":"TESVOR US","imageUri":"https://kqdxc4m5.de/logos_v2/120x60/6085f25c992798de0249489a12409922.gif","currencyCode":"EUR","defaultDomain":"tesvor.com","domains":["tesvor.com"],"categoryId":72,"description":null,"isActive":true,"countryCodes":["US"],"averageBasketValue":180,"averageCommission":8.64,"averageConfirmationTime":null,"averageCancellationRate":null,"minimumCommission":16.32,"maximumCommission":16.32,"commissionRates":[{"fixedCommission":null,"percentageCommission":4.8}],"trackingLink":"https://tatrck.com/h/0Hu30z9R0fcy","createdAt":"2023-12-13T16:18:20.207Z","updatedAt":"2024-08-21T11:37:25.380Z"},{"merchantId":170434,"name":"wherelight US","imageUri":"https://monetizeamex.com/v3/120x60/6ecd8194015fcc3fd220dbe1191fbdb7.png","currencyCode":"EUR","defaultDomain":"wherelight.com","domains":["wherelight.com"],"categoryId":40,"description":null,"isActive":true,"countryCodes":["US"],"averageBasketValue":68.41,"averageCommission":2.73,"averageConfirmationTime":58,"averageCancellationRate":null,"minimumCommission":4.67,"maximumCommission":4.67,"commissionRates":[{"fixedCommission":null,"percentageCommission":6}],"trackingLink":"https://tatrck.com/h/0Hu30z9R0fd2","createdAt":"2023-12-13T16:18:22.289Z","updatedAt":"2024-09-01T05:54:07.201Z"},{"merchantId":170444,"name":"FarvaterTravel [CPS] UA","imageUri":"https://monetizeamex.com/v3/120x60/2e9d301b992ed7508c66e208315bb6de.png","currencyCode":"EUR","defaultDomain":"farvater.travel","domains":["farvater.travel"],"categoryId":63,"description":null,"isActive":true,"countryCodes":[],"averageBasketValue":null,"averageCommission":null,"averageConfirmationTime":null,"averageCancellationRate":null,"minimumCommission":null,"maximumCommission":null,"commissionRates":[{"fixedCommission":null,"percentageCommission":2.4},{"fixedCommission":null,"percentageCommission":1.7999999999999998}],"trackingLink":"https://tatrck.com/h/0Hu30z9R0fdC","createdAt":"2023-12-13T16:18:25.074Z","updatedAt":"2024-08-21T11:31:28.562Z"},{"merchantId":170450,"name":"Issaplus WW UA","imageUri":"https://monetizeamex.com/v3/120x60/626b5201507fae3bfa84a60c477c8a0c.png","currencyCode":"EUR","defaultDomain":"issaplus.com","domains":["issaplus.com"],"categoryId":40,"description":null,"isActive":true,"countryCodes":["UA"],"averageBasketValue":22.08,"averageCommission":1.17,"averageConfirmationTime":null,"averageCancellationRate":null,"minimumCommission":0.42,"maximumCommission":2.32,"commissionRates":[{"fixedCommission":null,"percentageCommission":4.2},{"fixedCommission":null,"percentageCommission":6.9239999999999995}],"trackingLink":"https://tatrck.com/h/0Hu30z9R0fdI","createdAt":"2023-12-13T16:18:26.369Z","updatedAt":"2024-09-01T05:53:42.879Z"},{"merchantId":170459,"name":"progymfood RU","imageUri":"https://monetizeamex.com/v3/120x60/46711d4c80c2abe0f27c84fb46038c1b.png","currencyCode":"EUR","defaultDomain":"progymfood.ru","domains":["progymfood.ru"],"categoryId":13,"description":null,"isActive":true,"countryCodes":["RU"],"averageBasketValue":null,"averageCommission":null,"averageConfirmationTime":null,"averageCancellationRate":null,"minimumCommission":null,"maximumCommission":null,"commissionRates":[],"trackingLink":"https://tatrck.com/h/0Hu30z9R0fdR","createdAt":"2023-12-13T16:18:29.388Z","updatedAt":"2024-08-29T15:02:21.023Z"},{"merchantId":170466,"name":"Vova WW US","imageUri":"https://monetizeamex.com/v3/120x60/04b9298b867ce43aef27d310146a88f7.png","currencyCode":"EUR","defaultDomain":"vova.com","domains":["vova.com"],"categoryId":21,"description":null,"isActive":true,"countryCodes":["US"],"averageBasketValue":null,"averageCommission":null,"averageConfirmationTime":null,"averageCancellationRate":null,"minimumCommission":null,"maximumCommission":null,"commissionRates":[{"fixedCommission":null,"percentageCommission":0.6}],"trackingLink":"https://tatrck.com/h/0Hu30z9R0fdY","createdAt":"2023-12-13T16:18:31.068Z","updatedAt":"2024-08-21T11:42:58.781Z"},{"merchantId":170509,"name":"Imperial IT","imageUri":"https://monetizeamex.com/v3/120x60/81e5621b8903278c1add051ccfd95f9d.png","currencyCode":"EUR","defaultDomain":"imperialfashion.com","domains":["imperialfashion.com","imperialfashion.it"],"categoryId":21,"description":null,"isActive":true,"countryCodes":["IT"],"averageBasketValue":116.08,"averageCommission":8.07,"averageConfirmationTime":7,"averageCancellationRate":53.3,"minimumCommission":5.52,"maximumCommission":16.16,"commissionRates":[{"fixedCommission":null,"percentageCommission":6.462},{"fixedCommission":null,"percentageCommission":7.661999999999999},{"fixedCommission":null,"percentageCommission":8.261999999999999}],"trackingLink":"https://tatrck.com/h/0Hu30z9R0feD","createdAt":"2023-12-13T16:18:40.290Z","updatedAt":"2024-09-03T17:05:22.057Z"},{"merchantId":170517,"name":"MYPACK DE","imageUri":"https://monetizeamex.com/v3/120x60/4109b14a4435e8d6ba4c6aeb4b1bb6d1.png","currencyCode":"EUR","defaultDomain":"mypack.de","domains":["mypack.de"],"categoryId":21,"description":null,"isActive":true,"countryCodes":["DE"],"averageBasketValue":65.56,"averageCommission":3.8,"averageConfirmationTime":28,"averageCancellationRate":53.8,"minimumCommission":1.65,"maximumCommission":1.65,"commissionRates":[{"fixedCommission":null,"percentageCommission":6}],"trackingLink":"https://tatrck.com/h/0Hu30z9R0feL","createdAt":"2023-12-13T16:18:42.468Z","updatedAt":"2024-09-03T17:09:14.898Z"},{"merchantId":170518,"name":"Nectar Sleep UK","imageUri":"https://monetizeamex.com/v3/120x60/b7a6ee3e023fb76b5355e0f0a61dcbda.png","currencyCode":"EUR","defaultDomain":"nectarsleep.co.uk","domains":["nectarsleep.co.uk"],"categoryId":34,"description":null,"isActive":true,"countryCodes":["GB"],"averageBasketValue":774.42,"averageCommission":60.42,"averageConfirmationTime":null,"averageCancellationRate":null,"minimumCommission":51.07,"maximumCommission":140.66,"commissionRates":[],"trackingLink":"https://tatrck.com/h/0Hu30z9R0feM","createdAt":"2023-12-13T16:18:44.686Z","updatedAt":"2024-09-03T05:25:32.643Z"},{"merchantId":170522,"name":"PatPat UK","imageUri":"https://monetizeamex.com/v3/120x60/c640e61f2f1bebfc66a0bddbad61769e.png","currencyCode":"EUR","defaultDomain":"uk.patpat.com","domains":["uk.patpat.com"],"categoryId":40,"description":null,"isActive":true,"countryCodes":["GB"],"averageBasketValue":null,"averageCommission":null,"averageConfirmationTime":null,"averageCancellationRate":null,"minimumCommission":null,"maximumCommission":null,"commissionRates":[],"trackingLink":"https://tatrck.com/h/0Hu30z9R0feQ","createdAt":"2023-12-13T16:18:43.180Z","updatedAt":"2024-09-03T17:06:36.181Z"},{"merchantId":170553,"name":"DailyGreatness US","imageUri":"https://kqdxc4m5.de/logos_v2/120x60/1e38c81ff5d048ac7d646bff528ca41b.gif","currencyCode":"EUR","defaultDomain":"dailygreatness.co","domains":["dailygreatness.co"],"categoryId":68,"description":"Dailygreatness creates a popular series of journals and planners in the area of wellness, body, mind, spirit and personal development and are designed for anyone wishing to focus on holistic health and wellness, productivity, practicing mindfulness and achieving their goals.","isActive":true,"countryCodes":["US"],"averageBasketValue":null,"averageCommission":null,"averageConfirmationTime":null,"averageCancellationRate":null,"minimumCommission":null,"maximumCommission":null,"commissionRates":[{"fixedCommission":null,"percentageCommission":6},{"fixedCommission":null,"percentageCommission":6}],"trackingLink":"https://tatrck.com/h/0Hu30z9R0fev","createdAt":"2023-12-13T16:18:52.282Z","updatedAt":"2024-08-21T11:37:44.183Z"},{"merchantId":170554,"name":"Etude House US","imageUri":"https://kqdxc4m5.de/logos_v2/120x60/e06507cbe09b006c926b1f67999bf2e7.gif","currencyCode":"EUR","defaultDomain":"etudehouse.com","domains":["etudehouse.com"],"categoryId":28,"description":null,"isActive":true,"countryCodes":["US"],"averageBasketValue":null,"averageCommission":null,"averageConfirmationTime":null,"averageCancellationRate":null,"minimumCommission":null,"maximumCommission":null,"commissionRates":[{"fixedCommission":null,"percentageCommission":7.8},{"fixedCommission":3,"percentageCommission":null}],"trackingLink":"https://tatrck.com/h/0Hu30z9R0few","createdAt":"2023-12-13T16:18:54.067Z","updatedAt":"2024-08-21T11:39:25.247Z"},{"merchantId":170564,"name":"Sitejet US","imageUri":"https://kqdxc4m5.de/logos_v2/120x60/5c3bc09f28f880d73e87234959fc81a4.gif","currencyCode":"EUR","defaultDomain":"sitejet.io","domains":["sitejet.io"],"categoryId":41,"description":null,"isActive":true,"countryCodes":["US"],"averageBasketValue":40.75,"averageCommission":6.1,"averageConfirmationTime":1,"averageCancellationRate":null,"minimumCommission":null,"maximumCommission":null,"commissionRates":[{"fixedCommission":null,"percentageCommission":15}],"trackingLink":"https://tatrck.com/h/0Hu30z9R0ff4","createdAt":"2023-12-13T16:18:56.172Z","updatedAt":"2024-08-21T11:39:09.709Z"},{"merchantId":170566,"name":"beachsissi US","imageUri":"https://kqdxc4m5.de/logos_v2/120x60/96f81d70f4c20d0bf38acef29ba3959a.gif","currencyCode":"EUR","defaultDomain":"beachsissi.com","domains":["beachsissi.com"],"categoryId":40,"description":null,"isActive":true,"countryCodes":["US"],"averageBasketValue":87.48,"averageCommission":3.67,"averageConfirmationTime":null,"averageCancellationRate":58.3,"minimumCommission":2.58,"maximumCommission":2.58,"commissionRates":[{"fixedCommission":null,"percentageCommission":4.2},{"fixedCommission":0,"percentageCommission":null}],"trackingLink":"https://tatrck.com/h/0Hu30z9R0ff6","createdAt":"2023-12-13T16:18:56.397Z","updatedAt":"2024-08-29T05:46:57.968Z"},{"merchantId":170574,"name":"Cashmere in Love UK","imageUri":"https://kqdxc4m5.de/logos_v2/120x60/5bc018fdc371b810d82c68da967fab45.gif","currencyCode":"EUR","defaultDomain":"cashmereinlove.com","domains":["cashmereinlove.com","cashmereinlove.co.uk"],"categoryId":40,"description":null,"isActive":true,"countryCodes":["GB"],"averageBasketValue":null,"averageCommission":null,"averageConfirmationTime":null,"averageCancellationRate":null,"minimumCommission":null,"maximumCommission":null,"commissionRates":[{"fixedCommission":null,"percentageCommission":3.84}],"trackingLink":"https://tatrck.com/h/0Hu30z9R0ffE","createdAt":"2023-12-13T16:18:59.265Z","updatedAt":"2024-09-03T17:04:00.992Z"},{"merchantId":170577,"name":"Herbivore Botanicals US","imageUri":"https://monetizeamex.com/v3/120x60/339ed97f2b6381c897f9aa7a00c6c269.png","currencyCode":"EUR","defaultDomain":"herbivorebotanicals.com","domains":["herbivorebotanicals.com"],"categoryId":28,"description":null,"isActive":true,"countryCodes":["US"],"averageBasketValue":72.72,"averageCommission":2.09,"averageConfirmationTime":null,"averageCancellationRate":null,"minimumCommission":1.3,"maximumCommission":5.07,"commissionRates":[{"fixedCommission":null,"percentageCommission":3}],"trackingLink":"https://tatrck.com/h/0Hu30z9R0ffH","createdAt":"2023-12-13T16:19:00.945Z","updatedAt":"2024-08-23T15:04:24.096Z"},{"merchantId":170580,"name":"ONE Condoms US","imageUri":"https://monetizeamex.com/v3/120x60/29d65b892e28734dfe9d607d16f77341.png","currencyCode":"EUR","defaultDomain":"onecondoms.com","domains":["onecondoms.com"],"categoryId":35,"description":null,"isActive":true,"countryCodes":[],"averageBasketValue":15.97,"averageCommission":0.95,"averageConfirmationTime":null,"averageCancellationRate":2,"minimumCommission":0.16,"maximumCommission":1.87,"commissionRates":[{"fixedCommission":null,"percentageCommission":6}],"trackingLink":"https://tatrck.com/h/0Hu30z9R0ffK","createdAt":"2023-12-13T16:19:01.343Z","updatedAt":"2024-08-23T05:48:18.966Z"},{"merchantId":170602,"name":"The Baby Gift Company AU","imageUri":"https://monetizeamex.com/v3/120x60/6dcf7e4d528bc0c6cd78f3f133ab82cd.png","currencyCode":"EUR","defaultDomain":"thebabygiftcompany.com.au","domains":["thebabygiftcompany.com.au"],"categoryId":17,"description":null,"isActive":true,"countryCodes":["AU"],"averageBasketValue":null,"averageCommission":null,"averageConfirmationTime":null,"averageCancellationRate":null,"minimumCommission":null,"maximumCommission":null,"commissionRates":[{"fixedCommission":null,"percentageCommission":1.2}],"trackingLink":"https://tatrck.com/h/0Hu30z9R0ffg","createdAt":"2023-12-13T16:19:07.813Z","updatedAt":"2024-09-03T17:04:50.666Z"}]}