{"meta":{"next":176031},"data":[{"merchantId":175403,"name":"Deaf Lottery Australia","imageUri":"https://kqdxc4m5.de/logos_v2/120x60/851a001c43127fdc84322daedb3865ab.gif","currencyCode":"EUR","defaultDomain":"deaflottery.com.au","domains":["deaflottery.com.au"],"categoryId":31,"description":null,"isActive":true,"countryCodes":["AU"],"averageBasketValue":null,"averageCommission":null,"averageConfirmationTime":null,"averageCancellationRate":null,"minimumCommission":null,"maximumCommission":null,"commissionRates":[],"trackingLink":"https://tatrck.com/h/0Hu30z9R0gqh","createdAt":"2023-12-13T16:38:34.190Z","updatedAt":"2024-07-29T10:57:06.805Z"},{"merchantId":175409,"name":"Cashwagon VN","imageUri":"https://kqdxc4m5.de/logos_v2/120x60/b6d1f96e2b0ef00c010703790b8bba47.gif","currencyCode":"EUR","defaultDomain":"cashwagon.vn","domains":["cashwagon.vn"],"categoryId":66,"description":null,"isActive":true,"countryCodes":["LK","PH","VN"],"averageBasketValue":null,"averageCommission":null,"averageConfirmationTime":null,"averageCancellationRate":null,"minimumCommission":null,"maximumCommission":null,"commissionRates":[],"trackingLink":"https://tatrck.com/h/0Hu30z9R0gqn","createdAt":"2023-12-13T16:38:35.390Z","updatedAt":"2024-08-21T11:29:19.589Z"},{"merchantId":175434,"name":"US Gerber Insurance CPL US","imageUri":"https://kqdxc4m5.de/logos_v2/120x60/56c778fa1fb43c7865b70eec1d7fbfa2.gif","currencyCode":"EUR","defaultDomain":"gerberlife.com","domains":["gerberlife.com"],"categoryId":56,"description":null,"isActive":true,"countryCodes":["US"],"averageBasketValue":null,"averageCommission":7.33,"averageConfirmationTime":null,"averageCancellationRate":null,"minimumCommission":null,"maximumCommission":null,"commissionRates":[],"trackingLink":"https://tatrck.com/h/0Hu30z9R0grA","createdAt":"2023-12-13T16:38:38.480Z","updatedAt":"2024-09-01T05:53:47.114Z"},{"merchantId":175511,"name":"Alpyn Beauty US","imageUri":"https://monetizeamex.com/v3/120x60/c4b09f6d7419cbe9b46b10188e075381.png","currencyCode":"EUR","defaultDomain":"alpynbeauty.com","domains":["alpynbeauty.com"],"categoryId":27,"description":null,"isActive":true,"countryCodes":["US"],"averageBasketValue":null,"averageCommission":null,"averageConfirmationTime":null,"averageCancellationRate":null,"minimumCommission":null,"maximumCommission":null,"commissionRates":[{"fixedCommission":null,"percentageCommission":6}],"trackingLink":"https://tatrck.com/h/0Hu30z9R0gsN","createdAt":"2023-12-13T16:38:58.659Z","updatedAt":"2024-08-21T11:39:11.298Z"},{"merchantId":175513,"name":"TheBudGrower US","imageUri":"https://monetizeamex.com/v3/120x60/24513355597fe4501ea190c044a1c65c.png","currencyCode":"EUR","defaultDomain":"thebudgrower.com","domains":["thebudgrower.com"],"categoryId":74,"description":null,"isActive":true,"countryCodes":["US"],"averageBasketValue":null,"averageCommission":null,"averageConfirmationTime":null,"averageCancellationRate":null,"minimumCommission":null,"maximumCommission":null,"commissionRates":[{"fixedCommission":null,"percentageCommission":6.6},{"fixedCommission":null,"percentageCommission":8.1}],"trackingLink":"https://tatrck.com/h/0Hu30z9R0gsP","createdAt":"2023-12-13T16:38:59.883Z","updatedAt":"2024-08-21T11:28:58.943Z"},{"merchantId":175521,"name":"Chamaripa US","imageUri":"https://kqdxc4m5.de/logos_v2/120x60/4c021e1fd1a8a07be94559f30d1e48a1.gif","currencyCode":"EUR","defaultDomain":"chamaripashoes.com","domains":["chamaripashoes.com"],"categoryId":40,"description":null,"isActive":true,"countryCodes":["US"],"averageBasketValue":null,"averageCommission":0,"averageConfirmationTime":1,"averageCancellationRate":null,"minimumCommission":null,"maximumCommission":null,"commissionRates":[{"fixedCommission":null,"percentageCommission":7.199999999999999}],"trackingLink":"https://tatrck.com/h/0Hu30z9R0gsX","createdAt":"2023-12-13T16:39:03.595Z","updatedAt":"2024-08-21T11:39:22.543Z"},{"merchantId":175522,"name":"CV Sciences US","imageUri":"https://kqdxc4m5.de/logos_v2/120x60/1d408f77b4845b751d8ea49add466cf8.gif","currencyCode":"EUR","defaultDomain":"pluscbdoil.com","domains":["pluscbdoil.com"],"categoryId":68,"description":null,"isActive":true,"countryCodes":["CV","US"],"averageBasketValue":53.42,"averageCommission":4.8,"averageConfirmationTime":null,"averageCancellationRate":null,"minimumCommission":2.29,"maximumCommission":11.71,"commissionRates":[{"fixedCommission":null,"percentageCommission":9}],"trackingLink":"https://tatrck.com/h/0Hu30z9R0gsY","createdAt":"2023-12-13T16:39:02.325Z","updatedAt":"2024-08-21T11:41:26.616Z"},{"merchantId":175524,"name":"dealfuel US","imageUri":"https://kqdxc4m5.de/logos_v2/120x60/debb25f0903892afe120ee2f853318a4.gif","currencyCode":"EUR","defaultDomain":"dealfuel.com","domains":["dealfuel.com"],"categoryId":72,"description":null,"isActive":true,"countryCodes":["US"],"averageBasketValue":31.67,"averageCommission":1.89,"averageConfirmationTime":1,"averageCancellationRate":null,"minimumCommission":null,"maximumCommission":null,"commissionRates":[{"fixedCommission":null,"percentageCommission":6}],"trackingLink":"https://tatrck.com/h/0Hu30z9R0gsa","createdAt":"2023-12-13T16:39:03.473Z","updatedAt":"2024-08-26T05:41:04.965Z"},{"merchantId":175539,"name":"Half Day CBD US","imageUri":"https://monetizeamex.com/v3/120x60/bc3fa28f6448232ee5f1edb436bd509b.png","currencyCode":"EUR","defaultDomain":"halfdaycbd.com","domains":["halfdaycbd.com"],"categoryId":35,"description":null,"isActive":true,"countryCodes":["US"],"averageBasketValue":null,"averageCommission":4.72,"averageConfirmationTime":null,"averageCancellationRate":null,"minimumCommission":4.72,"maximumCommission":4.72,"commissionRates":[{"fixedCommission":null,"percentageCommission":15}],"trackingLink":"https://tatrck.com/h/0Hu30z9R0gsp","createdAt":"2023-12-13T16:39:08.567Z","updatedAt":"2024-08-21T11:40:16.566Z"},{"merchantId":175543,"name":"Infinity Pillow US","imageUri":"https://kqdxc4m5.de/logos_v2/120x60/2642f8ac1f448d433d9f13dff1cd6fdd.gif","currencyCode":"EUR","defaultDomain":"infinitypillow.co","domains":["infinitypillow.co"],"categoryId":63,"description":null,"isActive":true,"countryCodes":["US"],"averageBasketValue":49.61,"averageCommission":2.97,"averageConfirmationTime":1,"averageCancellationRate":null,"minimumCommission":null,"maximumCommission":null,"commissionRates":[{"fixedCommission":null,"percentageCommission":6}],"trackingLink":"https://tatrck.com/h/0Hu30z9R0gst","createdAt":"2023-12-13T16:39:10.511Z","updatedAt":"2024-08-21T11:45:34.150Z"},{"merchantId":175546,"name":"JAM Ventures US","imageUri":"https://monetizeamex.com/v3/120x60/1f4685e3ec7175ec478cd33559336844.png","currencyCode":"EUR","defaultDomain":"concealplus.com","domains":["concealplus.com"],"categoryId":40,"description":null,"isActive":true,"countryCodes":["US"],"averageBasketValue":null,"averageCommission":null,"averageConfirmationTime":null,"averageCancellationRate":null,"minimumCommission":null,"maximumCommission":null,"commissionRates":[{"fixedCommission":null,"percentageCommission":12}],"trackingLink":"https://tatrck.com/h/0Hu30z9R0gsw","createdAt":"2023-12-13T16:39:10.880Z","updatedAt":"2024-08-21T11:37:30.662Z"},{"merchantId":175547,"name":"K Nutri US","imageUri":"https://monetizeamex.com/v3/120x60/8788bb3d66e09b00f2dc9a5b7079e336.png","currencyCode":"EUR","defaultDomain":"knutri.com","domains":["knutri.com"],"categoryId":35,"description":null,"isActive":true,"countryCodes":["US"],"averageBasketValue":null,"averageCommission":null,"averageConfirmationTime":null,"averageCancellationRate":null,"minimumCommission":null,"maximumCommission":null,"commissionRates":[],"trackingLink":"https://tatrck.com/h/0Hu30z9R0gsx","createdAt":"2023-12-13T16:39:11.568Z","updatedAt":"2024-08-21T11:43:32.276Z"},{"merchantId":175549,"name":"Knockaround US","imageUri":"https://monetizeamex.com/v3/120x60/a1c6da804f3487143a70d7abc8a5a8b1.png","currencyCode":"EUR","defaultDomain":"knockaround.com","domains":["knockaround.com"],"categoryId":40,"description":null,"isActive":true,"countryCodes":["US"],"averageBasketValue":54.07,"averageCommission":0.88,"averageConfirmationTime":null,"averageCancellationRate":null,"minimumCommission":0.2,"maximumCommission":7.88,"commissionRates":[{"fixedCommission":null,"percentageCommission":6},{"fixedCommission":null,"percentageCommission":9.6}],"trackingLink":"https://tatrck.com/h/0Hu30z9R0gsz","createdAt":"2023-12-13T16:39:11.973Z","updatedAt":"2024-09-01T05:45:30.209Z"},{"merchantId":175552,"name":"Longhorn Tactical US","imageUri":"https://kqdxc4m5.de/logos_v2/120x60/eb1552c03d2bf058d1b3a08a3c42f709.gif","currencyCode":"EUR","defaultDomain":"longhorntactical.com","domains":["longhorntactical.com"],"categoryId":55,"description":null,"isActive":true,"countryCodes":["US"],"averageBasketValue":null,"averageCommission":null,"averageConfirmationTime":null,"averageCancellationRate":null,"minimumCommission":null,"maximumCommission":null,"commissionRates":[{"fixedCommission":null,"percentageCommission":6}],"trackingLink":"https://tatrck.com/h/0Hu30z9R0gt0","createdAt":"2023-12-13T16:39:13.920Z","updatedAt":"2024-08-21T11:39:25.411Z"},{"merchantId":175560,"name":"CBDfx US","imageUri":"https://monetizeamex.com/v3/120x60/81e895500f61be19206efc50c3dc7d71.png","currencyCode":"EUR","defaultDomain":"cbdfx.com","domains":["cbdfx.com"],"categoryId":68,"description":null,"isActive":true,"countryCodes":["US"],"averageBasketValue":57.56,"averageCommission":5.83,"averageConfirmationTime":null,"averageCancellationRate":null,"minimumCommission":2,"maximumCommission":23.47,"commissionRates":[],"trackingLink":"https://tatrck.com/h/0Hu30z9R0gt8","createdAt":"2023-12-13T16:39:17.175Z","updatedAt":"2024-08-31T05:58:03.350Z"},{"merchantId":175563,"name":"OkiOki","imageUri":"https://monetizeamex.com/v3/120x60/8ea60a07da78064aa9035cae51bd26df.png","currencyCode":"EUR","defaultDomain":"okioki.com","domains":["okioki.com"],"categoryId":74,"description":null,"isActive":true,"countryCodes":["CA","US"],"averageBasketValue":null,"averageCommission":null,"averageConfirmationTime":null,"averageCancellationRate":null,"minimumCommission":null,"maximumCommission":null,"commissionRates":[],"trackingLink":"https://tatrck.com/h/0Hu30z9R0gtB","createdAt":"2023-12-13T16:39:16.376Z","updatedAt":"2024-08-15T09:07:53.732Z"},{"merchantId":175566,"name":"Nuria Beauty US","imageUri":"https://monetizeamex.com/v3/120x60/2c7e315761b0cc86d1539f10152c8c4c.png","currencyCode":"EUR","defaultDomain":"nuriabeauty.com","domains":["nuriabeauty.com"],"categoryId":28,"description":null,"isActive":true,"countryCodes":["US"],"averageBasketValue":null,"averageCommission":null,"averageConfirmationTime":null,"averageCancellationRate":null,"minimumCommission":null,"maximumCommission":null,"commissionRates":[{"fixedCommission":null,"percentageCommission":3}],"trackingLink":"https://tatrck.com/h/0Hu30z9R0gtE","createdAt":"2023-12-13T16:39:18.469Z","updatedAt":"2024-08-21T11:33:26.459Z"},{"merchantId":175567,"name":"Oars + Alps US","imageUri":"https://kqdxc4m5.de/logos_v2/120x60/f91c2ce3252d1fee71833e6d7020fd32.gif","currencyCode":"EUR","defaultDomain":"oarsandalps.com","domains":["oarsandalps.com"],"categoryId":28,"description":null,"isActive":true,"countryCodes":["US"],"averageBasketValue":44.16,"averageCommission":3.26,"averageConfirmationTime":59,"averageCancellationRate":1.2,"minimumCommission":0.48,"maximumCommission":14.41,"commissionRates":[],"trackingLink":"https://tatrck.com/h/0Hu30z9R0gtF","createdAt":"2023-12-13T16:39:18.109Z","updatedAt":"2024-09-01T05:50:52.721Z"},{"merchantId":175569,"name":"Oka-B / Okabashi US","imageUri":"https://kqdxc4m5.de/logos_v2/120x60/a9eef7c22c9337f043810deb0fbb96f8.gif","currencyCode":"EUR","defaultDomain":"oka-b.com","domains":["oka-b.com"],"categoryId":40,"description":null,"isActive":true,"countryCodes":["US"],"averageBasketValue":79.77,"averageCommission":4.72,"averageConfirmationTime":5,"averageCancellationRate":null,"minimumCommission":3.04,"maximumCommission":16.57,"commissionRates":[],"trackingLink":"https://tatrck.com/h/0Hu30z9R0gtH","createdAt":"2023-12-13T16:39:19.396Z","updatedAt":"2024-09-03T08:01:02.519Z"},{"merchantId":175578,"name":"Redstar gb US","imageUri":"https://monetizeamex.com/v3/120x60/46da069cdec1a4dace04e15a41ee9d71.png","currencyCode":"EUR","defaultDomain":"stormdesire.com","domains":["stormdesire.com"],"categoryId":40,"description":null,"isActive":true,"countryCodes":["US"],"averageBasketValue":null,"averageCommission":null,"averageConfirmationTime":null,"averageCancellationRate":null,"minimumCommission":null,"maximumCommission":null,"commissionRates":[{"fixedCommission":null,"percentageCommission":2.4},{"fixedCommission":null,"percentageCommission":3}],"trackingLink":"https://tatrck.com/h/0Hu30z9R0gtQ","createdAt":"2023-12-13T16:39:22.277Z","updatedAt":"2024-08-23T15:02:08.582Z"},{"merchantId":175588,"name":"Substanbo US","imageUri":"https://kqdxc4m5.de/logos_v2/120x60/224e723d58ca7a2403aeaff3a8349f30.gif","currencyCode":"EUR","defaultDomain":"ultimea.com","domains":["ultimea.com"],"categoryId":53,"description":null,"isActive":true,"countryCodes":["US"],"averageBasketValue":195.33,"averageCommission":8.2,"averageConfirmationTime":null,"averageCancellationRate":null,"minimumCommission":0.9,"maximumCommission":0.9,"commissionRates":[{"fixedCommission":null,"percentageCommission":4.2}],"trackingLink":"https://tatrck.com/h/0Hu30z9R0gta","createdAt":"2023-12-13T16:39:24.675Z","updatedAt":"2024-08-21T11:29:45.589Z"},{"merchantId":175592,"name":"TheDrop US","imageUri":"https://monetizeamex.com/v3/120x60/ec3e8faa76c5a939587560a7c5e0543b.png","currencyCode":"EUR","defaultDomain":"thedrop.com","domains":["thedrop.com"],"categoryId":77,"description":null,"isActive":true,"countryCodes":["US"],"averageBasketValue":null,"averageCommission":null,"averageConfirmationTime":null,"averageCancellationRate":null,"minimumCommission":null,"maximumCommission":null,"commissionRates":[],"trackingLink":"https://tatrck.com/h/0Hu30z9R0gte","createdAt":"2023-12-13T16:39:27.772Z","updatedAt":"2024-08-21T11:27:50.085Z"},{"merchantId":175594,"name":"Tiptrans US","imageUri":"https://monetizeamex.com/v3/120x60/f2019b543084fe0a4eeeb1ef6f8859f1.png","currencyCode":"EUR","defaultDomain":"tiptrans.com","domains":["tiptrans.com"],"categoryId":62,"description":null,"isActive":true,"countryCodes":["US"],"averageBasketValue":3.4,"averageCommission":1.72,"averageConfirmationTime":null,"averageCancellationRate":null,"minimumCommission":0.51,"maximumCommission":2.59,"commissionRates":[{"fixedCommission":0.6,"percentageCommission":null}],"trackingLink":"https://tatrck.com/h/0Hu30z9R0gtg","createdAt":"2023-12-13T16:39:27.094Z","updatedAt":"2024-08-29T05:20:56.770Z"},{"merchantId":175597,"name":"Touchland US","imageUri":"https://monetizeamex.com/v3/120x60/ffd74caf9faae8f6701eecebd58d2b8f.png","currencyCode":"EUR","defaultDomain":"touchland.com","domains":["touchland.com"],"categoryId":27,"description":null,"isActive":true,"countryCodes":["US"],"averageBasketValue":null,"averageCommission":null,"averageConfirmationTime":null,"averageCancellationRate":null,"minimumCommission":null,"maximumCommission":null,"commissionRates":[{"fixedCommission":null,"percentageCommission":6}],"trackingLink":"https://tatrck.com/h/0Hu30z9R0gtj","createdAt":"2023-12-13T16:39:28.283Z","updatedAt":"2024-08-21T11:32:55.939Z"},{"merchantId":175604,"name":"Yayabee Sweden AB US","imageUri":"https://monetizeamex.com/v3/120x60/187a71aeeff7991d719b106ac28394d1.png","currencyCode":"EUR","defaultDomain":"hidden24.com","domains":["hidden24.com"],"categoryId":22,"description":null,"isActive":true,"countryCodes":["US"],"averageBasketValue":null,"averageCommission":null,"averageConfirmationTime":null,"averageCancellationRate":null,"minimumCommission":null,"maximumCommission":null,"commissionRates":[{"fixedCommission":null,"percentageCommission":39}],"trackingLink":"https://tatrck.com/h/0Hu30z9R0gtq","createdAt":"2023-12-13T16:39:30.868Z","updatedAt":"2024-08-21T11:35:18.080Z"},{"merchantId":175608,"name":"easyname DE","imageUri":"https://monetizeamex.com/v3/120x60/2a616cac4de94d955d35be157d86d56a.png","currencyCode":"EUR","defaultDomain":"easyname.com","domains":["easyname.com","easyname.de"],"categoryId":22,"description":null,"isActive":true,"countryCodes":["DE"],"averageBasketValue":67.57,"averageCommission":11.42,"averageConfirmationTime":4,"averageCancellationRate":null,"minimumCommission":2.25,"maximumCommission":30,"commissionRates":[{"fixedCommission":null,"percentageCommission":39},{"fixedCommission":null,"percentageCommission":45},{"fixedCommission":30,"percentageCommission":null},{"fixedCommission":13.8,"percentageCommission":null},{"fixedCommission":19.8,"percentageCommission":null},{"fixedCommission":null,"percentageCommission":24}],"trackingLink":"https://tatrck.com/h/0Hu30z9R0gtu","createdAt":"2023-12-13T16:39:31.867Z","updatedAt":"2024-09-03T17:04:38.004Z"},{"merchantId":175612,"name":"SkinCeuticals UK","imageUri":"https://monetizeamex.com/v3/120x60/1bb9c4d03bcd5fdc139dd8112181f108.png","currencyCode":"EUR","defaultDomain":"skinceuticals.co.uk","domains":["skinceuticals.co.uk"],"categoryId":28,"description":null,"isActive":true,"countryCodes":["GB"],"averageBasketValue":152.84,"averageCommission":6.25,"averageConfirmationTime":6,"averageCancellationRate":null,"minimumCommission":2.1,"maximumCommission":9.9,"commissionRates":[{"fixedCommission":null,"percentageCommission":3},{"fixedCommission":null,"percentageCommission":4.8}],"trackingLink":"https://tatrck.com/h/0Hu30z9R0gty","createdAt":"2023-12-13T16:39:32.874Z","updatedAt":"2024-09-03T17:09:46.207Z"},{"merchantId":175631,"name":"Florence London UK","imageUri":"https://monetizeamex.com/v3/120x60/736b551bb771b88c447785ab5bcc3f55.png","currencyCode":"EUR","defaultDomain":"florence-london.com","domains":["florence-london.com"],"categoryId":73,"description":null,"isActive":true,"countryCodes":["GB"],"averageBasketValue":90.51,"averageCommission":2.71,"averageConfirmationTime":4,"averageCancellationRate":null,"minimumCommission":0.52,"maximumCommission":5.77,"commissionRates":[],"trackingLink":"https://tatrck.com/h/0Hu30z9R0guF","createdAt":"2023-12-13T16:39:36.770Z","updatedAt":"2024-09-03T17:05:21.425Z"},{"merchantId":175632,"name":"Large NL","imageUri":"https://monetizeamex.com/v3/120x60/064bcd044bd00d693363d5ec674ebbd4.png","currencyCode":"EUR","defaultDomain":"large.nl","domains":["large.nl"],"categoryId":21,"description":null,"isActive":true,"countryCodes":[],"averageBasketValue":62.47,"averageCommission":1.68,"averageConfirmationTime":null,"averageCancellationRate":null,"minimumCommission":0.4,"maximumCommission":6.73,"commissionRates":[{"fixedCommission":null,"percentageCommission":2.4}],"trackingLink":"https://tatrck.com/h/0Hu30z9R0guG","createdAt":"2023-12-13T16:39:35.108Z","updatedAt":"2024-09-03T17:09:09.965Z"},{"merchantId":175633,"name":"Maple Parking UK","imageUri":"https://monetizeamex.com/v3/120x60/9b30483507a5a049348f8087bdf6e6b3.png","currencyCode":"EUR","defaultDomain":"mapleparking.co.uk","domains":["mapleparking.co.uk"],"categoryId":63,"description":null,"isActive":true,"countryCodes":["GB"],"averageBasketValue":89.93,"averageCommission":4.04,"averageConfirmationTime":20,"averageCancellationRate":9.7,"minimumCommission":1.55,"maximumCommission":9.07,"commissionRates":[],"trackingLink":"https://tatrck.com/h/0Hu30z9R0guH","createdAt":"2023-12-13T16:39:35.574Z","updatedAt":"2024-09-03T05:52:25.262Z"},{"merchantId":175634,"name":"Mintos UK","imageUri":"https://monetizeamex.com/v3/120x60/8e06b3b0062c284ae0bc4710d3937e6d.png","currencyCode":"EUR","defaultDomain":"mintos.com","domains":["mintos.com","mintos.co.uk"],"categoryId":20,"description":null,"isActive":true,"countryCodes":[],"averageBasketValue":null,"averageCommission":3.45,"averageConfirmationTime":null,"averageCancellationRate":null,"minimumCommission":2.3,"maximumCommission":4.61,"commissionRates":[],"trackingLink":"https://tatrck.com/h/0Hu30z9R0guI","createdAt":"2023-12-13T16:39:36.084Z","updatedAt":"2024-08-21T11:32:38.517Z"},{"merchantId":175649,"name":"Cashperplus ES","imageUri":"https://monetizeamex.com/v3/120x60/f7a433198f99142bb28245a798ce778d.png","currencyCode":"EUR","defaultDomain":"cashperplus.es","domains":["cashperplus.es"],"categoryId":66,"description":null,"isActive":true,"countryCodes":["ES"],"averageBasketValue":null,"averageCommission":null,"averageConfirmationTime":null,"averageCancellationRate":null,"minimumCommission":null,"maximumCommission":null,"commissionRates":[],"trackingLink":"https://tatrck.com/h/0Hu30z9R0guX","createdAt":"2023-12-13T16:39:40.611Z","updatedAt":"2024-08-15T09:07:54.618Z"},{"merchantId":175651,"name":"Creditosi","imageUri":"https://kqdxc4m5.de/logos_v2/120x60/053278cd4046c6399c2e1744cdbec18f.gif","currencyCode":"EUR","defaultDomain":"creditosi.com","domains":["creditosi.com"],"categoryId":66,"description":null,"isActive":true,"countryCodes":["ES"],"averageBasketValue":null,"averageCommission":null,"averageConfirmationTime":null,"averageCancellationRate":null,"minimumCommission":null,"maximumCommission":null,"commissionRates":[],"trackingLink":"https://tatrck.com/h/0Hu30z9R0guZ","createdAt":"2023-12-13T16:39:42.798Z","updatedAt":"2024-07-29T11:14:48.703Z"},{"merchantId":175652,"name":"Creditozen MX","imageUri":"https://monetizeamex.com/v3/120x60/20c87fb4a0e0f195478d6ccc88196fc2.png","currencyCode":"EUR","defaultDomain":"creditozen.mx","domains":["creditozen.mx"],"categoryId":66,"description":null,"isActive":true,"countryCodes":["MX"],"averageBasketValue":null,"averageCommission":1.56,"averageConfirmationTime":null,"averageCancellationRate":null,"minimumCommission":1.56,"maximumCommission":1.56,"commissionRates":[],"trackingLink":"https://tatrck.com/h/0Hu30z9R0gua","createdAt":"2023-12-13T16:39:41.377Z","updatedAt":"2024-08-23T15:02:52.731Z"},{"merchantId":175657,"name":"Kontist","imageUri":"https://monetizeamex.com/v3/120x60/838695738beb842ef4c5ee5ba7486cc6.png","currencyCode":"EUR","defaultDomain":"kontist.com","domains":["kontist.com"],"categoryId":66,"description":null,"isActive":true,"countryCodes":["DE"],"averageBasketValue":null,"averageCommission":3.72,"averageConfirmationTime":null,"averageCancellationRate":null,"minimumCommission":20.92,"maximumCommission":26.24,"commissionRates":[],"trackingLink":"https://tatrck.com/h/0Hu30z9R0guf","createdAt":"2023-12-13T16:39:42.970Z","updatedAt":"2024-08-15T09:07:53.919Z"},{"merchantId":175671,"name":"IDP UK [CPL] IN","imageUri":"https://monetizeamex.com/v3/120x60/fc36ace393f893b827cbd62a4744b961.png","currencyCode":"EUR","defaultDomain":"idp.com","domains":["idp.com"],"categoryId":44,"description":null,"isActive":true,"countryCodes":["IN"],"averageBasketValue":null,"averageCommission":1.5,"averageConfirmationTime":null,"averageCancellationRate":null,"minimumCommission":1.52,"maximumCommission":1.52,"commissionRates":[{"fixedCommission":147,"percentageCommission":null}],"trackingLink":"https://tatrck.com/h/0Hu30z9R0gut","createdAt":"2023-12-13T16:39:47.467Z","updatedAt":"2024-08-21T11:42:07.600Z"},{"merchantId":175678,"name":"24Genetics ES","imageUri":"https://monetizeamex.com/v3/120x60/bb0a20fd8aab2519d1cd9a837cf3239a.png","currencyCode":"EUR","defaultDomain":"24genetics.es","domains":["24genetics.es"],"categoryId":35,"description":null,"isActive":true,"countryCodes":["ES"],"averageBasketValue":null,"averageCommission":null,"averageConfirmationTime":null,"averageCancellationRate":null,"minimumCommission":null,"maximumCommission":null,"commissionRates":[],"trackingLink":"https://tatrck.com/h/0Hu30z9R0gu-","createdAt":"2023-12-13T16:39:49.587Z","updatedAt":"2024-08-21T11:43:13.749Z"},{"merchantId":175690,"name":"Essenciales ES","imageUri":"https://kqdxc4m5.de/logos_v2/120x60/e7482212441b292270b8e5e3d492804e.gif","currencyCode":"EUR","defaultDomain":"essenciales.com","domains":["essenciales.com","essenciales.es"],"categoryId":28,"description":null,"isActive":true,"countryCodes":["ES"],"averageBasketValue":53.72,"averageCommission":2.25,"averageConfirmationTime":null,"averageCancellationRate":null,"minimumCommission":1.89,"maximumCommission":4.05,"commissionRates":[{"fixedCommission":null,"percentageCommission":4.2}],"trackingLink":"https://tatrck.com/h/0Hu30z9R0gvA","createdAt":"2023-12-13T16:39:53.766Z","updatedAt":"2024-08-26T09:01:35.467Z"},{"merchantId":175695,"name":"Nostalux BE","imageUri":"https://kqdxc4m5.de/logos_v2/120x60/89d25f8cee7bd4d9ca4502c3824abae4.gif","currencyCode":"EUR","defaultDomain":"nostalux.be","domains":["nostalux.be"],"categoryId":74,"description":null,"isActive":true,"countryCodes":["BE"],"averageBasketValue":246.65,"averageCommission":7.39,"averageConfirmationTime":null,"averageCancellationRate":null,"minimumCommission":2.45,"maximumCommission":12.34,"commissionRates":[],"trackingLink":"https://tatrck.com/h/0Hu30z9R0gvF","createdAt":"2023-12-13T16:39:54.767Z","updatedAt":"2024-08-21T11:45:19.416Z"},{"merchantId":175696,"name":"OSMPower PL","imageUri":"https://kqdxc4m5.de/logos_v2/120x60/2fa6ab1c7c9207e34b90173eddbd83c9.gif","currencyCode":"EUR","defaultDomain":"osmpower.pl","domains":["osmpower.pl"],"categoryId":21,"description":null,"isActive":true,"countryCodes":["PL"],"averageBasketValue":47.06,"averageCommission":1.97,"averageConfirmationTime":null,"averageCancellationRate":null,"minimumCommission":1.08,"maximumCommission":1.08,"commissionRates":[{"fixedCommission":null,"percentageCommission":3.15}],"trackingLink":"https://tatrck.com/h/0Hu30z9R0gvG","createdAt":"2023-12-13T16:39:54.770Z","updatedAt":"2024-08-21T11:45:32.903Z"},{"merchantId":175698,"name":"Qiviut & Co. UK","imageUri":"https://kqdxc4m5.de/logos_v2/120x60/9d66b99f04a6db3eb8c3d8080070a7f5.gif","currencyCode":"EUR","defaultDomain":"qiviutandco.com","domains":["qiviutandco.com"],"categoryId":73,"description":null,"isActive":true,"countryCodes":["GB"],"averageBasketValue":577.6,"averageCommission":36.38,"averageConfirmationTime":null,"averageCancellationRate":100,"minimumCommission":null,"maximumCommission":null,"commissionRates":[],"trackingLink":"https://tatrck.com/h/0Hu30z9R0gvI","createdAt":"2023-12-13T16:39:55.475Z","updatedAt":"2024-08-21T11:45:10.183Z"},{"merchantId":175710,"name":"K-Swiss DE","imageUri":"https://monetizeamex.com/v3/120x60/fbe928190d7dbbbce0e1ede80ed946e7.png","currencyCode":"EUR","defaultDomain":"kswiss.de","domains":["kswiss.de"],"categoryId":40,"description":null,"isActive":true,"countryCodes":["AT","CH","DE"],"averageBasketValue":89.71,"averageCommission":4.24,"averageConfirmationTime":44,"averageCancellationRate":null,"minimumCommission":2.01,"maximumCommission":7.39,"commissionRates":[],"trackingLink":"https://tatrck.com/h/0Hu30z9R0gvU","createdAt":"2023-12-13T16:39:58.472Z","updatedAt":"2024-08-21T11:36:21.401Z"},{"merchantId":175716,"name":"UA Finance HK","imageUri":"https://monetizeamex.com/v3/120x60/fee6580db3e7e7d3e050809f2418313c.png","currencyCode":"EUR","defaultDomain":"uaf.com.hk","domains":["uaf.com.hk"],"categoryId":41,"description":null,"isActive":true,"countryCodes":["UA"],"averageBasketValue":null,"averageCommission":null,"averageConfirmationTime":null,"averageCancellationRate":null,"minimumCommission":null,"maximumCommission":null,"commissionRates":[{"fixedCommission":45,"percentageCommission":null}],"trackingLink":"https://tatrck.com/h/0Hu30z9R0gva","createdAt":"2023-12-13T16:40:00.853Z","updatedAt":"2024-08-21T11:34:00.277Z"},{"merchantId":175722,"name":"Intermón Oxfam - regala commercio justo ES","imageUri":"https://monetizeamex.com/v3/120x60/e7eead9dff5196047d948b2b286a434c.png","currencyCode":"EUR","defaultDomain":"oxfamintermon.org","domains":["oxfamintermon.org"],"categoryId":27,"description":null,"isActive":true,"countryCodes":["ES"],"averageBasketValue":41.39,"averageCommission":2.23,"averageConfirmationTime":4,"averageCancellationRate":33.3,"minimumCommission":4.02,"maximumCommission":4.02,"commissionRates":[{"fixedCommission":null,"percentageCommission":0.6},{"fixedCommission":null,"percentageCommission":4.2}],"trackingLink":"https://tatrck.com/h/0Hu30z9R0gvg","createdAt":"2023-12-13T16:40:00.947Z","updatedAt":"2024-08-15T09:07:54.011Z"},{"merchantId":175731,"name":"Zona de Padel - Tienda de padel ES","imageUri":"https://monetizeamex.com/v3/120x60/fd8e6d2503ef31c05e9fa530b594adbb.png","currencyCode":"EUR","defaultDomain":"zonadepadel.es","domains":["zonadepadel.es"],"categoryId":55,"description":null,"isActive":true,"countryCodes":["ES"],"averageBasketValue":71.78,"averageCommission":2.41,"averageConfirmationTime":null,"averageCancellationRate":null,"minimumCommission":1.38,"maximumCommission":4.57,"commissionRates":[{"fixedCommission":null,"percentageCommission":3.36}],"trackingLink":"https://tatrck.com/h/0Hu30z9R0gvp","createdAt":"2023-12-13T16:40:02.890Z","updatedAt":"2024-08-29T05:52:39.457Z"},{"merchantId":175732,"name":"aRes Travel US","imageUri":"https://kqdxc4m5.de/logos_v2/120x60/59e1ae8080ba766e294a04dd74bc8473.gif","currencyCode":"EUR","defaultDomain":"arestravel.com","domains":["arestravel.com"],"categoryId":71,"description":null,"isActive":true,"countryCodes":[],"averageBasketValue":null,"averageCommission":null,"averageConfirmationTime":null,"averageCancellationRate":null,"minimumCommission":null,"maximumCommission":null,"commissionRates":[{"fixedCommission":0.48,"percentageCommission":null},{"fixedCommission":3.36,"percentageCommission":null},{"fixedCommission":2.4,"percentageCommission":null}],"trackingLink":"https://tatrck.com/h/0Hu30z9R0gvq","createdAt":"2023-12-13T16:40:03.100Z","updatedAt":"2024-09-03T17:06:04.516Z"},{"merchantId":175734,"name":"I.T EZHOP HK","imageUri":"https://kqdxc4m5.de/logos_v2/120x60/0ded53ccd2279090bb9f57aed7a55d62.gif","currencyCode":"EUR","defaultDomain":"iteshop.com","domains":["iteshop.com"],"categoryId":65,"description":null,"isActive":true,"countryCodes":["HK"],"averageBasketValue":193.43,"averageCommission":7.71,"averageConfirmationTime":null,"averageCancellationRate":null,"minimumCommission":11.43,"maximumCommission":11.43,"commissionRates":[{"fixedCommission":null,"percentageCommission":4.8}],"trackingLink":"https://tatrck.com/h/0Hu30z9R0gvs","createdAt":"2023-12-13T16:40:04.397Z","updatedAt":"2024-09-03T17:07:43.569Z"},{"merchantId":175735,"name":"Magee 1866 UK","imageUri":"https://monetizeamex.com/v3/120x60/2f45a797e90c6d1c4b9c7a5b896f3268.png","currencyCode":"EUR","defaultDomain":"magee1866.com","domains":["magee1866.com"],"categoryId":40,"description":null,"isActive":true,"countryCodes":["IE"],"averageBasketValue":284.2,"averageCommission":10.23,"averageConfirmationTime":null,"averageCancellationRate":null,"minimumCommission":2.71,"maximumCommission":20.81,"commissionRates":[],"trackingLink":"https://tatrck.com/h/0Hu30z9R0gvt","createdAt":"2023-12-13T16:40:04.083Z","updatedAt":"2024-09-03T17:08:41.186Z"},{"merchantId":175739,"name":"OptiBac Probiotics UK","imageUri":"https://kqdxc4m5.de/logos_v2/120x60/3dc271d35a5584d7548ab7be64729f72.gif","currencyCode":"EUR","defaultDomain":"optibacprobiotics.com","domains":["optibacprobiotics.com"],"categoryId":35,"description":null,"isActive":true,"countryCodes":["GB"],"averageBasketValue":36.84,"averageCommission":2.2,"averageConfirmationTime":null,"averageCancellationRate":null,"minimumCommission":null,"maximumCommission":null,"commissionRates":[],"trackingLink":"https://tatrck.com/h/0Hu30z9R0gvx","createdAt":"2023-12-13T16:40:05.575Z","updatedAt":"2024-09-03T17:04:52.089Z"},{"merchantId":175745,"name":"Vous Vitamin US","imageUri":"https://kqdxc4m5.de/logos_v2/120x60/f1b8c75827112c655185e666bed65920.gif","currencyCode":"EUR","defaultDomain":"vousvitamin.com","domains":["vousvitamin.com"],"categoryId":35,"description":null,"isActive":true,"countryCodes":["US"],"averageBasketValue":41.96,"averageCommission":5.02,"averageConfirmationTime":null,"averageCancellationRate":null,"minimumCommission":6.96,"maximumCommission":6.96,"commissionRates":[{"fixedCommission":null,"percentageCommission":12}],"trackingLink":"https://tatrck.com/h/0Hu30z9R0gw1","createdAt":"2023-12-13T16:40:06.774Z","updatedAt":"2024-08-21T11:46:18.270Z"},{"merchantId":175762,"name":"max-bone","imageUri":"https://monetizeamex.com/v3/120x60/56b09ef1abfbfe1964312e43068ae928.png","currencyCode":"EUR","defaultDomain":"maxbone.com","domains":["maxbone.com"],"categoryId":61,"description":"Bygg bedriften din på nett med vår komplette websideløsning. Registrer domenet ditt i dag! Inneholder personlig e-post, SSL, 24/7 support med mer.","isActive":true,"countryCodes":[],"averageBasketValue":80.6,"averageCommission":1.66,"averageConfirmationTime":null,"averageCancellationRate":null,"minimumCommission":0.1,"maximumCommission":0.85,"commissionRates":[{"fixedCommission":null,"percentageCommission":0.96}],"trackingLink":"https://tatrck.com/h/0Hu30z9R0gwI","createdAt":"2023-12-13T16:40:11.185Z","updatedAt":"2024-08-23T15:03:26.058Z"},{"merchantId":175763,"name":"MEL Science","imageUri":"https://monetizeamex.com/v3/120x60/8f14f1f31481ae0fc4f2f0b89fda6af1.png","currencyCode":"EUR","defaultDomain":"melscience.com","domains":["melscience.com"],"categoryId":44,"description":"MEL Science offers a monthly subscription box with exciting chemistry experiments for kids. We provide our kits with thorough instructions and explanations and use VR-technology to illustrate complex concepts. The subscription is also supported by the MEL Chemistry mobile app on Android and iOS.","isActive":true,"countryCodes":["GB"],"averageBasketValue":57.3,"averageCommission":11.51,"averageConfirmationTime":1,"averageCancellationRate":11.1,"minimumCommission":14.42,"maximumCommission":14.5,"commissionRates":[{"fixedCommission":14.4,"percentageCommission":null},{"fixedCommission":9.6,"percentageCommission":null}],"trackingLink":"https://tatrck.com/h/0Hu30z9R0gwJ","createdAt":"2023-12-13T16:40:11.269Z","updatedAt":"2024-08-28T05:52:19.320Z"},{"merchantId":175770,"name":"COX communication US","imageUri":"https://monetizeamex.com/v3/120x60/12f6eaa3aa3fbbf2f9a7541c15fc80ca.png","currencyCode":"EUR","defaultDomain":"cox.com","domains":["cox.com"],"categoryId":22,"description":null,"isActive":true,"countryCodes":["US"],"averageBasketValue":64.43,"averageCommission":14.01,"averageConfirmationTime":58,"averageCancellationRate":1,"minimumCommission":4.12,"maximumCommission":76.96,"commissionRates":[{"fixedCommission":0,"percentageCommission":null}],"trackingLink":"https://tatrck.com/h/0Hu30z9R0gwQ","createdAt":"2023-12-13T16:40:12.887Z","updatedAt":"2024-09-01T05:55:16.090Z"},{"merchantId":175784,"name":"Secret Escapes IT","imageUri":"https://monetizeamex.com/v3/120x60/9200124889d39f883fb4730d2416977b.png","currencyCode":"EUR","defaultDomain":"it.secretescapes.com","domains":["it.secretescapes.com"],"categoryId":63,"description":null,"isActive":true,"countryCodes":["IT"],"averageBasketValue":51,"averageCommission":22.29,"averageConfirmationTime":null,"averageCancellationRate":null,"minimumCommission":43.53,"maximumCommission":43.53,"commissionRates":[],"trackingLink":"https://tatrck.com/h/0Hu30z9R0gwe","createdAt":"2023-12-13T16:40:15.370Z","updatedAt":"2024-08-21T11:36:58.725Z"},{"merchantId":175785,"name":"Secret Escapes NL","imageUri":"https://monetizeamex.com/v3/120x60/fe58207a85b7e11e52f94ba74c08ec97.png","currencyCode":"EUR","defaultDomain":"nl.secretescapes.com","domains":["nl.secretescapes.com"],"categoryId":63,"description":null,"isActive":true,"countryCodes":["NL"],"averageBasketValue":205.32,"averageCommission":2.46,"averageConfirmationTime":null,"averageCancellationRate":null,"minimumCommission":3.31,"maximumCommission":3.31,"commissionRates":[],"trackingLink":"https://tatrck.com/h/0Hu30z9R0gwf","createdAt":"2023-12-13T16:40:16.897Z","updatedAt":"2024-08-27T18:01:17.387Z"},{"merchantId":175792,"name":"КрутилВертел RU","imageUri":"https://kqdxc4m5.de/logos_v2/120x60/57ccb6e3b159e4a64cdbe24761fa20e6.gif","currencyCode":"EUR","defaultDomain":"krutilvertel.com","domains":["krutilvertel.com"],"categoryId":3,"description":null,"isActive":true,"countryCodes":["RU"],"averageBasketValue":148.93,"averageCommission":1.03,"averageConfirmationTime":null,"averageCancellationRate":7.3,"minimumCommission":0.5,"maximumCommission":2.46,"commissionRates":[],"trackingLink":"https://tatrck.com/h/0Hu30z9R0gwm","createdAt":"2023-12-13T16:40:17.185Z","updatedAt":"2024-09-03T05:21:20.901Z"},{"merchantId":175797,"name":"Anya Lust US","imageUri":"https://monetizeamex.com/v3/120x60/7cb8e577bd571e44485f0538dbf98be1.png","currencyCode":"EUR","defaultDomain":"anyalust.com","domains":["anyalust.com"],"categoryId":73,"description":null,"isActive":true,"countryCodes":["US"],"averageBasketValue":null,"averageCommission":null,"averageConfirmationTime":null,"averageCancellationRate":null,"minimumCommission":null,"maximumCommission":null,"commissionRates":[{"fixedCommission":null,"percentageCommission":4.8}],"trackingLink":"https://tatrck.com/h/0Hu30z9R0gwr","createdAt":"2023-12-13T16:40:17.575Z","updatedAt":"2024-09-03T17:08:22.658Z"},{"merchantId":175799,"name":"Bermudes FR","imageUri":"https://monetizeamex.com/v3/120x60/22abfbcd8804c67b71a01e9727a04700.png","currencyCode":"EUR","defaultDomain":"bermudes.com","domains":["bermudes.com","bermudes.fr"],"categoryId":40,"description":null,"isActive":true,"countryCodes":["FR"],"averageBasketValue":null,"averageCommission":null,"averageConfirmationTime":null,"averageCancellationRate":null,"minimumCommission":null,"maximumCommission":null,"commissionRates":[{"fixedCommission":null,"percentageCommission":4.2}],"trackingLink":"https://tatrck.com/h/0Hu30z9R0gwt","createdAt":"2023-12-13T16:40:19.866Z","updatedAt":"2024-09-03T17:09:30.200Z"},{"merchantId":175800,"name":"beyerdynamic DE","imageUri":"https://monetizeamex.com/v3/120x60/188ae6c449df34839172ed44da275671.png","currencyCode":"EUR","defaultDomain":"beyerdynamic.de","domains":["beyerdynamic.de"],"categoryId":72,"description":null,"isActive":true,"countryCodes":["DE"],"averageBasketValue":141.24,"averageCommission":5.18,"averageConfirmationTime":null,"averageCancellationRate":null,"minimumCommission":1.06,"maximumCommission":28.19,"commissionRates":[{"fixedCommission":null,"percentageCommission":4.8},{"fixedCommission":null,"percentageCommission":1.7999999999999998}],"trackingLink":"https://tatrck.com/h/0Hu30z9R0gwu","createdAt":"2023-12-13T16:40:18.669Z","updatedAt":"2024-09-03T17:09:28.132Z"},{"merchantId":175803,"name":"DIY Car Service Parts UK","imageUri":"https://monetizeamex.com/v3/120x60/b3683aa97f5420e63d1e0e201dc0956c.png","currencyCode":"EUR","defaultDomain":"diycarserviceparts.co.uk","domains":["diycarserviceparts.co.uk"],"categoryId":59,"description":null,"isActive":true,"countryCodes":["GB"],"averageBasketValue":52.11,"averageCommission":1.24,"averageConfirmationTime":null,"averageCancellationRate":null,"minimumCommission":0.65,"maximumCommission":0.65,"commissionRates":[{"fixedCommission":null,"percentageCommission":2.4}],"trackingLink":"https://tatrck.com/h/0Hu30z9R0gwx","createdAt":"2023-12-13T16:40:19.172Z","updatedAt":"2024-09-03T17:14:04.836Z"},{"merchantId":175805,"name":"for you eHealth DE","imageUri":"https://monetizeamex.com/v3/120x60/0467aefda7e11ad830de07b9927778d1.png","currencyCode":"EUR","defaultDomain":"foryouehealth.de","domains":["foryouehealth.de"],"categoryId":35,"description":null,"isActive":true,"countryCodes":["DE"],"averageBasketValue":90.99,"averageCommission":3.51,"averageConfirmationTime":30,"averageCancellationRate":null,"minimumCommission":0,"maximumCommission":25.12,"commissionRates":[{"fixedCommission":null,"percentageCommission":3},{"fixedCommission":null,"percentageCommission":6},{"fixedCommission":1.2,"percentageCommission":null}],"trackingLink":"https://tatrck.com/h/0Hu30z9R0gwz","createdAt":"2023-12-13T16:40:19.971Z","updatedAt":"2024-09-03T17:08:21.481Z"},{"merchantId":175828,"name":"The Green Spark Plug Company UK","imageUri":"https://monetizeamex.com/v3/120x60/e6e00a33cedbfeacccab06a88ceacc93.png","currencyCode":"EUR","defaultDomain":"gsparkplug.com","domains":["gsparkplug.com","gsparkplug.co.uk"],"categoryId":59,"description":null,"isActive":true,"countryCodes":["GB"],"averageBasketValue":45.37,"averageCommission":1.08,"averageConfirmationTime":null,"averageCancellationRate":null,"minimumCommission":0.05,"maximumCommission":6.52,"commissionRates":[{"fixedCommission":null,"percentageCommission":2.4}],"trackingLink":"https://tatrck.com/h/0Hu30z9R0gxK","createdAt":"2023-12-13T16:40:24.173Z","updatedAt":"2024-09-03T17:08:37.007Z"},{"merchantId":175857,"name":"OliversBabyCare UK","imageUri":"https://kqdxc4m5.de/logos_v2/120x60/c3a96d9ea10102c5e30fe030ede2a8a1.gif","currencyCode":"EUR","defaultDomain":"oliversbabycare.co.uk","domains":["oliversbabycare.co.uk"],"categoryId":17,"description":null,"isActive":true,"countryCodes":["GB"],"averageBasketValue":85.52,"averageCommission":2.05,"averageConfirmationTime":null,"averageCancellationRate":10,"minimumCommission":1.74,"maximumCommission":2.11,"commissionRates":[],"trackingLink":"https://tatrck.com/h/0Hu30z9R0gxn","createdAt":"2023-12-13T16:40:32.768Z","updatedAt":"2024-09-02T05:22:11.927Z"},{"merchantId":175859,"name":"Fairweather CA","imageUri":"https://monetizeamex.com/v3/120x60/4844f036564af190f7ac71b4a81da17a.png","currencyCode":"EUR","defaultDomain":"fairweatherclothing.com","domains":["fairweatherclothing.ca","fairweatherclothing.com"],"categoryId":40,"description":null,"isActive":true,"countryCodes":["CA"],"averageBasketValue":null,"averageCommission":null,"averageConfirmationTime":null,"averageCancellationRate":null,"minimumCommission":null,"maximumCommission":null,"commissionRates":[{"fixedCommission":null,"percentageCommission":3}],"trackingLink":"https://tatrck.com/h/0Hu30z9R0gxp","createdAt":"2023-12-13T16:40:33.570Z","updatedAt":"2024-08-23T15:01:35.722Z"},{"merchantId":175860,"name":"LOLA US","imageUri":"https://monetizeamex.com/v3/120x60/1b24096e6ee0b3cf2fa27e1f647d4b23.png","currencyCode":"EUR","defaultDomain":"mylola.com","domains":["mylola.com"],"categoryId":60,"description":null,"isActive":true,"countryCodes":["US"],"averageBasketValue":29.8,"averageCommission":1.76,"averageConfirmationTime":null,"averageCancellationRate":1.8,"minimumCommission":0.39,"maximumCommission":4.98,"commissionRates":[],"trackingLink":"https://tatrck.com/h/0Hu30z9R0gxq","createdAt":"2023-12-13T16:40:33.980Z","updatedAt":"2024-09-03T05:51:30.461Z"},{"merchantId":175862,"name":"Raymond Weil US","imageUri":"https://monetizeamex.com/v3/120x60/bace399bc957bd5d67112b39d26b8482.png","currencyCode":"EUR","defaultDomain":"raymond-weil.us","domains":["raymond-weil.us"],"categoryId":73,"description":null,"isActive":true,"countryCodes":["US"],"averageBasketValue":2,"averageCommission":61.88,"averageConfirmationTime":null,"averageCancellationRate":null,"minimumCommission":null,"maximumCommission":null,"commissionRates":[{"fixedCommission":null,"percentageCommission":0.48},{"fixedCommission":null,"percentageCommission":3}],"trackingLink":"https://tatrck.com/h/0Hu30z9R0gxs","createdAt":"2023-12-13T16:40:34.199Z","updatedAt":"2024-08-23T15:05:29.082Z"},{"merchantId":175865,"name":"1001 Modellbau DE","imageUri":"https://monetizeamex.com/v3/120x60/33b37f3d7432c17fbaf1ac470b2e66b4.png","currencyCode":"EUR","defaultDomain":"1001modellbau.de","domains":["1001modellbau.de"],"categoryId":70,"description":null,"isActive":true,"countryCodes":["DE"],"averageBasketValue":null,"averageCommission":0.58,"averageConfirmationTime":null,"averageCancellationRate":null,"minimumCommission":0.58,"maximumCommission":0.58,"commissionRates":[],"trackingLink":"https://tatrck.com/h/0Hu30z9R0gxv","createdAt":"2023-12-13T16:40:35.090Z","updatedAt":"2024-08-21T11:33:46.635Z"},{"merchantId":175866,"name":"Altearah FR","imageUri":"https://monetizeamex.com/v3/120x60/acee44a9c702ca4af9649562b20242d9.png","currencyCode":"EUR","defaultDomain":"altearah.com","domains":["altearah.com"],"categoryId":28,"description":null,"isActive":true,"countryCodes":["FR"],"averageBasketValue":null,"averageCommission":2.05,"averageConfirmationTime":null,"averageCancellationRate":null,"minimumCommission":1.43,"maximumCommission":1.43,"commissionRates":[],"trackingLink":"https://tatrck.com/h/0Hu30z9R0gxw","createdAt":"2023-12-13T16:40:36.482Z","updatedAt":"2024-08-22T11:06:03.568Z"},{"merchantId":175899,"name":"Slon Credit [CPS] UA","imageUri":"https://monetizeamex.com/v3/120x60/b25fa44f947c1894e7a8bca15b2ceb83.png","currencyCode":"EUR","defaultDomain":"sloncredit.com.ua","domains":["sloncredit.com.ua"],"categoryId":66,"description":null,"isActive":true,"countryCodes":["UA"],"averageBasketValue":null,"averageCommission":null,"averageConfirmationTime":null,"averageCancellationRate":null,"minimumCommission":null,"maximumCommission":null,"commissionRates":[],"trackingLink":"https://tatrck.com/h/0Hu30z9R0gyR","createdAt":"2023-12-13T16:40:46.968Z","updatedAt":"2024-08-15T09:07:55.742Z"},{"merchantId":175908,"name":"Footpatrol UK","imageUri":"https://monetizeamex.com/v3/120x60/092366cec6a82d42f4b53c1be0c4eafa.png","currencyCode":"EUR","defaultDomain":"footpatrol.com","domains":["footpatrol.com","footpatrol.co.uk"],"categoryId":40,"description":null,"isActive":true,"countryCodes":[],"averageBasketValue":92.35,"averageCommission":2.73,"averageConfirmationTime":58,"averageCancellationRate":null,"minimumCommission":null,"maximumCommission":null,"commissionRates":[],"trackingLink":"https://tatrck.com/h/0Hu30z9R0gya","createdAt":"2023-12-13T16:40:48.447Z","updatedAt":"2024-09-03T05:52:38.377Z"},{"merchantId":175928,"name":"Bouwsales NL","imageUri":"https://monetizeamex.com/v3/120x60/4ca58c7962693d289902e607c754623a.png","currencyCode":"EUR","defaultDomain":"bouwsales.nl","domains":["bouwsales.nl"],"categoryId":75,"description":null,"isActive":true,"countryCodes":["BE","NL"],"averageBasketValue":83.04,"averageCommission":3.24,"averageConfirmationTime":null,"averageCancellationRate":null,"minimumCommission":1.17,"maximumCommission":1.17,"commissionRates":[],"trackingLink":"https://tatrck.com/h/0Hu30z9R0gyu","createdAt":"2023-12-13T16:40:54.875Z","updatedAt":"2024-09-03T17:09:18.765Z"},{"merchantId":175941,"name":"Lureaux DE","imageUri":"https://kqdxc4m5.de/logos_v2/120x60/ea0b5a05346f69ef8351a34f7396de12.gif","currencyCode":"EUR","defaultDomain":"lureaux.de","domains":["lureaux.de"],"categoryId":40,"description":null,"isActive":true,"countryCodes":["DE"],"averageBasketValue":122.22,"averageCommission":4.06,"averageConfirmationTime":null,"averageCancellationRate":null,"minimumCommission":1.2,"maximumCommission":15.52,"commissionRates":[],"trackingLink":"https://tatrck.com/h/0Hu30z9R0gz5","createdAt":"2023-12-13T16:41:00.074Z","updatedAt":"2024-08-29T05:44:09.972Z"},{"merchantId":175942,"name":"Maisondechoup UK","imageUri":"https://kqdxc4m5.de/logos_v2/120x60/8b054b7570fc6d20834a49261fb9e40a.gif","currencyCode":"EUR","defaultDomain":"maisondechoup.co.uk","domains":["maisondechoup.co.uk"],"categoryId":40,"description":null,"isActive":true,"countryCodes":["GB"],"averageBasketValue":null,"averageCommission":null,"averageConfirmationTime":null,"averageCancellationRate":null,"minimumCommission":null,"maximumCommission":null,"commissionRates":[],"trackingLink":"https://tatrck.com/h/0Hu30z9R0gz6","createdAt":"2023-12-13T16:40:59.668Z","updatedAt":"2024-08-21T11:28:06.130Z"},{"merchantId":175944,"name":"Papayo NL","imageUri":"https://kqdxc4m5.de/logos_v2/120x60/6ba0f795765054a6ae882e192b01728c.gif","currencyCode":"EUR","defaultDomain":"papayo.nl","domains":["papayo.nl"],"categoryId":39,"description":null,"isActive":true,"countryCodes":["NL"],"averageBasketValue":null,"averageCommission":4.2,"averageConfirmationTime":1,"averageCancellationRate":null,"minimumCommission":4.2,"maximumCommission":4.2,"commissionRates":[],"trackingLink":"https://tatrck.com/h/0Hu30z9R0gz8","createdAt":"2023-12-13T16:40:59.906Z","updatedAt":"2024-08-21T11:40:24.687Z"},{"merchantId":175945,"name":"Perfumaria-online PT","imageUri":"https://kqdxc4m5.de/logos_v2/120x60/2d52c3fd93d573bedf3c2ce249326876.gif","currencyCode":"EUR","defaultDomain":"perfumaria-online.com","domains":["perfumaria-online.com","perfumaria-online.pt"],"categoryId":21,"description":null,"isActive":true,"countryCodes":["PT"],"averageBasketValue":null,"averageCommission":null,"averageConfirmationTime":null,"averageCancellationRate":null,"minimumCommission":null,"maximumCommission":null,"commissionRates":[],"trackingLink":"https://tatrck.com/h/0Hu30z9R0gz9","createdAt":"2023-12-13T16:41:00.669Z","updatedAt":"2024-08-26T09:01:31.730Z"},{"merchantId":175946,"name":"Topparken DE","imageUri":"https://kqdxc4m5.de/logos_v2/120x60/7a48cc06f149bd71f6b06fdc1c06b154.gif","currencyCode":"EUR","defaultDomain":"topparken.de","domains":["topparken.de"],"categoryId":63,"description":null,"isActive":true,"countryCodes":["DE"],"averageBasketValue":411.13,"averageCommission":15.1,"averageConfirmationTime":5,"averageCancellationRate":null,"minimumCommission":1.02,"maximumCommission":46.41,"commissionRates":[],"trackingLink":"https://tatrck.com/h/0Hu30z9R0gzA","createdAt":"2023-12-13T16:41:00.772Z","updatedAt":"2024-08-31T05:23:40.826Z"},{"merchantId":175948,"name":"VidaXL PT","imageUri":"https://monetizeamex.com/v3/120x60/c1f41ba2a9170c78b3a5b48eff503e84.png","currencyCode":"EUR","defaultDomain":"vidaxl.pt","domains":["vidaxl.pt"],"categoryId":50,"description":null,"isActive":true,"countryCodes":["PT"],"averageBasketValue":163.98,"averageCommission":5.5,"averageConfirmationTime":28,"averageCancellationRate":3.6,"minimumCommission":0.9,"maximumCommission":22.06,"commissionRates":[],"trackingLink":"https://tatrck.com/h/0Hu30z9R0gzC","createdAt":"2023-12-13T16:41:01.843Z","updatedAt":"2024-09-03T17:07:04.051Z"},{"merchantId":175951,"name":"Autodoc NL","imageUri":"https://monetizeamex.com/v3/120x60/cf8de3d4ba03baf062e879a87d312924.png","currencyCode":"EUR","defaultDomain":"autodoc.nl","domains":["autodoc.nl"],"categoryId":59,"description":null,"isActive":true,"countryCodes":["NL"],"averageBasketValue":116.52,"averageCommission":3.48,"averageConfirmationTime":2,"averageCancellationRate":2.5,"minimumCommission":0.12,"maximumCommission":13.78,"commissionRates":[{"fixedCommission":null,"percentageCommission":0.6},{"fixedCommission":null,"percentageCommission":4.8},{"fixedCommission":null,"percentageCommission":2.4}],"trackingLink":"https://tatrck.com/h/0Hu30z9R0gzF","createdAt":"2023-12-13T16:41:01.728Z","updatedAt":"2024-09-03T17:09:17.157Z"},{"merchantId":175955,"name":"Go Groopie IE","imageUri":"https://monetizeamex.com/v3/120x60/3e95d65edcb7ca74538880d3e06a484c.png","currencyCode":"EUR","defaultDomain":"gogroopie.ie","domains":["gogroopie.ie"],"categoryId":50,"description":null,"isActive":true,"countryCodes":["IE"],"averageBasketValue":22.18,"averageCommission":0.66,"averageConfirmationTime":null,"averageCancellationRate":null,"minimumCommission":0.19,"maximumCommission":3.9,"commissionRates":[{"fixedCommission":null,"percentageCommission":3},{"fixedCommission":null,"percentageCommission":9},{"fixedCommission":null,"percentageCommission":6},{"fixedCommission":null,"percentageCommission":4.8},{"fixedCommission":null,"percentageCommission":3.5999999999999996},{"fixedCommission":null,"percentageCommission":12}],"trackingLink":"https://tatrck.com/h/0Hu30z9R0gzJ","createdAt":"2023-12-13T16:41:02.673Z","updatedAt":"2024-09-03T17:08:04.521Z"},{"merchantId":175956,"name":"Kiehls UK","imageUri":"https://monetizeamex.com/v3/120x60/3cb329b652e733bc6260d8887f15bbb8.png","currencyCode":"EUR","defaultDomain":"kiehls.co.uk","domains":["kiehls.co.uk"],"categoryId":28,"description":null,"isActive":true,"countryCodes":["GB"],"averageBasketValue":60.06,"averageCommission":1.69,"averageConfirmationTime":5,"averageCancellationRate":null,"minimumCommission":0.07,"maximumCommission":8.34,"commissionRates":[{"fixedCommission":null,"percentageCommission":1.2}],"trackingLink":"https://tatrck.com/h/0Hu30z9R0gzK","createdAt":"2023-12-13T16:41:02.577Z","updatedAt":"2024-09-03T17:06:51.000Z"},{"merchantId":175971,"name":"Waynabox ES","imageUri":"https://monetizeamex.com/v3/120x60/1844c07bf1df8fa183ebc900c97d180a.png","currencyCode":"EUR","defaultDomain":"waynabox.com","domains":["waynabox.com","waynabox.es"],"categoryId":63,"description":null,"isActive":true,"countryCodes":["IT","ES"],"averageBasketValue":374.77,"averageCommission":7.2,"averageConfirmationTime":18,"averageCancellationRate":26.1,"minimumCommission":7.2,"maximumCommission":7.2,"commissionRates":[{"fixedCommission":7.2,"percentageCommission":null},{"fixedCommission":7.2,"percentageCommission":null}],"trackingLink":"https://tatrck.com/h/0Hu30z9R0gzZ","createdAt":"2023-12-13T16:41:06.673Z","updatedAt":"2024-09-03T17:08:43.467Z"},{"merchantId":175978,"name":"Bee All Design UK","imageUri":"https://monetizeamex.com/v3/120x60/62796c528e68314afeba27760e0ade8a.png","currencyCode":"EUR","defaultDomain":"beealldesign.com","domains":["beealldesign.com"],"categoryId":50,"description":null,"isActive":true,"countryCodes":["GB"],"averageBasketValue":null,"averageCommission":null,"averageConfirmationTime":null,"averageCancellationRate":null,"minimumCommission":null,"maximumCommission":null,"commissionRates":[{"fixedCommission":null,"percentageCommission":6},{"fixedCommission":null,"percentageCommission":9}],"trackingLink":"https://tatrck.com/h/0Hu30z9R0gzg","createdAt":"2023-12-13T16:41:07.071Z","updatedAt":"2024-08-15T09:07:55.502Z"},{"merchantId":175983,"name":"Flooring365 UK","imageUri":"https://monetizeamex.com/v3/120x60/f580a626b6f6bc65fb992332556fb1ef.png","currencyCode":"EUR","defaultDomain":"flooring365.co.uk","domains":["flooring365.co.uk"],"categoryId":72,"description":null,"isActive":true,"countryCodes":["GB"],"averageBasketValue":803.44,"averageCommission":12.04,"averageConfirmationTime":null,"averageCancellationRate":null,"minimumCommission":2.32,"maximumCommission":2.32,"commissionRates":[{"fixedCommission":null,"percentageCommission":1.5}],"trackingLink":"https://tatrck.com/h/0Hu30z9R0gzl","createdAt":"2023-12-13T16:41:09.190Z","updatedAt":"2024-09-02T05:32:21.650Z"},{"merchantId":175990,"name":"PROCOAL UK","imageUri":"https://monetizeamex.com/v3/120x60/c408919e0464ea7b5ca06c5719822f40.png","currencyCode":"EUR","defaultDomain":"procoal.co.uk","domains":["procoal.co.uk"],"categoryId":28,"description":null,"isActive":true,"countryCodes":["GB"],"averageBasketValue":null,"averageCommission":null,"averageConfirmationTime":null,"averageCancellationRate":null,"minimumCommission":null,"maximumCommission":null,"commissionRates":[{"fixedCommission":null,"percentageCommission":9}],"trackingLink":"https://tatrck.com/h/0Hu30z9R0gzs","createdAt":"2023-12-13T16:41:12.467Z","updatedAt":"2024-09-03T17:07:04.398Z"},{"merchantId":176027,"name":"APEXEL USA US","imageUri":"https://kqdxc4m5.de/logos_v2/120x60/1a21d901882721f54b5b22fad6baf306.gif","currencyCode":"EUR","defaultDomain":"shopapexel.com","domains":["shopapexel.com"],"categoryId":80,"description":null,"isActive":true,"countryCodes":["US"],"averageBasketValue":null,"averageCommission":null,"averageConfirmationTime":null,"averageCancellationRate":null,"minimumCommission":null,"maximumCommission":null,"commissionRates":[{"fixedCommission":null,"percentageCommission":9}],"trackingLink":"https://tatrck.com/h/0Hu30z9R0g-R","createdAt":"2023-12-13T16:41:18.283Z","updatedAt":"2024-08-21T11:39:25.803Z"}]}