{"meta":{"next":121926},"data":[{"merchantId":121416,"name":"Yesgifts NL","imageUri":"https://monetizeamex.com/v3/120x60/84bde31a53c816393c35a106fd478309.png","currencyCode":"EUR","defaultDomain":"yesgifts.nl","domains":["yesgifts.nl"],"categoryId":47,"description":null,"isActive":true,"countryCodes":["NL"],"averageBasketValue":98.12,"averageCommission":2.94,"averageConfirmationTime":null,"averageCancellationRate":null,"minimumCommission":3.46,"maximumCommission":3.46,"commissionRates":[],"trackingLink":"https://tatrck.com/h/0Hu30z9R0Tf8","createdAt":"2023-12-13T11:38:00.765Z","updatedAt":"2024-08-21T11:31:35.049Z"},{"merchantId":121418,"name":"Yoek FI","imageUri":"https://monetizeamex.com/v3/120x60/4dfa02f0acf047e4f5bb60f983fbb61f.png","currencyCode":"EUR","defaultDomain":"yoek.com","domains":["yoek.com","yoek.fi"],"categoryId":40,"description":null,"isActive":true,"countryCodes":["FI"],"averageBasketValue":null,"averageCommission":null,"averageConfirmationTime":null,"averageCancellationRate":null,"minimumCommission":null,"maximumCommission":null,"commissionRates":[],"trackingLink":"https://tatrck.com/h/0Hu30z9R0TfA","createdAt":"2023-12-13T11:38:00.893Z","updatedAt":"2024-08-21T11:28:25.385Z"},{"merchantId":121419,"name":"Yoekfashion DE","imageUri":"https://monetizeamex.com/v3/120x60/734aaa395e689d949a5364389a3698e4.png","currencyCode":"EUR","defaultDomain":"yoekfashion.de","domains":["yoekfashion.de"],"categoryId":40,"description":"Yoek ist eine Label für modebegeisterte Frauen mit großen Größen. Entdecken sie Kleider, Blusen, Hosen, Röcke, Mäntel & Jacken und Accessoires in großen Größen für moderne Frauen.","isActive":true,"countryCodes":["DE"],"averageBasketValue":394.02,"averageCommission":23.82,"averageConfirmationTime":null,"averageCancellationRate":6.1,"minimumCommission":6.34,"maximumCommission":31.54,"commissionRates":[],"trackingLink":"https://tatrck.com/h/0Hu30z9R0TfB","createdAt":"2023-12-13T11:38:03.279Z","updatedAt":"2024-09-03T17:08:51.949Z"},{"merchantId":121420,"name":"Yorcom NL","imageUri":"https://monetizeamex.com/v3/120x60/2d28e5943fa50c95dfd11d28cc78f3c7.png","currencyCode":"EUR","defaultDomain":"yorcom.nl","domains":["yorcom.nl"],"categoryId":72,"description":null,"isActive":true,"countryCodes":["NL"],"averageBasketValue":249.61,"averageCommission":2.99,"averageConfirmationTime":30,"averageCancellationRate":9.3,"minimumCommission":0.48,"maximumCommission":5.98,"commissionRates":[],"trackingLink":"https://tatrck.com/h/0Hu30z9R0TfC","createdAt":"2023-12-13T11:38:02.180Z","updatedAt":"2024-09-03T05:34:10.793Z"},{"merchantId":121422,"name":"Yourhosting NL","imageUri":"https://monetizeamex.com/v3/120x60/fa8e07e1d4a56a68b24ddccc01efbce7.png","currencyCode":"EUR","defaultDomain":"yourhosting.nl","domains":["yourhosting.nl"],"categoryId":22,"description":null,"isActive":true,"countryCodes":["NL"],"averageBasketValue":41.27,"averageCommission":7.59,"averageConfirmationTime":6,"averageCancellationRate":20,"minimumCommission":0,"maximumCommission":45.98,"commissionRates":[],"trackingLink":"https://tatrck.com/h/0Hu30z9R0TfE","createdAt":"2023-12-13T11:38:02.476Z","updatedAt":"2024-09-03T05:07:03.990Z"},{"merchantId":121423,"name":"yoursurprise AT","imageUri":"https://monetizeamex.com/v3/120x60/83c476a0ec272b2358902be43c9a085d.png","currencyCode":"EUR","defaultDomain":"yoursurprise.at","domains":["yoursurprise.at"],"categoryId":47,"description":"Sind Sie auf der Suche nach einem witzigen und schönen Geschenk? Dann sind Sie bei YourSurprise.de genau an der richtigen Adresse. Ein einzigartiges Geschenk mit Ihrem Foto, Logo oder Text. So haben Sie ein Geschenk, das individuell auf den Empfänger zugeschnitten ist.","isActive":true,"countryCodes":["AT"],"averageBasketValue":34.78,"averageCommission":0.57,"averageConfirmationTime":null,"averageCancellationRate":1.1,"minimumCommission":0.13,"maximumCommission":1.6,"commissionRates":[],"trackingLink":"https://tatrck.com/h/0Hu30z9R0TfF","createdAt":"2023-12-13T11:38:05.372Z","updatedAt":"2024-08-31T05:46:09.942Z"},{"merchantId":121424,"name":"Yoursurprise BE","imageUri":"https://monetizeamex.com/v3/120x60/08766462c4d341187dfcbc54b067cf6a.png","currencyCode":"EUR","defaultDomain":"yoursurprise.be","domains":["yoursurprise.be"],"categoryId":21,"description":null,"isActive":true,"countryCodes":["BE"],"averageBasketValue":25.9,"averageCommission":0.62,"averageConfirmationTime":6,"averageCancellationRate":7,"minimumCommission":0.3,"maximumCommission":2.11,"commissionRates":[],"trackingLink":"https://tatrck.com/h/0Hu30z9R0TfG","createdAt":"2023-12-13T11:38:04.100Z","updatedAt":"2024-09-03T05:44:25.483Z"},{"merchantId":121444,"name":"Zooplus FI","imageUri":"https://monetizeamex.com/v3/120x60/b613df2468fb621bad92087156436f8a.png","currencyCode":"EUR","defaultDomain":"zooplus.fi","domains":["zooplus.fi"],"categoryId":61,"description":null,"isActive":true,"countryCodes":["FI"],"averageBasketValue":86.8,"averageCommission":0.7,"averageConfirmationTime":28,"averageCancellationRate":null,"minimumCommission":0.26,"maximumCommission":1.53,"commissionRates":[],"trackingLink":"https://tatrck.com/h/0Hu30z9R0Tfa","createdAt":"2023-12-13T11:38:13.179Z","updatedAt":"2024-09-03T17:09:29.455Z"},{"merchantId":121468,"name":"Albelli NL","imageUri":"https://monetizeamex.com/v3/120x60/454fd2bf32b5763f64a3a2652f914ca2.png","currencyCode":"EUR","defaultDomain":"albelli.nl","domains":["albelli.nl"],"categoryId":80,"description":null,"isActive":true,"countryCodes":["NL"],"averageBasketValue":57.82,"averageCommission":5.55,"averageConfirmationTime":5,"averageCancellationRate":54.9,"minimumCommission":0.04,"maximumCommission":48.34,"commissionRates":[],"trackingLink":"https://tatrck.com/h/0Hu30z9R0Tfy","createdAt":"2023-12-13T11:38:21.882Z","updatedAt":"2024-09-03T05:07:03.009Z"},{"merchantId":121480,"name":"ASA Kredyt PL","imageUri":"https://monetizeamex.com/v3/120x60/e4b712e9bd79935345268e8583f858d4.png","currencyCode":"EUR","defaultDomain":"aasapolska.pl","domains":["aasapolska.pl"],"categoryId":66,"description":null,"isActive":true,"countryCodes":["PL"],"averageBasketValue":33.07,"averageCommission":0.79,"averageConfirmationTime":null,"averageCancellationRate":null,"minimumCommission":10.31,"maximumCommission":10.31,"commissionRates":[],"trackingLink":"https://tatrck.com/h/0Hu30z9R0Tg8","createdAt":"2023-12-13T11:38:25.642Z","updatedAt":"2024-08-25T06:05:15.156Z"},{"merchantId":121493,"name":"Belevenissen NL","imageUri":"https://monetizeamex.com/v3/120x60/2900ac7403e58e893e8dce639093af8c.png","currencyCode":"EUR","defaultDomain":"belevenissen.nl","domains":["belevenissen.nl"],"categoryId":47,"description":null,"isActive":true,"countryCodes":["NL"],"averageBasketValue":104.06,"averageCommission":1.97,"averageConfirmationTime":30,"averageCancellationRate":null,"minimumCommission":0.1,"maximumCommission":1.56,"commissionRates":[],"trackingLink":"https://tatrck.com/h/0Hu30z9R0TgL","createdAt":"2023-12-13T11:38:30.617Z","updatedAt":"2024-08-24T05:05:38.916Z"},{"merchantId":121495,"name":"Belvilla BE","imageUri":"https://monetizeamex.com/v3/120x60/9a6e9047e393e712a11fcb27e58f7b25.png","currencyCode":"EUR","defaultDomain":"belvilla.be","domains":["belvilla.be"],"categoryId":54,"description":null,"isActive":true,"countryCodes":["BE"],"averageBasketValue":1,"averageCommission":47.95,"averageConfirmationTime":null,"averageCancellationRate":null,"minimumCommission":46.76,"maximumCommission":46.76,"commissionRates":[{"fixedCommission":null,"percentageCommission":3.3},{"fixedCommission":null,"percentageCommission":1.2},{"fixedCommission":12,"percentageCommission":null}],"trackingLink":"https://tatrck.com/h/0Hu30z9R0TgN","createdAt":"2023-12-13T11:38:31.265Z","updatedAt":"2024-09-03T17:14:55.491Z"},{"merchantId":121534,"name":"Coolsound NL","imageUri":"https://monetizeamex.com/v3/120x60/b2ff869fbe9a4f6f6228c8573fb9e2dd.png","currencyCode":"EUR","defaultDomain":"coolsound.nl","domains":["coolsound.nl"],"categoryId":72,"description":null,"isActive":true,"countryCodes":["NL","BE"],"averageBasketValue":141.09,"averageCommission":2.11,"averageConfirmationTime":28,"averageCancellationRate":null,"minimumCommission":0.23,"maximumCommission":6.01,"commissionRates":[],"trackingLink":"https://tatrck.com/h/0Hu30z9R0Tg-","createdAt":"2023-12-13T11:38:45.868Z","updatedAt":"2024-08-29T05:26:23.529Z"},{"merchantId":121559,"name":"Drukwerkdeal NL","imageUri":"https://monetizeamex.com/v3/120x60/952c310d8b50c83abfb85d86b5a312f7.png","currencyCode":"EUR","defaultDomain":"drukwerkdeal.nl","domains":["drukwerkdeal.nl"],"categoryId":50,"description":null,"isActive":true,"countryCodes":["NL"],"averageBasketValue":115.53,"averageCommission":4.62,"averageConfirmationTime":4,"averageCancellationRate":4.4,"minimumCommission":0.26,"maximumCommission":281.88,"commissionRates":[],"trackingLink":"https://tatrck.com/h/0Hu30z9R0ThN","createdAt":"2023-12-13T11:38:53.567Z","updatedAt":"2024-09-03T05:51:04.198Z"},{"merchantId":121569,"name":"Elektroshop NL","imageUri":"https://monetizeamex.com/v3/120x60/0c50229b024ae98b163a8e127d4ee051.png","currencyCode":"EUR","defaultDomain":"elektroshop.nl","domains":["elektroshop.nl"],"categoryId":21,"description":null,"isActive":true,"countryCodes":["NL"],"averageBasketValue":176.19,"averageCommission":3.7,"averageConfirmationTime":null,"averageCancellationRate":20,"minimumCommission":0.43,"maximumCommission":28.91,"commissionRates":[],"trackingLink":"https://tatrck.com/h/0Hu30z9R0ThX","createdAt":"2023-12-13T11:38:55.588Z","updatedAt":"2024-09-01T05:31:06.024Z"},{"merchantId":121574,"name":"Familyholidays NL","imageUri":"https://monetizeamex.com/v3/120x60/17e0bb9157152b183c2944873037b039.png","currencyCode":"EUR","defaultDomain":"familyholidays.nl","domains":["familyholidays.nl"],"categoryId":63,"description":null,"isActive":true,"countryCodes":["NL"],"averageBasketValue":null,"averageCommission":null,"averageConfirmationTime":null,"averageCancellationRate":null,"minimumCommission":null,"maximumCommission":null,"commissionRates":[],"trackingLink":"https://tatrck.com/h/0Hu30z9R0Thc","createdAt":"2023-12-13T11:38:57.276Z","updatedAt":"2024-08-21T11:34:37.781Z"},{"merchantId":121584,"name":"Flextravel NL","imageUri":"https://monetizeamex.com/v3/120x60/35b00cabf6813f15fa8f0f4b8ba1b981.png","currencyCode":"EUR","defaultDomain":"flextravel.nl","domains":["flextravel.nl"],"categoryId":63,"description":null,"isActive":true,"countryCodes":["NL"],"averageBasketValue":null,"averageCommission":null,"averageConfirmationTime":null,"averageCancellationRate":null,"minimumCommission":null,"maximumCommission":null,"commissionRates":[],"trackingLink":"https://tatrck.com/h/0Hu30z9R0Thm","createdAt":"2023-12-13T11:39:00.932Z","updatedAt":"2024-08-21T11:39:04.869Z"},{"merchantId":121619,"name":"HouseOfBritain NL","imageUri":"https://monetizeamex.com/v3/120x60/830a1ca9836916c45dd89720ea0731b9.png","currencyCode":"EUR","defaultDomain":"houseofbritain.nl","domains":["houseofbritain.nl"],"categoryId":71,"description":null,"isActive":true,"countryCodes":["NL"],"averageBasketValue":3,"averageCommission":41.81,"averageConfirmationTime":null,"averageCancellationRate":25,"minimumCommission":40.04,"maximumCommission":40.04,"commissionRates":[],"trackingLink":"https://tatrck.com/h/0Hu30z9R0TiJ","createdAt":"2023-12-13T11:39:11.665Z","updatedAt":"2024-08-21T11:29:48.985Z"},{"merchantId":121622,"name":"IKenIK NL","imageUri":"https://monetizeamex.com/v3/120x60/1c0df11443743e262d441fffac1046c1.png","currencyCode":"EUR","defaultDomain":"ikenik.nl","domains":["ikenik.nl"],"categoryId":17,"description":null,"isActive":true,"countryCodes":["NL"],"averageBasketValue":75.55,"averageCommission":3.17,"averageConfirmationTime":null,"averageCancellationRate":null,"minimumCommission":1.15,"maximumCommission":7.1,"commissionRates":[{"fixedCommission":null,"percentageCommission":4.2}],"trackingLink":"https://tatrck.com/h/0Hu30z9R0TiM","createdAt":"2023-12-13T11:39:12.682Z","updatedAt":"2024-09-03T17:08:19.011Z"},{"merchantId":121625,"name":"Interhome BE","imageUri":"https://monetizeamex.com/v3/120x60/3bc18c6e02cfe2cc46d180619eeef672.png","currencyCode":"EUR","defaultDomain":"interhome.be","domains":["interhome.be"],"categoryId":63,"description":null,"isActive":true,"countryCodes":["BE"],"averageBasketValue":2,"averageCommission":122.3,"averageConfirmationTime":null,"averageCancellationRate":null,"minimumCommission":122.3,"maximumCommission":122.3,"commissionRates":[],"trackingLink":"https://tatrck.com/h/0Hu30z9R0TiP","createdAt":"2023-12-13T11:39:15.111Z","updatedAt":"2024-08-21T11:39:08.117Z"},{"merchantId":121640,"name":"K9shop-Totaal NL","imageUri":"https://monetizeamex.com/v3/120x60/25f884f2a1fddeeffe15fd9831048977.png","currencyCode":"EUR","defaultDomain":"k9shop.nl","domains":["k9shop.nl","k9shop-totaal.nl"],"categoryId":61,"description":null,"isActive":true,"countryCodes":["NL"],"averageBasketValue":73.09,"averageCommission":3.25,"averageConfirmationTime":null,"averageCancellationRate":null,"minimumCommission":0.06,"maximumCommission":32.35,"commissionRates":[],"trackingLink":"https://tatrck.com/h/0Hu30z9R0Tie","createdAt":"2023-12-13T11:39:19.320Z","updatedAt":"2024-08-30T05:38:02.025Z"},{"merchantId":121680,"name":"Mamzel.eu NL","imageUri":"https://monetizeamex.com/v3/120x60/b54b92cf3eee7a2864c81ef06d573f9c.png","currencyCode":"EUR","defaultDomain":"mamzel.eu","domains":["mamzel.eu"],"categoryId":68,"description":null,"isActive":true,"countryCodes":["BE","NL"],"averageBasketValue":50.68,"averageCommission":1.48,"averageConfirmationTime":11,"averageCancellationRate":14.3,"minimumCommission":1.21,"maximumCommission":2.07,"commissionRates":[],"trackingLink":"https://tatrck.com/h/0Hu30z9R0TjG","createdAt":"2023-12-13T11:39:33.680Z","updatedAt":"2024-08-21T11:40:23.461Z"},{"merchantId":121682,"name":"Marjonsniedersshop NL","imageUri":"https://monetizeamex.com/v3/120x60/cb64043c02a396c5fb16c8a01f01b6d3.png","currencyCode":"EUR","defaultDomain":"marjonsnieders.nl","domains":["marjonsnieders.be","marjonsnieders.de","marjonsnieders.nl","marjonsniedersshop.nl"],"categoryId":40,"description":null,"isActive":true,"countryCodes":["NL"],"averageBasketValue":313.46,"averageCommission":4.4,"averageConfirmationTime":null,"averageCancellationRate":5.2,"minimumCommission":0.24,"maximumCommission":28.4,"commissionRates":[],"trackingLink":"https://tatrck.com/h/0Hu30z9R0TjI","createdAt":"2023-12-13T11:39:34.002Z","updatedAt":"2024-08-21T11:31:07.935Z"},{"merchantId":121691,"name":"Meijers NL","imageUri":"https://monetizeamex.com/v3/120x60/61696cf9ed1b645e94be4c85fb79eb8d.png","currencyCode":"EUR","defaultDomain":"meijers.com","domains":["meijers.com"],"categoryId":68,"description":null,"isActive":true,"countryCodes":["NL"],"averageBasketValue":71.49,"averageCommission":2.14,"averageConfirmationTime":null,"averageCancellationRate":null,"minimumCommission":null,"maximumCommission":null,"commissionRates":[],"trackingLink":"https://tatrck.com/h/0Hu30z9R0TjR","createdAt":"2023-12-13T11:39:37.475Z","updatedAt":"2024-08-23T05:05:43.892Z"},{"merchantId":121694,"name":"Mi-Arte ES","imageUri":"https://monetizeamex.com/v3/120x60/800a4da8657635db015a66b1e322a160.png","currencyCode":"EUR","defaultDomain":"mi-arte.es","domains":["mi-arte.es"],"categoryId":47,"description":null,"isActive":true,"countryCodes":["ES"],"averageBasketValue":32.1,"averageCommission":0.65,"averageConfirmationTime":null,"averageCancellationRate":null,"minimumCommission":0.05,"maximumCommission":1.13,"commissionRates":[],"trackingLink":"https://tatrck.com/h/0Hu30z9R0TjU","createdAt":"2023-12-13T11:39:37.390Z","updatedAt":"2024-08-26T09:01:14.939Z"},{"merchantId":121711,"name":"Octaplus BE","imageUri":"https://monetizeamex.com/v3/120x60/ce825c55db6f7b249df8a1e2ab9fc05a.png","currencyCode":"EUR","defaultDomain":"octaplus.be","domains":["octaplus.be"],"categoryId":51,"description":null,"isActive":true,"countryCodes":["BE"],"averageBasketValue":null,"averageCommission":9.24,"averageConfirmationTime":28,"averageCancellationRate":null,"minimumCommission":9.24,"maximumCommission":9.24,"commissionRates":[],"trackingLink":"https://tatrck.com/h/0Hu30z9R0Tjl","createdAt":"2023-12-13T11:39:42.987Z","updatedAt":"2024-08-21T11:40:24.497Z"},{"merchantId":121748,"name":"Sawiday.be","imageUri":"https://monetizeamex.com/v3/120x60/fd6794f93b79278984d4a03a5ebc357c.png","currencyCode":"EUR","defaultDomain":"sawiday.be","domains":["sawiday.be"],"categoryId":74,"description":null,"isActive":true,"countryCodes":["BE"],"averageBasketValue":513.71,"averageCommission":10.78,"averageConfirmationTime":1,"averageCancellationRate":1.9,"minimumCommission":0.72,"maximumCommission":96.55,"commissionRates":[],"trackingLink":"https://tatrck.com/h/0Hu30z9R0TkK","createdAt":"2023-12-13T11:39:59.885Z","updatedAt":"2024-09-03T05:06:02.423Z"},{"merchantId":121771,"name":"Sportus NL","imageUri":"https://monetizeamex.com/v3/120x60/3a2f0045430657ae08c2ab44680bcea4.png","currencyCode":"EUR","defaultDomain":"sportus.nl","domains":["sportus.nl"],"categoryId":40,"description":null,"isActive":true,"countryCodes":["NL"],"averageBasketValue":106.99,"averageCommission":2.7,"averageConfirmationTime":30,"averageCancellationRate":null,"minimumCommission":2.51,"maximumCommission":2.51,"commissionRates":[],"trackingLink":"https://tatrck.com/h/0Hu30z9R0Tkh","createdAt":"2023-12-13T11:40:10.576Z","updatedAt":"2024-08-21T11:39:32.577Z"},{"merchantId":121777,"name":"Stoute-schoenen NL","imageUri":"https://monetizeamex.com/v3/120x60/5075c6eafcd53e2f0ffd24b6da4824bd.png","currencyCode":"EUR","defaultDomain":"stoute-schoenen.nl","domains":["stoute-schoenen.nl"],"categoryId":50,"description":null,"isActive":true,"countryCodes":["NL"],"averageBasketValue":null,"averageCommission":null,"averageConfirmationTime":null,"averageCancellationRate":null,"minimumCommission":null,"maximumCommission":null,"commissionRates":[{"fixedCommission":null,"percentageCommission":6.6}],"trackingLink":"https://tatrck.com/h/0Hu30z9R0Tkn","createdAt":"2023-12-13T11:40:13.165Z","updatedAt":"2024-09-03T17:08:19.997Z"},{"merchantId":121787,"name":"Tegeltjes NL","imageUri":"https://monetizeamex.com/v3/120x60/16038f24aa15b772ca3b35c834ff4fab.png","currencyCode":"EUR","defaultDomain":"tegeltjes.com","domains":["tegeltjes.com"],"categoryId":47,"description":null,"isActive":true,"countryCodes":["BE","NL"],"averageBasketValue":15.82,"averageCommission":0.93,"averageConfirmationTime":14,"averageCancellationRate":null,"minimumCommission":0.54,"maximumCommission":0.54,"commissionRates":[],"trackingLink":"https://tatrck.com/h/0Hu30z9R0Tkx","createdAt":"2023-12-13T11:40:17.775Z","updatedAt":"2024-08-21T11:27:59.715Z"},{"merchantId":121822,"name":"Voordeligwitgoed NL","imageUri":"https://monetizeamex.com/v3/120x60/bb3026d2d8afd63f5ff75336bbd2a2df.png","currencyCode":"EUR","defaultDomain":"voordeligwitgoed.nl","domains":["voordeligwitgoed.nl"],"categoryId":72,"description":null,"isActive":true,"countryCodes":["NL"],"averageBasketValue":475.41,"averageCommission":7.12,"averageConfirmationTime":null,"averageCancellationRate":null,"minimumCommission":1.98,"maximumCommission":1.98,"commissionRates":[],"trackingLink":"https://tatrck.com/h/0Hu30z9R0TlU","createdAt":"2023-12-13T11:40:34.084Z","updatedAt":"2024-08-21T11:34:37.517Z"},{"merchantId":121832,"name":"Wijnvoordeel BE","imageUri":"https://monetizeamex.com/v3/120x60/98fc930f2eb7a168b2404bd2d2d5abac.png","currencyCode":"EUR","defaultDomain":"wijnvoordeel.be","domains":["wijnvoordeel.be"],"categoryId":14,"description":null,"isActive":true,"countryCodes":["BE"],"averageBasketValue":66.15,"averageCommission":0.97,"averageConfirmationTime":null,"averageCancellationRate":null,"minimumCommission":0.03,"maximumCommission":4.21,"commissionRates":[],"trackingLink":"https://tatrck.com/h/0Hu30z9R0Tle","createdAt":"2023-12-13T11:40:39.576Z","updatedAt":"2024-09-03T05:06:00.751Z"},{"merchantId":121843,"name":"123AutoParts US","imageUri":"https://monetizeamex.com/v3/120x60/ad2b388c50b2c5b39eb747562cd1fb68.png","currencyCode":"EUR","defaultDomain":"123autoparts.com","domains":["123autoparts.com"],"categoryId":59,"description":null,"isActive":true,"countryCodes":["US"],"averageBasketValue":null,"averageCommission":0,"averageConfirmationTime":1,"averageCancellationRate":null,"minimumCommission":null,"maximumCommission":null,"commissionRates":[{"fixedCommission":null,"percentageCommission":3}],"trackingLink":"https://tatrck.com/h/0Hu30z9R0Tlp","createdAt":"2023-12-13T11:40:43.873Z","updatedAt":"2024-08-21T11:35:16.627Z"},{"merchantId":121848,"name":"3Gorillas US","imageUri":"https://monetizeamex.com/v3/120x60/6f4515493c42e499e849b29336503162.png","currencyCode":"EUR","defaultDomain":"3gorillas.com","domains":["3gorillas.com"],"categoryId":72,"description":null,"isActive":true,"countryCodes":["US"],"averageBasketValue":330.58,"averageCommission":9.91,"averageConfirmationTime":null,"averageCancellationRate":null,"minimumCommission":9.91,"maximumCommission":9.91,"commissionRates":[{"fixedCommission":null,"percentageCommission":3}],"trackingLink":"https://tatrck.com/h/0Hu30z9R0Tlu","createdAt":"2023-12-13T11:40:45.675Z","updatedAt":"2024-08-21T11:41:19.462Z"},{"merchantId":121851,"name":"Ace Media Intl Group US","imageUri":"https://monetizeamex.com/v3/120x60/a59e37ca61df6d6b1c6b7cbec933a6b5.png","currencyCode":"EUR","defaultDomain":"amiclubwear.com","domains":["amiclubwear.com"],"categoryId":40,"description":null,"isActive":true,"countryCodes":["US"],"averageBasketValue":80.15,"averageCommission":1.17,"averageConfirmationTime":null,"averageCancellationRate":null,"minimumCommission":0.96,"maximumCommission":1.38,"commissionRates":[],"trackingLink":"https://tatrck.com/h/0Hu30z9R0Tlx","createdAt":"2023-12-13T11:40:46.985Z","updatedAt":"2024-08-21T11:34:11.372Z"},{"merchantId":121852,"name":"aceperfume US","imageUri":"https://monetizeamex.com/v3/120x60/c4a20a9430ecde5a56bac4cddcc33919.png","currencyCode":"EUR","defaultDomain":"aceperfume.com","domains":["aceperfume.com"],"categoryId":72,"description":null,"isActive":true,"countryCodes":["US"],"averageBasketValue":null,"averageCommission":null,"averageConfirmationTime":null,"averageCancellationRate":null,"minimumCommission":null,"maximumCommission":null,"commissionRates":[{"fixedCommission":null,"percentageCommission":9}],"trackingLink":"https://tatrck.com/h/0Hu30z9R0Tly","createdAt":"2023-12-13T11:40:47.087Z","updatedAt":"2024-08-21T11:31:10.711Z"},{"merchantId":121854,"name":"AdultClothDiaper.Com US","imageUri":"https://monetizeamex.com/v3/120x60/098c9a6bd2899196deec44b17bc965af.png","currencyCode":"EUR","defaultDomain":"adultclothdiaper.com","domains":["adultclothdiaper.com"],"categoryId":60,"description":null,"isActive":true,"countryCodes":["US"],"averageBasketValue":103.54,"averageCommission":6.21,"averageConfirmationTime":1,"averageCancellationRate":null,"minimumCommission":3.93,"maximumCommission":3.93,"commissionRates":[{"fixedCommission":null,"percentageCommission":6}],"trackingLink":"https://tatrck.com/h/0Hu30z9R0Tl-","createdAt":"2023-12-13T11:40:48.372Z","updatedAt":"2024-08-21T11:41:18.456Z"},{"merchantId":121857,"name":"1Password US","imageUri":"https://monetizeamex.com/v3/120x60/c37acaed2d1195d9137e6a3998561775.png","currencyCode":"EUR","defaultDomain":"1password.com","domains":["1password.com"],"categoryId":49,"description":null,"isActive":true,"countryCodes":[],"averageBasketValue":1.96,"averageCommission":1.03,"averageConfirmationTime":2,"averageCancellationRate":null,"minimumCommission":0,"maximumCommission":26.76,"commissionRates":[],"trackingLink":"https://tatrck.com/h/0Hu30z9R0Tm1","createdAt":"2023-12-13T11:40:49.880Z","updatedAt":"2024-09-03T05:54:18.587Z"},{"merchantId":121864,"name":"All Together Enterprises US","imageUri":"https://monetizeamex.com/v3/120x60/0561f22e09c2ed6497bddaa77efb972b.png","currencyCode":"EUR","defaultDomain":"clothdiaper.com","domains":["clothdiaper.com"],"categoryId":17,"description":null,"isActive":true,"countryCodes":["US"],"averageBasketValue":35.11,"averageCommission":2.1,"averageConfirmationTime":null,"averageCancellationRate":null,"minimumCommission":0.96,"maximumCommission":0.96,"commissionRates":[{"fixedCommission":null,"percentageCommission":6}],"trackingLink":"https://tatrck.com/h/0Hu30z9R0Tm8","createdAt":"2023-12-13T11:40:52.673Z","updatedAt":"2024-08-21T11:35:14.432Z"},{"merchantId":121879,"name":"Belle and June US","imageUri":"https://monetizeamex.com/v3/120x60/be485fa99ed39f20ef79be32f1a577b3.png","currencyCode":"EUR","defaultDomain":"belleandjune.com","domains":["belleandjune.com"],"categoryId":74,"description":null,"isActive":true,"countryCodes":["US"],"averageBasketValue":414.53,"averageCommission":17.4,"averageConfirmationTime":1,"averageCancellationRate":null,"minimumCommission":1.94,"maximumCommission":1.94,"commissionRates":[{"fixedCommission":null,"percentageCommission":4.2}],"trackingLink":"https://tatrck.com/h/0Hu30z9R0TmN","createdAt":"2023-12-13T11:40:59.168Z","updatedAt":"2024-08-21T11:46:11.171Z"},{"merchantId":121881,"name":"Best Life Herbals US","imageUri":"https://monetizeamex.com/v3/120x60/697c0b71588102b5a1d5369ebf14473a.png","currencyCode":"EUR","defaultDomain":"bestlife-herbals.com","domains":["bestlife-herbals.com"],"categoryId":68,"description":null,"isActive":true,"countryCodes":["US"],"averageBasketValue":48.25,"averageCommission":0.19,"averageConfirmationTime":null,"averageCancellationRate":null,"minimumCommission":0.31,"maximumCommission":0.31,"commissionRates":[],"trackingLink":"https://tatrck.com/h/0Hu30z9R0TmP","createdAt":"2023-12-13T11:40:59.873Z","updatedAt":"2024-08-26T09:01:03.063Z"},{"merchantId":121896,"name":"California Tea House US","imageUri":"https://monetizeamex.com/v3/120x60/645eb7c5c70df028e3abf6caa4bb3081.png","currencyCode":"EUR","defaultDomain":"californiateahouse.com","domains":["californiateahouse.com"],"categoryId":14,"description":null,"isActive":true,"countryCodes":["US"],"averageBasketValue":null,"averageCommission":null,"averageConfirmationTime":null,"averageCancellationRate":null,"minimumCommission":null,"maximumCommission":null,"commissionRates":[{"fixedCommission":null,"percentageCommission":9}],"trackingLink":"https://tatrck.com/h/0Hu30z9R0Tme","createdAt":"2023-12-13T11:41:05.487Z","updatedAt":"2024-08-21T11:39:25.305Z"},{"merchantId":121900,"name":"CastleBaths US","imageUri":"https://monetizeamex.com/v3/120x60/da26bc07e3b745dd7fed07ee2390e237.png","currencyCode":"EUR","defaultDomain":"castlebaths.com","domains":["castlebaths.com"],"categoryId":28,"description":null,"isActive":true,"countryCodes":["US"],"averageBasketValue":196.25,"averageCommission":9.42,"averageConfirmationTime":null,"averageCancellationRate":100,"minimumCommission":null,"maximumCommission":null,"commissionRates":[],"trackingLink":"https://tatrck.com/h/0Hu30z9R0Tmi","createdAt":"2023-12-13T11:41:07.076Z","updatedAt":"2024-08-23T15:01:57.707Z"},{"merchantId":121901,"name":"CatsPlay US","imageUri":"https://monetizeamex.com/v3/120x60/223718b01ed356bd50b928b50d052ba7.png","currencyCode":"EUR","defaultDomain":"catsplay.com","domains":["catsplay.com"],"categoryId":61,"description":null,"isActive":true,"countryCodes":["US"],"averageBasketValue":203.71,"averageCommission":7.33,"averageConfirmationTime":1,"averageCancellationRate":50,"minimumCommission":7.91,"maximumCommission":7.91,"commissionRates":[{"fixedCommission":null,"percentageCommission":3.5999999999999996}],"trackingLink":"https://tatrck.com/h/0Hu30z9R0Tmj","createdAt":"2023-12-13T11:41:08.587Z","updatedAt":"2024-08-21T11:46:16.712Z"},{"merchantId":121910,"name":"ClearScreening US","imageUri":"https://monetizeamex.com/v3/120x60/159598c9911c4bb84bfdaee64ca02a1b.png","currencyCode":"EUR","defaultDomain":"clearscreening.com","domains":["clearscreening.com"],"categoryId":39,"description":null,"isActive":true,"countryCodes":["US"],"averageBasketValue":null,"averageCommission":null,"averageConfirmationTime":null,"averageCancellationRate":null,"minimumCommission":null,"maximumCommission":null,"commissionRates":[{"fixedCommission":0,"percentageCommission":null},{"fixedCommission":null,"percentageCommission":6}],"trackingLink":"https://tatrck.com/h/0Hu30z9R0Tms","createdAt":"2023-12-13T11:41:13.268Z","updatedAt":"2024-08-21T11:31:08.777Z"},{"merchantId":121919,"name":"CouponSurfer US","imageUri":"https://monetizeamex.com/v3/120x60/b29c2d2510c7894e4bca763f19c892b8.png","currencyCode":"EUR","defaultDomain":"couponsurfer.com","domains":["couponsurfer.com"],"categoryId":21,"description":null,"isActive":true,"countryCodes":["US"],"averageBasketValue":null,"averageCommission":0.09,"averageConfirmationTime":null,"averageCancellationRate":null,"minimumCommission":0.1,"maximumCommission":0.1,"commissionRates":[{"fixedCommission":0.12,"percentageCommission":null}],"trackingLink":"https://tatrck.com/h/0Hu30z9R0Tm_","createdAt":"2023-12-13T11:41:16.986Z","updatedAt":"2024-08-21T11:33:03.046Z"}]}