{"meta":{"next":144480},"data":[{"merchantId":143986,"name":"The Safariland US","imageUri":"https://monetizeamex.com/v3/120x60/22f0edc0a7b26b3e5d310a8d90c37bbf.png","currencyCode":"EUR","defaultDomain":"safariland.com","domains":["safariland.com"],"categoryId":40,"description":null,"isActive":true,"countryCodes":["US"],"averageBasketValue":169.26,"averageCommission":5.61,"averageConfirmationTime":null,"averageCancellationRate":null,"minimumCommission":0.62,"maximumCommission":56.22,"commissionRates":[],"trackingLink":"https://tatrck.com/h/0Hu30z9R0Z9o","createdAt":"2023-12-13T13:52:23.279Z","updatedAt":"2024-08-26T05:59:04.859Z"},{"merchantId":144010,"name":"Lock and Key UK","imageUri":"https://monetizeamex.com/v3/120x60/82e2381570f155fb195f4d797ea813fc.png","currencyCode":"EUR","defaultDomain":"lockandkey.co.uk","domains":["lockandkey.co.uk"],"categoryId":66,"description":null,"isActive":true,"countryCodes":["GB"],"averageBasketValue":83.56,"averageCommission":4.17,"averageConfirmationTime":null,"averageCancellationRate":null,"minimumCommission":0.78,"maximumCommission":9.23,"commissionRates":[{"fixedCommission":null,"percentageCommission":4.8}],"trackingLink":"https://tatrck.com/h/0Hu30z9R0ZAA","createdAt":"2023-12-13T13:52:31.569Z","updatedAt":"2024-09-03T05:21:45.622Z"},{"merchantId":144031,"name":"FLOS US","imageUri":"https://monetizeamex.com/v3/120x60/c71224e8ed18587a4943dfa9344332d4.png","currencyCode":"EUR","defaultDomain":"flos.com","domains":["flos.com"],"categoryId":74,"description":null,"isActive":true,"countryCodes":["FR"],"averageBasketValue":271.02,"averageCommission":17.69,"averageConfirmationTime":null,"averageCancellationRate":null,"minimumCommission":18.1,"maximumCommission":18.1,"commissionRates":[],"trackingLink":"https://tatrck.com/h/0Hu30z9R0ZAV","createdAt":"2023-12-13T13:52:39.871Z","updatedAt":"2024-08-21T11:42:13.716Z"},{"merchantId":144042,"name":"Alexander Vasilevsky US","imageUri":"https://monetizeamex.com/v3/120x60/9ce1ee9e955bce4b225fcb82f4a5ea16.png","currencyCode":"EUR","defaultDomain":"alvas.net","domains":["alvas.net"],"categoryId":72,"description":null,"isActive":true,"countryCodes":[],"averageBasketValue":null,"averageCommission":null,"averageConfirmationTime":null,"averageCancellationRate":null,"minimumCommission":null,"maximumCommission":null,"commissionRates":[{"fixedCommission":null,"percentageCommission":15}],"trackingLink":"https://tatrck.com/h/0Hu30z9R0ZAg","createdAt":"2023-12-13T13:52:43.101Z","updatedAt":"2024-08-15T08:59:57.022Z"},{"merchantId":144050,"name":"Helium Scraper US","imageUri":"https://monetizeamex.com/v3/120x60/c5cd6636cb009fde05301b2a9b866f21.png","currencyCode":"EUR","defaultDomain":"heliumscraper.com","domains":["heliumscraper.com"],"categoryId":65,"description":null,"isActive":true,"countryCodes":[],"averageBasketValue":null,"averageCommission":null,"averageConfirmationTime":null,"averageCancellationRate":null,"minimumCommission":null,"maximumCommission":null,"commissionRates":[{"fixedCommission":null,"percentageCommission":15}],"trackingLink":"https://tatrck.com/h/0Hu30z9R0ZAo","createdAt":"2023-12-13T13:52:46.882Z","updatedAt":"2024-08-15T08:59:57.212Z"},{"merchantId":144051,"name":"HydroOffice US","imageUri":"https://monetizeamex.com/v3/120x60/5eda8e678a42c8a74499f871394c738b.png","currencyCode":"EUR","defaultDomain":"hydrooffice.org","domains":["hydrooffice.org"],"categoryId":49,"description":null,"isActive":true,"countryCodes":[],"averageBasketValue":null,"averageCommission":null,"averageConfirmationTime":null,"averageCancellationRate":null,"minimumCommission":null,"maximumCommission":null,"commissionRates":[{"fixedCommission":null,"percentageCommission":12}],"trackingLink":"https://tatrck.com/h/0Hu30z9R0ZAp","createdAt":"2023-12-13T13:52:45.281Z","updatedAt":"2024-08-15T09:11:26.812Z"},{"merchantId":144058,"name":"SnapFashunEDU US","imageUri":"https://monetizeamex.com/v3/120x60/2dddc542190d7ec101782ca6337ba21c.png","currencyCode":"EUR","defaultDomain":"snapfashunedu.com","domains":["snapfashunedu.com"],"categoryId":44,"description":null,"isActive":true,"countryCodes":[],"averageBasketValue":null,"averageCommission":null,"averageConfirmationTime":null,"averageCancellationRate":null,"minimumCommission":null,"maximumCommission":null,"commissionRates":[{"fixedCommission":null,"percentageCommission":30}],"trackingLink":"https://tatrck.com/h/0Hu30z9R0ZAw","createdAt":"2023-12-13T13:52:48.391Z","updatedAt":"2024-08-15T08:59:56.819Z"},{"merchantId":144089,"name":"Tyroola AU","imageUri":"https://monetizeamex.com/v3/120x60/4256f3ea4edb3878c82f83fe4ff3497f.png","currencyCode":"EUR","defaultDomain":"tyroola.com.au","domains":["tyroola.com.au"],"categoryId":21,"description":null,"isActive":true,"countryCodes":["AU"],"averageBasketValue":220.76,"averageCommission":9.27,"averageConfirmationTime":null,"averageCancellationRate":0.5,"minimumCommission":1.75,"maximumCommission":2.94,"commissionRates":[{"fixedCommission":null,"percentageCommission":4.2}],"trackingLink":"https://tatrck.com/h/0Hu30z9R0ZBP","createdAt":"2023-12-13T13:52:58.873Z","updatedAt":"2024-09-03T17:06:17.129Z"},{"merchantId":144090,"name":"Vinomofo AU","imageUri":"https://monetizeamex.com/v3/120x60/b1dfcb6ea5a75d54bfa551e51b5a073a.png","currencyCode":"EUR","defaultDomain":"vinomofo.com","domains":["vinomofo.com"],"categoryId":50,"description":null,"isActive":true,"countryCodes":["FO"],"averageBasketValue":134.52,"averageCommission":0.77,"averageConfirmationTime":null,"averageCancellationRate":null,"minimumCommission":0.19,"maximumCommission":2.26,"commissionRates":[{"fixedCommission":null,"percentageCommission":0.3},{"fixedCommission":null,"percentageCommission":0.6}],"trackingLink":"https://tatrck.com/h/0Hu30z9R0ZBQ","createdAt":"2023-12-13T13:52:59.095Z","updatedAt":"2024-09-03T17:06:50.196Z"},{"merchantId":144104,"name":"Breakdown Assist UK","imageUri":"https://monetizeamex.com/v3/120x60/43c071ccc5bbde0a28c87973bc2e3447.png","currencyCode":"EUR","defaultDomain":"breakdownassist.co.uk","domains":["breakdownassist.co.uk"],"categoryId":56,"description":null,"isActive":true,"countryCodes":["GB"],"averageBasketValue":81.57,"averageCommission":4.89,"averageConfirmationTime":null,"averageCancellationRate":50,"minimumCommission":3.44,"maximumCommission":3.44,"commissionRates":[{"fixedCommission":null,"percentageCommission":6}],"trackingLink":"https://tatrck.com/h/0Hu30z9R0ZBe","createdAt":"2023-12-13T13:53:03.905Z","updatedAt":"2024-08-21T11:22:32.227Z"},{"merchantId":144107,"name":"Buy Fencing Direct UK","imageUri":"https://monetizeamex.com/v3/120x60/ca43de5ea5b6f03094cd7b3213202e51.png","currencyCode":"EUR","defaultDomain":"buyfencingdirect.co.uk","domains":["buyfencingdirect.co.uk"],"categoryId":74,"description":null,"isActive":true,"countryCodes":["GB"],"averageBasketValue":503.55,"averageCommission":15.1,"averageConfirmationTime":null,"averageCancellationRate":1.4,"minimumCommission":0.47,"maximumCommission":108.83,"commissionRates":[{"fixedCommission":null,"percentageCommission":3}],"trackingLink":"https://tatrck.com/h/0Hu30z9R0ZBh","createdAt":"2023-12-13T13:53:04.714Z","updatedAt":"2024-09-03T05:11:23.965Z"},{"merchantId":144109,"name":"Buy Sheds Direct UK","imageUri":"https://monetizeamex.com/v3/120x60/dfc1f08a3e2f3cbe8272fec806db7551.png","currencyCode":"EUR","defaultDomain":"buyshedsdirect.co.uk","domains":["buyshedsdirect.co.uk"],"categoryId":74,"description":null,"isActive":true,"countryCodes":["GB"],"averageBasketValue":450.21,"averageCommission":12.82,"averageConfirmationTime":2,"averageCancellationRate":null,"minimumCommission":9.9,"maximumCommission":15.38,"commissionRates":[{"fixedCommission":null,"percentageCommission":2.1}],"trackingLink":"https://tatrck.com/h/0Hu30z9R0ZBj","createdAt":"2023-12-13T13:53:05.668Z","updatedAt":"2024-09-03T17:07:37.212Z"},{"merchantId":144120,"name":"dwell UK","imageUri":"https://monetizeamex.com/v3/120x60/42abdb032ebbac2608b1ccb046f5176b.png","currencyCode":"EUR","defaultDomain":"dwell.co.uk","domains":["dwell.co.uk"],"categoryId":21,"description":null,"isActive":true,"countryCodes":["GB"],"averageBasketValue":600.33,"averageCommission":null,"averageConfirmationTime":null,"averageCancellationRate":null,"minimumCommission":null,"maximumCommission":null,"commissionRates":[],"trackingLink":"https://tatrck.com/h/0Hu30z9R0ZBu","createdAt":"2023-12-13T13:53:11.182Z","updatedAt":"2024-08-26T09:01:47.447Z"},{"merchantId":144121,"name":"Eat Water UK","imageUri":"https://monetizeamex.com/v3/120x60/f0346d71c7d3ba1f8e13b483618b2322.png","currencyCode":"EUR","defaultDomain":"eatwater.co.uk","domains":["eatwater.co.uk"],"categoryId":13,"description":null,"isActive":true,"countryCodes":["GB"],"averageBasketValue":null,"averageCommission":null,"averageConfirmationTime":null,"averageCancellationRate":null,"minimumCommission":null,"maximumCommission":null,"commissionRates":[{"fixedCommission":null,"percentageCommission":6}],"trackingLink":"https://tatrck.com/h/0Hu30z9R0ZBv","createdAt":"2023-12-13T13:53:09.486Z","updatedAt":"2024-08-21T11:25:17.235Z"},{"merchantId":144130,"name":"Ipark Airport Parking UK","imageUri":"https://monetizeamex.com/v3/120x60/e7c517d1307f952b026fe3bcc638486d.png","currencyCode":"EUR","defaultDomain":"iparkairportparking.co.uk","domains":["iparkairportparking.co.uk"],"categoryId":63,"description":null,"isActive":true,"countryCodes":["GB"],"averageBasketValue":null,"averageCommission":null,"averageConfirmationTime":null,"averageCancellationRate":null,"minimumCommission":null,"maximumCommission":null,"commissionRates":[{"fixedCommission":0,"percentageCommission":null}],"trackingLink":"https://tatrck.com/h/0Hu30z9R0ZC2","createdAt":"2023-12-13T13:53:14.178Z","updatedAt":"2024-08-21T11:34:36.397Z"},{"merchantId":144141,"name":"Nvee Ecigs UK","imageUri":"https://monetizeamex.com/v3/120x60/ea7d26a08a258aa89ee54fb0d6273deb.png","currencyCode":"EUR","defaultDomain":"nvee.co.uk","domains":["nvee.co.uk"],"categoryId":50,"description":null,"isActive":true,"countryCodes":["GB"],"averageBasketValue":11.67,"averageCommission":0.96,"averageConfirmationTime":1,"averageCancellationRate":null,"minimumCommission":0.21,"maximumCommission":5.75,"commissionRates":[{"fixedCommission":null,"percentageCommission":21}],"trackingLink":"https://tatrck.com/h/0Hu30z9R0ZCD","createdAt":"2023-12-13T13:53:18.088Z","updatedAt":"2024-09-03T05:44:55.143Z"},{"merchantId":144144,"name":"Parrot Essentials UK","imageUri":"https://monetizeamex.com/v3/120x60/9bc58c23fa6ea2921dbcf7380de7bab1.png","currencyCode":"EUR","defaultDomain":"parrotessentials.co.uk","domains":["parrotessentials.co.uk"],"categoryId":21,"description":null,"isActive":true,"countryCodes":["GB"],"averageBasketValue":45.96,"averageCommission":1.09,"averageConfirmationTime":null,"averageCancellationRate":11.5,"minimumCommission":0.41,"maximumCommission":1.76,"commissionRates":[{"fixedCommission":null,"percentageCommission":2.4}],"trackingLink":"https://tatrck.com/h/0Hu30z9R0ZCG","createdAt":"2023-12-13T13:53:18.070Z","updatedAt":"2024-08-27T05:14:05.353Z"},{"merchantId":144147,"name":"Reptile Centre UK","imageUri":"https://monetizeamex.com/v3/120x60/066d39b7695bc33fef00005e5986442a.png","currencyCode":"EUR","defaultDomain":"reptilecentre.com","domains":["reptilecentre.com"],"categoryId":61,"description":null,"isActive":true,"countryCodes":["GB"],"averageBasketValue":28.65,"averageCommission":0.85,"averageConfirmationTime":null,"averageCancellationRate":null,"minimumCommission":0.25,"maximumCommission":0.25,"commissionRates":[{"fixedCommission":null,"percentageCommission":3}],"trackingLink":"https://tatrck.com/h/0Hu30z9R0ZCJ","createdAt":"2023-12-13T13:53:19.026Z","updatedAt":"2024-08-21T11:39:37.616Z"},{"merchantId":144160,"name":"GadgetBuddy UK","imageUri":"https://monetizeamex.com/v3/120x60/214e06b885b5e69ad6263ef882d4e5d9.png","currencyCode":"EUR","defaultDomain":"gadgetbuddy.com","domains":["gadgetbuddy.com"],"categoryId":56,"description":null,"isActive":true,"countryCodes":["GB"],"averageBasketValue":null,"averageCommission":null,"averageConfirmationTime":null,"averageCancellationRate":null,"minimumCommission":null,"maximumCommission":null,"commissionRates":[{"fixedCommission":null,"percentageCommission":6},{"fixedCommission":6,"percentageCommission":null},{"fixedCommission":3,"percentageCommission":null},{"fixedCommission":null,"percentageCommission":2.4},{"fixedCommission":null,"percentageCommission":3},{"fixedCommission":null,"percentageCommission":3.5999999999999996}],"trackingLink":"https://tatrck.com/h/0Hu30z9R0ZCW","createdAt":"2023-12-13T13:53:23.173Z","updatedAt":"2024-09-03T17:06:19.259Z"},{"merchantId":144163,"name":"Leisure Guard Lite UK","imageUri":"https://monetizeamex.com/v3/120x60/86518cf06c2de8d977292cb549f2ff9f.png","currencyCode":"EUR","defaultDomain":"leisureguardlitetravelinsurance.com","domains":["leisureguardlitetravelinsurance.com","leisureguardlitetravelinsurance.co.uk"],"categoryId":56,"description":null,"isActive":true,"countryCodes":["GB"],"averageBasketValue":null,"averageCommission":null,"averageConfirmationTime":null,"averageCancellationRate":null,"minimumCommission":null,"maximumCommission":null,"commissionRates":[{"fixedCommission":null,"percentageCommission":9}],"trackingLink":"https://tatrck.com/h/0Hu30z9R0ZCZ","createdAt":"2023-12-13T13:53:24.481Z","updatedAt":"2024-09-03T17:07:37.695Z"},{"merchantId":144164,"name":"Lovedrobe UK","imageUri":"https://monetizeamex.com/v3/120x60/eb07e524972a22333972dcd506b1cc22.png","currencyCode":"EUR","defaultDomain":"lovedrobe.co.uk","domains":["lovedrobe.co.uk"],"categoryId":40,"description":null,"isActive":true,"countryCodes":["GB"],"averageBasketValue":null,"averageCommission":null,"averageConfirmationTime":null,"averageCancellationRate":null,"minimumCommission":null,"maximumCommission":null,"commissionRates":[{"fixedCommission":null,"percentageCommission":2.1}],"trackingLink":"https://tatrck.com/h/0Hu30z9R0ZCa","createdAt":"2023-12-13T13:53:26.273Z","updatedAt":"2024-09-03T17:07:01.274Z"},{"merchantId":144166,"name":"Travel Time Insurance UK","imageUri":"https://monetizeamex.com/v3/120x60/eb9c3f42be663c9d5377ff9e7f5cc929.png","currencyCode":"EUR","defaultDomain":"traveltimeinsurance.co.uk","domains":["traveltimeinsurance.co.uk"],"categoryId":56,"description":null,"isActive":true,"countryCodes":["GB"],"averageBasketValue":27.14,"averageCommission":2.85,"averageConfirmationTime":null,"averageCancellationRate":null,"minimumCommission":null,"maximumCommission":null,"commissionRates":[{"fixedCommission":null,"percentageCommission":10.5}],"trackingLink":"https://tatrck.com/h/0Hu30z9R0ZCc","createdAt":"2023-12-13T13:53:25.565Z","updatedAt":"2024-09-03T17:14:12.107Z"},{"merchantId":144169,"name":"Ambiance Sticker FR","imageUri":"https://monetizeamex.com/v3/120x60/5fa843cda104effd2e5c70b1e782f912.png","currencyCode":"EUR","defaultDomain":"ambiance-sticker.com","domains":["ambiance-sticker.com","ambiance-sticker.fr"],"categoryId":74,"description":null,"isActive":true,"countryCodes":["FR"],"averageBasketValue":44.97,"averageCommission":1.21,"averageConfirmationTime":3,"averageCancellationRate":null,"minimumCommission":0.35,"maximumCommission":1.95,"commissionRates":[{"fixedCommission":null,"percentageCommission":2.6999999999999997}],"trackingLink":"https://tatrck.com/h/0Hu30z9R0ZCf","createdAt":"2023-12-13T13:53:26.667Z","updatedAt":"2024-09-03T17:14:05.009Z"},{"merchantId":144187,"name":"Shoe Passion FR","imageUri":"https://monetizeamex.com/v3/120x60/9cf6f345036f8cf61ffcd9b74fc0ed9d.png","currencyCode":"EUR","defaultDomain":"shoepassion.fr","domains":["shoepassion.fr"],"categoryId":40,"description":null,"isActive":true,"countryCodes":["FR"],"averageBasketValue":null,"averageCommission":null,"averageConfirmationTime":null,"averageCancellationRate":null,"minimumCommission":null,"maximumCommission":null,"commissionRates":[{"fixedCommission":null,"percentageCommission":4.8}],"trackingLink":"https://tatrck.com/h/0Hu30z9R0ZCx","createdAt":"2023-12-13T13:53:34.692Z","updatedAt":"2024-09-03T17:08:06.412Z"},{"merchantId":144206,"name":"Aanbieders BE","imageUri":"https://monetizeamex.com/v3/120x60/df863f3b8dd56be9d27393480d0a6d18.png","currencyCode":"EUR","defaultDomain":"aanbieders.be","domains":["aanbieders.be"],"categoryId":58,"description":null,"isActive":true,"countryCodes":["BE"],"averageBasketValue":12.5,"averageCommission":10.15,"averageConfirmationTime":null,"averageCancellationRate":null,"minimumCommission":9,"maximumCommission":9,"commissionRates":[],"trackingLink":"https://tatrck.com/h/0Hu30z9R0ZDE","createdAt":"2023-12-13T13:53:41.067Z","updatedAt":"2024-09-03T17:08:19.861Z"},{"merchantId":144208,"name":"Asian Food Lovers NL","imageUri":"https://monetizeamex.com/v3/120x60/6e055eedef6a690843de854115318b60.png","currencyCode":"EUR","defaultDomain":"asianfoodlovers.nl","domains":["asianfoodlovers.nl"],"categoryId":14,"description":null,"isActive":true,"countryCodes":["NL"],"averageBasketValue":54.43,"averageCommission":3.26,"averageConfirmationTime":null,"averageCancellationRate":6.2,"minimumCommission":1.71,"maximumCommission":8.58,"commissionRates":[],"trackingLink":"https://tatrck.com/h/0Hu30z9R0ZDG","createdAt":"2023-12-13T13:53:40.381Z","updatedAt":"2024-09-03T17:13:48.398Z"},{"merchantId":144247,"name":"Openlab NL","imageUri":"https://monetizeamex.com/v3/120x60/4815a9a00d61fa6b08fcf842b2f48550.png","currencyCode":"EUR","defaultDomain":"testalize.me","domains":["openlab.nl","testalize.com","testalize.me"],"categoryId":60,"description":null,"isActive":true,"countryCodes":["NL"],"averageBasketValue":48.52,"averageCommission":5.22,"averageConfirmationTime":1,"averageCancellationRate":41.9,"minimumCommission":6,"maximumCommission":6,"commissionRates":[],"trackingLink":"https://tatrck.com/h/0Hu30z9R0ZDt","createdAt":"2023-12-13T13:53:53.596Z","updatedAt":"2024-08-21T11:45:35.524Z"},{"merchantId":144266,"name":"Beaba FR","imageUri":"https://monetizeamex.com/v3/120x60/dbecefda271729cb766506c1e9ed8ebd.png","currencyCode":"EUR","defaultDomain":"beaba.com","domains":["beaba.com"],"categoryId":17,"description":null,"isActive":true,"countryCodes":["ES"],"averageBasketValue":null,"averageCommission":2.32,"averageConfirmationTime":null,"averageCancellationRate":null,"minimumCommission":0.61,"maximumCommission":4.95,"commissionRates":[],"trackingLink":"https://tatrck.com/h/0Hu30z9R0ZEA","createdAt":"2023-12-13T13:54:00.553Z","updatedAt":"2024-08-24T05:48:05.075Z"},{"merchantId":144270,"name":"Boutique DMC FR","imageUri":"https://monetizeamex.com/v3/120x60/509e3f397b2b8df420f27cda08f87dda.png","currencyCode":"EUR","defaultDomain":"dmc.com","domains":["boutique-dmc.fr","dmc.co","dmc.com","dmc.fr"],"categoryId":70,"description":null,"isActive":true,"countryCodes":["US"],"averageBasketValue":39.97,"averageCommission":1.91,"averageConfirmationTime":null,"averageCancellationRate":null,"minimumCommission":0.42,"maximumCommission":3.58,"commissionRates":[{"fixedCommission":null,"percentageCommission":3}],"trackingLink":"https://tatrck.com/h/0Hu30z9R0ZEE","createdAt":"2023-12-13T13:54:01.369Z","updatedAt":"2024-09-01T05:33:12.785Z"},{"merchantId":144275,"name":"Concept Usine FR","imageUri":"https://monetizeamex.com/v3/120x60/cd9b52fc9a624664ac45c108c90a8cac.png","currencyCode":"EUR","defaultDomain":"concept-usine.com","domains":["concept-usine.com","concept-usine.fr"],"categoryId":34,"description":null,"isActive":true,"countryCodes":["FR"],"averageBasketValue":null,"averageCommission":8.94,"averageConfirmationTime":null,"averageCancellationRate":3.8,"minimumCommission":2.7,"maximumCommission":13.52,"commissionRates":[],"trackingLink":"https://tatrck.com/h/0Hu30z9R0ZEJ","createdAt":"2023-12-13T13:54:02.927Z","updatedAt":"2024-08-24T05:33:53.752Z"},{"merchantId":144278,"name":"Daraz PK","imageUri":"https://monetizeamex.com/v3/120x60/55ca2a866e484a360180bc5540998470.png","currencyCode":"EUR","defaultDomain":"daraz.pk","domains":["daraz.pk"],"categoryId":33,"description":null,"isActive":true,"countryCodes":["PK"],"averageBasketValue":null,"averageCommission":0.46,"averageConfirmationTime":2,"averageCancellationRate":null,"minimumCommission":0,"maximumCommission":13.66,"commissionRates":[],"trackingLink":"https://tatrck.com/h/0Hu30z9R0ZEM","createdAt":"2023-12-13T13:54:03.466Z","updatedAt":"2024-08-30T11:01:06.938Z"},{"merchantId":144287,"name":"iDGARAGES FR","imageUri":"https://monetizeamex.com/v3/120x60/977df7b55a8c9b709df10d80b21b2d7e.png","currencyCode":"EUR","defaultDomain":"idgarages.com","domains":["idgarages.com","idgarages.fr"],"categoryId":62,"description":null,"isActive":true,"countryCodes":["FR"],"averageBasketValue":null,"averageCommission":7.16,"averageConfirmationTime":null,"averageCancellationRate":null,"minimumCommission":1.8,"maximumCommission":5.4,"commissionRates":[],"trackingLink":"https://tatrck.com/h/0Hu30z9R0ZEV","createdAt":"2023-12-13T13:54:07.807Z","updatedAt":"2024-09-02T05:37:31.551Z"},{"merchantId":144296,"name":"Laptopservice FR","imageUri":"https://monetizeamex.com/v3/120x60/88dd91f9be83a3c41d8e51c2ad581df3.png","currencyCode":"EUR","defaultDomain":"laptopservice.fr","domains":["laptopservice.fr"],"categoryId":50,"description":null,"isActive":true,"countryCodes":["FR"],"averageBasketValue":null,"averageCommission":4.8,"averageConfirmationTime":null,"averageCancellationRate":null,"minimumCommission":4.8,"maximumCommission":4.8,"commissionRates":[],"trackingLink":"https://tatrck.com/h/0Hu30z9R0ZEe","createdAt":"2023-12-13T13:54:10.087Z","updatedAt":"2024-08-22T11:06:05.164Z"},{"merchantId":144314,"name":"Scrapmalin FR","imageUri":"https://monetizeamex.com/v3/120x60/ea5bc5a73855a27f2214c9f9aa3744fd.png","currencyCode":"EUR","defaultDomain":"scrapmalin.com","domains":["scrapmalin.com","scrapmalin.fr"],"categoryId":82,"description":null,"isActive":true,"countryCodes":["FR"],"averageBasketValue":null,"averageCommission":1.47,"averageConfirmationTime":6,"averageCancellationRate":1.6,"minimumCommission":0.25,"maximumCommission":5.31,"commissionRates":[],"trackingLink":"https://tatrck.com/h/0Hu30z9R0ZEw","createdAt":"2023-12-13T13:54:16.867Z","updatedAt":"2024-08-28T05:30:40.725Z"},{"merchantId":144323,"name":"Test Achats BE","imageUri":"https://monetizeamex.com/v3/120x60/5730f99f9a0763a8242e53765cc5f62a.png","currencyCode":"EUR","defaultDomain":"test-achats.be","domains":["test-achats.be"],"categoryId":35,"description":null,"isActive":true,"countryCodes":["BE"],"averageBasketValue":null,"averageCommission":null,"averageConfirmationTime":null,"averageCancellationRate":null,"minimumCommission":null,"maximumCommission":null,"commissionRates":[],"trackingLink":"https://tatrck.com/h/0Hu30z9R0ZF3","createdAt":"2023-12-13T13:54:19.767Z","updatedAt":"2024-08-22T11:06:12.404Z"},{"merchantId":144332,"name":"Vitalco FR","imageUri":"https://monetizeamex.com/v3/120x60/4a09751d553871b4674cb42b82e6a833.png","currencyCode":"EUR","defaultDomain":"vitalco.com","domains":["vitalco.com","vitalco.fr"],"categoryId":68,"description":null,"isActive":true,"countryCodes":["FR"],"averageBasketValue":null,"averageCommission":3.29,"averageConfirmationTime":null,"averageCancellationRate":6.4,"minimumCommission":0.48,"maximumCommission":18.01,"commissionRates":[],"trackingLink":"https://tatrck.com/h/0Hu30z9R0ZFC","createdAt":"2023-12-13T13:54:22.973Z","updatedAt":"2024-08-22T11:06:04.119Z"},{"merchantId":144340,"name":"GASAG DE","imageUri":"https://monetizeamex.com/v3/120x60/0edc079edf79322a72c7614870881485.png","currencyCode":"EUR","defaultDomain":"gasag.de","domains":["gasag.de"],"categoryId":51,"description":null,"isActive":true,"countryCodes":["DE"],"averageBasketValue":1,"averageCommission":18,"averageConfirmationTime":6,"averageCancellationRate":null,"minimumCommission":18,"maximumCommission":18,"commissionRates":[{"fixedCommission":18,"percentageCommission":null},{"fixedCommission":21,"percentageCommission":null}],"trackingLink":"https://tatrck.com/h/0Hu30z9R0ZFK","createdAt":"2023-12-13T13:54:27.304Z","updatedAt":"2024-09-03T17:09:15.485Z"},{"merchantId":144345,"name":"RentCars","imageUri":"https://monetizeamex.com/v3/120x60/471a0333bac2cb8bb03fee52cae17598.png","currencyCode":"EUR","defaultDomain":"rentcars.com","domains":["rentcars.com","rentcars.com.br"],"categoryId":63,"description":null,"isActive":true,"countryCodes":["ES","FR","NL","PT","BR","AT","GB","MX"],"averageBasketValue":340.58,"averageCommission":13.3,"averageConfirmationTime":null,"averageCancellationRate":15.200000000000001,"minimumCommission":0.51,"maximumCommission":108.11,"commissionRates":[{"fixedCommission":null,"percentageCommission":10.2}],"trackingLink":"https://tatrck.com/h/0Hu30z9R0ZFP","createdAt":"2023-12-13T13:54:27.669Z","updatedAt":"2024-09-03T17:05:04.637Z"},{"merchantId":144346,"name":"100percentpure DE","imageUri":"https://monetizeamex.com/v3/120x60/4741ae0f13742e1b9c534dfbcd23e989.png","currencyCode":"EUR","defaultDomain":"100percentpure.de","domains":["100percentpure.de"],"categoryId":28,"description":"Entdecken sie im Onlineshop der Kult-Naturkosmetik aus Kalifornien 100% Pure Produkte aus natürlichen Inhaltsstoffen ohne jegliche chemische Substanzen, ohne künstliche Konservierungsstoff oder künstliche Duftstoffe. Geben sie Ihrer Haut nur das was sie braucht: natürliche Inhaltsstoffe und rundum intensive Pflege. Angeboten wird Pflege fürs Gesicht, Körper, Hände, Haare sowie Make-up und Kinderpflegeprodukte.","isActive":true,"countryCodes":["AT","DE"],"averageBasketValue":99.99,"averageCommission":9.17,"averageConfirmationTime":9,"averageCancellationRate":null,"minimumCommission":2.15,"maximumCommission":11.98,"commissionRates":[{"fixedCommission":null,"percentageCommission":9},{"fixedCommission":null,"percentageCommission":12}],"trackingLink":"https://tatrck.com/h/0Hu30z9R0ZFQ","createdAt":"2023-12-13T13:54:29.476Z","updatedAt":"2024-09-03T17:08:37.666Z"},{"merchantId":144347,"name":"Dreamlines DE","imageUri":"https://monetizeamex.com/v3/120x60/aaf6d956a6a66732847eb4c35104e3a9.png","currencyCode":"EUR","defaultDomain":"dreamlines.de","domains":["dreamlines.de"],"categoryId":63,"description":"DREAMLINES ist das größte Online-Portal für Kreuzfahrten im deutschsprachigen Markt. Gestartet sind wir im Januar 2012 und mittlerweile weltweit in sechs weiteren Märkten aktiv. Neben unserem Hauptsitz in Hamburg unterhalten wir weitere Standorte in Brisbane, Nizza, Sao Paolo und Amsterdam. Zur Auswahl stehen mehr als 30.000 Produkte von der Schnupper-Cruise bis hin zur Weltumrundung und Transatlantik-Kreuzfahrt. Wir haben vom TÜV Süd das Gütesiegel s@fer shopping erhalten und wurden von ausgezeichnet.org als Testsieger unter den fünf größten Kreuzfahrtportalen in Deutschland ausgezeichnet. Zusätzlich bescheinigen uns unsere Kunden mit 4,71 von insgesamt 5 möglichen Punkten eine hohe Zufriedenheit (TrustedShop, Stand April 2015).","isActive":true,"countryCodes":["DE"],"averageBasketValue":6,"averageCommission":9,"averageConfirmationTime":29,"averageCancellationRate":16.7,"minimumCommission":9,"maximumCommission":9,"commissionRates":[{"fixedCommission":9,"percentageCommission":null}],"trackingLink":"https://tatrck.com/h/0Hu30z9R0ZFR","createdAt":"2023-12-13T13:54:28.189Z","updatedAt":"2024-09-03T17:05:44.409Z"},{"merchantId":144349,"name":"mysoftware DE","imageUri":"https://monetizeamex.com/v3/120x60/a60ca2e672e80b33f56155a1884b77e3.png","currencyCode":"EUR","defaultDomain":"mysoftware.de","domains":["mysoftware.de"],"categoryId":50,"description":null,"isActive":true,"countryCodes":["DE"],"averageBasketValue":27.86,"averageCommission":0.83,"averageConfirmationTime":null,"averageCancellationRate":14.3,"minimumCommission":0.4,"maximumCommission":2.14,"commissionRates":[{"fixedCommission":null,"percentageCommission":3}],"trackingLink":"https://tatrck.com/h/0Hu30z9R0ZFT","createdAt":"2023-12-13T13:54:29.571Z","updatedAt":"2024-09-03T17:07:20.016Z"},{"merchantId":144368,"name":"Fellicita DE","imageUri":"https://monetizeamex.com/v3/120x60/0e0862132d6a1f5f3f672ec6df0855f6.png","currencyCode":"EUR","defaultDomain":"fellicita.de","domains":["fellicita.de"],"categoryId":61,"description":null,"isActive":true,"countryCodes":["DE"],"averageBasketValue":null,"averageCommission":null,"averageConfirmationTime":null,"averageCancellationRate":null,"minimumCommission":null,"maximumCommission":null,"commissionRates":[{"fixedCommission":null,"percentageCommission":6}],"trackingLink":"https://tatrck.com/h/0Hu30z9R0ZFm","createdAt":"2023-12-13T13:54:36.968Z","updatedAt":"2024-08-15T09:00:05.481Z"},{"merchantId":144376,"name":"Book FHR UK","imageUri":"https://monetizeamex.com/v3/120x60/26afc0f414918f0fb625dcb8af0549cb.png","currencyCode":"EUR","defaultDomain":"bookfhr.com","domains":["bookfhr.com"],"categoryId":63,"description":null,"isActive":true,"countryCodes":["GB"],"averageBasketValue":73.54,"averageCommission":1.6,"averageConfirmationTime":null,"averageCancellationRate":null,"minimumCommission":0.47,"maximumCommission":3.43,"commissionRates":[{"fixedCommission":null,"percentageCommission":1.92}],"trackingLink":"https://tatrck.com/h/0Hu30z9R0ZFu","createdAt":"2023-12-13T13:54:38.879Z","updatedAt":"2024-09-03T05:51:27.171Z"},{"merchantId":144394,"name":"Maverick & Wolf UK","imageUri":"https://monetizeamex.com/v3/120x60/eab47003451421e40d118be61b1937b4.png","currencyCode":"EUR","defaultDomain":"maverickandwolf.com","domains":["maverickandwolf.com"],"categoryId":40,"description":null,"isActive":true,"countryCodes":["GB"],"averageBasketValue":null,"averageCommission":null,"averageConfirmationTime":null,"averageCancellationRate":null,"minimumCommission":null,"maximumCommission":null,"commissionRates":[{"fixedCommission":null,"percentageCommission":1.5},{"fixedCommission":null,"percentageCommission":3}],"trackingLink":"https://tatrck.com/h/0Hu30z9R0ZGA","createdAt":"2023-12-13T13:54:44.076Z","updatedAt":"2024-09-03T17:13:41.446Z"},{"merchantId":144399,"name":"Judith Ripka US","imageUri":"https://monetizeamex.com/v3/120x60/a9df89d88f5377ee60d5419c3beedbd1.png","currencyCode":"EUR","defaultDomain":"judithripka.com","domains":["judithripka.com"],"categoryId":40,"description":null,"isActive":true,"countryCodes":["US"],"averageBasketValue":null,"averageCommission":null,"averageConfirmationTime":null,"averageCancellationRate":null,"minimumCommission":null,"maximumCommission":null,"commissionRates":[],"trackingLink":"https://tatrck.com/h/0Hu30z9R0ZGF","createdAt":"2023-12-13T13:54:47.690Z","updatedAt":"2024-08-26T09:01:25.366Z"},{"merchantId":144400,"name":"Juicy Couture US","imageUri":"https://monetizeamex.com/v3/120x60/52a101970324f2e26751702fd3b1c371.png","currencyCode":"EUR","defaultDomain":"juicycouture.com","domains":["juicycouture.com"],"categoryId":40,"description":null,"isActive":true,"countryCodes":["US"],"averageBasketValue":137.18,"averageCommission":4.05,"averageConfirmationTime":null,"averageCancellationRate":null,"minimumCommission":5.63,"maximumCommission":5.63,"commissionRates":[{"fixedCommission":null,"percentageCommission":2.4},{"fixedCommission":null,"percentageCommission":3}],"trackingLink":"https://tatrck.com/h/0Hu30z9R0ZGG","createdAt":"2023-12-13T13:54:46.492Z","updatedAt":"2024-08-21T11:39:48.463Z"},{"merchantId":144401,"name":"Movies Unlimited US","imageUri":"https://monetizeamex.com/v3/120x60/27eb870773b3f2b56243f1df7aa4ffe9.png","currencyCode":"EUR","defaultDomain":"moviesunlimited.com","domains":["moviesunlimited.com"],"categoryId":53,"description":null,"isActive":true,"countryCodes":["US"],"averageBasketValue":88.88,"averageCommission":2.85,"averageConfirmationTime":58,"averageCancellationRate":null,"minimumCommission":0.31,"maximumCommission":3.52,"commissionRates":[{"fixedCommission":null,"percentageCommission":3}],"trackingLink":"https://tatrck.com/h/0Hu30z9R0ZGH","createdAt":"2023-12-13T13:54:46.972Z","updatedAt":"2024-09-03T05:53:46.856Z"},{"merchantId":144404,"name":"Andy & Evan US","imageUri":"https://monetizeamex.com/v3/120x60/a432b5639d69db617cc933bfffbc7fb7.png","currencyCode":"EUR","defaultDomain":"andyandevan.com","domains":["andyandevan.com"],"categoryId":17,"description":null,"isActive":true,"countryCodes":["US"],"averageBasketValue":49.05,"averageCommission":2.94,"averageConfirmationTime":1,"averageCancellationRate":null,"minimumCommission":5.07,"maximumCommission":5.07,"commissionRates":[{"fixedCommission":null,"percentageCommission":6}],"trackingLink":"https://tatrck.com/h/0Hu30z9R0ZGK","createdAt":"2023-12-13T13:54:47.919Z","updatedAt":"2024-08-21T11:32:55.159Z"},{"merchantId":144405,"name":"Chessbazaar US","imageUri":"https://monetizeamex.com/v3/120x60/6092150db3dbb6ff80461c4b8cef3239.png","currencyCode":"EUR","defaultDomain":"chessbazaar.com","domains":["chessbazaar.com"],"categoryId":70,"description":null,"isActive":true,"countryCodes":["US"],"averageBasketValue":121.47,"averageCommission":3.64,"averageConfirmationTime":null,"averageCancellationRate":null,"minimumCommission":3.48,"maximumCommission":3.48,"commissionRates":[{"fixedCommission":null,"percentageCommission":3}],"trackingLink":"https://tatrck.com/h/0Hu30z9R0ZGL","createdAt":"2023-12-13T13:54:48.671Z","updatedAt":"2024-08-21T11:36:47.502Z"},{"merchantId":144410,"name":"Brand24 US","imageUri":"https://monetizeamex.com/v3/120x60/1e03961571e1431ebc066ee71d2cd6ac.png","currencyCode":"EUR","defaultDomain":"brand24.com","domains":["brand24.com","brand24.net"],"categoryId":36,"description":null,"isActive":true,"countryCodes":[],"averageBasketValue":130.57,"averageCommission":15.09,"averageConfirmationTime":null,"averageCancellationRate":2.3,"minimumCommission":1.51,"maximumCommission":18.63,"commissionRates":[],"trackingLink":"https://tatrck.com/h/0Hu30z9R0ZGQ","createdAt":"2023-12-13T13:54:49.884Z","updatedAt":"2024-09-01T05:43:13.914Z"},{"merchantId":144418,"name":"Furhaven US","imageUri":"https://monetizeamex.com/v3/120x60/5ee4cac3d671f40c369ffac623c1c1b6.png","currencyCode":"EUR","defaultDomain":"furhaven.com","domains":["furhaven.com"],"categoryId":22,"description":null,"isActive":true,"countryCodes":["US"],"averageBasketValue":35.53,"averageCommission":2.13,"averageConfirmationTime":null,"averageCancellationRate":null,"minimumCommission":1.09,"maximumCommission":2.68,"commissionRates":[{"fixedCommission":null,"percentageCommission":6}],"trackingLink":"https://tatrck.com/h/0Hu30z9R0ZGY","createdAt":"2023-12-13T13:54:53.490Z","updatedAt":"2024-08-29T05:11:08.339Z"},{"merchantId":144429,"name":"PLR Products US","imageUri":"https://monetizeamex.com/v3/120x60/0ec3b1ee997f6fc8c0ad2e2ff5699e7b.png","currencyCode":"EUR","defaultDomain":"plrproducts.com","domains":["plrproducts.com"],"categoryId":50,"description":null,"isActive":true,"countryCodes":["US"],"averageBasketValue":7.38,"averageCommission":2.21,"averageConfirmationTime":null,"averageCancellationRate":null,"minimumCommission":0.69,"maximumCommission":0.93,"commissionRates":[{"fixedCommission":null,"percentageCommission":30}],"trackingLink":"https://tatrck.com/h/0Hu30z9R0ZGj","createdAt":"2023-12-13T13:54:56.388Z","updatedAt":"2024-08-21T11:42:49.839Z"},{"merchantId":144452,"name":"airhelp.com INT","imageUri":"https://monetizeamex.com/v3/120x60/015021d259a00c9cb6a4d1364bed4d26.png","currencyCode":"EUR","defaultDomain":"airhelp.com","domains":["airhelp.com","getairhelp.com"],"categoryId":63,"description":null,"isActive":true,"countryCodes":[],"averageBasketValue":164.61,"averageCommission":13.55,"averageConfirmationTime":3,"averageCancellationRate":null,"minimumCommission":5.51,"maximumCommission":40.82,"commissionRates":[],"trackingLink":"https://tatrck.com/h/0Hu30z9R0ZH4","createdAt":"2023-12-13T13:55:03.872Z","updatedAt":"2024-09-03T05:54:38.182Z"},{"merchantId":144455,"name":"Interhome SE","imageUri":"https://monetizeamex.com/v3/120x60/427e54c4e001f52eaf1cbb4146cd9216.png","currencyCode":"EUR","defaultDomain":"interhome.se","domains":["interhome.se"],"categoryId":63,"description":null,"isActive":true,"countryCodes":["SE"],"averageBasketValue":1,"averageCommission":67.56,"averageConfirmationTime":null,"averageCancellationRate":null,"minimumCommission":67.56,"maximumCommission":67.56,"commissionRates":[],"trackingLink":"https://tatrck.com/h/0Hu30z9R0ZH7","createdAt":"2023-12-13T13:55:04.607Z","updatedAt":"2024-08-21T11:31:35.117Z"},{"merchantId":144461,"name":"MKBbedrijfskrediet NL","imageUri":"https://monetizeamex.com/v3/120x60/1a2405f30e2c4684d983f41624ba4fba.png","currencyCode":"EUR","defaultDomain":"mkbbedrijfskrediet.nl","domains":["mkbbedrijfskrediet.nl"],"categoryId":66,"description":null,"isActive":true,"countryCodes":["NL"],"averageBasketValue":null,"averageCommission":15.75,"averageConfirmationTime":null,"averageCancellationRate":null,"minimumCommission":10.5,"maximumCommission":10.5,"commissionRates":[],"trackingLink":"https://tatrck.com/h/0Hu30z9R0ZHD","createdAt":"2023-12-13T13:55:06.474Z","updatedAt":"2024-08-21T11:40:21.574Z"},{"merchantId":144465,"name":"Cesdeals WW","imageUri":"https://monetizeamex.com/v3/120x60/bd12369b07e6ffab4a57bb4dc64c1b50.png","currencyCode":"EUR","defaultDomain":"cesdeals.com","domains":["cesdeals.com","newfrog.com"],"categoryId":50,"description":null,"isActive":true,"countryCodes":["AF"],"averageBasketValue":null,"averageCommission":null,"averageConfirmationTime":null,"averageCancellationRate":null,"minimumCommission":null,"maximumCommission":null,"commissionRates":[],"trackingLink":"https://tatrck.com/h/0Hu30z9R0ZHH","createdAt":"2023-12-13T13:55:08.573Z","updatedAt":"2024-08-21T11:35:39.358Z"},{"merchantId":144473,"name":"ShopMedica IT","imageUri":"https://monetizeamex.com/v3/120x60/df49886d1ae222bae67991d64815e8a1.png","currencyCode":"EUR","defaultDomain":"shopmedica.it","domains":["shopmedica.it"],"categoryId":35,"description":null,"isActive":true,"countryCodes":["IT"],"averageBasketValue":321.54,"averageCommission":7.71,"averageConfirmationTime":null,"averageCancellationRate":null,"minimumCommission":7.67,"maximumCommission":7.67,"commissionRates":[],"trackingLink":"https://tatrck.com/h/0Hu30z9R0ZHP","createdAt":"2023-12-13T13:55:10.668Z","updatedAt":"2024-08-29T05:50:14.273Z"},{"merchantId":144476,"name":"Soundmaster-shop NL","imageUri":"https://monetizeamex.com/v3/120x60/9bb92d4503a7538b9fadd84e7968b6f5.png","currencyCode":"EUR","defaultDomain":"audioshop.nl","domains":["audioshop.nl","soundmaster-shop.nl"],"categoryId":72,"description":null,"isActive":true,"countryCodes":["NL"],"averageBasketValue":106.06,"averageCommission":2.22,"averageConfirmationTime":null,"averageCancellationRate":60,"minimumCommission":1.05,"maximumCommission":1.73,"commissionRates":[],"trackingLink":"https://tatrck.com/h/0Hu30z9R0ZHS","createdAt":"2023-12-13T13:55:11.783Z","updatedAt":"2024-08-21T11:29:47.790Z"},{"merchantId":144477,"name":"Spaarpotten-winkel NL","imageUri":"https://monetizeamex.com/v3/120x60/101f7ce3d8c8ee6a2fe8b42c66512ccf.png","currencyCode":"EUR","defaultDomain":"spaarpotten-winkel.nl","domains":["spaarpotten-winkel.nl"],"categoryId":74,"description":null,"isActive":true,"countryCodes":["NL"],"averageBasketValue":null,"averageCommission":null,"averageConfirmationTime":null,"averageCancellationRate":null,"minimumCommission":null,"maximumCommission":null,"commissionRates":[],"trackingLink":"https://tatrck.com/h/0Hu30z9R0ZHT","createdAt":"2023-12-13T13:55:11.599Z","updatedAt":"2024-08-21T11:34:37.475Z"}]}