{"meta":{"next":210144},"data":[{"merchantId":209416,"name":"performancegear.dk DK","imageUri":"https://monetizeamex.com/v3/120x60/edde276767c5d098f34c09cb3fba4aea.png","currencyCode":"EUR","defaultDomain":"performancegear.dk","domains":["performancegear.dk"],"categoryId":55,"description":null,"isActive":true,"countryCodes":["DK"],"averageBasketValue":null,"averageCommission":null,"averageConfirmationTime":null,"averageCancellationRate":null,"minimumCommission":null,"maximumCommission":null,"commissionRates":[],"trackingLink":"https://tatrck.com/h/0Hu30z9R0p88","createdAt":"2023-12-13T18:43:19.882Z","updatedAt":"2024-08-23T05:29:30.325Z"},{"merchantId":209457,"name":"rosuz.nl NL","imageUri":"https://kqdxc4m5.de/logos_v2/120x60/b8e5691f8b367a39a3f9cbde38842164.gif","currencyCode":"EUR","defaultDomain":"rosuz.nl","domains":["rosuz.nl"],"categoryId":47,"description":null,"isActive":true,"countryCodes":["NL"],"averageBasketValue":null,"averageCommission":null,"averageConfirmationTime":null,"averageCancellationRate":null,"minimumCommission":null,"maximumCommission":null,"commissionRates":[],"trackingLink":"https://tatrck.com/h/0Hu30z9R0p8n","createdAt":"2023-12-13T18:43:27.175Z","updatedAt":"2024-08-21T11:45:19.663Z"},{"merchantId":209460,"name":"sackit.dk DK","imageUri":"https://monetizeamex.com/v3/120x60/97c4060f31a0a604da95b1d32954d15e.png","currencyCode":"EUR","defaultDomain":"sackit.dk","domains":["sackit.dk"],"categoryId":34,"description":null,"isActive":true,"countryCodes":["DK"],"averageBasketValue":199.85,"averageCommission":5.99,"averageConfirmationTime":null,"averageCancellationRate":null,"minimumCommission":0.85,"maximumCommission":8.37,"commissionRates":[],"trackingLink":"https://tatrck.com/h/0Hu30z9R0p8q","createdAt":"2023-12-13T18:43:27.193Z","updatedAt":"2024-08-20T12:02:05.910Z"},{"merchantId":209469,"name":"seraphine.com","imageUri":"https://monetizeamex.com/v3/120x60/798baab59bdbc2ec65bdfe222d004ce7.png","currencyCode":"EUR","defaultDomain":"seraphine.com","domains":["seraphine.com"],"categoryId":40,"description":null,"isActive":true,"countryCodes":["AT","BE","CZ","DE","DK","ES","FR","IT","NL"],"averageBasketValue":199.64,"averageCommission":2.88,"averageConfirmationTime":42,"averageCancellationRate":9.7,"minimumCommission":0.16,"maximumCommission":4.48,"commissionRates":[{"fixedCommission":null,"percentageCommission":3}],"trackingLink":"https://tatrck.com/h/0Hu30z9R0p8z","createdAt":"2023-12-13T18:43:30.678Z","updatedAt":"2024-09-03T05:44:14.883Z"},{"merchantId":209517,"name":"sinful.fr FR","imageUri":"https://monetizeamex.com/v3/120x60/32a1501aa5a927cf2f378b8b32548a24.png","currencyCode":"EUR","defaultDomain":"sinful.fr","domains":["sinful.fr"],"categoryId":17,"description":null,"isActive":true,"countryCodes":["FR"],"averageBasketValue":80.33,"averageCommission":5.52,"averageConfirmationTime":null,"averageCancellationRate":1.1,"minimumCommission":0.7,"maximumCommission":25.74,"commissionRates":[],"trackingLink":"https://tatrck.com/h/0Hu30z9R0p9j","createdAt":"2023-12-13T18:43:41.486Z","updatedAt":"2024-09-03T17:09:16.620Z"},{"merchantId":209550,"name":"taranko.com PL","imageUri":"https://monetizeamex.com/v3/120x60/99a45a9d5ec9dc606e578fc4007154e9.png","currencyCode":"EUR","defaultDomain":"taranko.com","domains":["taranko.com"],"categoryId":40,"description":null,"isActive":true,"countryCodes":["PL"],"averageBasketValue":null,"averageCommission":null,"averageConfirmationTime":null,"averageCancellationRate":null,"minimumCommission":null,"maximumCommission":null,"commissionRates":[],"trackingLink":"https://tatrck.com/h/0Hu30z9R0pAE","createdAt":"2023-12-13T18:43:46.171Z","updatedAt":"2024-08-29T05:29:08.773Z"},{"merchantId":209608,"name":"vayava.com","imageUri":"https://monetizeamex.com/v3/120x60/1b5c013f05c26ed9df5a30fe713d6fc4.png","currencyCode":"EUR","defaultDomain":"vayava.com","domains":["vayava.com"],"categoryId":72,"description":null,"isActive":true,"countryCodes":["ES"],"averageBasketValue":137.24,"averageCommission":0.98,"averageConfirmationTime":null,"averageCancellationRate":null,"minimumCommission":0.12,"maximumCommission":0.12,"commissionRates":[],"trackingLink":"https://tatrck.com/h/0Hu30z9R0pB8","createdAt":"2023-12-13T18:43:53.981Z","updatedAt":"2024-08-26T09:01:34.111Z"},{"merchantId":209610,"name":"vinatis.es ES","imageUri":"https://monetizeamex.com/v3/120x60/3322ef7bbe866791bcc49f936619af79.png","currencyCode":"EUR","defaultDomain":"vinatis.es","domains":["vinatis.es"],"categoryId":21,"description":null,"isActive":true,"countryCodes":["ES"],"averageBasketValue":96.89,"averageCommission":4.52,"averageConfirmationTime":7,"averageCancellationRate":9.5,"minimumCommission":1.53,"maximumCommission":1.54,"commissionRates":[{"fixedCommission":null,"percentageCommission":3},{"fixedCommission":null,"percentageCommission":6}],"trackingLink":"https://tatrck.com/h/0Hu30z9R0pBA","createdAt":"2023-12-13T18:43:53.183Z","updatedAt":"2024-08-21T11:26:59.443Z"},{"merchantId":209627,"name":"wild-willies.com CA","imageUri":"https://monetizeamex.com/v3/120x60/e6cc56c65cb852ad67678de7b6151107.png","currencyCode":"EUR","defaultDomain":"wild-willies.com","domains":["wild-willies.com"],"categoryId":27,"description":null,"isActive":true,"countryCodes":["US"],"averageBasketValue":37.98,"averageCommission":3.41,"averageConfirmationTime":2,"averageCancellationRate":null,"minimumCommission":2.3,"maximumCommission":2.3,"commissionRates":[{"fixedCommission":null,"percentageCommission":9}],"trackingLink":"https://tatrck.com/h/0Hu30z9R0pBR","createdAt":"2023-12-13T18:43:56.174Z","updatedAt":"2024-08-23T05:29:30.141Z"},{"merchantId":209642,"name":"HAMMER Basketball Shop","imageUri":"https://monetizeamex.com/v3/120x60/86124cc4ade5484ebd43b649ae8ec820.png","currencyCode":"EUR","defaultDomain":"hammer-basketball.de","domains":["hammer-basketball.de"],"categoryId":55,"description":null,"isActive":true,"countryCodes":["DE"],"averageBasketValue":null,"averageCommission":null,"averageConfirmationTime":null,"averageCancellationRate":null,"minimumCommission":null,"maximumCommission":null,"commissionRates":[{"fixedCommission":null,"percentageCommission":4.5}],"trackingLink":"https://tatrck.com/h/0Hu30z9R0pBg","createdAt":"2023-12-13T18:43:57.880Z","updatedAt":"2024-08-15T09:12:53.418Z"},{"merchantId":209651,"name":"Brewvana by City Brew tours US","imageUri":"https://kqdxc4m5.de/logos_v2/120x60/4d980897a5cf372d93d4dd45870df1bc.gif","currencyCode":"EUR","defaultDomain":"citybrewtours.com","domains":["citybrewtours.com"],"categoryId":71,"description":null,"isActive":true,"countryCodes":["US"],"averageBasketValue":null,"averageCommission":null,"averageConfirmationTime":null,"averageCancellationRate":null,"minimumCommission":null,"maximumCommission":null,"commissionRates":[{"fixedCommission":null,"percentageCommission":4.8}],"trackingLink":"https://tatrck.com/h/0Hu30z9R0pBp","createdAt":"2023-12-13T18:44:00.349Z","updatedAt":"2024-08-21T11:46:09.889Z"},{"merchantId":209652,"name":"CULT OF COQUETTE US","imageUri":"https://kqdxc4m5.de/logos_v2/120x60/e198f9a054299d25d1ded8d6f60c0b44.gif","currencyCode":"EUR","defaultDomain":"cultofcoquette.com","domains":["cultofcoquette.com"],"categoryId":40,"description":null,"isActive":true,"countryCodes":["US"],"averageBasketValue":21.91,"averageCommission":1.05,"averageConfirmationTime":5,"averageCancellationRate":null,"minimumCommission":null,"maximumCommission":null,"commissionRates":[{"fixedCommission":null,"percentageCommission":4.8}],"trackingLink":"https://tatrck.com/h/0Hu30z9R0pBq","createdAt":"2023-12-13T18:44:00.470Z","updatedAt":"2024-08-21T11:30:31.930Z"},{"merchantId":209654,"name":"Drinkpod LLC US","imageUri":"https://kqdxc4m5.de/logos_v2/120x60/2927ee67d918a675677c676088593d81.gif","currencyCode":"EUR","defaultDomain":"drinkpod.com","domains":["drinkpod.com"],"categoryId":72,"description":null,"isActive":true,"countryCodes":["US"],"averageBasketValue":274.23,"averageCommission":11.51,"averageConfirmationTime":null,"averageCancellationRate":null,"minimumCommission":9.08,"maximumCommission":24.54,"commissionRates":[],"trackingLink":"https://tatrck.com/h/0Hu30z9R0pBs","createdAt":"2023-12-13T18:44:01.246Z","updatedAt":"2024-08-21T11:31:30.909Z"},{"merchantId":209657,"name":"Hippie Farms US","imageUri":"https://kqdxc4m5.de/logos_v2/120x60/5daaf3c9fafa0dcbd34f29d6fd3c3497.gif","currencyCode":"EUR","defaultDomain":"hippie-farms.com","domains":["hippie-farms.com"],"categoryId":35,"description":null,"isActive":true,"countryCodes":["US"],"averageBasketValue":23.67,"averageCommission":1.13,"averageConfirmationTime":10,"averageCancellationRate":null,"minimumCommission":1.09,"maximumCommission":1.09,"commissionRates":[{"fixedCommission":null,"percentageCommission":4.8}],"trackingLink":"https://tatrck.com/h/0Hu30z9R0pBv","createdAt":"2023-12-13T18:44:02.195Z","updatedAt":"2024-08-21T11:39:09.193Z"},{"merchantId":209659,"name":"Larken, LLC US","imageUri":"https://kqdxc4m5.de/logos_v2/120x60/dd73d9253a4432949f2dc074821b124f.gif","currencyCode":"EUR","defaultDomain":"shoplarken.com","domains":["shoplarken.com"],"categoryId":27,"description":null,"isActive":true,"countryCodes":["US"],"averageBasketValue":2.78,"averageCommission":0,"averageConfirmationTime":4,"averageCancellationRate":null,"minimumCommission":1.36,"maximumCommission":1.36,"commissionRates":[{"fixedCommission":null,"percentageCommission":4.2}],"trackingLink":"https://tatrck.com/h/0Hu30z9R0pBx","createdAt":"2023-12-13T18:44:02.952Z","updatedAt":"2024-08-31T05:29:12.120Z"},{"merchantId":209662,"name":"Flexispot FR","imageUri":"https://monetizeamex.com/v3/120x60/807e993bb0036638bfb2e24b586a9ce1.png","currencyCode":"EUR","defaultDomain":"flexispot.fr","domains":["flexispot.fr"],"categoryId":34,"description":null,"isActive":true,"countryCodes":["FR"],"averageBasketValue":236.25,"averageCommission":10.63,"averageConfirmationTime":1,"averageCancellationRate":2.9,"minimumCommission":6.37,"maximumCommission":13.87,"commissionRates":[],"trackingLink":"https://tatrck.com/h/0Hu30z9R0pB-","createdAt":"2023-12-13T18:44:03.750Z","updatedAt":"2024-08-21T11:33:46.175Z"},{"merchantId":209668,"name":"Mistral","imageUri":"https://monetizeamex.com/v3/120x60/e0db21f260fc9561e1c831cf3cdd0156.png","currencyCode":"EUR","defaultDomain":"mistral.com.br","domains":["mistral.com.br"],"categoryId":50,"description":null,"isActive":true,"countryCodes":["BR"],"averageBasketValue":null,"averageCommission":null,"averageConfirmationTime":null,"averageCancellationRate":null,"minimumCommission":null,"maximumCommission":null,"commissionRates":[],"trackingLink":"https://tatrck.com/h/0Hu30z9R0pC4","createdAt":"2023-12-13T18:44:04.573Z","updatedAt":"2024-09-03T17:05:28.131Z"},{"merchantId":209679,"name":"JSHealth Vitamins AU","imageUri":"https://monetizeamex.com/v3/120x60/6cf6a60c4755e7c5106e6bac28ba4e43.png","currencyCode":"EUR","defaultDomain":"jshealthvitamins.com","domains":["jshealthvitamins.com"],"categoryId":68,"description":null,"isActive":true,"countryCodes":["AU"],"averageBasketValue":25.04,"averageCommission":0.68,"averageConfirmationTime":28,"averageCancellationRate":1.2,"minimumCommission":0.36,"maximumCommission":0.84,"commissionRates":[],"trackingLink":"https://tatrck.com/h/0Hu30z9R0pCF","createdAt":"2023-12-13T18:44:08.173Z","updatedAt":"2024-08-28T05:44:55.246Z"},{"merchantId":209680,"name":"Kaspersky AU","imageUri":"https://monetizeamex.com/v3/120x60/9d09649f9e249f1c01c2672d0b686fba.png","currencyCode":"EUR","defaultDomain":"kaspersky.com.au","domains":["kaspersky.com.au"],"categoryId":49,"description":"A Global Leader in Next Generation Cybersecurity Solutions and Services, Kaspersky Offers Premium Protection Against All Cyber Threats for Your Home and Business.","isActive":true,"countryCodes":["AU"],"averageBasketValue":25.6,"averageCommission":3.07,"averageConfirmationTime":58,"averageCancellationRate":null,"minimumCommission":2.09,"maximumCommission":5.16,"commissionRates":[{"fixedCommission":null,"percentageCommission":12}],"trackingLink":"https://tatrck.com/h/0Hu30z9R0pCG","createdAt":"2023-12-13T18:44:07.382Z","updatedAt":"2024-09-03T17:07:22.384Z"},{"merchantId":209684,"name":"Supplement Mart","imageUri":"https://kqdxc4m5.de/logos_v2/120x60/d221eb6a41930c0f2e8024c718d70f55.gif","currencyCode":"EUR","defaultDomain":"supplementmart.com.au","domains":["supplementmart.com.au"],"categoryId":68,"description":null,"isActive":true,"countryCodes":["AU"],"averageBasketValue":63.98,"averageCommission":1.62,"averageConfirmationTime":58,"averageCancellationRate":null,"minimumCommission":0.29,"maximumCommission":3.9,"commissionRates":[{"fixedCommission":null,"percentageCommission":4.5},{"fixedCommission":null,"percentageCommission":0.6},{"fixedCommission":null,"percentageCommission":2.4}],"trackingLink":"https://tatrck.com/h/0Hu30z9R0pCK","createdAt":"2023-12-13T18:44:08.480Z","updatedAt":"2024-09-03T17:05:36.670Z"},{"merchantId":209687,"name":"Trapo TH","imageUri":"https://monetizeamex.com/v3/120x60/9b703adc21971e337193d649661ab126.png","currencyCode":"EUR","defaultDomain":"th.trapo.asia","domains":["th.trapo.asia"],"categoryId":59,"description":null,"isActive":true,"countryCodes":["TH"],"averageBasketValue":null,"averageCommission":2.78,"averageConfirmationTime":null,"averageCancellationRate":null,"minimumCommission":1.97,"maximumCommission":1.97,"commissionRates":[{"fixedCommission":null,"percentageCommission":6}],"trackingLink":"https://tatrck.com/h/0Hu30z9R0pCN","createdAt":"2023-12-13T18:44:09.167Z","updatedAt":"2024-09-03T17:05:22.789Z"},{"merchantId":209689,"name":"XP-PEN PH","imageUri":"https://monetizeamex.com/v3/120x60/5e9b2dd3a350f90ce3acd9eb01ec5681.png","currencyCode":"EUR","defaultDomain":"storexppen.ph","domains":["storexppen.ph"],"categoryId":82,"description":null,"isActive":true,"countryCodes":["PH"],"averageBasketValue":36.78,"averageCommission":1.1,"averageConfirmationTime":null,"averageCancellationRate":null,"minimumCommission":1.1,"maximumCommission":1.1,"commissionRates":[],"trackingLink":"https://tatrck.com/h/0Hu30z9R0pCP","createdAt":"2023-12-13T18:44:09.692Z","updatedAt":"2024-08-21T11:32:10.957Z"},{"merchantId":209690,"name":"XP-PEN SG","imageUri":"https://monetizeamex.com/v3/120x60/39d8cb191bfc278a56f284244914c25b.png","currencyCode":"EUR","defaultDomain":"storexppen.sg","domains":["storexppen.sg"],"categoryId":72,"description":null,"isActive":true,"countryCodes":["SG"],"averageBasketValue":367.52,"averageCommission":11.02,"averageConfirmationTime":null,"averageCancellationRate":null,"minimumCommission":8.35,"maximumCommission":8.35,"commissionRates":[],"trackingLink":"https://tatrck.com/h/0Hu30z9R0pCQ","createdAt":"2023-12-13T18:44:09.813Z","updatedAt":"2024-08-21T11:28:52.620Z"},{"merchantId":209692,"name":"Bamboo Airways VN","imageUri":"https://monetizeamex.com/v3/120x60/4b4bd09b0e44f0a5d49f74a6c7b99f9d.png","currencyCode":"EUR","defaultDomain":"bambooairways.com","domains":["bambooairways.com"],"categoryId":63,"description":null,"isActive":true,"countryCodes":["VN"],"averageBasketValue":1,"averageCommission":0.44,"averageConfirmationTime":58,"averageCancellationRate":17.1,"minimumCommission":0.15,"maximumCommission":2.32,"commissionRates":[],"trackingLink":"https://tatrck.com/h/0Hu30z9R0pCS","createdAt":"2023-12-13T18:44:10.278Z","updatedAt":"2024-09-03T05:46:19.737Z"},{"merchantId":209722,"name":"Leroy Merlin ES","imageUri":"https://monetizeamex.com/v3/120x60/3c8f7e8b2369e048cb2464c6e4f12861.png","currencyCode":"EUR","defaultDomain":"leroymerlin.es","domains":["leroymerlin.es"],"categoryId":74,"description":null,"isActive":true,"countryCodes":["ES"],"averageBasketValue":null,"averageCommission":0.23,"averageConfirmationTime":1,"averageCancellationRate":null,"minimumCommission":0,"maximumCommission":205.4,"commissionRates":[],"trackingLink":"https://tatrck.com/h/0Hu30z9R0pCw","createdAt":"2023-12-13T18:44:13.490Z","updatedAt":"2024-09-03T09:01:05.121Z"},{"merchantId":209723,"name":"Phone-Factory NL","imageUri":"https://monetizeamex.com/v3/120x60/99cd562f797a8d5ac06843135b6d939c.png","currencyCode":"EUR","defaultDomain":"phone-factory.nl","domains":["phone-factory.nl"],"categoryId":59,"description":null,"isActive":true,"countryCodes":["NL"],"averageBasketValue":13.06,"averageCommission":0.86,"averageConfirmationTime":58,"averageCancellationRate":null,"minimumCommission":0.43,"maximumCommission":0.43,"commissionRates":[],"trackingLink":"https://tatrck.com/h/0Hu30z9R0pCx","createdAt":"2023-12-13T18:44:14.276Z","updatedAt":"2024-09-03T17:08:27.921Z"},{"merchantId":209724,"name":"Smartwatchbanden NL","imageUri":"https://monetizeamex.com/v3/120x60/7d3d331da20280fbd0fa4103e6dbc887.png","currencyCode":"EUR","defaultDomain":"smartwatchbanden.nl","domains":["smartwatchbanden.nl"],"categoryId":40,"description":null,"isActive":true,"countryCodes":["NL"],"averageBasketValue":21.66,"averageCommission":1.42,"averageConfirmationTime":58,"averageCancellationRate":null,"minimumCommission":0.54,"maximumCommission":4.1,"commissionRates":[],"trackingLink":"https://tatrck.com/h/0Hu30z9R0pCy","createdAt":"2023-12-13T18:44:14.978Z","updatedAt":"2024-09-03T17:08:43.421Z"},{"merchantId":209733,"name":"Patprimo CO","imageUri":"https://monetizeamex.com/v3/120x60/da25ebfde317c00607035cc362e97183.png","currencyCode":"EUR","defaultDomain":"patprimo.com","domains":["patprimo.com"],"categoryId":40,"description":null,"isActive":true,"countryCodes":["CO"],"averageBasketValue":32.49,"averageCommission":0.93,"averageConfirmationTime":28,"averageCancellationRate":3.1,"minimumCommission":0.43,"maximumCommission":1.78,"commissionRates":[],"trackingLink":"https://tatrck.com/h/0Hu30z9R0pD5","createdAt":"2023-12-13T18:44:15.766Z","updatedAt":"2024-09-03T05:29:23.989Z"},{"merchantId":209734,"name":"InfinityXinfinity.co.uk UK","imageUri":"https://monetizeamex.com/v3/120x60/5147edfc68066b2ac512e1e78601870e.png","currencyCode":"EUR","defaultDomain":"infinityxinfinity.co.uk","domains":["infinityxinfinity.co.uk"],"categoryId":40,"description":null,"isActive":true,"countryCodes":["GB"],"averageBasketValue":null,"averageCommission":null,"averageConfirmationTime":null,"averageCancellationRate":null,"minimumCommission":null,"maximumCommission":null,"commissionRates":[],"trackingLink":"https://tatrck.com/h/0Hu30z9R0pD6","createdAt":"2023-12-13T18:44:16.097Z","updatedAt":"2024-09-03T17:08:18.002Z"},{"merchantId":209747,"name":"Known Nutrition UK","imageUri":"https://monetizeamex.com/v3/120x60/6f3bd7f10b48031506860da16a3fbbe2.png","currencyCode":"EUR","defaultDomain":"knownnutrition.com","domains":["knownnutrition.com"],"categoryId":68,"description":null,"isActive":true,"countryCodes":["GB"],"averageBasketValue":null,"averageCommission":null,"averageConfirmationTime":null,"averageCancellationRate":null,"minimumCommission":null,"maximumCommission":null,"commissionRates":[],"trackingLink":"https://tatrck.com/h/0Hu30z9R0pDJ","createdAt":"2023-12-13T18:44:19.772Z","updatedAt":"2024-09-03T17:08:52.879Z"},{"merchantId":209748,"name":"Live Unlimited London UK","imageUri":"https://monetizeamex.com/v3/120x60/729a2dcc7ad87167e07a73f6579a4c78.png","currencyCode":"EUR","defaultDomain":"liveunlimitedlondon.com","domains":["liveunlimitedlondon.com"],"categoryId":40,"description":null,"isActive":true,"countryCodes":["GB"],"averageBasketValue":101.49,"averageCommission":5.47,"averageConfirmationTime":28,"averageCancellationRate":8.6,"minimumCommission":1.66,"maximumCommission":23.56,"commissionRates":[],"trackingLink":"https://tatrck.com/h/0Hu30z9R0pDK","createdAt":"2023-12-13T18:44:20.270Z","updatedAt":"2024-09-03T17:09:10.489Z"},{"merchantId":209755,"name":"Techwearclub WW US","imageUri":"https://monetizeamex.com/v3/120x60/1206bf10b3249c07ca8957d8d636c436.png","currencyCode":"EUR","defaultDomain":"techwearclub.com","domains":["techwearclub.com"],"categoryId":40,"description":null,"isActive":true,"countryCodes":["US","DM"],"averageBasketValue":58.78,"averageCommission":6.96,"averageConfirmationTime":null,"averageCancellationRate":null,"minimumCommission":2.05,"maximumCommission":2.05,"commissionRates":[{"fixedCommission":null,"percentageCommission":12},{"fixedCommission":null,"percentageCommission":9.6}],"trackingLink":"https://tatrck.com/h/0Hu30z9R0pDR","createdAt":"2023-12-13T18:44:22.083Z","updatedAt":"2024-08-29T15:02:06.403Z"},{"merchantId":209766,"name":"The Times Literary Supplement","imageUri":"https://kqdxc4m5.de/logos_v2/120x60/3db21e00c268b265e514403b9cd7cc97.gif","currencyCode":"EUR","defaultDomain":"the-tls.co.uk","domains":["the-tls.co.uk"],"categoryId":79,"description":null,"isActive":true,"countryCodes":["GB"],"averageBasketValue":null,"averageCommission":null,"averageConfirmationTime":null,"averageCancellationRate":null,"minimumCommission":null,"maximumCommission":null,"commissionRates":[{"fixedCommission":27,"percentageCommission":null}],"trackingLink":"https://tatrck.com/h/0Hu30z9R0pDc","createdAt":"2023-12-13T18:44:23.168Z","updatedAt":"2024-08-21T11:25:15.378Z"},{"merchantId":209768,"name":"www.jayley.com","imageUri":"https://kqdxc4m5.de/logos_v2/120x60/26e8a6f917483480bdc5338ca2975531.gif","currencyCode":"EUR","defaultDomain":"jayley.com","domains":["jayley.com"],"categoryId":40,"description":null,"isActive":true,"countryCodes":["DE","FR","GB","MX","US"],"averageBasketValue":38.17,"averageCommission":2.28,"averageConfirmationTime":null,"averageCancellationRate":16.7,"minimumCommission":0.6,"maximumCommission":0.6,"commissionRates":[{"fixedCommission":null,"percentageCommission":6}],"trackingLink":"https://tatrck.com/h/0Hu30z9R0pDe","createdAt":"2023-12-13T18:44:23.365Z","updatedAt":"2024-08-21T11:30:45.903Z"},{"merchantId":209791,"name":"SkinCeuticals DE","imageUri":"https://monetizeamex.com/v3/120x60/cd633ce767cd82aef9289b20612e6ab1.png","currencyCode":"EUR","defaultDomain":"skinceuticals.de","domains":["skinceuticals.de"],"categoryId":28,"description":null,"isActive":true,"countryCodes":["DE"],"averageBasketValue":7.61,"averageCommission":0.58,"averageConfirmationTime":null,"averageCancellationRate":null,"minimumCommission":0.48,"maximumCommission":0.48,"commissionRates":[],"trackingLink":"https://tatrck.com/h/0Hu30z9R0pD_","createdAt":"2023-12-13T18:44:29.280Z","updatedAt":"2024-09-03T17:08:46.011Z"},{"merchantId":209795,"name":"Limon Host TR","imageUri":"https://kqdxc4m5.de/logos_v2/120x60/de702db49c0eff10079dc9a153fd24ef.gif","currencyCode":"EUR","defaultDomain":"limonhost.net","domains":["limonhost.net"],"categoryId":22,"description":null,"isActive":true,"countryCodes":["TR"],"averageBasketValue":null,"averageCommission":null,"averageConfirmationTime":null,"averageCancellationRate":null,"minimumCommission":null,"maximumCommission":null,"commissionRates":[],"trackingLink":"https://tatrck.com/h/0Hu30z9R0pE3","createdAt":"2023-12-13T18:44:30.075Z","updatedAt":"2024-08-21T11:46:07.323Z"},{"merchantId":209796,"name":"Apolla Performance Wear LLC US","imageUri":"https://kqdxc4m5.de/logos_v2/120x60/7676df93b4323d3421fab7a34f1a8a33.gif","currencyCode":"EUR","defaultDomain":"apollaperformance.com","domains":["apollaperformance.com"],"categoryId":55,"description":null,"isActive":true,"countryCodes":["US"],"averageBasketValue":35.79,"averageCommission":1.07,"averageConfirmationTime":2,"averageCancellationRate":null,"minimumCommission":1.17,"maximumCommission":1.17,"commissionRates":[{"fixedCommission":null,"percentageCommission":3}],"trackingLink":"https://tatrck.com/h/0Hu30z9R0pE4","createdAt":"2023-12-13T18:44:30.474Z","updatedAt":"2024-08-31T05:43:17.796Z"},{"merchantId":209798,"name":"Colgate US","imageUri":"https://monetizeamex.com/v3/120x60/827de8f6013a00b34350188cf3020ae3.png","currencyCode":"EUR","defaultDomain":"shop.colgate.com","domains":["colgate.com","shop.colgate.com"],"categoryId":28,"description":null,"isActive":true,"countryCodes":["US"],"averageBasketValue":35.71,"averageCommission":1.26,"averageConfirmationTime":3,"averageCancellationRate":null,"minimumCommission":8,"maximumCommission":8,"commissionRates":[{"fixedCommission":null,"percentageCommission":3.5999999999999996}],"trackingLink":"https://tatrck.com/h/0Hu30z9R0pE6","createdAt":"2023-12-13T18:44:30.880Z","updatedAt":"2024-08-21T11:28:55.599Z"},{"merchantId":209802,"name":"Love Is Project US","imageUri":"https://kqdxc4m5.de/logos_v2/120x60/354710b98200a6d4f0e07347b3f0e538.gif","currencyCode":"EUR","defaultDomain":"loveisproject.com","domains":["loveisproject.com"],"categoryId":40,"description":null,"isActive":true,"countryCodes":["US"],"averageBasketValue":26.1,"averageCommission":1.25,"averageConfirmationTime":null,"averageCancellationRate":null,"minimumCommission":0.92,"maximumCommission":0.92,"commissionRates":[{"fixedCommission":null,"percentageCommission":3.84}],"trackingLink":"https://tatrck.com/h/0Hu30z9R0pEA","createdAt":"2023-12-13T18:44:32.089Z","updatedAt":"2024-08-21T11:30:59.913Z"},{"merchantId":209804,"name":"NYSSA US","imageUri":"https://kqdxc4m5.de/logos_v2/120x60/f0024f9ee487bc2f56c4d70f81a37d66.gif","currencyCode":"EUR","defaultDomain":"nyssacare.com","domains":["nyssacare.com"],"categoryId":28,"description":null,"isActive":true,"countryCodes":["US"],"averageBasketValue":null,"averageCommission":null,"averageConfirmationTime":null,"averageCancellationRate":null,"minimumCommission":null,"maximumCommission":null,"commissionRates":[{"fixedCommission":null,"percentageCommission":9}],"trackingLink":"https://tatrck.com/h/0Hu30z9R0pEC","createdAt":"2023-12-13T18:44:32.496Z","updatedAt":"2024-08-21T11:33:25.748Z"},{"merchantId":209805,"name":"NoteCube US","imageUri":"https://kqdxc4m5.de/logos_v2/120x60/0ebc7b1df949da67bcd2a9efd8a97416.gif","currencyCode":"EUR","defaultDomain":"thenotecube.com","domains":["thenotecube.com"],"categoryId":47,"description":null,"isActive":true,"countryCodes":["US"],"averageBasketValue":49.87,"averageCommission":3.54,"averageConfirmationTime":null,"averageCancellationRate":null,"minimumCommission":3.56,"maximumCommission":3.56,"commissionRates":[{"fixedCommission":7.2,"percentageCommission":null}],"trackingLink":"https://tatrck.com/h/0Hu30z9R0pED","createdAt":"2023-12-13T18:44:34.191Z","updatedAt":"2024-08-21T11:39:22.474Z"},{"merchantId":209808,"name":"Primally Pure US","imageUri":"https://kqdxc4m5.de/logos_v2/120x60/2160a52b9e0d18f3559c968201434d27.gif","currencyCode":"EUR","defaultDomain":"primallypure.com","domains":["primallypure.com"],"categoryId":27,"description":null,"isActive":true,"countryCodes":["US"],"averageBasketValue":70.22,"averageCommission":2.76,"averageConfirmationTime":9,"averageCancellationRate":null,"minimumCommission":1.15,"maximumCommission":7.45,"commissionRates":[{"fixedCommission":null,"percentageCommission":3.5999999999999996},{"fixedCommission":null,"percentageCommission":4.2}],"trackingLink":"https://tatrck.com/h/0Hu30z9R0pEG","createdAt":"2023-12-13T18:44:33.573Z","updatedAt":"2024-09-02T05:52:28.756Z"},{"merchantId":209810,"name":"Salt & Stone US","imageUri":"https://monetizeamex.com/v3/120x60/766d886e433a87e664e52c40b4e6fb31.png","currencyCode":"EUR","defaultDomain":"saltandstone.com","domains":["saltandstone.com"],"categoryId":28,"description":"Bygg bedriften din på nett med vår komplette websideløsning. Registrer domenet ditt i dag! Inneholder personlig e-post, SSL, 24/7 support med mer.","isActive":true,"countryCodes":["US"],"averageBasketValue":59.11,"averageCommission":3.54,"averageConfirmationTime":3,"averageCancellationRate":null,"minimumCommission":1.03,"maximumCommission":3.28,"commissionRates":[{"fixedCommission":null,"percentageCommission":6}],"trackingLink":"https://tatrck.com/h/0Hu30z9R0pEI","createdAt":"2023-12-13T18:44:34.865Z","updatedAt":"2024-09-02T05:42:06.888Z"},{"merchantId":209811,"name":"Shenzhen Lefeet Innovation Technology Co., Ltd US","imageUri":"https://kqdxc4m5.de/logos_v2/120x60/2c80b97b6c789e29e4b665caa247afda.gif","currencyCode":"EUR","defaultDomain":"lefeet.com","domains":["lefeet.com"],"categoryId":55,"description":null,"isActive":true,"countryCodes":["US"],"averageBasketValue":108.16,"averageCommission":3.88,"averageConfirmationTime":null,"averageCancellationRate":null,"minimumCommission":null,"maximumCommission":null,"commissionRates":[{"fixedCommission":null,"percentageCommission":3.5999999999999996}],"trackingLink":"https://tatrck.com/h/0Hu30z9R0pEJ","createdAt":"2023-12-13T18:44:34.887Z","updatedAt":"2024-08-21T11:42:57.008Z"},{"merchantId":209814,"name":"VitaMedica US","imageUri":"https://kqdxc4m5.de/logos_v2/120x60/8e8c1dec26699cdef3b74b9fc6fccd18.gif","currencyCode":"EUR","defaultDomain":"vitamedica.com","domains":["vitamedica.com"],"categoryId":68,"description":null,"isActive":true,"countryCodes":["US"],"averageBasketValue":null,"averageCommission":null,"averageConfirmationTime":null,"averageCancellationRate":null,"minimumCommission":null,"maximumCommission":null,"commissionRates":[{"fixedCommission":null,"percentageCommission":4.8},{"fixedCommission":null,"percentageCommission":7.199999999999999}],"trackingLink":"https://tatrck.com/h/0Hu30z9R0pEM","createdAt":"2023-12-13T18:44:35.869Z","updatedAt":"2024-09-03T17:03:27.062Z"},{"merchantId":209848,"name":"bedderie.nl NL","imageUri":"https://kqdxc4m5.de/logos_v2/120x60/d248aeb7e957cf0a5fea37e7266afc33.gif","currencyCode":"EUR","defaultDomain":"bedderie.nl","domains":["bedderie.nl"],"categoryId":50,"description":null,"isActive":true,"countryCodes":["NL"],"averageBasketValue":68.32,"averageCommission":1.84,"averageConfirmationTime":58,"averageCancellationRate":20,"minimumCommission":0.19,"maximumCommission":2.29,"commissionRates":[],"trackingLink":"https://tatrck.com/h/0Hu30z9R0pEu","createdAt":"2023-12-13T18:44:43.380Z","updatedAt":"2024-08-21T11:45:25.334Z"},{"merchantId":209878,"name":"donnay.nl NL","imageUri":"https://monetizeamex.com/v3/120x60/da0674d87f7e5623f7cf66ed6460cce8.png","currencyCode":"EUR","defaultDomain":"donnay.nl","domains":["donnay.nl"],"categoryId":40,"description":null,"isActive":true,"countryCodes":["BE","NL"],"averageBasketValue":null,"averageCommission":0.94,"averageConfirmationTime":null,"averageCancellationRate":null,"minimumCommission":1.18,"maximumCommission":1.18,"commissionRates":[{"fixedCommission":null,"percentageCommission":4.8}],"trackingLink":"https://tatrck.com/h/0Hu30z9R0pFM","createdAt":"2023-12-13T18:44:49.270Z","updatedAt":"2024-09-01T05:44:55.541Z"},{"merchantId":209882,"name":"ekoi.it IT","imageUri":"https://kqdxc4m5.de/logos_v2/120x60/14bfabab63e108711b64469eedbf1f6b.gif","currencyCode":"EUR","defaultDomain":"ekoi.it","domains":["ekoi.it"],"categoryId":40,"description":null,"isActive":true,"countryCodes":["IT"],"averageBasketValue":91.09,"averageCommission":2.73,"averageConfirmationTime":59,"averageCancellationRate":null,"minimumCommission":0.9,"maximumCommission":3.75,"commissionRates":[],"trackingLink":"https://tatrck.com/h/0Hu30z9R0pFQ","createdAt":"2023-12-13T18:44:50.067Z","updatedAt":"2024-09-03T17:06:09.709Z"},{"merchantId":209887,"name":"erli.pl PL","imageUri":"https://monetizeamex.com/v3/120x60/192e344f5bcff872c05d3198e6e9df7b.png","currencyCode":"EUR","defaultDomain":"erli.pl","domains":["erli.pl"],"categoryId":21,"description":null,"isActive":true,"countryCodes":["PL"],"averageBasketValue":1,"averageCommission":0.75,"averageConfirmationTime":22,"averageCancellationRate":0.4,"minimumCommission":0,"maximumCommission":108.21,"commissionRates":[],"trackingLink":"https://tatrck.com/h/0Hu30z9R0pFV","createdAt":"2023-12-13T18:44:51.069Z","updatedAt":"2024-09-02T05:46:58.802Z"},{"merchantId":209904,"name":"galileo61.com ES","imageUri":"https://monetizeamex.com/v3/120x60/512d030c6118bfd4cd0019300b7da249.png","currencyCode":"EUR","defaultDomain":"galileo61.com","domains":["galileo61.com"],"categoryId":27,"description":null,"isActive":true,"countryCodes":["PT","ES"],"averageBasketValue":51.17,"averageCommission":0.42,"averageConfirmationTime":null,"averageCancellationRate":null,"minimumCommission":0.05,"maximumCommission":0.7,"commissionRates":[],"trackingLink":"https://tatrck.com/h/0Hu30z9R0pFm","createdAt":"2023-12-13T18:44:54.471Z","updatedAt":"2024-08-21T11:40:15.808Z"},{"merchantId":209919,"name":"howat.nl NL","imageUri":"https://kqdxc4m5.de/logos_v2/120x60/4f9cfdebbdc60a94a368832d4907d776.gif","currencyCode":"EUR","defaultDomain":"howat.nl","domains":["howat.nl"],"categoryId":66,"description":null,"isActive":true,"countryCodes":["NL"],"averageBasketValue":169.63,"averageCommission":6.06,"averageConfirmationTime":null,"averageCancellationRate":70,"minimumCommission":1.99,"maximumCommission":15.58,"commissionRates":[],"trackingLink":"https://tatrck.com/h/0Hu30z9R0pF_","createdAt":"2023-12-13T18:44:58.074Z","updatedAt":"2024-08-30T05:38:02.414Z"},{"merchantId":209945,"name":"lacasadelbebe.it IT","imageUri":"https://kqdxc4m5.de/logos_v2/120x60/67f870ad850f2f9038fa29b33ada3ed0.gif","currencyCode":"EUR","defaultDomain":"lacasadelbebe.it","domains":["lacasadelbebe.it"],"categoryId":17,"description":null,"isActive":true,"countryCodes":["IT"],"averageBasketValue":null,"averageCommission":0.24,"averageConfirmationTime":null,"averageCancellationRate":null,"minimumCommission":0,"maximumCommission":1.87,"commissionRates":[{"fixedCommission":null,"percentageCommission":1.5779999999999998}],"trackingLink":"https://tatrck.com/h/0Hu30z9R0pGP","createdAt":"2023-12-13T18:45:03.370Z","updatedAt":"2024-08-21T11:33:29.262Z"},{"merchantId":209987,"name":"pieper.de DE","imageUri":"https://monetizeamex.com/v3/120x60/d1636083575043c4b889aa488f82458c.png","currencyCode":"EUR","defaultDomain":"pieper.de","domains":["pieper.de"],"categoryId":28,"description":null,"isActive":true,"countryCodes":["DE"],"averageBasketValue":56.57,"averageCommission":0.63,"averageConfirmationTime":58,"averageCancellationRate":null,"minimumCommission":0.14,"maximumCommission":2.25,"commissionRates":[{"fixedCommission":null,"percentageCommission":3.5999999999999996},{"fixedCommission":0.6,"percentageCommission":null},{"fixedCommission":null,"percentageCommission":0.96},{"fixedCommission":null,"percentageCommission":1.44},{"fixedCommission":null,"percentageCommission":0.48}],"trackingLink":"https://tatrck.com/h/0Hu30z9R0pH3","createdAt":"2023-12-13T18:45:09.276Z","updatedAt":"2024-09-03T17:09:17.071Z"},{"merchantId":210054,"name":"slimmedingen.nl NL","imageUri":"https://kqdxc4m5.de/logos_v2/120x60/cc6aea55b61f1c47bf27e4eefb175f7d.gif","currencyCode":"EUR","defaultDomain":"slimmedingen.nl","domains":["slimmedingen.nl"],"categoryId":64,"description":null,"isActive":true,"countryCodes":["NL"],"averageBasketValue":169.13,"averageCommission":2.79,"averageConfirmationTime":58,"averageCancellationRate":null,"minimumCommission":0.93,"maximumCommission":3.49,"commissionRates":[],"trackingLink":"https://tatrck.com/h/0Hu30z9R0pI6","createdAt":"2023-12-13T18:45:26.741Z","updatedAt":"2024-09-03T05:31:06.043Z"},{"merchantId":210075,"name":"transportbedrijfbakker.nl NL","imageUri":"https://kqdxc4m5.de/logos_v2/120x60/fbbd870861ebf3feb3ac5c2b0a7bd497.gif","currencyCode":"EUR","defaultDomain":"transportbedrijfbakker.nl","domains":["transportbedrijfbakker.nl"],"categoryId":62,"description":null,"isActive":true,"countryCodes":["NL"],"averageBasketValue":null,"averageCommission":null,"averageConfirmationTime":null,"averageCancellationRate":null,"minimumCommission":null,"maximumCommission":null,"commissionRates":[],"trackingLink":"https://tatrck.com/h/0Hu30z9R0pIR","createdAt":"2023-12-13T18:45:29.970Z","updatedAt":"2024-08-21T11:37:47.729Z"},{"merchantId":210081,"name":"unboundbabes.com CA","imageUri":"https://monetizeamex.com/v3/120x60/13854b00b34f3e7c6b2b344921106ecc.png","currencyCode":"EUR","defaultDomain":"unboundbabes.com","domains":["unboundbabes.com"],"categoryId":60,"description":null,"isActive":true,"countryCodes":["CA","US"],"averageBasketValue":53.68,"averageCommission":1.6,"averageConfirmationTime":24,"averageCancellationRate":null,"minimumCommission":0.07,"maximumCommission":0.49,"commissionRates":[{"fixedCommission":null,"percentageCommission":3}],"trackingLink":"https://tatrck.com/h/0Hu30z9R0pIX","createdAt":"2023-12-13T18:45:30.479Z","updatedAt":"2024-09-02T05:46:21.297Z"},{"merchantId":210110,"name":"Mondoffice IT","imageUri":"https://monetizeamex.com/v3/120x60/d3f8fdf6c80fb627782e4bf0a1a709b7.png","currencyCode":"EUR","defaultDomain":"mondoffice.com","domains":["mondoffice.com"],"categoryId":70,"description":null,"isActive":true,"countryCodes":["IT"],"averageBasketValue":169.47,"averageCommission":1.73,"averageConfirmationTime":36,"averageCancellationRate":1.7,"minimumCommission":0.39,"maximumCommission":7.9,"commissionRates":[{"fixedCommission":null,"percentageCommission":0.9239999999999999},{"fixedCommission":null,"percentageCommission":2.31}],"trackingLink":"https://tatrck.com/h/0Hu30z9R0pI-","createdAt":"2023-12-13T18:45:35.489Z","updatedAt":"2024-09-02T05:48:32.707Z"},{"merchantId":210132,"name":"Geovis DE","imageUri":"https://kqdxc4m5.de/logos_v2/120x60/1186b3e433e9d48a90139b4d85ef27f9.gif","currencyCode":"EUR","defaultDomain":"geovis.de","domains":["geovis.de"],"categoryId":68,"description":null,"isActive":true,"countryCodes":["DE"],"averageBasketValue":69.5,"averageCommission":6.25,"averageConfirmationTime":29,"averageCancellationRate":null,"minimumCommission":null,"maximumCommission":null,"commissionRates":[{"fixedCommission":null,"percentageCommission":9}],"trackingLink":"https://tatrck.com/h/0Hu30z9R0pJK","createdAt":"2023-12-13T18:45:39.997Z","updatedAt":"2024-08-21T11:34:21.032Z"}]}