{"meta":{"next":160851},"data":[{"merchantId":160320,"name":"Bedsuredesigns US","imageUri":"https://monetizeamex.com/v3/120x60/d54c006b3075286bb88ad76c925969d5.png","currencyCode":"EUR","defaultDomain":"bedsuredesigns.com","domains":["bedsuredesigns.com"],"categoryId":34,"description":null,"isActive":true,"countryCodes":["CO","US"],"averageBasketValue":null,"averageCommission":null,"averageConfirmationTime":null,"averageCancellationRate":null,"minimumCommission":null,"maximumCommission":null,"commissionRates":[{"fixedCommission":null,"percentageCommission":6}],"trackingLink":"https://tatrck.com/h/0Hu30z9R0d90","createdAt":"2023-12-13T15:24:48.690Z","updatedAt":"2024-08-21T11:31:10.462Z"},{"merchantId":160324,"name":"Food Huggers US","imageUri":"https://kqdxc4m5.de/logos_v2/120x60/23a1951f6ec4dfaac4b67c81fa621f89.gif","currencyCode":"EUR","defaultDomain":"foodhuggers.com","domains":["foodhuggers.com"],"categoryId":74,"description":null,"isActive":true,"countryCodes":["US"],"averageBasketValue":36.54,"averageCommission":3.28,"averageConfirmationTime":14,"averageCancellationRate":null,"minimumCommission":3.07,"maximumCommission":3.07,"commissionRates":[{"fixedCommission":null,"percentageCommission":7.199999999999999},{"fixedCommission":null,"percentageCommission":9}],"trackingLink":"https://tatrck.com/h/0Hu30z9R0d94","createdAt":"2023-12-13T15:24:49.981Z","updatedAt":"2024-08-21T11:37:28.297Z"},{"merchantId":160326,"name":"MobileHelp US","imageUri":"https://monetizeamex.com/v3/120x60/2de1b879ceccbbe37f4255b0f29c0a34.png","currencyCode":"EUR","defaultDomain":"mobilehelp.com","domains":["mobilehelp.com"],"categoryId":76,"description":null,"isActive":true,"countryCodes":["US"],"averageBasketValue":390.56,"averageCommission":41.16,"averageConfirmationTime":1,"averageCancellationRate":null,"minimumCommission":41.16,"maximumCommission":41.16,"commissionRates":[{"fixedCommission":null,"percentageCommission":57.599999999999994},{"fixedCommission":48,"percentageCommission":null}],"trackingLink":"https://tatrck.com/h/0Hu30z9R0d96","createdAt":"2023-12-13T15:24:51.079Z","updatedAt":"2024-08-23T15:02:07.728Z"},{"merchantId":160330,"name":"Perfecthealth NL","imageUri":"https://monetizeamex.com/v3/120x60/04e743e07a45efd9a47c7ee970e6e0c2.png","currencyCode":"EUR","defaultDomain":"perfecthealth.nl","domains":["perfecthealth.nl"],"categoryId":68,"description":null,"isActive":true,"countryCodes":["NL"],"averageBasketValue":71.38,"averageCommission":2.36,"averageConfirmationTime":2,"averageCancellationRate":6.7,"minimumCommission":0.55,"maximumCommission":2.48,"commissionRates":[],"trackingLink":"https://tatrck.com/h/0Hu30z9R0d9A","createdAt":"2023-12-13T15:24:52.269Z","updatedAt":"2024-09-03T05:34:20.264Z"},{"merchantId":160337,"name":"1pMobile UK","imageUri":"https://kqdxc4m5.de/logos_v2/120x60/677e1063ecc6afbcdd918c99d87b83dc.gif","currencyCode":"EUR","defaultDomain":"1pmobile.com","domains":["1pmobile.com","1pmobile.co.uk"],"categoryId":58,"description":null,"isActive":true,"countryCodes":["GB"],"averageBasketValue":16.28,"averageCommission":5.75,"averageConfirmationTime":58,"averageCancellationRate":null,"minimumCommission":3.9,"maximumCommission":3.9,"commissionRates":[],"trackingLink":"https://tatrck.com/h/0Hu30z9R0d9H","createdAt":"2023-12-13T15:24:54.989Z","updatedAt":"2024-09-03T17:06:51.460Z"},{"merchantId":160341,"name":"Book Outlet CA","imageUri":"https://monetizeamex.com/v3/120x60/3789be78b4c2fd6e43e959a9fae3d244.png","currencyCode":"EUR","defaultDomain":"bookoutlet.ca","domains":["bookoutlet.ca"],"categoryId":60,"description":null,"isActive":true,"countryCodes":["CA"],"averageBasketValue":43.88,"averageCommission":1.17,"averageConfirmationTime":59,"averageCancellationRate":null,"minimumCommission":0.13,"maximumCommission":1.54,"commissionRates":[],"trackingLink":"https://tatrck.com/h/0Hu30z9R0d9L","createdAt":"2023-12-13T15:24:55.882Z","updatedAt":"2024-09-03T17:07:49.873Z"},{"merchantId":160344,"name":"Pedro Shoes US","imageUri":"https://monetizeamex.com/v3/120x60/68a2df7db5e0bc2079fb18bc164b91f7.png","currencyCode":"EUR","defaultDomain":"pedroshoes.com","domains":["pedroshoes.com"],"categoryId":40,"description":null,"isActive":true,"countryCodes":["US","VN","AU","SG"],"averageBasketValue":88.39,"averageCommission":0.84,"averageConfirmationTime":null,"averageCancellationRate":23.899999999999995,"minimumCommission":0.67,"maximumCommission":0.67,"commissionRates":[{"fixedCommission":null,"percentageCommission":3.5999999999999996}],"trackingLink":"https://tatrck.com/h/0Hu30z9R0d9O","createdAt":"2023-12-13T15:24:56.572Z","updatedAt":"2024-09-03T17:03:39.333Z"},{"merchantId":160375,"name":"Tauro DE","imageUri":"https://monetizeamex.com/v3/120x60/f2bcfbda67efe73a80314ae766cd028d.png","currencyCode":"EUR","defaultDomain":"tauro.de","domains":["tauro.de"],"categoryId":50,"description":null,"isActive":true,"countryCodes":["DE"],"averageBasketValue":83.92,"averageCommission":2.52,"averageConfirmationTime":44,"averageCancellationRate":null,"minimumCommission":1.08,"maximumCommission":1.08,"commissionRates":[{"fixedCommission":null,"percentageCommission":3}],"trackingLink":"https://tatrck.com/h/0Hu30z9R0d9t","createdAt":"2023-12-13T15:25:05.477Z","updatedAt":"2024-08-15T09:06:23.031Z"},{"merchantId":160381,"name":"Fabindia IN","imageUri":"https://monetizeamex.com/v3/120x60/42f9c80a93857de71cb247b317306193.png","currencyCode":"EUR","defaultDomain":"fabindia.com","domains":["fabindia.com"],"categoryId":21,"description":null,"isActive":true,"countryCodes":["IN"],"averageBasketValue":38.19,"averageCommission":1.92,"averageConfirmationTime":null,"averageCancellationRate":null,"minimumCommission":0.6,"maximumCommission":2.65,"commissionRates":[{"fixedCommission":null,"percentageCommission":5.04}],"trackingLink":"https://tatrck.com/h/0Hu30z9R0d9z","createdAt":"2023-12-13T15:25:07.267Z","updatedAt":"2024-08-23T05:48:09.459Z"},{"merchantId":160423,"name":"Photobook ID","imageUri":"https://monetizeamex.com/v3/120x60/dc88890a3c106cfe80935ce7fced1193.png","currencyCode":"EUR","defaultDomain":"photobookindonesia.com","domains":["photobookindonesia.com"],"categoryId":80,"description":null,"isActive":true,"countryCodes":["ID"],"averageBasketValue":null,"averageCommission":null,"averageConfirmationTime":null,"averageCancellationRate":null,"minimumCommission":null,"maximumCommission":null,"commissionRates":[],"trackingLink":"https://tatrck.com/h/0Hu30z9R0dAd","createdAt":"2023-12-13T15:25:20.276Z","updatedAt":"2024-08-21T11:39:23.828Z"},{"merchantId":160424,"name":"Photobook MY","imageUri":"https://monetizeamex.com/v3/120x60/6e5b8892f8c0476df333c8ba1f074793.png","currencyCode":"EUR","defaultDomain":"photobook.com.my","domains":["photobook.com.my"],"categoryId":80,"description":null,"isActive":true,"countryCodes":["AU","MY"],"averageBasketValue":2.69,"averageCommission":0.51,"averageConfirmationTime":null,"averageCancellationRate":null,"minimumCommission":0.06,"maximumCommission":2.13,"commissionRates":[],"trackingLink":"https://tatrck.com/h/0Hu30z9R0dAe","createdAt":"2023-12-13T15:25:20.668Z","updatedAt":"2024-08-30T05:47:09.840Z"},{"merchantId":160426,"name":"Photobook SG","imageUri":"https://monetizeamex.com/v3/120x60/961267ff37d774621140e39ba229eec1.png","currencyCode":"EUR","defaultDomain":"photobooksingapore.com","domains":["photobooksingapore.com"],"categoryId":80,"description":null,"isActive":true,"countryCodes":["SG"],"averageBasketValue":44.48,"averageCommission":2.28,"averageConfirmationTime":null,"averageCancellationRate":null,"minimumCommission":2.68,"maximumCommission":10,"commissionRates":[],"trackingLink":"https://tatrck.com/h/0Hu30z9R0dAg","createdAt":"2023-12-13T15:25:21.281Z","updatedAt":"2024-08-24T05:52:47.081Z"},{"merchantId":160445,"name":"BerryLook WW","imageUri":"https://monetizeamex.com/v3/120x60/f8f87462cc5f1f41cfb3bcb115413431.png","currencyCode":"EUR","defaultDomain":"berrylook.com","domains":["berrylook.com"],"categoryId":21,"description":null,"isActive":true,"countryCodes":["UA","EE","AT","CH","PL"],"averageBasketValue":null,"averageCommission":null,"averageConfirmationTime":1,"averageCancellationRate":null,"minimumCommission":null,"maximumCommission":null,"commissionRates":[],"trackingLink":"https://tatrck.com/h/0Hu30z9R0dAz","createdAt":"2023-12-13T15:25:26.331Z","updatedAt":"2024-08-21T11:40:17.509Z"},{"merchantId":160458,"name":"Say It With A Condom US","imageUri":"https://monetizeamex.com/v3/120x60/7f517dd5204b4adcb5dd37bae35681e4.png","currencyCode":"EUR","defaultDomain":"funnycondoms.com","domains":["funnycondoms.com","sayitwithacondom.com"],"categoryId":68,"description":null,"isActive":true,"countryCodes":["US"],"averageBasketValue":null,"averageCommission":null,"averageConfirmationTime":null,"averageCancellationRate":null,"minimumCommission":null,"maximumCommission":null,"commissionRates":[{"fixedCommission":null,"percentageCommission":4.2}],"trackingLink":"https://tatrck.com/h/0Hu30z9R0dBA","createdAt":"2023-12-13T15:25:30.479Z","updatedAt":"2024-08-21T11:41:32.169Z"},{"merchantId":160461,"name":"This is J US","imageUri":"https://monetizeamex.com/v3/120x60/a11c5a3a574651038cfbf3dfe2abec31.png","currencyCode":"EUR","defaultDomain":"thisisj.com","domains":["thisisj.com"],"categoryId":40,"description":null,"isActive":true,"countryCodes":["US"],"averageBasketValue":null,"averageCommission":null,"averageConfirmationTime":null,"averageCancellationRate":null,"minimumCommission":null,"maximumCommission":null,"commissionRates":[{"fixedCommission":null,"percentageCommission":3}],"trackingLink":"https://tatrck.com/h/0Hu30z9R0dBD","createdAt":"2023-12-13T15:25:31.489Z","updatedAt":"2024-09-03T17:07:45.779Z"},{"merchantId":160483,"name":"Yourlivingart DE","imageUri":"https://monetizeamex.com/v3/120x60/fa220f8e8ad30ac60fb7d1cc81673be7.png","currencyCode":"EUR","defaultDomain":"yourlivingart.com","domains":["yourlivingart.com","yourlivingart.de"],"categoryId":82,"description":null,"isActive":true,"countryCodes":["DE"],"averageBasketValue":null,"averageCommission":null,"averageConfirmationTime":null,"averageCancellationRate":null,"minimumCommission":null,"maximumCommission":null,"commissionRates":[],"trackingLink":"https://tatrck.com/h/0Hu30z9R0dBZ","createdAt":"2023-12-13T15:25:40.570Z","updatedAt":"2024-08-21T11:39:06.036Z"},{"merchantId":160487,"name":"tech.trade UK","imageUri":"https://monetizeamex.com/v3/120x60/dd5c8e9ad1023038918e2c46ab8943fb.png","currencyCode":"EUR","defaultDomain":"tech.trade","domains":["tech.trade"],"categoryId":72,"description":null,"isActive":true,"countryCodes":["GB"],"averageBasketValue":456.94,"averageCommission":6.47,"averageConfirmationTime":7,"averageCancellationRate":null,"minimumCommission":1.8,"maximumCommission":2.7,"commissionRates":[{"fixedCommission":null,"percentageCommission":3},{"fixedCommission":null,"percentageCommission":1.7999999999999998}],"trackingLink":"https://tatrck.com/h/0Hu30z9R0dBd","createdAt":"2023-12-13T15:25:42.096Z","updatedAt":"2024-09-03T17:09:09.584Z"},{"merchantId":160499,"name":"Lomado DE","imageUri":"https://monetizeamex.com/v3/120x60/de0a102fc09aeada71c2e5e667c2b1ca.png","currencyCode":"EUR","defaultDomain":"lomado.de","domains":["lomado.de"],"categoryId":34,"description":null,"isActive":true,"countryCodes":["DE"],"averageBasketValue":533.21,"averageCommission":23.8,"averageConfirmationTime":19,"averageCancellationRate":10.9,"minimumCommission":5.92,"maximumCommission":39.64,"commissionRates":[{"fixedCommission":null,"percentageCommission":3.5999999999999996},{"fixedCommission":null,"percentageCommission":4.8},{"fixedCommission":null,"percentageCommission":5.3999999999999995}],"trackingLink":"https://tatrck.com/h/0Hu30z9R0dBp","createdAt":"2023-12-13T15:25:47.984Z","updatedAt":"2024-09-03T17:09:12.678Z"},{"merchantId":160501,"name":"ETI DE","imageUri":"https://monetizeamex.com/v3/120x60/cd981471ef630d873e895c03a1673dc7.png","currencyCode":"EUR","defaultDomain":"eti.de","domains":["eti.de"],"categoryId":63,"description":null,"isActive":true,"countryCodes":["DE"],"averageBasketValue":1,"averageCommission":42.02,"averageConfirmationTime":null,"averageCancellationRate":null,"minimumCommission":18.72,"maximumCommission":18.72,"commissionRates":[{"fixedCommission":null,"percentageCommission":3}],"trackingLink":"https://tatrck.com/h/0Hu30z9R0dBr","createdAt":"2023-12-13T15:25:47.579Z","updatedAt":"2024-08-29T05:31:21.358Z"},{"merchantId":160512,"name":"Stellafietsen NL","imageUri":"https://kqdxc4m5.de/logos_v2/120x60/80736d52bd8e1544100b187531b825e9.gif","currencyCode":"EUR","defaultDomain":"stellafietsen.nl","domains":["stellafietsen.nl"],"categoryId":3,"description":null,"isActive":true,"countryCodes":["NL"],"averageBasketValue":null,"averageCommission":3.29,"averageConfirmationTime":2,"averageCancellationRate":null,"minimumCommission":1.71,"maximumCommission":1.71,"commissionRates":[],"trackingLink":"https://tatrck.com/h/0Hu30z9R0dC0","createdAt":"2023-12-13T15:25:53.088Z","updatedAt":"2024-09-03T05:21:39.685Z"},{"merchantId":160513,"name":"Vinopremier ES","imageUri":"https://kqdxc4m5.de/logos_v2/120x60/d42f98340922e2a83e09f8ea7de88b30.gif","currencyCode":"EUR","defaultDomain":"vinopremier.com","domains":["vinopremier.com","vinopremier.es"],"categoryId":null,"description":null,"isActive":true,"countryCodes":["ES"],"averageBasketValue":null,"averageCommission":null,"averageConfirmationTime":null,"averageCancellationRate":null,"minimumCommission":null,"maximumCommission":null,"commissionRates":[{"fixedCommission":null,"percentageCommission":3.36},{"fixedCommission":null,"percentageCommission":6.3}],"trackingLink":"https://tatrck.com/h/0Hu30z9R0dC1","createdAt":"2023-12-13T15:25:53.267Z","updatedAt":"2024-08-08T05:54:00.708Z"},{"merchantId":160517,"name":"Just Tyres UK","imageUri":"https://monetizeamex.com/v3/120x60/0b547847b8b445ceca930496691c60b7.png","currencyCode":"EUR","defaultDomain":"justtyres.co.uk","domains":["justtyres.co.uk"],"categoryId":59,"description":null,"isActive":true,"countryCodes":["GB"],"averageBasketValue":268.61,"averageCommission":4.83,"averageConfirmationTime":null,"averageCancellationRate":55,"minimumCommission":4.36,"maximumCommission":4.59,"commissionRates":[{"fixedCommission":null,"percentageCommission":1.7999999999999998}],"trackingLink":"https://tatrck.com/h/0Hu30z9R0dC5","createdAt":"2023-12-13T15:25:55.270Z","updatedAt":"2024-09-02T05:18:06.886Z"},{"merchantId":160524,"name":"GuruNanda US","imageUri":"https://monetizeamex.com/v3/120x60/02ded66bb352079e9fdaaa2e526b1c1f.png","currencyCode":"EUR","defaultDomain":"gurunanda.com","domains":["gurunanda.com"],"categoryId":35,"description":null,"isActive":true,"countryCodes":["US"],"averageBasketValue":null,"averageCommission":null,"averageConfirmationTime":null,"averageCancellationRate":null,"minimumCommission":null,"maximumCommission":null,"commissionRates":[{"fixedCommission":null,"percentageCommission":4.5}],"trackingLink":"https://tatrck.com/h/0Hu30z9R0dCC","createdAt":"2023-12-13T15:25:58.866Z","updatedAt":"2024-08-21T11:33:26.857Z"},{"merchantId":160527,"name":"Puffy US","imageUri":"https://monetizeamex.com/v3/120x60/046ec380f08c3ee602d9c5f12ddccc3e.png","currencyCode":"EUR","defaultDomain":"puffy.com","domains":["puffy.com"],"categoryId":34,"description":null,"isActive":true,"countryCodes":["US"],"averageBasketValue":null,"averageCommission":5.11,"averageConfirmationTime":1,"averageCancellationRate":null,"minimumCommission":4.87,"maximumCommission":4.87,"commissionRates":[],"trackingLink":"https://tatrck.com/h/0Hu30z9R0dCF","createdAt":"2023-12-13T15:25:59.673Z","updatedAt":"2024-09-03T05:53:27.727Z"},{"merchantId":160530,"name":"Walabot US","imageUri":"https://monetizeamex.com/v3/120x60/67445d6902d057147ef3fcf30839239a.png","currencyCode":"EUR","defaultDomain":"walabot.com","domains":["walabot.com"],"categoryId":75,"description":null,"isActive":true,"countryCodes":["US"],"averageBasketValue":167.23,"averageCommission":20.06,"averageConfirmationTime":null,"averageCancellationRate":66.7,"minimumCommission":19.35,"maximumCommission":19.35,"commissionRates":[{"fixedCommission":null,"percentageCommission":12},{"fixedCommission":null,"percentageCommission":12}],"trackingLink":"https://tatrck.com/h/0Hu30z9R0dCI","createdAt":"2023-12-13T15:26:00.091Z","updatedAt":"2024-08-21T11:43:04.733Z"},{"merchantId":160543,"name":"Pixelsucht US","imageUri":"https://monetizeamex.com/v3/120x60/aeaf4f8de465f9f6d154f03aefce2683.png","currencyCode":"EUR","defaultDomain":"pixelsucht.net","domains":["pixelsucht.net"],"categoryId":58,"description":null,"isActive":true,"countryCodes":["DE"],"averageBasketValue":34.28,"averageCommission":3.28,"averageConfirmationTime":null,"averageCancellationRate":null,"minimumCommission":3.87,"maximumCommission":3.87,"commissionRates":[],"trackingLink":"https://tatrck.com/h/0Hu30z9R0dCV","createdAt":"2023-12-13T15:26:05.200Z","updatedAt":"2024-08-23T15:01:29.363Z"},{"merchantId":160544,"name":"Malin Goetz US","imageUri":"https://monetizeamex.com/v3/120x60/2868fe94dc689dafaddb0da507cd1580.png","currencyCode":"EUR","defaultDomain":"malinandgoetz.com","domains":["malinandgoetz.com"],"categoryId":27,"description":null,"isActive":true,"countryCodes":["AU"],"averageBasketValue":16.37,"averageCommission":0.34,"averageConfirmationTime":null,"averageCancellationRate":null,"minimumCommission":null,"maximumCommission":null,"commissionRates":[],"trackingLink":"https://tatrck.com/h/0Hu30z9R0dCW","createdAt":"2023-12-13T15:26:06.287Z","updatedAt":"2024-08-21T11:40:11.591Z"},{"merchantId":160560,"name":"Orange BE","imageUri":"https://monetizeamex.com/v3/120x60/89e3076011b6e64197ca7d392f2dfccd.png","currencyCode":"EUR","defaultDomain":"orange.be","domains":["orange.be"],"categoryId":58,"description":null,"isActive":true,"countryCodes":["BE"],"averageBasketValue":null,"averageCommission":5.62,"averageConfirmationTime":null,"averageCancellationRate":null,"minimumCommission":6.55,"maximumCommission":6.55,"commissionRates":[],"trackingLink":"https://tatrck.com/h/0Hu30z9R0dCm","createdAt":"2023-12-13T15:26:11.765Z","updatedAt":"2024-08-30T05:35:12.690Z"},{"merchantId":160562,"name":"Playmobil IT","imageUri":"https://monetizeamex.com/v3/120x60/113e1fa1ca3a4b1a790e9bbdc6ee1e97.png","currencyCode":"EUR","defaultDomain":"playmobil.it","domains":["playmobil.it"],"categoryId":17,"description":null,"isActive":true,"countryCodes":["IT"],"averageBasketValue":55.67,"averageCommission":1.66,"averageConfirmationTime":null,"averageCancellationRate":null,"minimumCommission":1.76,"maximumCommission":1.76,"commissionRates":[{"fixedCommission":null,"percentageCommission":3}],"trackingLink":"https://tatrck.com/h/0Hu30z9R0dCo","createdAt":"2023-12-13T15:26:12.877Z","updatedAt":"2024-09-03T17:09:35.209Z"},{"merchantId":160564,"name":"VictoriaPlum UK","imageUri":"https://monetizeamex.com/v3/120x60/6ec14db1e81941b88bf85aeec1e07c8e.png","currencyCode":"EUR","defaultDomain":"victoriaplum.com","domains":["victoriaplum.com","victoriaplum.co.uk"],"categoryId":74,"description":null,"isActive":true,"countryCodes":["GB"],"averageBasketValue":224.49,"averageCommission":3.3,"averageConfirmationTime":null,"averageCancellationRate":null,"minimumCommission":0.1,"maximumCommission":5.13,"commissionRates":[{"fixedCommission":null,"percentageCommission":1.2},{"fixedCommission":null,"percentageCommission":1.44},{"fixedCommission":null,"percentageCommission":1.92}],"trackingLink":"https://tatrck.com/h/0Hu30z9R0dCq","createdAt":"2023-12-13T15:26:12.993Z","updatedAt":"2024-09-03T17:08:39.863Z"},{"merchantId":160565,"name":"Wendy Wu Tours UK","imageUri":"https://monetizeamex.com/v3/120x60/7ad7b85c2f36f373bf3453e9506b407e.png","currencyCode":"EUR","defaultDomain":"wendywutours.co.uk","domains":["wendywutours.co.uk"],"categoryId":63,"description":null,"isActive":true,"countryCodes":["GB"],"averageBasketValue":null,"averageCommission":null,"averageConfirmationTime":null,"averageCancellationRate":null,"minimumCommission":null,"maximumCommission":null,"commissionRates":[{"fixedCommission":null,"percentageCommission":1.7999999999999998}],"trackingLink":"https://tatrck.com/h/0Hu30z9R0dCr","createdAt":"2023-12-13T15:26:12.970Z","updatedAt":"2024-09-03T17:09:29.979Z"},{"merchantId":160567,"name":"Mediumastro NL","imageUri":"https://monetizeamex.com/v3/120x60/0c22dc73de14d0d832b47c357f824e28.png","currencyCode":"EUR","defaultDomain":"mediumastro.nl","domains":["mediumastro.nl"],"categoryId":68,"description":null,"isActive":true,"countryCodes":["NL"],"averageBasketValue":null,"averageCommission":null,"averageConfirmationTime":null,"averageCancellationRate":null,"minimumCommission":null,"maximumCommission":null,"commissionRates":[],"trackingLink":"https://tatrck.com/h/0Hu30z9R0dCt","createdAt":"2023-12-13T15:26:14.077Z","updatedAt":"2024-08-21T11:26:12.807Z"},{"merchantId":160569,"name":"Oberoihotels UK","imageUri":"https://monetizeamex.com/v3/120x60/b8080665f867c60c812969122d3a9861.png","currencyCode":"EUR","defaultDomain":"oberoihotels.com","domains":["oberoihotels.com"],"categoryId":63,"description":"Hotels.com | Find cheap hotels and discounts when you book on Hotels.com. Compare hotel deals, offers and read unbiased reviews on hotels.","isActive":true,"countryCodes":[],"averageBasketValue":913.77,"averageCommission":20.42,"averageConfirmationTime":null,"averageCancellationRate":null,"minimumCommission":4.69,"maximumCommission":165.9,"commissionRates":[],"trackingLink":"https://tatrck.com/h/0Hu30z9R0dCv","createdAt":"2023-12-13T15:26:15.204Z","updatedAt":"2024-09-03T17:08:26.468Z"},{"merchantId":160570,"name":"Tridenthotels UK","imageUri":"https://monetizeamex.com/v3/120x60/b930a4c754ab0baf1bcb6e5f8c069938.png","currencyCode":"EUR","defaultDomain":"tridenthotels.com","domains":["tridenthotels.com"],"categoryId":63,"description":"Hotels.com | Find cheap hotels and discounts when you book on Hotels.com. Compare hotel deals, offers and read unbiased reviews on hotels.","isActive":true,"countryCodes":[],"averageBasketValue":259.01,"averageCommission":9.32,"averageConfirmationTime":null,"averageCancellationRate":null,"minimumCommission":3.84,"maximumCommission":7.67,"commissionRates":[],"trackingLink":"https://tatrck.com/h/0Hu30z9R0dCw","createdAt":"2023-12-13T15:26:15.179Z","updatedAt":"2024-09-03T17:09:27.804Z"},{"merchantId":160581,"name":"Dinnerly US","imageUri":"https://monetizeamex.com/v3/120x60/a2e3716531b3a051de9f5a040dc5e14f.png","currencyCode":"EUR","defaultDomain":"dinnerly.com","domains":["dinnerly.com"],"categoryId":14,"description":null,"isActive":true,"countryCodes":["US"],"averageBasketValue":22.11,"averageCommission":5.73,"averageConfirmationTime":3,"averageCancellationRate":15,"minimumCommission":4.95,"maximumCommission":7.84,"commissionRates":[{"fixedCommission":6,"percentageCommission":null}],"trackingLink":"https://tatrck.com/h/0Hu30z9R0dD5","createdAt":"2023-12-13T15:26:19.774Z","updatedAt":"2024-09-03T17:09:40.598Z"},{"merchantId":160588,"name":"Macback UK","imageUri":"https://monetizeamex.com/v3/120x60/5c58881e482e1ec3ee98628e495ffe6e.png","currencyCode":"EUR","defaultDomain":"macback.co.uk","domains":["macback.co.uk"],"categoryId":50,"description":null,"isActive":true,"countryCodes":["GB"],"averageBasketValue":null,"averageCommission":null,"averageConfirmationTime":null,"averageCancellationRate":null,"minimumCommission":null,"maximumCommission":null,"commissionRates":[{"fixedCommission":null,"percentageCommission":1.2}],"trackingLink":"https://tatrck.com/h/0Hu30z9R0dDC","createdAt":"2023-12-13T15:26:20.987Z","updatedAt":"2024-09-03T17:07:05.958Z"},{"merchantId":160596,"name":"Riviera Travel UK","imageUri":"https://monetizeamex.com/v3/120x60/49d68ba7fccedafa1e97e42011a7576c.png","currencyCode":"EUR","defaultDomain":"rivieratravel.co.uk","domains":["rivieratravel.co.uk"],"categoryId":46,"description":null,"isActive":true,"countryCodes":["GB"],"averageBasketValue":5,"averageCommission":105.76,"averageConfirmationTime":null,"averageCancellationRate":null,"minimumCommission":56.14,"maximumCommission":159.31,"commissionRates":[],"trackingLink":"https://tatrck.com/h/0Hu30z9R0dDK","createdAt":"2023-12-13T15:26:22.265Z","updatedAt":"2024-09-03T17:07:12.320Z"},{"merchantId":160605,"name":"OppLoans US","imageUri":"https://monetizeamex.com/v3/120x60/435b2b77d531a2a10af3c9f6e108215c.png","currencyCode":"EUR","defaultDomain":"opploans.com","domains":["opploans.com"],"categoryId":31,"description":null,"isActive":true,"countryCodes":[],"averageBasketValue":null,"averageCommission":null,"averageConfirmationTime":null,"averageCancellationRate":null,"minimumCommission":null,"maximumCommission":null,"commissionRates":[],"trackingLink":"https://tatrck.com/h/0Hu30z9R0dDT","createdAt":"2023-12-13T15:26:23.173Z","updatedAt":"2024-08-21T11:29:20.583Z"},{"merchantId":160613,"name":"SlideBelts US","imageUri":"https://monetizeamex.com/v3/120x60/233446a9525add92e5db58fadf17df4e.png","currencyCode":"EUR","defaultDomain":"slidebelts.com","domains":["slidebelts.com"],"categoryId":40,"description":null,"isActive":true,"countryCodes":["US"],"averageBasketValue":61.92,"averageCommission":3.71,"averageConfirmationTime":null,"averageCancellationRate":null,"minimumCommission":1.38,"maximumCommission":14.22,"commissionRates":[{"fixedCommission":null,"percentageCommission":6}],"trackingLink":"https://tatrck.com/h/0Hu30z9R0dDb","createdAt":"2023-12-13T15:26:26.978Z","updatedAt":"2024-08-21T11:28:59.081Z"},{"merchantId":160617,"name":"Avantree US","imageUri":"https://monetizeamex.com/v3/120x60/1c04ddebcb6b2897f91d95c73cad68a5.png","currencyCode":"EUR","defaultDomain":"avantree.com","domains":["avantree.com"],"categoryId":72,"description":null,"isActive":true,"countryCodes":["US"],"averageBasketValue":8,"averageCommission":422.79,"averageConfirmationTime":1,"averageCancellationRate":null,"minimumCommission":422.79,"maximumCommission":422.79,"commissionRates":[{"fixedCommission":null,"percentageCommission":7.199999999999999}],"trackingLink":"https://tatrck.com/h/0Hu30z9R0dDf","createdAt":"2023-12-13T15:26:25.830Z","updatedAt":"2024-08-21T11:32:15.203Z"},{"merchantId":160624,"name":"Homedeco NL","imageUri":"https://monetizeamex.com/v3/120x60/de966bed0b31daf745f0b3f697ec58f4.png","currencyCode":"EUR","defaultDomain":"homedeco.nl","domains":["homedeco.nl"],"categoryId":74,"description":null,"isActive":true,"countryCodes":["NL"],"averageBasketValue":210.13,"averageCommission":6.3,"averageConfirmationTime":30,"averageCancellationRate":null,"minimumCommission":0.87,"maximumCommission":23.52,"commissionRates":[],"trackingLink":"https://tatrck.com/h/0Hu30z9R0dDm","createdAt":"2023-12-13T15:26:30.365Z","updatedAt":"2024-09-03T17:09:33.748Z"},{"merchantId":160632,"name":"AceThinker US","imageUri":"https://monetizeamex.com/v3/120x60/d5d93a7d008c3781611f5ac0d45a7e83.png","currencyCode":"EUR","defaultDomain":"acethinker.com","domains":["acethinker.com"],"categoryId":49,"description":null,"isActive":true,"countryCodes":[],"averageBasketValue":null,"averageCommission":null,"averageConfirmationTime":null,"averageCancellationRate":null,"minimumCommission":null,"maximumCommission":null,"commissionRates":[{"fixedCommission":null,"percentageCommission":24}],"trackingLink":"https://tatrck.com/h/0Hu30z9R0dDu","createdAt":"2023-12-13T15:26:31.867Z","updatedAt":"2024-09-02T05:32:40.683Z"},{"merchantId":160633,"name":"ablebits US","imageUri":"https://monetizeamex.com/v3/120x60/8c6d2ca2e7dad9d1ce641b082f2da85d.png","currencyCode":"EUR","defaultDomain":"ablebits.com","domains":["ablebits.com"],"categoryId":65,"description":null,"isActive":true,"countryCodes":[],"averageBasketValue":22,"averageCommission":3.96,"averageConfirmationTime":null,"averageCancellationRate":null,"minimumCommission":4.45,"maximumCommission":4.45,"commissionRates":[{"fixedCommission":null,"percentageCommission":15},{"fixedCommission":null,"percentageCommission":18}],"trackingLink":"https://tatrck.com/h/0Hu30z9R0dDv","createdAt":"2023-12-13T15:26:31.671Z","updatedAt":"2024-08-15T09:08:50.435Z"},{"merchantId":160636,"name":"MAAT digital US","imageUri":"https://monetizeamex.com/v3/120x60/6a260b60c77259903939118bba731060.png","currencyCode":"EUR","defaultDomain":"maat.digital","domains":["maat.digital"],"categoryId":49,"description":null,"isActive":true,"countryCodes":["DE"],"averageBasketValue":null,"averageCommission":null,"averageConfirmationTime":null,"averageCancellationRate":null,"minimumCommission":null,"maximumCommission":null,"commissionRates":[],"trackingLink":"https://tatrck.com/h/0Hu30z9R0dDy","createdAt":"2023-12-13T15:26:34.283Z","updatedAt":"2024-08-26T09:01:39.745Z"},{"merchantId":160638,"name":"PatternExplorer US","imageUri":"https://monetizeamex.com/v3/120x60/218a46374e1cc5dc2282f8cd6eb013e3.png","currencyCode":"EUR","defaultDomain":"patternexplorer.com","domains":["patternexplorer.com"],"categoryId":69,"description":null,"isActive":true,"countryCodes":["US"],"averageBasketValue":null,"averageCommission":null,"averageConfirmationTime":null,"averageCancellationRate":null,"minimumCommission":null,"maximumCommission":null,"commissionRates":[{"fixedCommission":null,"percentageCommission":18}],"trackingLink":"https://tatrck.com/h/0Hu30z9R0dD-","createdAt":"2023-12-13T15:26:34.979Z","updatedAt":"2024-08-15T09:06:26.445Z"},{"merchantId":160640,"name":"ThemeFuse US","imageUri":"https://monetizeamex.com/v3/120x60/8405387a751e0befc15877a9b84b5d6d.png","currencyCode":"EUR","defaultDomain":"themefuse.com","domains":["themefuse.com"],"categoryId":80,"description":null,"isActive":true,"countryCodes":["TD"],"averageBasketValue":null,"averageCommission":null,"averageConfirmationTime":null,"averageCancellationRate":null,"minimumCommission":null,"maximumCommission":null,"commissionRates":[{"fixedCommission":null,"percentageCommission":18}],"trackingLink":"https://tatrck.com/h/0Hu30z9R0dE0","createdAt":"2023-12-13T15:26:35.279Z","updatedAt":"2024-08-15T09:06:26.240Z"},{"merchantId":160641,"name":"XWidgetSoft US","imageUri":"https://monetizeamex.com/v3/120x60/c19a2c34217a5f9305327142e6878a55.png","currencyCode":"EUR","defaultDomain":"xwidget.com","domains":["xwidget.com"],"categoryId":75,"description":null,"isActive":true,"countryCodes":[],"averageBasketValue":null,"averageCommission":null,"averageConfirmationTime":null,"averageCancellationRate":null,"minimumCommission":null,"maximumCommission":null,"commissionRates":[{"fixedCommission":null,"percentageCommission":15}],"trackingLink":"https://tatrck.com/h/0Hu30z9R0dE1","createdAt":"2023-12-13T15:26:35.275Z","updatedAt":"2024-08-15T09:06:26.972Z"},{"merchantId":160653,"name":"R.C. Willey US","imageUri":"https://monetizeamex.com/v3/120x60/175e58a20cdd01ece9914ee68de759a2.png","currencyCode":"EUR","defaultDomain":"rcwilley.com","domains":["rcwilley.com"],"categoryId":74,"description":null,"isActive":true,"countryCodes":["US"],"averageBasketValue":393.61,"averageCommission":7.79,"averageConfirmationTime":null,"averageCancellationRate":1,"minimumCommission":6.61,"maximumCommission":6.61,"commissionRates":[],"trackingLink":"https://tatrck.com/h/0Hu30z9R0dED","createdAt":"2023-12-13T15:26:38.380Z","updatedAt":"2024-09-03T17:04:06.614Z"},{"merchantId":160688,"name":"Schulte Ufer DE","imageUri":"https://monetizeamex.com/v3/120x60/1eea7c0e4273f3a5fc20268cdf4ca4a6.png","currencyCode":"EUR","defaultDomain":"schulteufer-shop.de","domains":["schulteufer-shop.de"],"categoryId":72,"description":null,"isActive":true,"countryCodes":["DE"],"averageBasketValue":87.98,"averageCommission":4.22,"averageConfirmationTime":null,"averageCancellationRate":null,"minimumCommission":4.22,"maximumCommission":4.22,"commissionRates":[{"fixedCommission":null,"percentageCommission":4.8}],"trackingLink":"https://tatrck.com/h/0Hu30z9R0dEm","createdAt":"2023-12-13T15:26:50.867Z","updatedAt":"2024-09-03T17:09:08.248Z"},{"merchantId":160690,"name":"Bogaart Tuinmeubelen NL","imageUri":"https://monetizeamex.com/v3/120x60/eded04875bf0cd9dc84f73251cc3b273.png","currencyCode":"EUR","defaultDomain":"tuinkussenshop.nl","domains":["bogaarttuinmeubelen.nl","tuinkussenshop.nl"],"categoryId":74,"description":null,"isActive":true,"countryCodes":["NL"],"averageBasketValue":167.29,"averageCommission":4.56,"averageConfirmationTime":21,"averageCancellationRate":10.3,"minimumCommission":0.54,"maximumCommission":11.4,"commissionRates":[{"fixedCommission":null,"percentageCommission":2.73}],"trackingLink":"https://tatrck.com/h/0Hu30z9R0dEo","createdAt":"2023-12-13T15:26:51.974Z","updatedAt":"2024-09-03T17:14:09.643Z"},{"merchantId":160691,"name":"eObuwie PL","imageUri":"https://monetizeamex.com/v3/120x60/ac26d11b35aed8a6cdf5666819fd29e0.png","currencyCode":"EUR","defaultDomain":"eobuwie.com.pl","domains":["eobuwie.com.pl","eobuwie.pl"],"categoryId":77,"description":null,"isActive":true,"countryCodes":["PL"],"averageBasketValue":100.09,"averageCommission":3.33,"averageConfirmationTime":null,"averageCancellationRate":null,"minimumCommission":0.17,"maximumCommission":37.63,"commissionRates":[],"trackingLink":"https://tatrck.com/h/0Hu30z9R0dEp","createdAt":"2023-12-13T15:26:51.797Z","updatedAt":"2024-09-03T05:53:40.075Z"},{"merchantId":160694,"name":"FoodSpring ES","imageUri":"https://monetizeamex.com/v3/120x60/03fbebde9be2d0e8ccc0a274d3d3f9d5.png","currencyCode":"EUR","defaultDomain":"foodspring.es","domains":["foodspring.es"],"categoryId":67,"description":null,"isActive":true,"countryCodes":["ES"],"averageBasketValue":70.24,"averageCommission":4.85,"averageConfirmationTime":39,"averageCancellationRate":null,"minimumCommission":0.54,"maximumCommission":0.54,"commissionRates":[],"trackingLink":"https://tatrck.com/h/0Hu30z9R0dEs","createdAt":"2023-12-13T15:26:53.068Z","updatedAt":"2024-09-03T05:54:01.214Z"},{"merchantId":160701,"name":"Kids Around UK","imageUri":"https://monetizeamex.com/v3/120x60/fdb0cf984891aff5ca54ea5be62ac34a.png","currencyCode":"EUR","defaultDomain":"uk.kidsaround.com","domains":["kidsaround.com","kidsaround.fr","uk.kidsaround.com"],"categoryId":40,"description":null,"isActive":true,"countryCodes":["GB","FR"],"averageBasketValue":107.94,"averageCommission":4.69,"averageConfirmationTime":32,"averageCancellationRate":null,"minimumCommission":0.43,"maximumCommission":21.14,"commissionRates":[],"trackingLink":"https://tatrck.com/h/0Hu30z9R0dEz","createdAt":"2023-12-13T15:26:56.882Z","updatedAt":"2024-09-03T17:07:21.051Z"},{"merchantId":160704,"name":"Lights4fun DE","imageUri":"https://monetizeamex.com/v3/120x60/1202e4446b78a537b8779c2af62f0aee.png","currencyCode":"EUR","defaultDomain":"lights4fun.de","domains":["lights4fun.de"],"categoryId":74,"description":null,"isActive":true,"countryCodes":["DE"],"averageBasketValue":103.55,"averageCommission":4.97,"averageConfirmationTime":null,"averageCancellationRate":null,"minimumCommission":1.92,"maximumCommission":2.4,"commissionRates":[{"fixedCommission":null,"percentageCommission":4.8}],"trackingLink":"https://tatrck.com/h/0Hu30z9R0dF0","createdAt":"2023-12-13T15:26:57.765Z","updatedAt":"2024-09-03T17:06:41.695Z"},{"merchantId":160705,"name":"Lights4fun FR","imageUri":"https://monetizeamex.com/v3/120x60/774dfb4fb5e853cec704468581daa216.png","currencyCode":"EUR","defaultDomain":"lights4fun.fr","domains":["lights4fun.fr"],"categoryId":74,"description":null,"isActive":true,"countryCodes":["FR"],"averageBasketValue":116.22,"averageCommission":3.48,"averageConfirmationTime":null,"averageCancellationRate":null,"minimumCommission":1.53,"maximumCommission":6.31,"commissionRates":[{"fixedCommission":null,"percentageCommission":3}],"trackingLink":"https://tatrck.com/h/0Hu30z9R0dF1","createdAt":"2023-12-13T15:26:57.290Z","updatedAt":"2024-09-03T17:07:19.756Z"},{"merchantId":160706,"name":"Natural Image Wigs UK","imageUri":"https://monetizeamex.com/v3/120x60/181c8d3335aea763a8c375b90624672e.png","currencyCode":"EUR","defaultDomain":"naturalimagewigs.co.uk","domains":["naturalimagewigs.co.uk"],"categoryId":28,"description":null,"isActive":true,"countryCodes":["GB"],"averageBasketValue":139.79,"averageCommission":5.87,"averageConfirmationTime":null,"averageCancellationRate":null,"minimumCommission":null,"maximumCommission":null,"commissionRates":[{"fixedCommission":null,"percentageCommission":4.2}],"trackingLink":"https://tatrck.com/h/0Hu30z9R0dF2","createdAt":"2023-12-13T15:26:57.876Z","updatedAt":"2024-09-03T17:09:11.256Z"},{"merchantId":160713,"name":"Euromaster DE","imageUri":"https://monetizeamex.com/v3/120x60/2e238160c29a5b47826a2dc1b7487b21.png","currencyCode":"EUR","defaultDomain":"euromaster.de","domains":["euromaster.de"],"categoryId":41,"description":null,"isActive":true,"countryCodes":["DE"],"averageBasketValue":304.77,"averageCommission":9.99,"averageConfirmationTime":4,"averageCancellationRate":null,"minimumCommission":3.52,"maximumCommission":18.96,"commissionRates":[],"trackingLink":"https://tatrck.com/h/0Hu30z9R0dF9","createdAt":"2023-12-13T15:27:00.655Z","updatedAt":"2024-08-21T11:34:21.222Z"},{"merchantId":160730,"name":"Swanson Health Products US","imageUri":"https://monetizeamex.com/v3/120x60/cd24174a3c1684176a5f1ffc98607441.png","currencyCode":"EUR","defaultDomain":"swansonvitamins.com","domains":["swansonvitamins.com"],"categoryId":68,"description":null,"isActive":true,"countryCodes":["US"],"averageBasketValue":69.12,"averageCommission":0.61,"averageConfirmationTime":null,"averageCancellationRate":0.5,"minimumCommission":0.05,"maximumCommission":11.29,"commissionRates":[{"fixedCommission":null,"percentageCommission":1.44}],"trackingLink":"https://tatrck.com/h/0Hu30z9R0dFQ","createdAt":"2023-12-13T15:27:05.588Z","updatedAt":"2024-09-03T05:51:30.449Z"},{"merchantId":160733,"name":"Bergfreunde ES","imageUri":"https://monetizeamex.com/v3/120x60/8e4acc53862d2b7b9271be842fd4bd91.png","currencyCode":"EUR","defaultDomain":"bergfreunde.es","domains":["bergfreunde.es"],"categoryId":40,"description":null,"isActive":true,"countryCodes":["ES"],"averageBasketValue":null,"averageCommission":null,"averageConfirmationTime":null,"averageCancellationRate":null,"minimumCommission":null,"maximumCommission":null,"commissionRates":[{"fixedCommission":null,"percentageCommission":4.2}],"trackingLink":"https://tatrck.com/h/0Hu30z9R0dFT","createdAt":"2023-12-13T15:27:06.781Z","updatedAt":"2024-08-15T09:06:31.670Z"},{"merchantId":160734,"name":"Bergfreunde IT","imageUri":"https://monetizeamex.com/v3/120x60/549602a833e13569dc03d94a327c5d6f.png","currencyCode":"EUR","defaultDomain":"bergfreunde.it","domains":["bergfreunde.it"],"categoryId":40,"description":null,"isActive":true,"countryCodes":["IT"],"averageBasketValue":98.25,"averageCommission":4.12,"averageConfirmationTime":null,"averageCancellationRate":null,"minimumCommission":4.12,"maximumCommission":4.12,"commissionRates":[{"fixedCommission":null,"percentageCommission":4.2}],"trackingLink":"https://tatrck.com/h/0Hu30z9R0dFU","createdAt":"2023-12-13T15:27:07.868Z","updatedAt":"2024-08-15T09:06:31.877Z"},{"merchantId":160738,"name":"Shoes4gentlemen DE","imageUri":"https://monetizeamex.com/v3/120x60/cdb556f2802f2fa8e11e720c4dd2c782.png","currencyCode":"EUR","defaultDomain":"shoes4gentlemen.de","domains":["shoes4gentlemen.de"],"categoryId":40,"description":null,"isActive":true,"countryCodes":[],"averageBasketValue":100,"averageCommission":9.6,"averageConfirmationTime":null,"averageCancellationRate":null,"minimumCommission":9.6,"maximumCommission":9.6,"commissionRates":[{"fixedCommission":null,"percentageCommission":9.6}],"trackingLink":"https://tatrck.com/h/0Hu30z9R0dFY","createdAt":"2023-12-13T15:27:09.873Z","updatedAt":"2024-08-15T09:06:32.137Z"},{"merchantId":160753,"name":"licht-erlebnisse DE","imageUri":"https://monetizeamex.com/v3/120x60/63493072de7356cc9e5ac3c4692a956b.png","currencyCode":"EUR","defaultDomain":"licht-erlebnisse.de","domains":["licht-erlebnisse.de"],"categoryId":77,"description":null,"isActive":true,"countryCodes":["DE"],"averageBasketValue":118.89,"averageCommission":8.98,"averageConfirmationTime":null,"averageCancellationRate":null,"minimumCommission":0.24,"maximumCommission":19.11,"commissionRates":[{"fixedCommission":null,"percentageCommission":7.199999999999999}],"trackingLink":"https://tatrck.com/h/0Hu30z9R0dFn","createdAt":"2023-12-13T15:27:15.371Z","updatedAt":"2024-09-03T17:14:22.465Z"},{"merchantId":160770,"name":"Instacart US","imageUri":"https://monetizeamex.com/v3/120x60/19eb4aad3d0549a7da8f2a9e4a604614.png","currencyCode":"EUR","defaultDomain":"instacart.com","domains":["instacart.com"],"categoryId":21,"description":null,"isActive":true,"countryCodes":["US"],"averageBasketValue":50.14,"averageCommission":3.5,"averageConfirmationTime":37,"averageCancellationRate":3,"minimumCommission":4.76,"maximumCommission":5.07,"commissionRates":[],"trackingLink":"https://tatrck.com/h/0Hu30z9R0dG2","createdAt":"2023-12-13T15:27:24.386Z","updatedAt":"2024-09-03T05:43:18.121Z"},{"merchantId":160775,"name":"Lehmans Hardware & Appliance US","imageUri":"https://monetizeamex.com/v3/120x60/b1bdddde35bd01756e6deab6c2b05f53.png","currencyCode":"EUR","defaultDomain":"lehmans.com","domains":["lehmans.com"],"categoryId":21,"description":null,"isActive":true,"countryCodes":["US"],"averageBasketValue":117.15,"averageCommission":5.62,"averageConfirmationTime":58,"averageCancellationRate":null,"minimumCommission":0.87,"maximumCommission":4.66,"commissionRates":[{"fixedCommission":null,"percentageCommission":4.8}],"trackingLink":"https://tatrck.com/h/0Hu30z9R0dG7","createdAt":"2023-12-13T15:27:24.684Z","updatedAt":"2024-08-26T05:58:38.879Z"},{"merchantId":160789,"name":"Hot Shots Secret US","imageUri":"https://monetizeamex.com/v3/120x60/fc20ae924df50baeffbf8b55987c7e27.png","currencyCode":"EUR","defaultDomain":"hotshotsecret.com","domains":["hotshotsecret.com"],"categoryId":59,"description":null,"isActive":true,"countryCodes":["US"],"averageBasketValue":84.65,"averageCommission":3.93,"averageConfirmationTime":null,"averageCancellationRate":null,"minimumCommission":2.64,"maximumCommission":2.64,"commissionRates":[{"fixedCommission":null,"percentageCommission":3.84}],"trackingLink":"https://tatrck.com/h/0Hu30z9R0dGL","createdAt":"2023-12-13T15:27:30.585Z","updatedAt":"2024-08-21T11:28:19.498Z"},{"merchantId":160790,"name":"Duradry US","imageUri":"https://monetizeamex.com/v3/120x60/2dbb9b0f491a46b2866df8add9056c41.png","currencyCode":"EUR","defaultDomain":"duradry.com","domains":["duradry.com"],"categoryId":27,"description":null,"isActive":true,"countryCodes":["US"],"averageBasketValue":37.58,"averageCommission":5.35,"averageConfirmationTime":20,"averageCancellationRate":null,"minimumCommission":0.54,"maximumCommission":0.54,"commissionRates":[{"fixedCommission":null,"percentageCommission":1.7999999999999998},{"fixedCommission":null,"percentageCommission":36}],"trackingLink":"https://tatrck.com/h/0Hu30z9R0dGM","createdAt":"2023-12-13T15:27:30.887Z","updatedAt":"2024-08-29T05:45:19.969Z"},{"merchantId":160800,"name":"Abeille-Heureuse FR","imageUri":"https://monetizeamex.com/v3/120x60/378dd2c92f954ca906e8e781efe71a3f.png","currencyCode":"EUR","defaultDomain":"abeille-heureuse.fr","domains":["abeille-heureuse.fr"],"categoryId":35,"description":null,"isActive":true,"countryCodes":["FR"],"averageBasketValue":70.31,"averageCommission":2.95,"averageConfirmationTime":6,"averageCancellationRate":null,"minimumCommission":0.41,"maximumCommission":2.8,"commissionRates":[],"trackingLink":"https://tatrck.com/h/0Hu30z9R0dGW","createdAt":"2023-12-13T15:27:34.082Z","updatedAt":"2024-08-21T11:31:34.785Z"},{"merchantId":160807,"name":"Huurwoningen NL","imageUri":"https://kqdxc4m5.de/logos_v2/120x60/1e63683cc58fe1a285aa5aff701c6f53.gif","currencyCode":"EUR","defaultDomain":"huurwoningen.nl","domains":["huurwoningen.nl"],"categoryId":39,"description":null,"isActive":true,"countryCodes":["NL"],"averageBasketValue":6.81,"averageCommission":2.58,"averageConfirmationTime":4,"averageCancellationRate":null,"minimumCommission":2.1,"maximumCommission":4.2,"commissionRates":[],"trackingLink":"https://tatrck.com/h/0Hu30z9R0dGd","createdAt":"2023-12-13T15:27:36.090Z","updatedAt":"2024-09-01T05:41:07.567Z"},{"merchantId":160809,"name":"LemonSwan DE","imageUri":"https://monetizeamex.com/v3/120x60/d59d848b715b558b12170c18768c7284.png","currencyCode":"EUR","defaultDomain":"lemonswan.de","domains":["lemonswan.de"],"categoryId":16,"description":null,"isActive":true,"countryCodes":["DE"],"averageBasketValue":null,"averageCommission":2.4,"averageConfirmationTime":null,"averageCancellationRate":27.3,"minimumCommission":2.4,"maximumCommission":2.4,"commissionRates":[{"fixedCommission":2.4,"percentageCommission":null},{"fixedCommission":null,"percentageCommission":21}],"trackingLink":"https://tatrck.com/h/0Hu30z9R0dGf","createdAt":"2023-12-13T15:27:37.175Z","updatedAt":"2024-09-03T17:08:16.521Z"},{"merchantId":160835,"name":"Paleo Hero AU","imageUri":"https://monetizeamex.com/v3/120x60/37ba543fba10afb73aa3c937d9775609.png","currencyCode":"EUR","defaultDomain":"paleohero.com.au","domains":["paleohero.com.au"],"categoryId":68,"description":null,"isActive":true,"countryCodes":["US"],"averageBasketValue":121.25,"averageCommission":7.27,"averageConfirmationTime":1,"averageCancellationRate":null,"minimumCommission":7.27,"maximumCommission":7.27,"commissionRates":[{"fixedCommission":null,"percentageCommission":6}],"trackingLink":"https://tatrck.com/h/0Hu30z9R0dH3","createdAt":"2023-12-13T15:27:46.086Z","updatedAt":"2024-08-21T11:32:58.575Z"},{"merchantId":160838,"name":"myposter NL","imageUri":"https://monetizeamex.com/v3/120x60/95ddba6a84792398da849ed0f3fc079c.png","currencyCode":"EUR","defaultDomain":"myposter.nl","domains":["myposter.nl"],"categoryId":50,"description":null,"isActive":true,"countryCodes":["NL"],"averageBasketValue":38.64,"averageCommission":2.2,"averageConfirmationTime":25,"averageCancellationRate":null,"minimumCommission":2.71,"maximumCommission":2.71,"commissionRates":[{"fixedCommission":null,"percentageCommission":6},{"fixedCommission":null,"percentageCommission":7.199999999999999},{"fixedCommission":null,"percentageCommission":3.5999999999999996}],"trackingLink":"https://tatrck.com/h/0Hu30z9R0dH6","createdAt":"2023-12-13T15:27:46.880Z","updatedAt":"2024-09-03T17:14:48.151Z"},{"merchantId":160843,"name":"Millesima FR","imageUri":"https://monetizeamex.com/v3/120x60/43259cfd8c7c624674dde64e42f5aa4b.png","currencyCode":"EUR","defaultDomain":"millesima.fr","domains":["millesima.fr"],"categoryId":50,"description":null,"isActive":true,"countryCodes":["FR"],"averageBasketValue":587.78,"averageCommission":14.16,"averageConfirmationTime":null,"averageCancellationRate":null,"minimumCommission":7.8,"maximumCommission":7.8,"commissionRates":[],"trackingLink":"https://tatrck.com/h/0Hu30z9R0dHB","createdAt":"2023-12-13T15:27:48.480Z","updatedAt":"2024-09-03T17:03:27.947Z"}]}