{"meta":{"next":167493},"data":[{"merchantId":166818,"name":"Whos Who FR","imageUri":"https://monetizeamex.com/v3/120x60/db4fe91ac5c507b5d72d8b322fa31dac.png","currencyCode":"EUR","defaultDomain":"whoswho.fr","domains":["whoswho.fr"],"categoryId":43,"description":null,"isActive":true,"countryCodes":["FR"],"averageBasketValue":613.93,"averageCommission":29.46,"averageConfirmationTime":28,"averageCancellationRate":null,"minimumCommission":null,"maximumCommission":null,"commissionRates":[],"trackingLink":"https://tatrck.com/h/0Hu30z9R0ekY","createdAt":"2023-12-13T16:00:10.673Z","updatedAt":"2024-09-03T17:03:50.896Z"},{"merchantId":166836,"name":"Alior Bank PL","imageUri":"https://monetizeamex.com/v3/120x60/9801c9febe56bdd1902e4a122c417130.png","currencyCode":"EUR","defaultDomain":"aliorbank.pl","domains":["aliorbank.pl"],"categoryId":66,"description":null,"isActive":true,"countryCodes":["PL"],"averageBasketValue":null,"averageCommission":2.32,"averageConfirmationTime":null,"averageCancellationRate":null,"minimumCommission":11.66,"maximumCommission":11.66,"commissionRates":[],"trackingLink":"https://tatrck.com/h/0Hu30z9R0ekq","createdAt":"2023-12-13T16:00:15.417Z","updatedAt":"2024-09-03T05:43:03.752Z"},{"merchantId":166892,"name":"Latwa Pozyczka PL","imageUri":"https://kqdxc4m5.de/logos_v2/120x60/0482e26e8d0b11cf0f040102637e518b.gif","currencyCode":"EUR","defaultDomain":"latwapozyczka.pl","domains":["latwapozyczka.pl"],"categoryId":66,"description":null,"isActive":true,"countryCodes":["PL"],"averageBasketValue":null,"averageCommission":null,"averageConfirmationTime":15,"averageCancellationRate":null,"minimumCommission":null,"maximumCommission":null,"commissionRates":[{"fixedCommission":null,"percentageCommission":2.976},{"fixedCommission":11.04,"percentageCommission":null},{"fixedCommission":11.07,"percentageCommission":null}],"trackingLink":"https://tatrck.com/h/0Hu30z9R0eli","createdAt":"2023-12-13T16:00:29.185Z","updatedAt":"2024-09-03T05:26:17.902Z"},{"merchantId":166903,"name":"Ombre DE","imageUri":"https://monetizeamex.com/v3/120x60/cd1e4682d9b99741e04c666d7998fe39.png","currencyCode":"EUR","defaultDomain":"ombre.com","domains":["ombre.com"],"categoryId":40,"description":null,"isActive":true,"countryCodes":["DE","RO"],"averageBasketValue":56.89,"averageCommission":2.14,"averageConfirmationTime":null,"averageCancellationRate":null,"minimumCommission":0.63,"maximumCommission":0.63,"commissionRates":[],"trackingLink":"https://tatrck.com/h/0Hu30z9R0elt","createdAt":"2023-12-13T16:00:30.780Z","updatedAt":"2024-08-21T11:31:09.597Z"},{"merchantId":166933,"name":"Solcredit PL","imageUri":"https://kqdxc4m5.de/logos_v2/120x60/3799fc04b4a4f37feeec9c38a64c12f2.gif","currencyCode":"EUR","defaultDomain":"solcredit.pl","domains":["solcredit.pl"],"categoryId":66,"description":null,"isActive":true,"countryCodes":["PL"],"averageBasketValue":null,"averageCommission":25.53,"averageConfirmationTime":null,"averageCancellationRate":null,"minimumCommission":null,"maximumCommission":null,"commissionRates":[],"trackingLink":"https://tatrck.com/h/0Hu30z9R0emL","createdAt":"2023-12-13T16:00:35.574Z","updatedAt":"2024-08-21T11:39:26.787Z"},{"merchantId":166934,"name":"Solcredito MX","imageUri":"https://monetizeamex.com/v3/120x60/29f3956479afe425e129a941a3acd53d.png","currencyCode":"EUR","defaultDomain":"solcredito.mx","domains":["solcredito.mx"],"categoryId":23,"description":null,"isActive":true,"countryCodes":["ES","MX"],"averageBasketValue":null,"averageCommission":3.76,"averageConfirmationTime":null,"averageCancellationRate":null,"minimumCommission":1.68,"maximumCommission":1.68,"commissionRates":[],"trackingLink":"https://tatrck.com/h/0Hu30z9R0emM","createdAt":"2023-12-13T16:00:36.193Z","updatedAt":"2024-09-01T05:53:07.706Z"},{"merchantId":166940,"name":"SuperPharm PL","imageUri":"https://monetizeamex.com/v3/120x60/b325f2bfbc5c28cac04a0650ad059183.png","currencyCode":"EUR","defaultDomain":"superpharm.pl","domains":["superpharm.pl"],"categoryId":27,"description":null,"isActive":true,"countryCodes":["PL"],"averageBasketValue":36.25,"averageCommission":0.61,"averageConfirmationTime":null,"averageCancellationRate":null,"minimumCommission":0.03,"maximumCommission":2.49,"commissionRates":[],"trackingLink":"https://tatrck.com/h/0Hu30z9R0emS","createdAt":"2023-12-13T16:00:38.675Z","updatedAt":"2024-09-03T05:53:41.798Z"},{"merchantId":166953,"name":"COEDStore US","imageUri":"https://monetizeamex.com/v3/120x60/a0da77b9d6468fed2ef462e89835bf04.png","currencyCode":"EUR","defaultDomain":"coedstore.co","domains":["coedstore.co"],"categoryId":60,"description":null,"isActive":true,"countryCodes":["US"],"averageBasketValue":null,"averageCommission":null,"averageConfirmationTime":null,"averageCancellationRate":100,"minimumCommission":0.12,"maximumCommission":0.12,"commissionRates":[],"trackingLink":"https://tatrck.com/h/0Hu30z9R0emf","createdAt":"2023-12-13T16:00:41.090Z","updatedAt":"2024-08-15T09:12:33.546Z"},{"merchantId":166959,"name":"Molecule US","imageUri":"https://monetizeamex.com/v3/120x60/032cce4e5caebf0995f92b0ee3992c52.png","currencyCode":"EUR","defaultDomain":"onmolecule.com","domains":["onmolecule.com"],"categoryId":74,"description":null,"isActive":true,"countryCodes":["US"],"averageBasketValue":191.96,"averageCommission":16.99,"averageConfirmationTime":1,"averageCancellationRate":null,"minimumCommission":16.75,"maximumCommission":16.75,"commissionRates":[{"fixedCommission":null,"percentageCommission":7.8},{"fixedCommission":null,"percentageCommission":4.8}],"trackingLink":"https://tatrck.com/h/0Hu30z9R0eml","createdAt":"2023-12-13T16:00:42.995Z","updatedAt":"2024-08-21T11:31:15.546Z"},{"merchantId":166960,"name":"NomNomNow US","imageUri":"https://monetizeamex.com/v3/120x60/a13e2c388450fc5a5f41b097c62be641.png","currencyCode":"EUR","defaultDomain":"nomnomnow.com","domains":["nomnomnow.com"],"categoryId":61,"description":null,"isActive":true,"countryCodes":["US"],"averageBasketValue":150.57,"averageCommission":18,"averageConfirmationTime":null,"averageCancellationRate":5.3,"minimumCommission":1.08,"maximumCommission":17.16,"commissionRates":[{"fixedCommission":null,"percentageCommission":9.6}],"trackingLink":"https://tatrck.com/h/0Hu30z9R0emm","createdAt":"2023-12-13T16:00:43.572Z","updatedAt":"2024-09-03T17:03:38.180Z"},{"merchantId":166963,"name":"Tall Tails US","imageUri":"https://kqdxc4m5.de/logos_v2/120x60/b5239b860b0d768c489356b926bf73ca.gif","currencyCode":"EUR","defaultDomain":"talltailsdog.com","domains":["talltailsdog.com"],"categoryId":61,"description":null,"isActive":true,"countryCodes":["US"],"averageBasketValue":null,"averageCommission":null,"averageConfirmationTime":null,"averageCancellationRate":null,"minimumCommission":null,"maximumCommission":null,"commissionRates":[{"fixedCommission":null,"percentageCommission":6}],"trackingLink":"https://tatrck.com/h/0Hu30z9R0emp","createdAt":"2023-12-13T16:00:44.410Z","updatedAt":"2024-08-21T11:32:16.069Z"},{"merchantId":167001,"name":"Alleyoop","imageUri":"https://monetizeamex.com/v3/120x60/a88e6bae878600f5261a7f14669c1bff.png","currencyCode":"EUR","defaultDomain":"meetalleyoop.com","domains":["meetalleyoop.com"],"categoryId":28,"description":null,"isActive":true,"countryCodes":[],"averageBasketValue":34.34,"averageCommission":2.46,"averageConfirmationTime":null,"averageCancellationRate":null,"minimumCommission":1,"maximumCommission":1,"commissionRates":[],"trackingLink":"https://tatrck.com/h/0Hu30z9R0enP","createdAt":"2023-12-13T16:01:00.547Z","updatedAt":"2024-08-26T18:01:02.523Z"},{"merchantId":167015,"name":"Neubria UK","imageUri":"https://monetizeamex.com/v3/120x60/f8faea6b651b8518bfc137602f1a9771.png","currencyCode":"EUR","defaultDomain":"neubria.com","domains":["neubria.com"],"categoryId":68,"description":null,"isActive":true,"countryCodes":["GB"],"averageBasketValue":null,"averageCommission":null,"averageConfirmationTime":null,"averageCancellationRate":null,"minimumCommission":null,"maximumCommission":null,"commissionRates":[],"trackingLink":"https://tatrck.com/h/0Hu30z9R0end","createdAt":"2023-12-13T16:01:07.280Z","updatedAt":"2024-09-03T17:07:40.052Z"},{"merchantId":167044,"name":"Dearfoams US","imageUri":"https://monetizeamex.com/v3/120x60/bae1c6cb1f088d3b4c57869bb8e1cef2.png","currencyCode":"EUR","defaultDomain":"dearfoams.com","domains":["dearfoams.com"],"categoryId":65,"description":null,"isActive":true,"countryCodes":["US"],"averageBasketValue":46.89,"averageCommission":0.27,"averageConfirmationTime":1,"averageCancellationRate":null,"minimumCommission":0.1,"maximumCommission":0.73,"commissionRates":[{"fixedCommission":null,"percentageCommission":0.6}],"trackingLink":"https://tatrck.com/h/0Hu30z9R0eo4","createdAt":"2023-12-13T16:01:13.994Z","updatedAt":"2024-09-03T05:19:19.910Z"},{"merchantId":167045,"name":"DEMDACO US","imageUri":"https://kqdxc4m5.de/logos_v2/120x60/000e7334359604e45f14665c78674867.gif","currencyCode":"EUR","defaultDomain":"demdaco.com","domains":["demdaco.com"],"categoryId":47,"description":null,"isActive":true,"countryCodes":["US"],"averageBasketValue":63.39,"averageCommission":1.89,"averageConfirmationTime":9,"averageCancellationRate":null,"minimumCommission":0.26,"maximumCommission":5.56,"commissionRates":[{"fixedCommission":null,"percentageCommission":3}],"trackingLink":"https://tatrck.com/h/0Hu30z9R0eo5","createdAt":"2023-12-13T16:01:15.997Z","updatedAt":"2024-09-01T05:20:05.625Z"},{"merchantId":167050,"name":"Punk Design Shop US","imageUri":"https://monetizeamex.com/v3/120x60/127ceb68ada2825a5cbf595412ca4276.png","currencyCode":"EUR","defaultDomain":"punkdesign.shop","domains":["punkdesign.shop"],"categoryId":40,"description":null,"isActive":true,"countryCodes":["GB","US"],"averageBasketValue":77.38,"averageCommission":1.39,"averageConfirmationTime":null,"averageCancellationRate":null,"minimumCommission":1.39,"maximumCommission":1.39,"commissionRates":[{"fixedCommission":null,"percentageCommission":1.7999999999999998}],"trackingLink":"https://tatrck.com/h/0Hu30z9R0eoA","createdAt":"2023-12-13T16:01:17.879Z","updatedAt":"2024-08-21T11:39:31.728Z"},{"merchantId":167051,"name":"Cosplay Shop US","imageUri":"https://monetizeamex.com/v3/120x60/96c67dd064c75d616435d1a1a0e1d6a3.png","currencyCode":"EUR","defaultDomain":"rolecosplay.com","domains":["rolecosplay.com"],"categoryId":40,"description":null,"isActive":true,"countryCodes":["US"],"averageBasketValue":50.36,"averageCommission":2.83,"averageConfirmationTime":null,"averageCancellationRate":null,"minimumCommission":3.08,"maximumCommission":4.92,"commissionRates":[{"fixedCommission":null,"percentageCommission":4.8}],"trackingLink":"https://tatrck.com/h/0Hu30z9R0eoB","createdAt":"2023-12-13T16:01:18.287Z","updatedAt":"2024-08-21T11:39:13.593Z"},{"merchantId":167054,"name":"jewelryandfindings US","imageUri":"https://kqdxc4m5.de/logos_v2/120x60/19dbc8863d9d4b17d94122ec4397fcf0.gif","currencyCode":"EUR","defaultDomain":"jewelryandfindings.com","domains":["jewelryandfindings.com"],"categoryId":40,"description":null,"isActive":true,"countryCodes":["US"],"averageBasketValue":59.64,"averageCommission":1.78,"averageConfirmationTime":19,"averageCancellationRate":null,"minimumCommission":0.4,"maximumCommission":1.5,"commissionRates":[{"fixedCommission":null,"percentageCommission":3}],"trackingLink":"https://tatrck.com/h/0Hu30z9R0eoE","createdAt":"2023-12-13T16:01:19.775Z","updatedAt":"2024-09-02T05:44:38.050Z"},{"merchantId":167056,"name":"LOOK Optic US","imageUri":"https://monetizeamex.com/v3/120x60/57706da2cd1f3faaa16919e741af2dd6.png","currencyCode":"EUR","defaultDomain":"lookoptic.com","domains":["lookoptic.com"],"categoryId":40,"description":null,"isActive":true,"countryCodes":["US"],"averageBasketValue":98.81,"averageCommission":1.18,"averageConfirmationTime":null,"averageCancellationRate":null,"minimumCommission":0.69,"maximumCommission":1.51,"commissionRates":[{"fixedCommission":null,"percentageCommission":1.2},{"fixedCommission":null,"percentageCommission":10.799999999999999}],"trackingLink":"https://tatrck.com/h/0Hu30z9R0eoG","createdAt":"2023-12-13T16:01:20.576Z","updatedAt":"2024-09-02T05:44:37.721Z"},{"merchantId":167077,"name":"Suffolk Hideaways UK","imageUri":"https://kqdxc4m5.de/logos_v2/120x60/d6c34859c1eb211bd36e2558e260b491.gif","currencyCode":"EUR","defaultDomain":"suffolkhideaways.co.uk","domains":["suffolkhideaways.co.uk"],"categoryId":63,"description":null,"isActive":true,"countryCodes":["GB"],"averageBasketValue":null,"averageCommission":null,"averageConfirmationTime":null,"averageCancellationRate":null,"minimumCommission":null,"maximumCommission":null,"commissionRates":[{"fixedCommission":null,"percentageCommission":3}],"trackingLink":"https://tatrck.com/h/0Hu30z9R0eob","createdAt":"2023-12-13T16:01:30.283Z","updatedAt":"2024-09-03T17:09:45.441Z"},{"merchantId":167105,"name":"LittleLife UK","imageUri":"https://monetizeamex.com/v3/120x60/c17bbe4259338d98455cc0998573f6ef.png","currencyCode":"EUR","defaultDomain":"littlelife.com","domains":["littlelife.com","littlelife.co.uk"],"categoryId":17,"description":null,"isActive":true,"countryCodes":["GB"],"averageBasketValue":38.38,"averageCommission":1.38,"averageConfirmationTime":1,"averageCancellationRate":7.1,"minimumCommission":0.03,"maximumCommission":5.85,"commissionRates":[],"trackingLink":"https://tatrck.com/h/0Hu30z9R0ep1","createdAt":"2023-12-13T16:01:39.965Z","updatedAt":"2024-09-03T05:52:44.191Z"},{"merchantId":167136,"name":"ARMOR LUX FR","imageUri":"https://monetizeamex.com/v3/120x60/869e198e9acda01b25ca28ace43780f8.png","currencyCode":"EUR","defaultDomain":"armorlux.com","domains":["armorlux.com","armorlux.fr"],"categoryId":40,"description":null,"isActive":true,"countryCodes":["FR"],"averageBasketValue":91.34,"averageCommission":0.98,"averageConfirmationTime":58,"averageCancellationRate":null,"minimumCommission":1.11,"maximumCommission":3.51,"commissionRates":[{"fixedCommission":null,"percentageCommission":4.2}],"trackingLink":"https://tatrck.com/h/0Hu30z9R0epW","createdAt":"2023-12-13T16:01:50.887Z","updatedAt":"2024-09-03T17:08:38.684Z"},{"merchantId":167137,"name":"Box.com US","imageUri":"https://monetizeamex.com/v3/120x60/80c2239dd0d92fc944a7d6d66ff2229e.png","currencyCode":"EUR","defaultDomain":"box.com","domains":["box.com"],"categoryId":22,"description":null,"isActive":true,"countryCodes":[],"averageBasketValue":0.02,"averageCommission":0.82,"averageConfirmationTime":1,"averageCancellationRate":0.6999999999999998,"minimumCommission":43.66,"maximumCommission":72.66,"commissionRates":[],"trackingLink":"https://tatrck.com/h/0Hu30z9R0epX","createdAt":"2023-12-13T16:01:51.078Z","updatedAt":"2024-09-02T05:57:01.412Z"},{"merchantId":167139,"name":"eschuhe DE","imageUri":"https://kqdxc4m5.de/logos_v2/120x60/01b494145e258b1d668a490cbb91d2c3.gif","currencyCode":"EUR","defaultDomain":"eschuhe.de","domains":["eschuhe.de"],"categoryId":21,"description":null,"isActive":true,"countryCodes":["DE"],"averageBasketValue":108.79,"averageCommission":4.68,"averageConfirmationTime":null,"averageCancellationRate":null,"minimumCommission":0.69,"maximumCommission":28.6,"commissionRates":[],"trackingLink":"https://tatrck.com/h/0Hu30z9R0epZ","createdAt":"2023-12-13T16:01:52.271Z","updatedAt":"2024-09-03T17:07:42.868Z"},{"merchantId":167151,"name":"Mappin & Webb UK","imageUri":"https://monetizeamex.com/v3/120x60/ef23e7dc6da2689a24a7e6725f652042.png","currencyCode":"EUR","defaultDomain":"mappinandwebb.com","domains":["mappinandwebb.com"],"categoryId":73,"description":null,"isActive":true,"countryCodes":["GB"],"averageBasketValue":327.58,"averageCommission":9.82,"averageConfirmationTime":null,"averageCancellationRate":null,"minimumCommission":9.82,"maximumCommission":9.82,"commissionRates":[{"fixedCommission":null,"percentageCommission":3},{"fixedCommission":null,"percentageCommission":1.2},{"fixedCommission":null,"percentageCommission":1.7999999999999998}],"trackingLink":"https://tatrck.com/h/0Hu30z9R0epl","createdAt":"2023-12-13T16:01:55.770Z","updatedAt":"2024-09-03T17:09:38.023Z"},{"merchantId":167159,"name":"Perfumes club ES","imageUri":"https://monetizeamex.com/v3/120x60/021787fc46678bf24f945ec432d6d09b.png","currencyCode":"EUR","defaultDomain":"perfumesclub.com","domains":["perfumesclub.com","perfumesclub.es"],"categoryId":28,"description":null,"isActive":true,"countryCodes":["AU"],"averageBasketValue":76.33,"averageCommission":3.15,"averageConfirmationTime":null,"averageCancellationRate":null,"minimumCommission":1.03,"maximumCommission":4.96,"commissionRates":[],"trackingLink":"https://tatrck.com/h/0Hu30z9R0ept","createdAt":"2023-12-13T16:01:56.277Z","updatedAt":"2024-09-03T05:50:10.665Z"},{"merchantId":167161,"name":"Perfumes club IT","imageUri":"https://monetizeamex.com/v3/120x60/e8c9a12409a10d29749800d44e447703.png","currencyCode":"EUR","defaultDomain":"perfumesclub.it","domains":["perfumesclub.it"],"categoryId":28,"description":null,"isActive":true,"countryCodes":["IT"],"averageBasketValue":93.17,"averageCommission":3.67,"averageConfirmationTime":null,"averageCancellationRate":5.3,"minimumCommission":1.66,"maximumCommission":1.67,"commissionRates":[],"trackingLink":"https://tatrck.com/h/0Hu30z9R0epv","createdAt":"2023-12-13T16:01:56.683Z","updatedAt":"2024-08-28T05:51:12.681Z"},{"merchantId":167162,"name":"Perfumes club PT","imageUri":"https://monetizeamex.com/v3/120x60/a28943ec40a3e5d937132286c4310133.png","currencyCode":"EUR","defaultDomain":"perfumesclub.pt","domains":["perfumesclub.pt"],"categoryId":27,"description":null,"isActive":true,"countryCodes":["ES"],"averageBasketValue":29.68,"averageCommission":0.56,"averageConfirmationTime":1,"averageCancellationRate":null,"minimumCommission":0.99,"maximumCommission":3.48,"commissionRates":[],"trackingLink":"https://tatrck.com/h/0Hu30z9R0epw","createdAt":"2023-12-13T16:01:57.311Z","updatedAt":"2024-08-24T05:51:04.848Z"},{"merchantId":167170,"name":"Monbento UK","imageUri":"https://monetizeamex.com/v3/120x60/ca342ae3eab85004fa23a8e428bae9a0.png","currencyCode":"EUR","defaultDomain":"monbento.co.uk","domains":["monbento.co.uk"],"categoryId":34,"description":null,"isActive":true,"countryCodes":["GB"],"averageBasketValue":85.67,"averageCommission":4.62,"averageConfirmationTime":null,"averageCancellationRate":100,"minimumCommission":null,"maximumCommission":null,"commissionRates":[{"fixedCommission":null,"percentageCommission":5.3999999999999995}],"trackingLink":"https://tatrck.com/h/0Hu30z9R0eq2","createdAt":"2023-12-13T16:01:57.999Z","updatedAt":"2024-09-03T17:04:32.300Z"},{"merchantId":167178,"name":"Fussmatten Welt DE","imageUri":"https://monetizeamex.com/v3/120x60/3ad6def1b86594c1910071ed6b51c039.png","currencyCode":"EUR","defaultDomain":"fussmatten-welt.de","domains":["fussmatten-welt.de"],"categoryId":74,"description":null,"isActive":true,"countryCodes":["DE"],"averageBasketValue":154.09,"averageCommission":4.94,"averageConfirmationTime":null,"averageCancellationRate":null,"minimumCommission":3.69,"maximumCommission":3.69,"commissionRates":[],"trackingLink":"https://tatrck.com/h/0Hu30z9R0eqA","createdAt":"2023-12-13T16:02:02.688Z","updatedAt":"2024-09-03T17:09:31.975Z"},{"merchantId":167185,"name":"Refresh Cartridges UK","imageUri":"https://monetizeamex.com/v3/120x60/86d1fc38fa49c6a498475507ae5cb065.png","currencyCode":"EUR","defaultDomain":"refreshcartridges.co.uk","domains":["refreshcartridges.co.uk"],"categoryId":21,"description":null,"isActive":true,"countryCodes":["GB"],"averageBasketValue":33.16,"averageCommission":0.6,"averageConfirmationTime":null,"averageCancellationRate":null,"minimumCommission":0.13,"maximumCommission":4.88,"commissionRates":[],"trackingLink":"https://tatrck.com/h/0Hu30z9R0eqH","createdAt":"2023-12-13T16:02:04.070Z","updatedAt":"2024-09-03T05:53:48.605Z"},{"merchantId":167187,"name":"AfB Shop AT","imageUri":"https://monetizeamex.com/v3/120x60/2a2197c1adfbd3e9edd32f82df4fb2b4.png","currencyCode":"EUR","defaultDomain":"afbshop.at","domains":["afbshop.at"],"categoryId":65,"description":null,"isActive":true,"countryCodes":["AT"],"averageBasketValue":464.38,"averageCommission":17.07,"averageConfirmationTime":null,"averageCancellationRate":null,"minimumCommission":6.19,"maximumCommission":33.08,"commissionRates":[{"fixedCommission":null,"percentageCommission":1.2},{"fixedCommission":null,"percentageCommission":1.5},{"fixedCommission":null,"percentageCommission":4.8},{"fixedCommission":null,"percentageCommission":1.7999999999999998},{"fixedCommission":null,"percentageCommission":2.4}],"trackingLink":"https://tatrck.com/h/0Hu30z9R0eqJ","createdAt":"2023-12-13T16:02:05.489Z","updatedAt":"2024-09-03T17:09:39.127Z"},{"merchantId":167199,"name":"AdcosBR BR","imageUri":"https://kqdxc4m5.de/logos_v2/120x60/ab8548ce3b41bde5a06f7b698bfa6d60.gif","currencyCode":"EUR","defaultDomain":"lojaadcos.com.br","domains":["lojaadcos.com.br"],"categoryId":28,"description":null,"isActive":true,"countryCodes":["BR"],"averageBasketValue":45.86,"averageCommission":0.51,"averageConfirmationTime":null,"averageCancellationRate":null,"minimumCommission":0.74,"maximumCommission":0.74,"commissionRates":[{"fixedCommission":null,"percentageCommission":0.96}],"trackingLink":"https://tatrck.com/h/0Hu30z9R0eqV","createdAt":"2023-12-13T16:02:10.468Z","updatedAt":"2024-09-01T05:52:46.507Z"},{"merchantId":167200,"name":"Blockchain Council US","imageUri":"https://kqdxc4m5.de/logos_v2/120x60/3fc6f44f063104aef05ff58c8dfdee12.gif","currencyCode":"EUR","defaultDomain":"blockchain-council.org","domains":["blockchain-council.org"],"categoryId":44,"description":null,"isActive":true,"countryCodes":["US"],"averageBasketValue":175.1,"averageCommission":26.26,"averageConfirmationTime":null,"averageCancellationRate":null,"minimumCommission":22.78,"maximumCommission":22.78,"commissionRates":[{"fixedCommission":null,"percentageCommission":24},{"fixedCommission":null,"percentageCommission":28.799999999999997}],"trackingLink":"https://tatrck.com/h/0Hu30z9R0eqW","createdAt":"2023-12-13T16:02:11.168Z","updatedAt":"2024-09-03T17:05:53.176Z"},{"merchantId":167201,"name":"CanvasChamp US","imageUri":"https://monetizeamex.com/v3/120x60/150ca6b89523f6505932caf3541dd76e.png","currencyCode":"EUR","defaultDomain":"canvaschamp.com","domains":["canvaschamp.com"],"categoryId":82,"description":null,"isActive":true,"countryCodes":["US"],"averageBasketValue":43.82,"averageCommission":1.05,"averageConfirmationTime":null,"averageCancellationRate":7.3,"minimumCommission":0.37,"maximumCommission":1.88,"commissionRates":[{"fixedCommission":null,"percentageCommission":2.4}],"trackingLink":"https://tatrck.com/h/0Hu30z9R0eqX","createdAt":"2023-12-13T16:02:11.380Z","updatedAt":"2024-09-03T17:07:50.587Z"},{"merchantId":167204,"name":"StockX","imageUri":"https://monetizeamex.com/v3/120x60/68af5d560bc404d220533d0484ad2ab5.png","currencyCode":"EUR","defaultDomain":"stockx.com","domains":["stockx.com"],"categoryId":77,"description":"StockX is the largest peer-to-peer marketplace for dead stock sneakers and streetwear. Whether youre looking for newest Yeezys or the items from Supremes most recent drop we have you covered! Sneakers & streetwear not your thing? StockX has thousands of listings for pre-owned excellent condition handbags & watches. All items are guaranteed authentic & quality is ensured every time!","isActive":true,"countryCodes":[],"averageBasketValue":138,"averageCommission":1.29,"averageConfirmationTime":35,"averageCancellationRate":0.2,"minimumCommission":0.11,"maximumCommission":67.61,"commissionRates":[],"trackingLink":"https://tatrck.com/h/0Hu30z9R0eqa","createdAt":"2023-12-13T16:02:11.886Z","updatedAt":"2024-09-03T05:53:13.695Z"},{"merchantId":167210,"name":"Camille Codorniu US","imageUri":"https://kqdxc4m5.de/logos_v2/120x60/d3c5d997647db97f7f57239b45cc92f8.gif","currencyCode":"EUR","defaultDomain":"camillejewelry.com","domains":["camillejewelry.com"],"categoryId":40,"description":null,"isActive":true,"countryCodes":["CA","GB","US"],"averageBasketValue":null,"averageCommission":null,"averageConfirmationTime":null,"averageCancellationRate":null,"minimumCommission":null,"maximumCommission":null,"commissionRates":[{"fixedCommission":null,"percentageCommission":6}],"trackingLink":"https://tatrck.com/h/0Hu30z9R0eqg","createdAt":"2023-12-13T16:02:14.871Z","updatedAt":"2024-08-21T11:30:16.461Z"},{"merchantId":167224,"name":"Power Blendz US","imageUri":"https://monetizeamex.com/v3/120x60/2ba98a1fe4c76b5c78456ed9b9cf593f.png","currencyCode":"EUR","defaultDomain":"powerblendz.com","domains":["powerblendz.com"],"categoryId":68,"description":null,"isActive":true,"countryCodes":["US"],"averageBasketValue":null,"averageCommission":null,"averageConfirmationTime":null,"averageCancellationRate":null,"minimumCommission":null,"maximumCommission":null,"commissionRates":[],"trackingLink":"https://tatrck.com/h/0Hu30z9R0equ","createdAt":"2023-12-13T16:02:20.871Z","updatedAt":"2024-08-26T09:01:33.802Z"},{"merchantId":167227,"name":"ICAN sports equipment US","imageUri":"https://monetizeamex.com/v3/120x60/0b80213aeae66e7f0cb2d54b0e84d3c9.png","currencyCode":"EUR","defaultDomain":"icancycling.com","domains":["icancycling.com"],"categoryId":59,"description":null,"isActive":true,"countryCodes":["US"],"averageBasketValue":null,"averageCommission":null,"averageConfirmationTime":null,"averageCancellationRate":null,"minimumCommission":null,"maximumCommission":null,"commissionRates":[{"fixedCommission":null,"percentageCommission":0.6}],"trackingLink":"https://tatrck.com/h/0Hu30z9R0eqx","createdAt":"2023-12-13T16:02:24.184Z","updatedAt":"2024-08-21T11:37:27.949Z"},{"merchantId":167229,"name":"SpineAlign®","imageUri":"https://monetizeamex.com/v3/120x60/af36c62507276d78d7812ee314c4cc5f.png","currencyCode":"EUR","defaultDomain":"spinealign.com","domains":["spinealign.com"],"categoryId":68,"description":null,"isActive":true,"countryCodes":["US"],"averageBasketValue":null,"averageCommission":null,"averageConfirmationTime":null,"averageCancellationRate":null,"minimumCommission":null,"maximumCommission":null,"commissionRates":[{"fixedCommission":null,"percentageCommission":2.4}],"trackingLink":"https://tatrck.com/h/0Hu30z9R0eqz","createdAt":"2023-12-13T16:02:22.291Z","updatedAt":"2024-08-21T11:41:18.582Z"},{"merchantId":167237,"name":"Berceau Magique FR","imageUri":"https://kqdxc4m5.de/logos_v2/120x60/9e203d9ae9fdf138e61ef05ada8fa1d8.gif","currencyCode":"EUR","defaultDomain":"berceaumagique.com","domains":["berceaumagique.com","berceaumagique.fr"],"categoryId":21,"description":null,"isActive":true,"countryCodes":["FR"],"averageBasketValue":57.35,"averageCommission":1.74,"averageConfirmationTime":17,"averageCancellationRate":null,"minimumCommission":0.18,"maximumCommission":8.74,"commissionRates":[],"trackingLink":"https://tatrck.com/h/0Hu30z9R0er5","createdAt":"2023-12-13T16:02:26.877Z","updatedAt":"2024-09-03T17:06:09.732Z"},{"merchantId":167244,"name":"The Kooples FR","imageUri":"https://monetizeamex.com/v3/120x60/8489acda284f975e0bf6c274d5e184bf.png","currencyCode":"EUR","defaultDomain":"thekooples.com","domains":["thekooples.com","thekooples.fr"],"categoryId":40,"description":null,"isActive":true,"countryCodes":["FR","US","DE","GB"],"averageBasketValue":85.51,"averageCommission":7.77,"averageConfirmationTime":null,"averageCancellationRate":null,"minimumCommission":2.88,"maximumCommission":12.58,"commissionRates":[{"fixedCommission":null,"percentageCommission":1.7999999999999998},{"fixedCommission":null,"percentageCommission":4.8}],"trackingLink":"https://tatrck.com/h/0Hu30z9R0erC","createdAt":"2023-12-13T16:02:29.983Z","updatedAt":"2024-08-31T05:59:02.438Z"},{"merchantId":167248,"name":"Mo Bros UK","imageUri":"https://monetizeamex.com/v3/120x60/b16a411fca9698a3e08f49e9af4fe8a8.png","currencyCode":"EUR","defaultDomain":"mobros.co.uk","domains":["mobros.co.uk"],"categoryId":28,"description":null,"isActive":true,"countryCodes":["GB"],"averageBasketValue":30.49,"averageCommission":1.83,"averageConfirmationTime":null,"averageCancellationRate":null,"minimumCommission":2.28,"maximumCommission":3.38,"commissionRates":[{"fixedCommission":null,"percentageCommission":6},{"fixedCommission":null,"percentageCommission":6}],"trackingLink":"https://tatrck.com/h/0Hu30z9R0erG","createdAt":"2023-12-13T16:02:33.372Z","updatedAt":"2024-09-03T17:07:05.579Z"},{"merchantId":167267,"name":"TaniaKsiazka PL","imageUri":"https://monetizeamex.com/v3/120x60/0bd59ef50a13fc188f4589b17ba5b80e.png","currencyCode":"EUR","defaultDomain":"taniaksiazka.pl","domains":["taniaksiazka.pl"],"categoryId":43,"description":null,"isActive":true,"countryCodes":["PL"],"averageBasketValue":44.6,"averageCommission":0.94,"averageConfirmationTime":39,"averageCancellationRate":2.3,"minimumCommission":0.05,"maximumCommission":9.65,"commissionRates":[{"fixedCommission":null,"percentageCommission":2.6999999999999997}],"trackingLink":"https://tatrck.com/h/0Hu30z9R0erZ","createdAt":"2023-12-13T16:02:38.487Z","updatedAt":"2024-09-03T05:53:11.108Z"},{"merchantId":167322,"name":"Cettire AU","imageUri":"https://monetizeamex.com/v3/120x60/b1d94007f1e77d337e11f16e1a2e7dd2.png","currencyCode":"EUR","defaultDomain":"cettire.com","domains":["cettire.com"],"categoryId":40,"description":null,"isActive":true,"countryCodes":[],"averageBasketValue":428.09,"averageCommission":2.47,"averageConfirmationTime":1,"averageCancellationRate":10.1,"minimumCommission":0.13,"maximumCommission":25.78,"commissionRates":[{"fixedCommission":null,"percentageCommission":3}],"trackingLink":"https://tatrck.com/h/0Hu30z9R0esQ","createdAt":"2023-12-13T16:02:55.677Z","updatedAt":"2024-09-03T05:47:02.777Z"},{"merchantId":167327,"name":"SurveyPronto BR","imageUri":"https://kqdxc4m5.de/logos_v2/120x60/a5447608621366feb272b1c0dc3707e5.gif","currencyCode":"EUR","defaultDomain":"surveypronto.com","domains":["surveypronto.com"],"categoryId":50,"description":null,"isActive":true,"countryCodes":["BR"],"averageBasketValue":null,"averageCommission":0.16,"averageConfirmationTime":null,"averageCancellationRate":null,"minimumCommission":null,"maximumCommission":null,"commissionRates":[],"trackingLink":"https://tatrck.com/h/0Hu30z9R0esV","createdAt":"2023-12-13T16:02:56.968Z","updatedAt":"2024-07-29T11:19:06.803Z"},{"merchantId":167337,"name":"Looking4Parking","imageUri":"https://monetizeamex.com/v3/120x60/a860d08f3fe4700f66b1a2940234dad3.png","currencyCode":"EUR","defaultDomain":"looking4.com","domains":["looking4.com"],"categoryId":63,"description":null,"isActive":true,"countryCodes":["DE","ES","FR","IT","AU","US","GB"],"averageBasketValue":58.74,"averageCommission":1.24,"averageConfirmationTime":56,"averageCancellationRate":32.39999999999999,"minimumCommission":0.09,"maximumCommission":13.98,"commissionRates":[{"fixedCommission":null,"percentageCommission":1.44},{"fixedCommission":null,"percentageCommission":1.7999999999999998},{"fixedCommission":null,"percentageCommission":1.7999999999999998},{"fixedCommission":null,"percentageCommission":1.7999999999999998},{"fixedCommission":null,"percentageCommission":1.7999999999999998},{"fixedCommission":null,"percentageCommission":1.7999999999999998},{"fixedCommission":null,"percentageCommission":1.44},{"fixedCommission":null,"percentageCommission":1.44},{"fixedCommission":null,"percentageCommission":1.7999999999999998},{"fixedCommission":null,"percentageCommission":2.4},{"fixedCommission":null,"percentageCommission":1.7999999999999998},{"fixedCommission":null,"percentageCommission":1.7999999999999998}],"trackingLink":"https://tatrck.com/h/0Hu30z9R0esf","createdAt":"2023-12-13T16:02:58.488Z","updatedAt":"2024-09-03T05:53:29.899Z"},{"merchantId":167340,"name":"LendYou US","imageUri":"https://monetizeamex.com/v3/120x60/8e4bb260ed9132c049699b1c18ea1e37.png","currencyCode":"EUR","defaultDomain":"lendyou.com","domains":["lendyou.com"],"categoryId":66,"description":null,"isActive":true,"countryCodes":["US"],"averageBasketValue":1,"averageCommission":0.42,"averageConfirmationTime":null,"averageCancellationRate":null,"minimumCommission":0.06,"maximumCommission":0.91,"commissionRates":[{"fixedCommission":null,"percentageCommission":42}],"trackingLink":"https://tatrck.com/h/0Hu30z9R0esi","createdAt":"2023-12-13T16:02:58.971Z","updatedAt":"2024-09-03T17:05:28.602Z"},{"merchantId":167342,"name":"Mystic Moments UK","imageUri":"https://kqdxc4m5.de/logos_v2/120x60/683b5ffaedb158de71c14471da2e6ba5.gif","currencyCode":"EUR","defaultDomain":"mysticmomentsuk.com","domains":["mysticmomentsuk.com"],"categoryId":68,"description":null,"isActive":true,"countryCodes":["GB"],"averageBasketValue":122.18,"averageCommission":0.73,"averageConfirmationTime":null,"averageCancellationRate":null,"minimumCommission":0.1,"maximumCommission":3.47,"commissionRates":[{"fixedCommission":null,"percentageCommission":0.6}],"trackingLink":"https://tatrck.com/h/0Hu30z9R0esk","createdAt":"2023-12-13T16:02:59.694Z","updatedAt":"2024-08-21T05:20:44.139Z"},{"merchantId":167346,"name":"Bugatchi US","imageUri":"https://kqdxc4m5.de/logos_v2/120x60/9d28f259ced4b1937e15ae1a33cf5ab3.gif","currencyCode":"EUR","defaultDomain":"bugatchi.com","domains":["bugatchi.com"],"categoryId":40,"description":null,"isActive":true,"countryCodes":["US"],"averageBasketValue":252.54,"averageCommission":9.18,"averageConfirmationTime":null,"averageCancellationRate":null,"minimumCommission":16.84,"maximumCommission":16.84,"commissionRates":[],"trackingLink":"https://tatrck.com/h/0Hu30z9R0eso","createdAt":"2023-12-13T16:03:03.290Z","updatedAt":"2024-09-03T17:08:43.956Z"},{"merchantId":167359,"name":"Zooplus PT","imageUri":"https://monetizeamex.com/v3/120x60/4ed41855decbc75a06e0eac318185969.png","currencyCode":"EUR","defaultDomain":"zooplus.pt","domains":["zooplus.pt"],"categoryId":61,"description":null,"isActive":true,"countryCodes":["PT"],"averageBasketValue":459.12,"averageCommission":0.5,"averageConfirmationTime":32,"averageCancellationRate":0.7,"minimumCommission":0.16,"maximumCommission":0.78,"commissionRates":[],"trackingLink":"https://tatrck.com/h/0Hu30z9R0es_","createdAt":"2023-12-13T16:03:05.487Z","updatedAt":"2024-09-03T17:09:27.805Z"},{"merchantId":167364,"name":"watt24 DE","imageUri":"https://monetizeamex.com/v3/120x60/504a9bae3302e1c9a17f40ccb991d022.png","currencyCode":"EUR","defaultDomain":"watt24.com","domains":["watt24.com","watt24.de"],"categoryId":50,"description":null,"isActive":true,"countryCodes":["DE"],"averageBasketValue":112.15,"averageCommission":5.24,"averageConfirmationTime":58,"averageCancellationRate":null,"minimumCommission":0.19,"maximumCommission":11.83,"commissionRates":[{"fixedCommission":null,"percentageCommission":3.5999999999999996},{"fixedCommission":9,"percentageCommission":null}],"trackingLink":"https://tatrck.com/h/0Hu30z9R0et4","createdAt":"2023-12-13T16:03:09.276Z","updatedAt":"2024-09-03T17:09:05.177Z"},{"merchantId":167376,"name":"Hogan","imageUri":"https://monetizeamex.com/v3/120x60/a1865cea476d7a047f2686dba82a079d.png","currencyCode":"EUR","defaultDomain":"hogan.com","domains":["hogan.com"],"categoryId":40,"description":null,"isActive":true,"countryCodes":[],"averageBasketValue":383.13,"averageCommission":18.21,"averageConfirmationTime":28,"averageCancellationRate":12.099999999999996,"minimumCommission":7.72,"maximumCommission":25.2,"commissionRates":[{"fixedCommission":null,"percentageCommission":3.5999999999999996},{"fixedCommission":null,"percentageCommission":2.88},{"fixedCommission":null,"percentageCommission":3},{"fixedCommission":null,"percentageCommission":3},{"fixedCommission":null,"percentageCommission":3},{"fixedCommission":null,"percentageCommission":3.5999999999999996},{"fixedCommission":null,"percentageCommission":3.5999999999999996},{"fixedCommission":null,"percentageCommission":3.5999999999999996},{"fixedCommission":null,"percentageCommission":2.88},{"fixedCommission":null,"percentageCommission":3.5999999999999996},{"fixedCommission":null,"percentageCommission":3.5999999999999996},{"fixedCommission":null,"percentageCommission":2.88},{"fixedCommission":null,"percentageCommission":3.5999999999999996}],"trackingLink":"https://tatrck.com/h/0Hu30z9R0etG","createdAt":"2023-12-13T16:03:10.893Z","updatedAt":"2024-09-01T05:53:47.328Z"},{"merchantId":167379,"name":"Tods","imageUri":"https://monetizeamex.com/v3/120x60/82a92980ebcda1463fb634dc68935784.png","currencyCode":"EUR","defaultDomain":"tods.com","domains":["tods.com"],"categoryId":40,"description":null,"isActive":true,"countryCodes":["US","GB","FR","DE","IT"],"averageBasketValue":861.9,"averageCommission":11.77,"averageConfirmationTime":null,"averageCancellationRate":null,"minimumCommission":5.56,"maximumCommission":11.37,"commissionRates":[{"fixedCommission":null,"percentageCommission":0.96},{"fixedCommission":null,"percentageCommission":3},{"fixedCommission":null,"percentageCommission":3},{"fixedCommission":null,"percentageCommission":3},{"fixedCommission":null,"percentageCommission":3}],"trackingLink":"https://tatrck.com/h/0Hu30z9R0etJ","createdAt":"2023-12-13T16:03:11.705Z","updatedAt":"2024-09-03T17:04:56.417Z"},{"merchantId":167392,"name":"Caffé Vergnano IT","imageUri":"https://monetizeamex.com/v3/120x60/7d4def2d00413a1867e7b9472b520ba7.png","currencyCode":"EUR","defaultDomain":"caffevergnano.com","domains":["caffevergnano.com","caffevergnano.it"],"categoryId":14,"description":null,"isActive":true,"countryCodes":["IT"],"averageBasketValue":null,"averageCommission":null,"averageConfirmationTime":null,"averageCancellationRate":null,"minimumCommission":null,"maximumCommission":null,"commissionRates":[],"trackingLink":"https://tatrck.com/h/0Hu30z9R0etW","createdAt":"2023-12-13T16:03:15.689Z","updatedAt":"2024-09-03T17:07:53.200Z"},{"merchantId":167404,"name":"Health Rack UK","imageUri":"https://kqdxc4m5.de/logos_v2/120x60/a5996cf3b4c3fb3628280725ff44d91a.gif","currencyCode":"EUR","defaultDomain":"healthrack.co.uk","domains":["healthrack.co.uk"],"categoryId":35,"description":null,"isActive":true,"countryCodes":["GB"],"averageBasketValue":null,"averageCommission":null,"averageConfirmationTime":null,"averageCancellationRate":null,"minimumCommission":null,"maximumCommission":null,"commissionRates":[{"fixedCommission":null,"percentageCommission":6}],"trackingLink":"https://tatrck.com/h/0Hu30z9R0eti","createdAt":"2023-12-13T16:03:20.101Z","updatedAt":"2024-08-08T05:19:56.275Z"},{"merchantId":167405,"name":"Core Trainer AU","imageUri":"https://monetizeamex.com/v3/120x60/9190a076afee8b1a91409bb5bb463455.png","currencyCode":"EUR","defaultDomain":"coretrainer.com.au","domains":["coretrainer.com.au"],"categoryId":40,"description":null,"isActive":true,"countryCodes":["AU"],"averageBasketValue":null,"averageCommission":null,"averageConfirmationTime":null,"averageCancellationRate":null,"minimumCommission":null,"maximumCommission":null,"commissionRates":[{"fixedCommission":null,"percentageCommission":6}],"trackingLink":"https://tatrck.com/h/0Hu30z9R0etj","createdAt":"2023-12-13T16:03:20.080Z","updatedAt":"2024-09-03T17:05:30.492Z"},{"merchantId":167413,"name":"Abigail Ahern UK","imageUri":"https://monetizeamex.com/v3/120x60/28830c0bb75400c0b01f9f48c5c05a19.png","currencyCode":"EUR","defaultDomain":"abigailahern.com","domains":["abigailahern.com"],"categoryId":74,"description":null,"isActive":true,"countryCodes":["GB"],"averageBasketValue":99.9,"averageCommission":2.26,"averageConfirmationTime":null,"averageCancellationRate":null,"minimumCommission":0.25,"maximumCommission":18.06,"commissionRates":[{"fixedCommission":null,"percentageCommission":2.88},{"fixedCommission":null,"percentageCommission":1.44}],"trackingLink":"https://tatrck.com/h/0Hu30z9R0etr","createdAt":"2023-12-13T16:03:22.705Z","updatedAt":"2024-09-03T17:03:21.138Z"},{"merchantId":167454,"name":"AppSumo","imageUri":"https://monetizeamex.com/v3/120x60/cd20da6f24fead44bf02b1b8e93b21e2.png","currencyCode":"EUR","defaultDomain":"appsumo.com","domains":["appsumo.com"],"categoryId":41,"description":null,"isActive":true,"countryCodes":[],"averageBasketValue":117.11,"averageCommission":1.54,"averageConfirmationTime":null,"averageCancellationRate":8.8,"minimumCommission":0.3,"maximumCommission":25.32,"commissionRates":[],"trackingLink":"https://tatrck.com/h/0Hu30z9R0euU","createdAt":"2023-12-13T16:03:35.365Z","updatedAt":"2024-09-03T05:51:10.411Z"},{"merchantId":167456,"name":"Switchcraft UK","imageUri":"https://monetizeamex.com/v3/120x60/326ca700bad7fce816a45cad839cb558.png","currencyCode":"EUR","defaultDomain":"switchcraft.co.uk","domains":["switchcraft.co.uk"],"categoryId":51,"description":null,"isActive":true,"countryCodes":["GB"],"averageBasketValue":null,"averageCommission":null,"averageConfirmationTime":null,"averageCancellationRate":null,"minimumCommission":null,"maximumCommission":null,"commissionRates":[],"trackingLink":"https://tatrck.com/h/0Hu30z9R0euW","createdAt":"2023-12-13T16:03:35.279Z","updatedAt":"2024-08-15T09:07:29.454Z"},{"merchantId":167460,"name":"AirArabia US","imageUri":"https://monetizeamex.com/v3/120x60/18f0960a8a1565a9f98fd3b40f1a3565.png","currencyCode":"EUR","defaultDomain":"airarabia.com","domains":["airarabia.com"],"categoryId":63,"description":null,"isActive":true,"countryCodes":[],"averageBasketValue":null,"averageCommission":0.19,"averageConfirmationTime":5,"averageCancellationRate":1.2,"minimumCommission":0.99,"maximumCommission":2.17,"commissionRates":[],"trackingLink":"https://tatrck.com/h/0Hu30z9R0eua","createdAt":"2023-12-13T16:03:36.474Z","updatedAt":"2024-08-22T05:54:27.769Z"},{"merchantId":167484,"name":"Alexandre De Paris FR","imageUri":"https://monetizeamex.com/v3/120x60/a0e6dd1ec5507762d375b109f46e7c8f.png","currencyCode":"EUR","defaultDomain":"alexandredeparis-store.com","domains":["alexandredeparis-store.com"],"categoryId":40,"description":null,"isActive":true,"countryCodes":["DE","US","FR"],"averageBasketValue":95.65,"averageCommission":2.05,"averageConfirmationTime":null,"averageCancellationRate":null,"minimumCommission":4.1,"maximumCommission":4.1,"commissionRates":[{"fixedCommission":null,"percentageCommission":3},{"fixedCommission":null,"percentageCommission":4.2}],"trackingLink":"https://tatrck.com/h/0Hu30z9R0euy","createdAt":"2023-12-13T16:03:45.181Z","updatedAt":"2024-09-03T17:09:24.874Z"}]}