{"meta":{"next":113585},"data":[{"merchantId":113072,"name":"Bluvesa DE","imageUri":"https://monetizeamex.com/v3/120x60/bf7cb0a44c4a649cfd0887c14feb4172.png","currencyCode":"EUR","defaultDomain":"bluvesa.de","domains":["bluvesa.de"],"categoryId":47,"description":"Der Online-Blumenversand versendet traumhaft schöne, frische und liebevoll handgebundene Blumensträuße. Die Blumensträuße erhalten Sie mit 7-Tage Frischegarantie zum vereinbarten Termin.","isActive":true,"countryCodes":["DE"],"averageBasketValue":11.2,"averageCommission":1.26,"averageConfirmationTime":12,"averageCancellationRate":null,"minimumCommission":2.72,"maximumCommission":2.72,"commissionRates":[{"fixedCommission":null,"percentageCommission":10.799999999999999}],"trackingLink":"https://tatrck.com/h/0Hu30z9R0Rcm","createdAt":"2023-12-13T10:49:40.673Z","updatedAt":"2024-08-25T05:52:45.293Z"},{"merchantId":113103,"name":"Office Stationery UK","imageUri":"https://monetizeamex.com/v3/120x60/cfff82f1fafb1303aaf74dbf8cab4f19.png","currencyCode":"EUR","defaultDomain":"officestationery.co.uk","domains":["officestationery.co.uk"],"categoryId":50,"description":null,"isActive":true,"countryCodes":["GB"],"averageBasketValue":164.64,"averageCommission":6.6,"averageConfirmationTime":null,"averageCancellationRate":null,"minimumCommission":null,"maximumCommission":null,"commissionRates":[{"fixedCommission":null,"percentageCommission":5.3999999999999995},{"fixedCommission":null,"percentageCommission":7.199999999999999},{"fixedCommission":null,"percentageCommission":3},{"fixedCommission":null,"percentageCommission":7.199999999999999}],"trackingLink":"https://tatrck.com/h/0Hu30z9R0RdF","createdAt":"2023-12-13T10:49:54.283Z","updatedAt":"2024-09-03T17:09:33.569Z"},{"merchantId":113130,"name":"Best Western DE","imageUri":"https://monetizeamex.com/v3/120x60/5faff12ff793c2b41198a2244d9b0ce4.png","currencyCode":"EUR","defaultDomain":"bestwestern.de","domains":["best-western.de","bestwestern.de"],"categoryId":63,"description":"Auf STERN.DE finden Sie News, spannende Hintergründe sowie bildstarke Reportagen aus allen Bereichen: Von Politik und Wirtschaft bis Kultur und Wissenschaft.","isActive":true,"countryCodes":["AT","CH","DE"],"averageBasketValue":191.56,"averageCommission":6.84,"averageConfirmationTime":32,"averageCancellationRate":22.4,"minimumCommission":1.72,"maximumCommission":23.16,"commissionRates":[],"trackingLink":"https://tatrck.com/h/0Hu30z9R0Rdg","createdAt":"2023-12-13T10:50:01.238Z","updatedAt":"2024-09-03T05:51:06.783Z"},{"merchantId":113144,"name":"Clubefashion PT","imageUri":"https://monetizeamex.com/v3/120x60/25dbafb26ad915bed5f43d1fa1e3899c.png","currencyCode":"EUR","defaultDomain":"clubefashion.com","domains":["clubefashion.com","clubefashion.pt"],"categoryId":21,"description":null,"isActive":true,"countryCodes":["PT"],"averageBasketValue":null,"averageCommission":1.74,"averageConfirmationTime":null,"averageCancellationRate":null,"minimumCommission":0.16,"maximumCommission":3.77,"commissionRates":[],"trackingLink":"https://tatrck.com/h/0Hu30z9R0Rdu","createdAt":"2023-12-13T10:50:05.269Z","updatedAt":"2024-08-28T05:30:42.865Z"},{"merchantId":113154,"name":"ElitePartner CH","imageUri":"https://monetizeamex.com/v3/120x60/50cc2d76ce20ce86a7ef296d7195db40.png","currencyCode":"EUR","defaultDomain":"elitepartner.ch","domains":["elitepartner.ch"],"categoryId":16,"description":"Sie sind Single auf Partnersuche, aber legen Wert auf Seriosität und Niveau? Bei ElitePartner.de werden Sie fündig. Testen Sie ElitePartner jetzt kostenlos.","isActive":true,"countryCodes":["CH"],"averageBasketValue":0.95,"averageCommission":6.58,"averageConfirmationTime":6,"averageCancellationRate":50,"minimumCommission":6.75,"maximumCommission":6.75,"commissionRates":[{"fixedCommission":null,"percentageCommission":18},{"fixedCommission":6.9,"percentageCommission":null}],"trackingLink":"https://tatrck.com/h/0Hu30z9R0Re2","createdAt":"2023-12-13T10:50:07.989Z","updatedAt":"2024-09-03T17:08:18.976Z"},{"merchantId":113160,"name":"Fixura FI","imageUri":"https://monetizeamex.com/v3/120x60/68fd2725dcf877b18bc8467f8e7cc577.png","currencyCode":"EUR","defaultDomain":"fixura.fi","domains":["fixura.fi"],"categoryId":66,"description":null,"isActive":true,"countryCodes":["FI"],"averageBasketValue":null,"averageCommission":null,"averageConfirmationTime":null,"averageCancellationRate":null,"minimumCommission":null,"maximumCommission":null,"commissionRates":[],"trackingLink":"https://tatrck.com/h/0Hu30z9R0Re8","createdAt":"2023-12-13T10:50:10.008Z","updatedAt":"2024-08-21T11:39:50.469Z"},{"merchantId":113166,"name":"Imprim-encre FR","imageUri":"https://monetizeamex.com/v3/120x60/b2d208acff313b3f49672b353d1ae699.png","currencyCode":"EUR","defaultDomain":"imprim-encre.com","domains":["imprim-encre.com","imprim-encre.fr"],"categoryId":21,"description":null,"isActive":true,"countryCodes":["FR"],"averageBasketValue":59.04,"averageCommission":3.26,"averageConfirmationTime":34,"averageCancellationRate":6.400000000000001,"minimumCommission":0.44,"maximumCommission":11.96,"commissionRates":[{"fixedCommission":null,"percentageCommission":6}],"trackingLink":"https://tatrck.com/h/0Hu30z9R0ReE","createdAt":"2023-12-13T10:50:11.505Z","updatedAt":"2024-09-03T17:13:09.949Z"},{"merchantId":113197,"name":"Miliboo FR","imageUri":"https://monetizeamex.com/v3/120x60/7dc88d7293727d94e9b6c9cf87376d36.png","currencyCode":"EUR","defaultDomain":"miliboo.com","domains":["miliboo.com","miliboo.fr"],"categoryId":34,"description":null,"isActive":true,"countryCodes":["FR"],"averageBasketValue":null,"averageCommission":10.84,"averageConfirmationTime":5,"averageCancellationRate":null,"minimumCommission":0.72,"maximumCommission":44.65,"commissionRates":[],"trackingLink":"https://tatrck.com/h/0Hu30z9R0Rej","createdAt":"2023-12-13T10:50:22.266Z","updatedAt":"2024-08-31T05:32:17.423Z"},{"merchantId":113212,"name":"Plopsa","imageUri":"https://monetizeamex.com/v3/120x60/ba47bd9b58bc54a2afad12dbde41d8f5.png","currencyCode":"EUR","defaultDomain":"plopsa.be","domains":["plopsa.be"],"categoryId":21,"description":null,"isActive":true,"countryCodes":["BE","DE","GB","FR","NL"],"averageBasketValue":103.16,"averageCommission":3.12,"averageConfirmationTime":29,"averageCancellationRate":6.700000000000001,"minimumCommission":6,"maximumCommission":11.68,"commissionRates":[],"trackingLink":"https://tatrck.com/h/0Hu30z9R0Rey","createdAt":"2023-12-13T10:50:25.769Z","updatedAt":"2024-09-03T10:02:02.984Z"},{"merchantId":113254,"name":"Victoria Milan SE","imageUri":"https://monetizeamex.com/v3/120x60/071e483c16db51c314b4105580267220.png","currencyCode":"EUR","defaultDomain":"victoriamilan.se","domains":["victoriamilan.se"],"categoryId":16,"description":null,"isActive":true,"countryCodes":["SE"],"averageBasketValue":null,"averageCommission":3.82,"averageConfirmationTime":null,"averageCancellationRate":null,"minimumCommission":3.82,"maximumCommission":3.82,"commissionRates":[],"trackingLink":"https://tatrck.com/h/0Hu30z9R0Rfc","createdAt":"2023-12-13T10:50:39.073Z","updatedAt":"2024-09-03T17:09:30.356Z"},{"merchantId":113272,"name":"Premier Farnell","imageUri":"https://monetizeamex.com/v3/120x60/ce6b9aff5cf04bbe4ff950dd01433317.png","currencyCode":"EUR","defaultDomain":"farnell.com","domains":["farnell.com","farnell.de","pl.farnell.com"],"categoryId":72,"description":"Farnell  ist der weltweit führende Distributor für elektronische, elektrische Industrie-, Instandhaltung- und Betriebsprodukte ohne Mindestmengen oder Mindermengenzuschlag. Die Kunden haben einen schnellen und einfachen Zugang zu über 480.000 auf Lager liegenden Produkten, 24h Stunden am Tag, 365 Tage im Jahr.","isActive":true,"countryCodes":["PL"],"averageBasketValue":null,"averageCommission":null,"averageConfirmationTime":null,"averageCancellationRate":null,"minimumCommission":null,"maximumCommission":null,"commissionRates":[],"trackingLink":"https://tatrck.com/h/0Hu30z9R0Rfu","createdAt":"2023-12-13T10:50:47.510Z","updatedAt":"2024-08-15T08:47:24.461Z"},{"merchantId":113276,"name":"BODi US","imageUri":"https://monetizeamex.com/v3/120x60/468275437d960be060abff074d45903c.png","currencyCode":"EUR","defaultDomain":"beachbody.com","domains":["beachbody.com"],"categoryId":68,"description":null,"isActive":true,"countryCodes":["US","CA"],"averageBasketValue":105.55,"averageCommission":6.43,"averageConfirmationTime":28,"averageCancellationRate":9.6,"minimumCommission":1.17,"maximumCommission":15.61,"commissionRates":[{"fixedCommission":null,"percentageCommission":1.92},{"fixedCommission":3.43,"percentageCommission":null},{"fixedCommission":2.28,"percentageCommission":null},{"fixedCommission":1.68,"percentageCommission":null},{"fixedCommission":6.91,"percentageCommission":null},{"fixedCommission":0,"percentageCommission":null},{"fixedCommission":0,"percentageCommission":null}],"trackingLink":"https://tatrck.com/h/0Hu30z9R0Rfy","createdAt":"2023-12-13T10:50:47.082Z","updatedAt":"2024-09-01T05:52:36.629Z"},{"merchantId":113279,"name":"ZipRecruiter US","imageUri":"https://monetizeamex.com/v3/120x60/5cadd7494ebc0cca7c44a490ee9e5462.png","currencyCode":"EUR","defaultDomain":"ziprecruiter.com","domains":["ziprecruiter.com"],"categoryId":52,"description":null,"isActive":true,"countryCodes":["US"],"averageBasketValue":0.04,"averageCommission":1.02,"averageConfirmationTime":59,"averageCancellationRate":0.4,"minimumCommission":0.25,"maximumCommission":71.34,"commissionRates":[{"fixedCommission":0.36,"percentageCommission":null},{"fixedCommission":48,"percentageCommission":null},{"fixedCommission":0.48,"percentageCommission":null}],"trackingLink":"https://tatrck.com/h/0Hu30z9R0Rf_","createdAt":"2023-12-13T10:50:49.896Z","updatedAt":"2024-09-03T17:09:21.057Z"},{"merchantId":113305,"name":"liquid-life DE","imageUri":"https://monetizeamex.com/v3/120x60/de9ccf37d14497fe65d7731c18ea6b1b.png","currencyCode":"EUR","defaultDomain":"liquid-life.de","domains":["liquid-life.de"],"categoryId":55,"description":"Im Online Shop für Mountainbikes, Fahrräder, Zubehör und Outdoor von Liquid life bekommen Sie qualitativ hochwertige Produkte zu attraktiven Preisen. Hardtails, MTB Fullies, Carbon Bikes aber auch Kinder- und Jugendfahrräder mit dem passenden Fahrradzubehör und stylischer Fahrradbekleidung passend zu deinem Fahrrad findest du hier im Fahrradshop.","isActive":true,"countryCodes":["DE"],"averageBasketValue":492.61,"averageCommission":15.41,"averageConfirmationTime":null,"averageCancellationRate":2.3,"minimumCommission":0.17,"maximumCommission":78.6,"commissionRates":[{"fixedCommission":null,"percentageCommission":3},{"fixedCommission":null,"percentageCommission":4.8}],"trackingLink":"https://tatrck.com/h/0Hu30z9R0RgP","createdAt":"2023-12-13T10:50:58.071Z","updatedAt":"2024-09-03T17:07:39.185Z"},{"merchantId":113340,"name":"Tottenham Hotspur UK","imageUri":"https://monetizeamex.com/v3/120x60/1a9e6ae3905b6df82f744ba46a598524.png","currencyCode":"EUR","defaultDomain":"tottenhamhotspur.com","domains":["tottenhamhotspur.com"],"categoryId":55,"description":null,"isActive":true,"countryCodes":["GB"],"averageBasketValue":68.77,"averageCommission":1.14,"averageConfirmationTime":21,"averageCancellationRate":null,"minimumCommission":0.02,"maximumCommission":35.13,"commissionRates":[{"fixedCommission":null,"percentageCommission":1.44}],"trackingLink":"https://tatrck.com/h/0Hu30z9R0Rgy","createdAt":"2023-12-13T10:51:08.577Z","updatedAt":"2024-09-03T05:53:28.431Z"},{"merchantId":113344,"name":"Victoria Milan DK","imageUri":"https://monetizeamex.com/v3/120x60/be25c4c2f4fb79b9b1fea4012e10502b.png","currencyCode":"EUR","defaultDomain":"victoriamilan.dk","domains":["victoriamilan.dk"],"categoryId":16,"description":null,"isActive":true,"countryCodes":["DK"],"averageBasketValue":null,"averageCommission":null,"averageConfirmationTime":null,"averageCancellationRate":null,"minimumCommission":null,"maximumCommission":null,"commissionRates":[],"trackingLink":"https://tatrck.com/h/0Hu30z9R0Rh0","createdAt":"2023-12-13T10:51:09.683Z","updatedAt":"2024-08-21T11:26:12.649Z"},{"merchantId":113385,"name":"Skagen DE","imageUri":"https://monetizeamex.com/v3/120x60/c98505a393e449ce16ea102dd3fc655f.png","currencyCode":"EUR","defaultDomain":"skagen.com","domains":["skagen.com"],"categoryId":40,"description":null,"isActive":true,"countryCodes":["DE","GB"],"averageBasketValue":518.02,"averageCommission":2.25,"averageConfirmationTime":19,"averageCancellationRate":null,"minimumCommission":0.56,"maximumCommission":4.93,"commissionRates":[{"fixedCommission":null,"percentageCommission":3.5999999999999996},{"fixedCommission":null,"percentageCommission":2.4}],"trackingLink":"https://tatrck.com/h/0Hu30z9R0Rhf","createdAt":"2023-12-13T10:51:24.408Z","updatedAt":"2024-09-03T17:08:44.076Z"},{"merchantId":113387,"name":"Streetammo DK","imageUri":"https://monetizeamex.com/v3/120x60/bdcb2a45dc4c38154a3e2ece308574b1.png","currencyCode":"EUR","defaultDomain":"streetammo.dk","domains":["streetammo.dk"],"categoryId":40,"description":null,"isActive":true,"countryCodes":["DK"],"averageBasketValue":null,"averageCommission":null,"averageConfirmationTime":null,"averageCancellationRate":null,"minimumCommission":null,"maximumCommission":null,"commissionRates":[],"trackingLink":"https://tatrck.com/h/0Hu30z9R0Rhh","createdAt":"2023-12-13T10:51:24.881Z","updatedAt":"2024-08-15T08:49:24.429Z"},{"merchantId":113411,"name":"Flaconi DE","imageUri":"https://monetizeamex.com/v3/120x60/ed5b646f59ae5621960ad6b2bf9fba8b.png","currencyCode":"EUR","defaultDomain":"flaconi.de","domains":["flaconi.de"],"categoryId":28,"description":"In der Online-Parfümerie Flaconi findest Du aktuelle Damen- und Herrendüfte von namhaften Hersteller sowie auch Pflegeprodukte für Gesicht, Haar & Körper und Kosmetikprodukte.","isActive":true,"countryCodes":["DE"],"averageBasketValue":62.12,"averageCommission":2.13,"averageConfirmationTime":null,"averageCancellationRate":11.6,"minimumCommission":0.16,"maximumCommission":4.29,"commissionRates":[{"fixedCommission":null,"percentageCommission":1.7999999999999998}],"trackingLink":"https://tatrck.com/h/0Hu30z9R0Ri3","createdAt":"2023-12-13T10:51:34.471Z","updatedAt":"2024-09-03T17:06:53.157Z"},{"merchantId":113417,"name":"scarosso DE","imageUri":"https://monetizeamex.com/v3/120x60/17030b8780b18b7974a68079cf0b1d69.png","currencyCode":"EUR","defaultDomain":"scarosso.com","domains":["scarosso.com","scarosso.de"],"categoryId":40,"description":"Scarosso bietet italienische Schuhe mit Stil und Eleganz. Die Damen- und Herrenschuhe werden in eigener Manufaktur in Italien gefertigt. Die Schuhe sind aus hochwertige Leder und werden sorgfältig verarbeitet.","isActive":true,"countryCodes":[],"averageBasketValue":293.4,"averageCommission":13.93,"averageConfirmationTime":null,"averageCancellationRate":10,"minimumCommission":7.1,"maximumCommission":15.22,"commissionRates":[{"fixedCommission":null,"percentageCommission":3.84},{"fixedCommission":null,"percentageCommission":4.8}],"trackingLink":"https://tatrck.com/h/0Hu30z9R0Ri9","createdAt":"2023-12-13T10:51:36.078Z","updatedAt":"2024-08-23T15:04:59.485Z"},{"merchantId":113420,"name":"Avis","imageUri":"https://monetizeamex.com/v3/120x60/ca0dcdef90e09cbe310df8a0f00992bb.png","currencyCode":"EUR","defaultDomain":"avis.de","domains":["avis.co.uk","avis.de"],"categoryId":5,"description":"Avis Autovermietung - hier finden Sie den passenden Mietwagen für Ihren Bedarf. Fahrspaß mit erstklassigen Mietwagen in der Autoflotte der Avis Autovermietung: Unter unseren erstklassigen, topaktuellen Fahrzeugen aller namenhaften Hersteller finden Sie mit Sicherheit genau den richtigen Leihwagen bzw. Mietwagen für Ihren Bedarf. Vom Transporter bis zur Großraumlimousine, vom Kleinwagen bis hin zum LKW bzw. Van können Sie den passenden Mietwagen mieten, Transporter mieten, LKW mieten oder ein Cabrio mieten.","isActive":true,"countryCodes":["AT","CH","DE","DK","ES","FR","GB","IT","LU","NO","PL","SE"],"averageBasketValue":245.82,"averageCommission":11.78,"averageConfirmationTime":26,"averageCancellationRate":5,"minimumCommission":1.64,"maximumCommission":95.67,"commissionRates":[],"trackingLink":"https://tatrck.com/h/0Hu30z9R0RiC","createdAt":"2023-12-13T10:51:36.987Z","updatedAt":"2024-09-03T05:53:06.013Z"},{"merchantId":113428,"name":"Blue Sea Holidays UK","imageUri":"https://monetizeamex.com/v3/120x60/71b3c46c9121a2157bf59e8a9a88a6fb.png","currencyCode":"EUR","defaultDomain":"blueseaholidays.co.uk","domains":["blueseaholidays.co.uk"],"categoryId":71,"description":null,"isActive":true,"countryCodes":["GB"],"averageBasketValue":null,"averageCommission":null,"averageConfirmationTime":null,"averageCancellationRate":null,"minimumCommission":null,"maximumCommission":null,"commissionRates":[{"fixedCommission":null,"percentageCommission":1.2}],"trackingLink":"https://tatrck.com/h/0Hu30z9R0RiK","createdAt":"2023-12-13T10:51:39.271Z","updatedAt":"2024-08-21T11:34:51.604Z"},{"merchantId":113443,"name":"Klipsch US","imageUri":"https://monetizeamex.com/v3/120x60/684b428e1b047643a95827080c56db53.png","currencyCode":"EUR","defaultDomain":"klipsch.com","domains":["klipsch.com"],"categoryId":72,"description":null,"isActive":true,"countryCodes":["US"],"averageBasketValue":512.14,"averageCommission":6.44,"averageConfirmationTime":null,"averageCancellationRate":null,"minimumCommission":6.44,"maximumCommission":6.44,"commissionRates":[],"trackingLink":"https://tatrck.com/h/0Hu30z9R0RiZ","createdAt":"2023-12-13T10:51:45.178Z","updatedAt":"2024-08-21T11:32:31.791Z"},{"merchantId":113447,"name":"Leisure Lakes Bikes UK","imageUri":"https://monetizeamex.com/v3/120x60/6b33788f36d8338a1bda1112de8c00fd.png","currencyCode":"EUR","defaultDomain":"leisurelakesbikes.com","domains":["leisurelakesbikes.com","leisurelakesbikes.co.uk"],"categoryId":59,"description":null,"isActive":true,"countryCodes":["GB"],"averageBasketValue":173.16,"averageCommission":3.11,"averageConfirmationTime":59,"averageCancellationRate":null,"minimumCommission":0.11,"maximumCommission":2.28,"commissionRates":[{"fixedCommission":null,"percentageCommission":1.7999999999999998}],"trackingLink":"https://tatrck.com/h/0Hu30z9R0Rid","createdAt":"2023-12-13T10:51:46.292Z","updatedAt":"2024-09-03T17:09:24.269Z"},{"merchantId":113449,"name":"Lopesan ES","imageUri":"https://monetizeamex.com/v3/120x60/1e4732405bfca7d21234f11f871a6db7.png","currencyCode":"EUR","defaultDomain":"lopesan.com","domains":["lopesan.com"],"categoryId":63,"description":null,"isActive":true,"countryCodes":[],"averageBasketValue":854.06,"averageCommission":15.37,"averageConfirmationTime":null,"averageCancellationRate":14.300000000000002,"minimumCommission":3.06,"maximumCommission":40.52,"commissionRates":[],"trackingLink":"https://tatrck.com/h/0Hu30z9R0Rif","createdAt":"2023-12-13T10:51:46.871Z","updatedAt":"2024-09-03T05:54:59.221Z"},{"merchantId":113482,"name":"myFUJIFILM","imageUri":"https://monetizeamex.com/v3/120x60/42f262a43c1d9cd6ca571851cbee2c6c.png","currencyCode":"EUR","defaultDomain":"my.fujifilm.com","domains":["my.fujifilm.com"],"categoryId":80,"description":"Bei Fujidirekt finden Sie neben dem Fotoservice auch Fotobücher, Fotoleinwände, Fotokalender, Grußkarten und Fotogeschenke wie Mousepads, Tassen oder T-Shirts.","isActive":true,"countryCodes":["FR"],"averageBasketValue":59.92,"averageCommission":2.53,"averageConfirmationTime":null,"averageCancellationRate":null,"minimumCommission":0.76,"maximumCommission":1.61,"commissionRates":[],"trackingLink":"https://tatrck.com/h/0Hu30z9R0RjA","createdAt":"2023-12-13T10:52:00.419Z","updatedAt":"2024-09-03T17:08:29.563Z"},{"merchantId":113533,"name":"Lenovo","imageUri":"https://monetizeamex.com/v3/120x60/df1eada3add7277383421876c329039d.png","currencyCode":"EUR","defaultDomain":"lenovo.com","domains":["lenovo.com"],"categoryId":72,"description":"Lenovo entwickelt, produziert und vermarktet innovative, zuverlässige und hochwertige PC-Produkte sowie professionelle Serviceleistungen. Der Online-Shop bietet hochwertige Tablets und Notebooks sowie Desktop-PCs und günstige Ultrabooks.","isActive":true,"countryCodes":[],"averageBasketValue":913.06,"averageCommission":13.6,"averageConfirmationTime":20,"averageCancellationRate":null,"minimumCommission":0.03,"maximumCommission":184.43,"commissionRates":[{"fixedCommission":null,"percentageCommission":1.44},{"fixedCommission":null,"percentageCommission":0.48},{"fixedCommission":null,"percentageCommission":2.4},{"fixedCommission":null,"percentageCommission":4.8},{"fixedCommission":null,"percentageCommission":1.7999999999999998},{"fixedCommission":null,"percentageCommission":2.64},{"fixedCommission":null,"percentageCommission":2.784},{"fixedCommission":null,"percentageCommission":2.784},{"fixedCommission":null,"percentageCommission":2.64},{"fixedCommission":null,"percentageCommission":1.44},{"fixedCommission":null,"percentageCommission":1.44},{"fixedCommission":null,"percentageCommission":2.4},{"fixedCommission":null,"percentageCommission":4.8},{"fixedCommission":null,"percentageCommission":1.7999999999999998},{"fixedCommission":null,"percentageCommission":1.7999999999999998},{"fixedCommission":null,"percentageCommission":1.44},{"fixedCommission":null,"percentageCommission":1.44},{"fixedCommission":null,"percentageCommission":1.44},{"fixedCommission":null,"percentageCommission":0.96},{"fixedCommission":null,"percentageCommission":1.44},{"fixedCommission":null,"percentageCommission":1.2},{"fixedCommission":null,"percentageCommission":2.784},{"fixedCommission":null,"percentageCommission":2.64},{"fixedCommission":null,"percentageCommission":1.44},{"fixedCommission":null,"percentageCommission":1.44},{"fixedCommission":null,"percentageCommission":1.44},{"fixedCommission":null,"percentageCommission":1.92},{"fixedCommission":null,"percentageCommission":1.44},{"fixedCommission":null,"percentageCommission":1.92},{"fixedCommission":null,"percentageCommission":1.44},{"fixedCommission":null,"percentageCommission":2.4},{"fixedCommission":null,"percentageCommission":2.784},{"fixedCommission":null,"percentageCommission":2.64},{"fixedCommission":null,"percentageCommission":2.784},{"fixedCommission":null,"percentageCommission":2.64}],"trackingLink":"https://tatrck.com/h/0Hu30z9R0Rjz","createdAt":"2023-12-13T10:52:21.470Z","updatedAt":"2024-09-03T05:54:29.821Z"}]}