{"meta":{"next":283762},"data":[{"merchantId":283216,"name":"GigSky AD","imageUri":"https://monetizeamex.com/v3/120x60/65362075219a52d318e651225737fa8d.png","currencyCode":"EUR","defaultDomain":"gigsky.com","domains":["gigsky.com"],"categoryId":38,"description":null,"isActive":true,"countryCodes":[],"averageBasketValue":null,"averageCommission":null,"averageConfirmationTime":null,"averageCancellationRate":null,"minimumCommission":null,"maximumCommission":null,"commissionRates":[],"trackingLink":"https://tatrck.com/h/0Hu30z9R159G","createdAt":"2024-03-20T12:00:36.625Z","updatedAt":"2024-08-26T09:01:41.140Z"},{"merchantId":283223,"name":"Heart Earth Craft AD","imageUri":"https://monetizeamex.com/v3/120x60/7280c0b75c7375c72edd461083f54b7e.png","currencyCode":"EUR","defaultDomain":"heartearthcraft.com","domains":["heartearthcraft.com"],"categoryId":40,"description":null,"isActive":true,"countryCodes":[],"averageBasketValue":null,"averageCommission":null,"averageConfirmationTime":null,"averageCancellationRate":null,"minimumCommission":null,"maximumCommission":null,"commissionRates":[],"trackingLink":"https://tatrck.com/h/0Hu30z9R159N","createdAt":"2024-03-21T09:37:28.931Z","updatedAt":"2024-08-26T09:01:26.620Z"},{"merchantId":283243,"name":"Nightfox Audio AD","imageUri":"https://monetizeamex.com/v3/120x60/4dba2a32e68823864d9a3116c6981b17.png","currencyCode":"EUR","defaultDomain":"nightfoxaudio.com","domains":["nightfoxaudio.com"],"categoryId":75,"description":null,"isActive":true,"countryCodes":[],"averageBasketValue":null,"averageCommission":null,"averageConfirmationTime":null,"averageCancellationRate":null,"minimumCommission":null,"maximumCommission":null,"commissionRates":[],"trackingLink":"https://tatrck.com/h/0Hu30z9R159h","createdAt":"2024-03-21T09:34:52.544Z","updatedAt":"2024-08-26T09:01:36.435Z"},{"merchantId":283290,"name":"ZAMATHOME AU","imageUri":"https://monetizeamex.com/v3/120x60/24cca43221ca95c77d30856669564469.png","currencyCode":"EUR","defaultDomain":"zamathome.com","domains":["zamathome.com"],"categoryId":35,"description":null,"isActive":true,"countryCodes":["US"],"averageBasketValue":71.18,"averageCommission":6.4,"averageConfirmationTime":null,"averageCancellationRate":null,"minimumCommission":6.4,"maximumCommission":6.4,"commissionRates":[{"fixedCommission":null,"percentageCommission":9}],"trackingLink":"https://tatrck.com/h/0Hu30z9R15AQ","createdAt":"2024-03-20T12:01:15.953Z","updatedAt":"2024-08-21T11:33:26.272Z"},{"merchantId":283302,"name":"mideer AU","imageUri":"https://monetizeamex.com/v3/120x60/d7d4820566df48878738e9f4b1f36c97.png","currencyCode":"EUR","defaultDomain":"mideerart.com","domains":["mideerart.com"],"categoryId":17,"description":null,"isActive":true,"countryCodes":["AU"],"averageBasketValue":null,"averageCommission":null,"averageConfirmationTime":null,"averageCancellationRate":null,"minimumCommission":null,"maximumCommission":null,"commissionRates":[],"trackingLink":"https://tatrck.com/h/0Hu30z9R15Ac","createdAt":"2024-03-20T12:01:16.449Z","updatedAt":"2024-08-26T09:01:18.900Z"},{"merchantId":283490,"name":"Sports Direct DE","imageUri":"https://monetizeamex.com/v3/120x60/d954ccc7e8eb74cd19dcf1d8c557937d.png","currencyCode":"EUR","defaultDomain":"sportsdirect.de","domains":["sportsdirect.de"],"categoryId":55,"description":null,"isActive":true,"countryCodes":["DE"],"averageBasketValue":49.58,"averageCommission":0.89,"averageConfirmationTime":null,"averageCancellationRate":null,"minimumCommission":0.09,"maximumCommission":3.25,"commissionRates":[{"fixedCommission":null,"percentageCommission":1.7999999999999998}],"trackingLink":"https://tatrck.com/h/0Hu30z9R15DY","createdAt":"2024-03-20T14:01:16.436Z","updatedAt":"2024-08-23T05:51:56.178Z"},{"merchantId":283491,"name":"Sports Direct ES","imageUri":"https://monetizeamex.com/v3/120x60/b2794805bf3b852e0c99b81af1f64ec3.png","currencyCode":"EUR","defaultDomain":"sportsdirect.es","domains":["sportsdirect.es"],"categoryId":55,"description":null,"isActive":true,"countryCodes":["ES"],"averageBasketValue":37.93,"averageCommission":0.68,"averageConfirmationTime":null,"averageCancellationRate":null,"minimumCommission":0.06,"maximumCommission":1.75,"commissionRates":[{"fixedCommission":null,"percentageCommission":1.7999999999999998}],"trackingLink":"https://tatrck.com/h/0Hu30z9R15DZ","createdAt":"2024-03-21T09:34:34.689Z","updatedAt":"2024-09-02T05:52:39.522Z"},{"merchantId":283492,"name":"Sports Direct FR","imageUri":"https://monetizeamex.com/v3/120x60/d5dd78e3631df81c2ec0fd508cf32834.png","currencyCode":"EUR","defaultDomain":"sportsdirect.fr","domains":["sportsdirect.fr"],"categoryId":55,"description":null,"isActive":true,"countryCodes":["FR"],"averageBasketValue":43.23,"averageCommission":0.78,"averageConfirmationTime":null,"averageCancellationRate":null,"minimumCommission":0.27,"maximumCommission":1.68,"commissionRates":[{"fixedCommission":null,"percentageCommission":1.7999999999999998}],"trackingLink":"https://tatrck.com/h/0Hu30z9R15Da","createdAt":"2024-03-20T14:01:16.467Z","updatedAt":"2024-08-24T05:51:35.908Z"},{"merchantId":283527,"name":"Kiss the Hippo Coffee GB","imageUri":"https://monetizeamex.com/v3/120x60/bf913fa12b4efb0d7e6a37da13c096bd.png","currencyCode":"EUR","defaultDomain":"kissthehippo.com","domains":["kissthehippo.com"],"categoryId":14,"description":null,"isActive":true,"countryCodes":["GB"],"averageBasketValue":64.29,"averageCommission":1.92,"averageConfirmationTime":null,"averageCancellationRate":3.7,"minimumCommission":0.61,"maximumCommission":3.22,"commissionRates":[],"trackingLink":"https://tatrck.com/h/0Hu30z9R15E7","createdAt":"2024-03-20T15:01:16.120Z","updatedAt":"2024-09-03T17:07:17.528Z"},{"merchantId":283530,"name":"adidas CZ","imageUri":"https://monetizeamex.com/v3/120x60/fa3d277d092621607f8389bcb872622c.png","currencyCode":"EUR","defaultDomain":"adidas.cz","domains":["adidas.cz"],"categoryId":55,"description":null,"isActive":true,"countryCodes":["CZ"],"averageBasketValue":62.55,"averageCommission":0.75,"averageConfirmationTime":null,"averageCancellationRate":null,"minimumCommission":0.58,"maximumCommission":1.25,"commissionRates":[],"trackingLink":"https://tatrck.com/h/0Hu30z9R15EA","createdAt":"2024-03-21T09:37:03.861Z","updatedAt":"2024-09-03T17:09:46.519Z"},{"merchantId":283531,"name":"Bike Athletic US","imageUri":"https://monetizeamex.com/v3/120x60/c4d0574529bd8661d6ec1bc193691de6.png","currencyCode":"EUR","defaultDomain":"bikeathletic.com","domains":["bikeathletic.com"],"categoryId":55,"description":null,"isActive":true,"countryCodes":["US"],"averageBasketValue":57.68,"averageCommission":2.07,"averageConfirmationTime":null,"averageCancellationRate":null,"minimumCommission":0.27,"maximumCommission":7.32,"commissionRates":[{"fixedCommission":null,"percentageCommission":3.5999999999999996}],"trackingLink":"https://tatrck.com/h/0Hu30z9R15EB","createdAt":"2024-03-21T09:34:36.349Z","updatedAt":"2024-08-21T11:42:51.347Z"},{"merchantId":283540,"name":"Better U US","imageUri":"https://monetizeamex.com/v3/120x60/69f10d7c076a147e606bd934722c0b91.png","currencyCode":"EUR","defaultDomain":"betterucare.com","domains":["betterucare.com"],"categoryId":35,"description":null,"isActive":true,"countryCodes":["US"],"averageBasketValue":594.18,"averageCommission":34.65,"averageConfirmationTime":null,"averageCancellationRate":null,"minimumCommission":36,"maximumCommission":38,"commissionRates":[],"trackingLink":"https://tatrck.com/h/0Hu30z9R15EK","createdAt":"2024-03-21T09:38:47.972Z","updatedAt":"2024-09-01T05:52:13.304Z"},{"merchantId":283542,"name":"Miradore US","imageUri":"https://kqdxc4m5.de/logos_v2/120x60/ee58a7965c7effe771c61f230d9e3ea7.gif","currencyCode":"EUR","defaultDomain":"miradore.com","domains":["miradore.com"],"categoryId":49,"description":null,"isActive":true,"countryCodes":["US"],"averageBasketValue":null,"averageCommission":4.93,"averageConfirmationTime":null,"averageCancellationRate":null,"minimumCommission":4.93,"maximumCommission":5.04,"commissionRates":[],"trackingLink":"https://tatrck.com/h/0Hu30z9R15EM","createdAt":"2024-03-21T08:01:15.794Z","updatedAt":"2024-08-14T06:02:39.556Z"},{"merchantId":283544,"name":"Outfit PL","imageUri":"https://monetizeamex.com/v3/120x60/6690799ce28eaf4769e3f7d81bec4f40.png","currencyCode":"EUR","defaultDomain":"outfit.pl","domains":["outfit.pl"],"categoryId":40,"description":null,"isActive":true,"countryCodes":["PL"],"averageBasketValue":null,"averageCommission":null,"averageConfirmationTime":null,"averageCancellationRate":null,"minimumCommission":null,"maximumCommission":null,"commissionRates":[],"trackingLink":"https://tatrck.com/h/0Hu30z9R15EO","createdAt":"2024-03-21T09:36:08.866Z","updatedAt":"2024-08-15T09:18:35.756Z"},{"merchantId":283545,"name":"Tubular US","imageUri":"https://monetizeamex.com/v3/120x60/7be290d90ade719e86d4782bfd855f77.png","currencyCode":"EUR","defaultDomain":"tubulargame.com","domains":["tubulargame.com"],"categoryId":53,"description":null,"isActive":true,"countryCodes":["US"],"averageBasketValue":null,"averageCommission":null,"averageConfirmationTime":null,"averageCancellationRate":null,"minimumCommission":null,"maximumCommission":null,"commissionRates":[{"fixedCommission":null,"percentageCommission":9}],"trackingLink":"https://tatrck.com/h/0Hu30z9R15EP","createdAt":"2024-03-21T09:40:23.260Z","updatedAt":"2024-08-21T11:37:41.941Z"},{"merchantId":283556,"name":"EducationiaUS","imageUri":"https://monetizeamex.com/v3/120x60/d665077095daf5a14bbd2a23592b5116.png","currencyCode":"EUR","defaultDomain":"educationia.org","domains":["educationia.org"],"categoryId":44,"description":null,"isActive":true,"countryCodes":["US"],"averageBasketValue":null,"averageCommission":null,"averageConfirmationTime":null,"averageCancellationRate":null,"minimumCommission":null,"maximumCommission":null,"commissionRates":[],"trackingLink":"https://tatrck.com/h/0Hu30z9R15Ea","createdAt":"2024-03-21T14:00:46.548Z","updatedAt":"2024-09-03T17:08:23.655Z"},{"merchantId":283557,"name":"MyFirst Tech Asia US Program US","imageUri":"https://monetizeamex.com/v3/120x60/fc982506c9b0f6badddaf69b35c32684.png","currencyCode":"EUR","defaultDomain":"myfirst.tech","domains":["myfirst.tech"],"categoryId":17,"description":null,"isActive":true,"countryCodes":["US"],"averageBasketValue":null,"averageCommission":null,"averageConfirmationTime":null,"averageCancellationRate":null,"minimumCommission":null,"maximumCommission":null,"commissionRates":[],"trackingLink":"https://tatrck.com/h/0Hu30z9R15Eb","createdAt":"2024-03-21T14:00:46.111Z","updatedAt":"2024-09-03T17:08:22.262Z"},{"merchantId":283558,"name":"Sway Hair Extensions GB","imageUri":"https://monetizeamex.com/v3/120x60/ad2439db0b4304318c974d6c4845b691.png","currencyCode":"EUR","defaultDomain":"swayhairextensions.com","domains":["swayhairextensions.com"],"categoryId":28,"description":null,"isActive":true,"countryCodes":["GB"],"averageBasketValue":259.7,"averageCommission":7.78,"averageConfirmationTime":6,"averageCancellationRate":37.5,"minimumCommission":4.84,"maximumCommission":23.75,"commissionRates":[],"trackingLink":"https://tatrck.com/h/0Hu30z9R15Ec","createdAt":"2024-03-21T14:00:46.554Z","updatedAt":"2024-09-03T17:09:23.564Z"},{"merchantId":283560,"name":"Duracell Energy","imageUri":"https://monetizeamex.com/v3/120x60/aae7a1ce74c106a659b73f8914d30179.png","currencyCode":"EUR","defaultDomain":"duracellenergy.com","domains":["duracellenergy.com"],"categoryId":51,"description":null,"isActive":true,"countryCodes":["GB","BE","LU","NL"],"averageBasketValue":null,"averageCommission":null,"averageConfirmationTime":null,"averageCancellationRate":null,"minimumCommission":null,"maximumCommission":null,"commissionRates":[],"trackingLink":"https://tatrck.com/h/0Hu30z9R15Ee","createdAt":"2024-03-21T14:00:46.040Z","updatedAt":"2024-09-03T17:09:35.058Z"},{"merchantId":283561,"name":"Manufakturwerk DE","imageUri":"https://monetizeamex.com/v3/120x60/f57b5a3700c86dc1a0a8fd0e0f50d261.png","currencyCode":"EUR","defaultDomain":"manufakturwerk.com","domains":["manufakturwerk.com"],"categoryId":40,"description":null,"isActive":true,"countryCodes":["DE"],"averageBasketValue":113.91,"averageCommission":10.25,"averageConfirmationTime":3,"averageCancellationRate":null,"minimumCommission":8.01,"maximumCommission":29.92,"commissionRates":[],"trackingLink":"https://tatrck.com/h/0Hu30z9R15Ef","createdAt":"2024-03-21T14:00:46.574Z","updatedAt":"2024-09-03T17:14:52.142Z"},{"merchantId":283566,"name":"EaseUS (BR - Portuguese)","imageUri":"https://monetizeamex.com/v3/120x60/95391e708320a2b75aaf668e0a8c51f7.png","currencyCode":"EUR","defaultDomain":"br.easeus.com","domains":["br.easeus.com"],"categoryId":37,"description":null,"isActive":true,"countryCodes":["BR"],"averageBasketValue":26.06,"averageCommission":7.81,"averageConfirmationTime":null,"averageCancellationRate":null,"minimumCommission":2.91,"maximumCommission":17.79,"commissionRates":[],"trackingLink":"https://tatrck.com/h/0Hu30z9R15Ek","createdAt":"2024-03-21T14:00:47.260Z","updatedAt":"2024-08-31T06:03:03.622Z"},{"merchantId":283567,"name":"EaseUS (ES - Spanish)","imageUri":"https://monetizeamex.com/v3/120x60/5ec8db0e6b0da75951c22e5cd92b8f0b.png","currencyCode":"EUR","defaultDomain":"es.easeus.com","domains":["es.easeus.com"],"categoryId":49,"description":null,"isActive":true,"countryCodes":["ES"],"averageBasketValue":18.78,"averageCommission":5.63,"averageConfirmationTime":null,"averageCancellationRate":null,"minimumCommission":4.82,"maximumCommission":7.65,"commissionRates":[],"trackingLink":"https://tatrck.com/h/0Hu30z9R15El","createdAt":"2024-03-21T14:00:46.287Z","updatedAt":"2024-08-15T09:18:35.676Z"},{"merchantId":283568,"name":"EaseUS (IT - Italian)","imageUri":"https://monetizeamex.com/v3/120x60/d6e6123704ff888028eef11c85708f7b.png","currencyCode":"EUR","defaultDomain":"it.easeus.com","domains":["it.easeus.com"],"categoryId":37,"description":null,"isActive":true,"countryCodes":["IT"],"averageBasketValue":83.28,"averageCommission":24.98,"averageConfirmationTime":null,"averageCancellationRate":null,"minimumCommission":7.26,"maximumCommission":68.64,"commissionRates":[],"trackingLink":"https://tatrck.com/h/0Hu30z9R15Em","createdAt":"2024-03-21T14:00:47.173Z","updatedAt":"2024-08-15T09:20:14.082Z"},{"merchantId":283573,"name":"Oojo.com GB","imageUri":"https://monetizeamex.com/v3/120x60/b5e7266b8da64e808b3d8c7cba0fb9d0.png","currencyCode":"EUR","defaultDomain":"oojo.com","domains":["oojo.com"],"categoryId":41,"description":null,"isActive":true,"countryCodes":[],"averageBasketValue":929.39,"averageCommission":8.76,"averageConfirmationTime":null,"averageCancellationRate":null,"minimumCommission":7.8,"maximumCommission":8.4,"commissionRates":[{"fixedCommission":9,"percentageCommission":null},{"fixedCommission":7.2,"percentageCommission":null},{"fixedCommission":9.6,"percentageCommission":null},{"fixedCommission":7.8,"percentageCommission":null}],"trackingLink":"https://tatrck.com/h/0Hu30z9R15Er","createdAt":"2024-03-22T10:01:31.196Z","updatedAt":"2024-08-21T11:46:23.759Z"},{"merchantId":283574,"name":"BBQuality.nl NL","imageUri":"https://monetizeamex.com/v3/120x60/d90cc8eb02985b8b5c7a4a0627ec92c4.png","currencyCode":"EUR","defaultDomain":"bbquality.nl","domains":["bbquality.nl"],"categoryId":14,"description":null,"isActive":true,"countryCodes":["NL"],"averageBasketValue":106.63,"averageCommission":2.73,"averageConfirmationTime":2,"averageCancellationRate":1.6,"minimumCommission":0.04,"maximumCommission":6.92,"commissionRates":[],"trackingLink":"https://tatrck.com/h/0Hu30z9R15Es","createdAt":"2024-03-22T10:01:31.318Z","updatedAt":"2024-09-03T05:51:44.781Z"},{"merchantId":283578,"name":"Phlo Clinic GB","imageUri":"https://monetizeamex.com/v3/120x60/4a821c93d12ab17694c6dc9c71ee65b0.png","currencyCode":"EUR","defaultDomain":"phloclinic.co.uk","domains":["phloclinic.co.uk"],"categoryId":35,"description":null,"isActive":true,"countryCodes":["GB"],"averageBasketValue":190.29,"averageCommission":7.81,"averageConfirmationTime":null,"averageCancellationRate":null,"minimumCommission":8.23,"maximumCommission":8.59,"commissionRates":[],"trackingLink":"https://tatrck.com/h/0Hu30z9R15Ew","createdAt":"2024-03-22T10:01:31.129Z","updatedAt":"2024-08-31T05:51:45.933Z"},{"merchantId":283579,"name":"Robe Haircare AU","imageUri":"https://monetizeamex.com/v3/120x60/94acba2f57db08f7c8f47df6e4e9952b.png","currencyCode":"EUR","defaultDomain":"robehaircare.com","domains":["robehaircare.com"],"categoryId":28,"description":null,"isActive":true,"countryCodes":["AU"],"averageBasketValue":58.24,"averageCommission":3.49,"averageConfirmationTime":null,"averageCancellationRate":null,"minimumCommission":4.36,"maximumCommission":4.36,"commissionRates":[],"trackingLink":"https://tatrck.com/h/0Hu30z9R15Ex","createdAt":"2024-03-22T10:01:31.369Z","updatedAt":"2024-09-02T05:52:46.813Z"},{"merchantId":283580,"name":"amorepacific.com KR","imageUri":"https://monetizeamex.com/v3/120x60/bf8d40ae6229a0b0c4f8ca79816c7623.png","currencyCode":"EUR","defaultDomain":"global.amoremall.com","domains":["global.amoremall.com"],"categoryId":28,"description":null,"isActive":true,"countryCodes":[],"averageBasketValue":null,"averageCommission":null,"averageConfirmationTime":null,"averageCancellationRate":null,"minimumCommission":null,"maximumCommission":null,"commissionRates":[],"trackingLink":"https://tatrck.com/h/0Hu30z9R15Ey","createdAt":"2024-03-22T10:01:31.206Z","updatedAt":"2024-08-15T09:18:35.734Z"},{"merchantId":283582,"name":"Ashunta Sheriff Beauty AU","imageUri":"https://monetizeamex.com/v3/120x60/6567a02fd4033b6d211641dadcd2e30d.png","currencyCode":"EUR","defaultDomain":"ashuntabeauty.com","domains":["ashuntabeauty.com"],"categoryId":28,"description":null,"isActive":true,"countryCodes":[],"averageBasketValue":null,"averageCommission":null,"averageConfirmationTime":null,"averageCancellationRate":null,"minimumCommission":null,"maximumCommission":null,"commissionRates":[{"fixedCommission":null,"percentageCommission":6}],"trackingLink":"https://tatrck.com/h/0Hu30z9R15E-","createdAt":"2024-03-22T13:01:01.849Z","updatedAt":"2024-08-21T11:30:34.278Z"},{"merchantId":283583,"name":"Baby Brezza","imageUri":"https://monetizeamex.com/v3/120x60/1b79dd73cb7e5c12734968da7541ab99.png","currencyCode":"EUR","defaultDomain":"babybrezza.com","domains":["babybrezza.com"],"categoryId":17,"description":null,"isActive":true,"countryCodes":[],"averageBasketValue":98.44,"averageCommission":1.9,"averageConfirmationTime":null,"averageCancellationRate":5.9,"minimumCommission":0.29,"maximumCommission":4.11,"commissionRates":[{"fixedCommission":null,"percentageCommission":3}],"trackingLink":"https://tatrck.com/h/0Hu30z9R15E_","createdAt":"2024-03-22T13:01:05.059Z","updatedAt":"2024-09-01T05:52:06.518Z"},{"merchantId":283588,"name":"PhoneSuit","imageUri":"https://monetizeamex.com/v3/120x60/fa3c33b2074ecb4297696239ade510d9.png","currencyCode":"EUR","defaultDomain":"phonesuit.com","domains":["phonesuit.com"],"categoryId":72,"description":null,"isActive":true,"countryCodes":[],"averageBasketValue":null,"averageCommission":null,"averageConfirmationTime":null,"averageCancellationRate":null,"minimumCommission":null,"maximumCommission":null,"commissionRates":[{"fixedCommission":null,"percentageCommission":6}],"trackingLink":"https://tatrck.com/h/0Hu30z9R15F4","createdAt":"2024-03-22T13:01:02.595Z","updatedAt":"2024-08-21T11:33:25.977Z"},{"merchantId":283592,"name":"Utoya Group LLC","imageUri":"https://monetizeamex.com/v3/120x60/6afbadf13b0742aab282b9bec6e44211.png","currencyCode":"EUR","defaultDomain":"utoya.com","domains":["utoya.com"],"categoryId":57,"description":null,"isActive":true,"countryCodes":["US"],"averageBasketValue":null,"averageCommission":null,"averageConfirmationTime":null,"averageCancellationRate":null,"minimumCommission":null,"maximumCommission":null,"commissionRates":[],"trackingLink":"https://tatrck.com/h/0Hu30z9R15F8","createdAt":"2024-03-22T13:01:01.636Z","updatedAt":"2024-09-03T17:08:51.157Z"},{"merchantId":283594,"name":"Gioielleria Re Mida IT","imageUri":"https://monetizeamex.com/v3/120x60/c041c37752979625358833d8d0893f73.png","currencyCode":"EUR","defaultDomain":"remidashop.com","domains":["remidashop.com"],"categoryId":73,"description":null,"isActive":true,"countryCodes":["IT"],"averageBasketValue":null,"averageCommission":null,"averageConfirmationTime":null,"averageCancellationRate":null,"minimumCommission":null,"maximumCommission":null,"commissionRates":[],"trackingLink":"https://tatrck.com/h/0Hu30z9R15FA","createdAt":"2024-03-22T14:00:46.028Z","updatedAt":"2024-09-03T17:06:43.563Z"},{"merchantId":283596,"name":"Wattbike UK GB","imageUri":"https://monetizeamex.com/v3/120x60/088394d0fe8fbdb71839808183e154db.png","currencyCode":"EUR","defaultDomain":"wattbike.com","domains":["wattbike.com"],"categoryId":67,"description":null,"isActive":true,"countryCodes":["GB","US"],"averageBasketValue":null,"averageCommission":null,"averageConfirmationTime":null,"averageCancellationRate":null,"minimumCommission":null,"maximumCommission":null,"commissionRates":[],"trackingLink":"https://tatrck.com/h/0Hu30z9R15FC","createdAt":"2024-03-22T14:00:46.153Z","updatedAt":"2024-09-03T17:08:58.007Z"},{"merchantId":283597,"name":"Labophyto - Standard FR","imageUri":"https://monetizeamex.com/v3/120x60/f02529c5403482bde541a46b9f7b4fbe.png","currencyCode":"EUR","defaultDomain":"labophyto.com","domains":["labophyto.com"],"categoryId":60,"description":null,"isActive":true,"countryCodes":["FR"],"averageBasketValue":38.9,"averageCommission":2.8,"averageConfirmationTime":null,"averageCancellationRate":null,"minimumCommission":1.96,"maximumCommission":3.64,"commissionRates":[],"trackingLink":"https://tatrck.com/h/0Hu30z9R15FD","createdAt":"2024-03-22T14:00:46.210Z","updatedAt":"2024-09-03T17:04:48.885Z"},{"merchantId":283599,"name":"ZamiPet AU","imageUri":"https://monetizeamex.com/v3/120x60/85614f1a54b625ad43a12865251195ff.png","currencyCode":"EUR","defaultDomain":"zamipet.com.au","domains":["zamipet.com.au"],"categoryId":61,"description":null,"isActive":true,"countryCodes":["AU"],"averageBasketValue":40.02,"averageCommission":2.4,"averageConfirmationTime":null,"averageCancellationRate":null,"minimumCommission":1.25,"maximumCommission":4.32,"commissionRates":[{"fixedCommission":null,"percentageCommission":6}],"trackingLink":"https://tatrck.com/h/0Hu30z9R15FF","createdAt":"2024-03-22T14:00:46.002Z","updatedAt":"2024-09-03T17:06:09.890Z"},{"merchantId":283612,"name":"Libristo PL","imageUri":"https://monetizeamex.com/v3/120x60/09d92c3e3ebc05a4e03f28615d2cf3f0.png","currencyCode":"EUR","defaultDomain":"libristo.pl","domains":["libristo.pl"],"categoryId":null,"description":null,"isActive":true,"countryCodes":["PL"],"averageBasketValue":null,"averageCommission":null,"averageConfirmationTime":null,"averageCancellationRate":null,"minimumCommission":null,"maximumCommission":null,"commissionRates":[],"trackingLink":"https://tatrck.com/h/0Hu30z9R15FS","createdAt":"2024-03-22T16:00:46.387Z","updatedAt":"2024-08-15T09:18:35.830Z"},{"merchantId":283613,"name":"Footshop PL","imageUri":"https://monetizeamex.com/v3/120x60/761360b199b6f0a7be5453f485997df3.png","currencyCode":"EUR","defaultDomain":"footshop.pl","domains":["footshop.pl"],"categoryId":null,"description":null,"isActive":true,"countryCodes":["PL"],"averageBasketValue":null,"averageCommission":null,"averageConfirmationTime":null,"averageCancellationRate":null,"minimumCommission":null,"maximumCommission":null,"commissionRates":[],"trackingLink":"https://tatrck.com/h/0Hu30z9R15FT","createdAt":"2024-03-22T17:00:46.385Z","updatedAt":"2024-08-15T09:18:35.939Z"},{"merchantId":283618,"name":"Citilink.co.id CPS - Indonesia","imageUri":"https://monetizeamex.com/v3/120x60/95714f700dc8005e7af2eecd42258417.png","currencyCode":"EUR","defaultDomain":"citilink.co.id","domains":["citilink.co.id"],"categoryId":63,"description":null,"isActive":true,"countryCodes":["ID"],"averageBasketValue":55.36,"averageCommission":0.23,"averageConfirmationTime":null,"averageCancellationRate":null,"minimumCommission":null,"maximumCommission":null,"commissionRates":[],"trackingLink":"https://tatrck.com/h/0Hu30z9R15FY","createdAt":"2024-03-22T21:00:46.267Z","updatedAt":"2024-08-28T06:01:50.237Z"},{"merchantId":283619,"name":"Allianz Travel Insurance CPS","imageUri":"https://kqdxc4m5.de/logos_v2/120x60/9cbb7e6e8994e33fd93e0ae54c716d65.gif","currencyCode":"EUR","defaultDomain":"allianz-travel.com.hk","domains":["allianz-travel.com.hk"],"categoryId":56,"description":null,"isActive":true,"countryCodes":["HK"],"averageBasketValue":null,"averageCommission":null,"averageConfirmationTime":null,"averageCancellationRate":null,"minimumCommission":null,"maximumCommission":null,"commissionRates":[],"trackingLink":"https://tatrck.com/h/0Hu30z9R15FZ","createdAt":"2024-03-22T21:00:46.567Z","updatedAt":"2024-07-29T11:17:27.298Z"},{"merchantId":283624,"name":"Tima vay ô tô VN CPA","imageUri":"https://monetizeamex.com/v3/120x60/5d50c7db0fa0b366df5c926461659d0a.png","currencyCode":"EUR","defaultDomain":"vayoto.tima.vn","domains":["vayoto.tima.vn"],"categoryId":66,"description":null,"isActive":true,"countryCodes":["VN"],"averageBasketValue":null,"averageCommission":null,"averageConfirmationTime":null,"averageCancellationRate":null,"minimumCommission":null,"maximumCommission":null,"commissionRates":[],"trackingLink":"https://tatrck.com/h/0Hu30z9R15Fe","createdAt":"2024-03-22T23:00:46.261Z","updatedAt":"2024-08-15T09:21:34.672Z"},{"merchantId":283625,"name":"VEVOR AU","imageUri":"https://monetizeamex.com/v3/120x60/8358260e8e01c306cb0986800686668c.png","currencyCode":"EUR","defaultDomain":"vevor.com.au","domains":["vevor.com.au"],"categoryId":50,"description":null,"isActive":true,"countryCodes":["AU"],"averageBasketValue":81.43,"averageCommission":2.44,"averageConfirmationTime":null,"averageCancellationRate":null,"minimumCommission":0.57,"maximumCommission":14.91,"commissionRates":[],"trackingLink":"https://tatrck.com/h/0Hu30z9R15Ff","createdAt":"2024-03-22T23:00:46.429Z","updatedAt":"2024-08-31T05:51:35.328Z"},{"merchantId":283626,"name":"VEVOR EU","imageUri":"https://monetizeamex.com/v3/120x60/b7dc84581203b8eafa851a4be3480e06.png","currencyCode":"EUR","defaultDomain":"eur.vevor.com","domains":["eur.vevor.com"],"categoryId":50,"description":null,"isActive":true,"countryCodes":[],"averageBasketValue":111.6,"averageCommission":3.4,"averageConfirmationTime":null,"averageCancellationRate":2.1,"minimumCommission":0.58,"maximumCommission":14.86,"commissionRates":[],"trackingLink":"https://tatrck.com/h/0Hu30z9R15Fg","createdAt":"2024-03-22T23:00:46.082Z","updatedAt":"2024-09-03T05:53:05.823Z"},{"merchantId":283627,"name":"Amazon Music","imageUri":"https://monetizeamex.com/v3/120x60/248dd764c1c5542bd0f3c160557a4031.png","currencyCode":"EUR","defaultDomain":"music.amazon.com","domains":["music.amazon.com"],"categoryId":50,"description":null,"isActive":true,"countryCodes":["US"],"averageBasketValue":0.99,"averageCommission":1.05,"averageConfirmationTime":null,"averageCancellationRate":null,"minimumCommission":0.24,"maximumCommission":3.49,"commissionRates":[{"fixedCommission":4.2,"percentageCommission":null},{"fixedCommission":0,"percentageCommission":null}],"trackingLink":"https://tatrck.com/h/0Hu30z9R15Fh","createdAt":"2024-03-23T10:00:46.040Z","updatedAt":"2024-09-03T05:53:22.696Z"},{"merchantId":283628,"name":"Evajoy","imageUri":"https://monetizeamex.com/v3/120x60/83a8add886c11fc6c46f4bd3a30db8de.png","currencyCode":"EUR","defaultDomain":"evajoy.co","domains":["evajoy.co"],"categoryId":21,"description":null,"isActive":true,"countryCodes":["US"],"averageBasketValue":null,"averageCommission":null,"averageConfirmationTime":null,"averageCancellationRate":null,"minimumCommission":null,"maximumCommission":null,"commissionRates":[],"trackingLink":"https://tatrck.com/h/0Hu30z9R15Fi","createdAt":"2024-03-24T17:01:00.513Z","updatedAt":"2024-08-15T09:18:40.254Z"},{"merchantId":283629,"name":"Sympa","imageUri":"https://monetizeamex.com/v3/120x60/335d98a46671726a35ff25a6bf7664b9.png","currencyCode":"EUR","defaultDomain":"mysympa.com","domains":["mysympa.com"],"categoryId":37,"description":null,"isActive":true,"countryCodes":["US"],"averageBasketValue":null,"averageCommission":null,"averageConfirmationTime":null,"averageCancellationRate":null,"minimumCommission":null,"maximumCommission":null,"commissionRates":[],"trackingLink":"https://tatrck.com/h/0Hu30z9R15Fj","createdAt":"2024-03-24T17:01:00.581Z","updatedAt":"2024-08-15T09:18:39.963Z"},{"merchantId":283631,"name":"Aspiron","imageUri":"https://monetizeamex.com/v3/120x60/0cf17cd14315a910bc38b57f14295129.png","currencyCode":"EUR","defaultDomain":"aspiron.co","domains":["aspiron.co"],"categoryId":72,"description":null,"isActive":true,"countryCodes":["US"],"averageBasketValue":82.1,"averageCommission":4.92,"averageConfirmationTime":null,"averageCancellationRate":null,"minimumCommission":null,"maximumCommission":null,"commissionRates":[],"trackingLink":"https://tatrck.com/h/0Hu30z9R15Fl","createdAt":"2024-03-24T18:01:01.006Z","updatedAt":"2024-09-01T05:48:11.595Z"},{"merchantId":283632,"name":"Taotronics","imageUri":"https://monetizeamex.com/v3/120x60/9313d258ffd8ea02d073b1f1bffee2f1.png","currencyCode":"EUR","defaultDomain":"taotronics.com","domains":["taotronics.com"],"categoryId":72,"description":null,"isActive":true,"countryCodes":["US"],"averageBasketValue":28.14,"averageCommission":1.33,"averageConfirmationTime":null,"averageCancellationRate":null,"minimumCommission":1.03,"maximumCommission":1.58,"commissionRates":[],"trackingLink":"https://tatrck.com/h/0Hu30z9R15Fm","createdAt":"2024-03-24T20:00:45.567Z","updatedAt":"2024-08-15T09:18:39.870Z"},{"merchantId":283633,"name":"ParisRhone","imageUri":"https://monetizeamex.com/v3/120x60/93d17bb465e39df35c70265225c010cb.png","currencyCode":"EUR","defaultDomain":"parisrhone.com","domains":["parisrhone.com"],"categoryId":72,"description":null,"isActive":true,"countryCodes":["US"],"averageBasketValue":null,"averageCommission":null,"averageConfirmationTime":null,"averageCancellationRate":null,"minimumCommission":null,"maximumCommission":null,"commissionRates":[{"fixedCommission":null,"percentageCommission":7.5}],"trackingLink":"https://tatrck.com/h/0Hu30z9R15Fn","createdAt":"2024-03-24T21:01:15.856Z","updatedAt":"2024-08-21T11:32:53.857Z"},{"merchantId":283636,"name":"BG Berlin GB","imageUri":"https://monetizeamex.com/v3/120x60/483237df6282700fbf764ddcfadd5645.png","currencyCode":"EUR","defaultDomain":"bgberlin.com","domains":["bgberlin.com"],"categoryId":63,"description":null,"isActive":true,"countryCodes":["GB"],"averageBasketValue":null,"averageCommission":null,"averageConfirmationTime":null,"averageCancellationRate":null,"minimumCommission":null,"maximumCommission":null,"commissionRates":[],"trackingLink":"https://tatrck.com/h/0Hu30z9R15Fq","createdAt":"2024-03-25T09:00:45.560Z","updatedAt":"2024-08-21T11:29:54.262Z"},{"merchantId":283638,"name":"Moja Kambukka PL","imageUri":"https://monetizeamex.com/v3/120x60/fb5cc5a240efd1fe865cad816a211e61.png","currencyCode":"EUR","defaultDomain":"mojakambukka.pl","domains":["mojakambukka.pl"],"categoryId":74,"description":null,"isActive":true,"countryCodes":["PL"],"averageBasketValue":null,"averageCommission":null,"averageConfirmationTime":null,"averageCancellationRate":null,"minimumCommission":null,"maximumCommission":null,"commissionRates":[],"trackingLink":"https://tatrck.com/h/0Hu30z9R15Fs","createdAt":"2024-03-25T09:00:45.566Z","updatedAt":"2024-08-21T11:26:06.022Z"},{"merchantId":283639,"name":"532Yendo US","imageUri":"https://monetizeamex.com/v3/120x60/c6d7942c52b307697ee1fd68a7bd7c26.png","currencyCode":"EUR","defaultDomain":"yendo.com","domains":["yendo.com"],"categoryId":66,"description":null,"isActive":true,"countryCodes":["US"],"averageBasketValue":null,"averageCommission":null,"averageConfirmationTime":null,"averageCancellationRate":null,"minimumCommission":null,"maximumCommission":null,"commissionRates":[],"trackingLink":"https://tatrck.com/h/0Hu30z9R15Ft","createdAt":"2024-03-25T10:01:16.371Z","updatedAt":"2024-08-15T09:18:39.879Z"},{"merchantId":283644,"name":"Nomadica US","imageUri":"https://monetizeamex.com/v3/120x60/22cc7f72387e0f7e726917b5d21c1b0d.png","currencyCode":"EUR","defaultDomain":"explorenomadica.com","domains":["explorenomadica.com"],"categoryId":4,"description":null,"isActive":true,"countryCodes":["US"],"averageBasketValue":74.73,"averageCommission":4.87,"averageConfirmationTime":null,"averageCancellationRate":null,"minimumCommission":2.74,"maximumCommission":6.12,"commissionRates":[],"trackingLink":"https://tatrck.com/h/0Hu30z9R15Fy","createdAt":"2024-03-25T10:01:16.088Z","updatedAt":"2024-08-15T09:22:25.994Z"},{"merchantId":283645,"name":"Taos Footwear US","imageUri":"https://monetizeamex.com/v3/120x60/8706df5685fec308b909ddfd55909505.png","currencyCode":"EUR","defaultDomain":"taosfootwear.com","domains":["taosfootwear.com"],"categoryId":40,"description":null,"isActive":true,"countryCodes":["US"],"averageBasketValue":106.08,"averageCommission":1.49,"averageConfirmationTime":null,"averageCancellationRate":null,"minimumCommission":0.15,"maximumCommission":5.05,"commissionRates":[{"fixedCommission":null,"percentageCommission":1.44}],"trackingLink":"https://tatrck.com/h/0Hu30z9R15Fz","createdAt":"2024-03-25T10:01:16.461Z","updatedAt":"2024-08-23T05:52:10.316Z"},{"merchantId":283648,"name":"Tarps Plus","imageUri":"https://monetizeamex.com/v3/120x60/748fa8aae8cb077be4958366033c270f.png","currencyCode":"EUR","defaultDomain":"tarpsplus.com","domains":["tarpsplus.com"],"categoryId":77,"description":null,"isActive":true,"countryCodes":[],"averageBasketValue":null,"averageCommission":null,"averageConfirmationTime":null,"averageCancellationRate":null,"minimumCommission":null,"maximumCommission":null,"commissionRates":[],"trackingLink":"https://tatrck.com/h/0Hu30z9R15G0","createdAt":"2024-03-25T10:01:16.000Z","updatedAt":"2024-09-03T17:07:18.193Z"},{"merchantId":283656,"name":"QUATRO RODAS - BR (Grupo Abril) BR","imageUri":"https://monetizeamex.com/v3/120x60/6ff309eedd4db308a26b5c68f2137991.png","currencyCode":"EUR","defaultDomain":"quatrorodas.abril.com.br","domains":["quatrorodas.abril.com.br"],"categoryId":59,"description":null,"isActive":true,"countryCodes":["BR"],"averageBasketValue":null,"averageCommission":null,"averageConfirmationTime":null,"averageCancellationRate":null,"minimumCommission":null,"maximumCommission":null,"commissionRates":[{"fixedCommission":null,"percentageCommission":8.4}],"trackingLink":"https://tatrck.com/h/0Hu30z9R15G8","createdAt":"2024-03-25T10:01:16.256Z","updatedAt":"2024-08-21T11:33:41.533Z"},{"merchantId":283657,"name":"Saude Abril - BR (Grupo Abril) BR","imageUri":"https://monetizeamex.com/v3/120x60/5038ecddec00c74502df0de7d058ff66.png","currencyCode":"EUR","defaultDomain":"saude.abril.com.br","domains":["saude.abril.com.br"],"categoryId":68,"description":null,"isActive":true,"countryCodes":["BR"],"averageBasketValue":null,"averageCommission":null,"averageConfirmationTime":null,"averageCancellationRate":null,"minimumCommission":null,"maximumCommission":null,"commissionRates":[{"fixedCommission":null,"percentageCommission":8.4}],"trackingLink":"https://tatrck.com/h/0Hu30z9R15G9","createdAt":"2024-03-25T10:01:16.509Z","updatedAt":"2024-08-21T11:30:03.428Z"},{"merchantId":283660,"name":"Transfer English BR","imageUri":"https://monetizeamex.com/v3/120x60/995f19ea9dbffb9ec123b853fe61e8be.png","currencyCode":"EUR","defaultDomain":"transferenglish.com","domains":["transferenglish.com"],"categoryId":44,"description":null,"isActive":true,"countryCodes":["BR"],"averageBasketValue":429.91,"averageCommission":8.31,"averageConfirmationTime":null,"averageCancellationRate":null,"minimumCommission":3.39,"maximumCommission":10.53,"commissionRates":[{"fixedCommission":63,"percentageCommission":null},{"fixedCommission":21,"percentageCommission":null}],"trackingLink":"https://tatrck.com/h/0Hu30z9R15GC","createdAt":"2024-03-25T10:01:16.278Z","updatedAt":"2024-08-22T05:54:29.264Z"},{"merchantId":283681,"name":"GoddivaUS","imageUri":"https://monetizeamex.com/v3/120x60/f69810cb62c24e8e58be87e3cef03788.png","currencyCode":"EUR","defaultDomain":"goddiva.us","domains":["goddiva.us"],"categoryId":40,"description":null,"isActive":true,"countryCodes":["US"],"averageBasketValue":null,"averageCommission":null,"averageConfirmationTime":null,"averageCancellationRate":null,"minimumCommission":null,"maximumCommission":null,"commissionRates":[],"trackingLink":"https://tatrck.com/h/0Hu30z9R15GX","createdAt":"2024-03-25T11:00:47.398Z","updatedAt":"2024-09-03T17:07:35.457Z"},{"merchantId":283707,"name":"Travelodeal GB","imageUri":"https://monetizeamex.com/v3/120x60/5dc13c627e79a212f26b8151dabb2ad3.png","currencyCode":"EUR","defaultDomain":"travelodeal.co.uk","domains":["travelodeal.co.uk"],"categoryId":71,"description":null,"isActive":true,"countryCodes":["GB"],"averageBasketValue":null,"averageCommission":null,"averageConfirmationTime":null,"averageCancellationRate":null,"minimumCommission":null,"maximumCommission":null,"commissionRates":[],"trackingLink":"https://tatrck.com/h/0Hu30z9R15Gx","createdAt":"2024-03-25T11:00:46.362Z","updatedAt":"2024-09-03T17:08:51.384Z"},{"merchantId":283721,"name":"LifeVac EU BE","imageUri":"https://monetizeamex.com/v3/120x60/73038f46b690c59573a6ee9795ee8616.png","currencyCode":"EUR","defaultDomain":"lifevac.io","domains":["lifevac.io"],"categoryId":35,"description":null,"isActive":true,"countryCodes":["BE"],"averageBasketValue":null,"averageCommission":null,"averageConfirmationTime":null,"averageCancellationRate":null,"minimumCommission":null,"maximumCommission":null,"commissionRates":[],"trackingLink":"https://tatrck.com/h/0Hu30z9R15H9","createdAt":"2024-03-25T12:01:06.599Z","updatedAt":"2024-09-03T17:08:44.176Z"},{"merchantId":283724,"name":"Clean Nutra US","imageUri":"https://monetizeamex.com/v3/120x60/9135fd45a7bdc8db2871e2e6681f6fbf.png","currencyCode":"EUR","defaultDomain":"cleannutra.com","domains":["cleannutra.com"],"categoryId":35,"description":null,"isActive":true,"countryCodes":["US"],"averageBasketValue":null,"averageCommission":null,"averageConfirmationTime":null,"averageCancellationRate":null,"minimumCommission":null,"maximumCommission":null,"commissionRates":[],"trackingLink":"https://tatrck.com/h/0Hu30z9R15HC","createdAt":"2024-03-25T12:01:04.089Z","updatedAt":"2024-08-26T09:01:38.124Z"},{"merchantId":283738,"name":"Mondial TV Suisse CH","imageUri":"https://monetizeamex.com/v3/120x60/cedd86e80d129e066b8dadf872f49031.png","currencyCode":"EUR","defaultDomain":"mondial.tv","domains":["mondial.tv"],"categoryId":53,"description":null,"isActive":true,"countryCodes":["FR","CH","BE"],"averageBasketValue":null,"averageCommission":null,"averageConfirmationTime":null,"averageCancellationRate":null,"minimumCommission":null,"maximumCommission":null,"commissionRates":[{"fixedCommission":null,"percentageCommission":12},{"fixedCommission":null,"percentageCommission":12},{"fixedCommission":null,"percentageCommission":12}],"trackingLink":"https://tatrck.com/h/0Hu30z9R15HQ","createdAt":"2024-03-26T09:00:46.191Z","updatedAt":"2024-09-03T17:08:40.126Z"},{"merchantId":283744,"name":"G Collections GB","imageUri":"https://monetizeamex.com/v3/120x60/71a79da4fb1293116dbe08979faec899.png","currencyCode":"EUR","defaultDomain":"gcollections.co.uk","domains":["gcollections.co.uk"],"categoryId":40,"description":null,"isActive":true,"countryCodes":["GB"],"averageBasketValue":null,"averageCommission":null,"averageConfirmationTime":null,"averageCancellationRate":null,"minimumCommission":null,"maximumCommission":null,"commissionRates":[],"trackingLink":"https://tatrck.com/h/0Hu30z9R15HW","createdAt":"2024-03-26T13:01:20.211Z","updatedAt":"2024-09-03T17:07:05.283Z"},{"merchantId":283745,"name":"G Collections GB","imageUri":"https://monetizeamex.com/v3/120x60/0bcbffe26fa0abb072a09390f2addc87.png","currencyCode":"EUR","defaultDomain":"unknown.host","domains":[],"categoryId":40,"description":null,"isActive":true,"countryCodes":["GB"],"averageBasketValue":null,"averageCommission":null,"averageConfirmationTime":null,"averageCancellationRate":null,"minimumCommission":null,"maximumCommission":null,"commissionRates":[],"trackingLink":"https://tatrck.com/h/0Hu30z9R15HX","createdAt":"2024-03-26T13:01:16.088Z","updatedAt":"2024-09-03T17:07:10.861Z"},{"merchantId":283759,"name":"Remi Rhode US","imageUri":"https://monetizeamex.com/v3/120x60/c32fad84e76a06b6ebf6d60341e3dfc7.png","currencyCode":"EUR","defaultDomain":"remirhode.com","domains":["remirhode.com"],"categoryId":73,"description":null,"isActive":true,"countryCodes":["US"],"averageBasketValue":null,"averageCommission":null,"averageConfirmationTime":null,"averageCancellationRate":null,"minimumCommission":null,"maximumCommission":null,"commissionRates":[],"trackingLink":"https://tatrck.com/h/0Hu30z9R15Hl","createdAt":"2024-03-26T13:01:19.831Z","updatedAt":"2024-08-15T09:19:35.400Z"},{"merchantId":283761,"name":"Von Diamonds US","imageUri":"https://monetizeamex.com/v3/120x60/1eebbafadf34fc7a9000c05745d64329.png","currencyCode":"EUR","defaultDomain":"vondiamonds.com","domains":["vondiamonds.com"],"categoryId":73,"description":null,"isActive":true,"countryCodes":["US"],"averageBasketValue":null,"averageCommission":null,"averageConfirmationTime":null,"averageCancellationRate":null,"minimumCommission":null,"maximumCommission":null,"commissionRates":[],"trackingLink":"https://tatrck.com/h/0Hu30z9R15Hn","createdAt":"2024-03-26T13:01:16.101Z","updatedAt":"2024-08-15T09:20:49.377Z"}]}