{"meta":{"next":109816},"data":[{"merchantId":109299,"name":"Anya Hindmarch UK","imageUri":"https://monetizeamex.com/v3/120x60/cd5526ffc844014404b12c7a01873a82.png","currencyCode":"EUR","defaultDomain":"anyahindmarch.co.uk","domains":["anyahindmarch.com","anyahindmarch.co.uk"],"categoryId":40,"description":null,"isActive":true,"countryCodes":[],"averageBasketValue":null,"averageCommission":null,"averageConfirmationTime":null,"averageCancellationRate":null,"minimumCommission":null,"maximumCommission":null,"commissionRates":[],"trackingLink":"https://tatrck.com/h/0Hu30z9R0Qhp","createdAt":"2023-12-13T10:28:24.080Z","updatedAt":"2024-08-15T08:47:11.869Z"},{"merchantId":109314,"name":"ShopDeLonghi US","imageUri":"https://monetizeamex.com/v3/120x60/217341d9017a78314fcdc353b321b946.png","currencyCode":"EUR","defaultDomain":"delonghi.com","domains":["delonghi.com","shopdelonghi.com"],"categoryId":72,"description":null,"isActive":true,"countryCodes":["AU","AT","DE","ES","PT"],"averageBasketValue":315.93,"averageCommission":12.83,"averageConfirmationTime":3,"averageCancellationRate":null,"minimumCommission":0.39,"maximumCommission":29.92,"commissionRates":[{"fixedCommission":null,"percentageCommission":4.5},{"fixedCommission":null,"percentageCommission":3.5999999999999996},{"fixedCommission":null,"percentageCommission":3.5999999999999996}],"trackingLink":"https://tatrck.com/h/0Hu30z9R0Qi2","createdAt":"2023-12-13T10:28:32.065Z","updatedAt":"2024-09-03T17:13:48.365Z"},{"merchantId":109337,"name":"Dermstore US","imageUri":"https://monetizeamex.com/v3/120x60/d9b21806d753950929816437c4a842ff.png","currencyCode":"EUR","defaultDomain":"dermstore.com","domains":["dermstore.com"],"categoryId":28,"description":null,"isActive":true,"countryCodes":["US"],"averageBasketValue":142.51,"averageCommission":3.73,"averageConfirmationTime":58,"averageCancellationRate":1.5,"minimumCommission":0.49,"maximumCommission":11.13,"commissionRates":[],"trackingLink":"https://tatrck.com/h/0Hu30z9R0QiP","createdAt":"2023-12-13T10:28:37.791Z","updatedAt":"2024-09-03T17:08:08.378Z"},{"merchantId":109367,"name":"Viagogo","imageUri":"https://monetizeamex.com/v3/120x60/ea23d8441fc04ae8c219bc5b2ee5e2de.png","currencyCode":"EUR","defaultDomain":"viagogo.com","domains":["viagogo.com","viagogo.fr"],"categoryId":7,"description":null,"isActive":true,"countryCodes":[],"averageBasketValue":829.61,"averageCommission":27.79,"averageConfirmationTime":29,"averageCancellationRate":0.4,"minimumCommission":0.75,"maximumCommission":682.86,"commissionRates":[{"fixedCommission":null,"percentageCommission":4.8},{"fixedCommission":null,"percentageCommission":4.2},{"fixedCommission":null,"percentageCommission":4.2},{"fixedCommission":null,"percentageCommission":3.276}],"trackingLink":"https://tatrck.com/h/0Hu30z9R0Qit","createdAt":"2023-12-13T10:28:48.373Z","updatedAt":"2024-09-03T05:53:41.477Z"},{"merchantId":109388,"name":"Billard Lissy DE","imageUri":"https://monetizeamex.com/v3/120x60/a9ffedf076abedc4810ba204ae0b25ef.png","currencyCode":"EUR","defaultDomain":"billard-lissy.de","domains":["billard-lissy.de"],"categoryId":55,"description":"billard-lissy.de - Der Billard-Shop. Er ist spezialisiert auf Billardtischbau, Billardtische mit Esstischfunktion,  Snookertisch, Poolbillard und Billard-Zubehör.","isActive":true,"countryCodes":["DE"],"averageBasketValue":null,"averageCommission":null,"averageConfirmationTime":null,"averageCancellationRate":null,"minimumCommission":null,"maximumCommission":null,"commissionRates":[],"trackingLink":"https://tatrck.com/h/0Hu30z9R0QjC","createdAt":"2023-12-13T10:28:54.964Z","updatedAt":"2024-09-03T17:09:31.027Z"},{"merchantId":109391,"name":"HelpCard DE","imageUri":"https://monetizeamex.com/v3/120x60/0c20cc99238553d68164f1cccfc85b81.png","currencyCode":"EUR","defaultDomain":"helpcard.org","domains":["helpcard.org"],"categoryId":47,"description":"Die HelpCard ist eine soziale Geschenkkarte in Europa, die internationale Hilfsprojekte unterstützt.","isActive":true,"countryCodes":["DE"],"averageBasketValue":81.55,"averageCommission":7.33,"averageConfirmationTime":null,"averageCancellationRate":null,"minimumCommission":7.33,"maximumCommission":7.33,"commissionRates":[{"fixedCommission":null,"percentageCommission":9}],"trackingLink":"https://tatrck.com/h/0Hu30z9R0QjF","createdAt":"2023-12-13T10:28:55.768Z","updatedAt":"2024-09-03T17:05:56.410Z"},{"merchantId":109394,"name":"Rosenthal DE","imageUri":"https://monetizeamex.com/v3/120x60/4cd676fa2ce826c1350b66d73028ea5c.png","currencyCode":"EUR","defaultDomain":"rosenthal.de","domains":["rosenthal.de","rosenthalshop.de"],"categoryId":82,"description":"Rosenthal steht für außergewöhnliche, zeitlose und moderne Porzellankollektionen für Haushalt und Gastrononmie, die Ausdruck einer individuellen und exklusiven Tischkultur sind. Gläser, Bestecke, Töpfe, Küchenhelfer, Möbel und Accessoires ergänzen die faszinierende Produktwelt.","isActive":true,"countryCodes":["DE"],"averageBasketValue":166.89,"averageCommission":7,"averageConfirmationTime":null,"averageCancellationRate":null,"minimumCommission":1.23,"maximumCommission":43.52,"commissionRates":[],"trackingLink":"https://tatrck.com/h/0Hu30z9R0QjI","createdAt":"2023-12-13T10:28:56.965Z","updatedAt":"2024-09-03T17:13:07.671Z"},{"merchantId":109404,"name":"New Look UK","imageUri":"https://monetizeamex.com/v3/120x60/af39758f0d39d417edc5ab282c3123ec.png","currencyCode":"EUR","defaultDomain":"newlook.com","domains":["newlook.com"],"categoryId":40,"description":null,"isActive":true,"countryCodes":["GB"],"averageBasketValue":52.17,"averageCommission":0.64,"averageConfirmationTime":58,"averageCancellationRate":0.6,"minimumCommission":0.02,"maximumCommission":9.7,"commissionRates":[{"fixedCommission":null,"percentageCommission":2.4},{"fixedCommission":null,"percentageCommission":0.6},{"fixedCommission":null,"percentageCommission":1.2},{"fixedCommission":null,"percentageCommission":2.4},{"fixedCommission":null,"percentageCommission":0.6},{"fixedCommission":null,"percentageCommission":1.2}],"trackingLink":"https://tatrck.com/h/0Hu30z9R0QjS","createdAt":"2023-12-13T10:28:59.572Z","updatedAt":"2024-09-03T17:09:29.090Z"},{"merchantId":109423,"name":"Discountlens DE","imageUri":"https://monetizeamex.com/v3/120x60/00a44800cf695b7ad34175c50bcb6c79.png","currencyCode":"EUR","defaultDomain":"discountlens.de","domains":["discountlens.de"],"categoryId":40,"description":"discountlens.de - Kontaktlinsen. Bei Discountlens erhalten Sie Kontaktlinsen und Pflegemittel der Marken Acuvue, Bausch Lomb und Ciba Vision bis zu 60% günstiger ...","isActive":true,"countryCodes":["DE"],"averageBasketValue":68.33,"averageCommission":3.28,"averageConfirmationTime":22,"averageCancellationRate":2,"minimumCommission":1.77,"maximumCommission":5.02,"commissionRates":[],"trackingLink":"https://tatrck.com/h/0Hu30z9R0Qjl","createdAt":"2023-12-13T10:29:05.678Z","updatedAt":"2024-09-03T05:53:37.726Z"},{"merchantId":109452,"name":"ChristianCafe US","imageUri":"https://monetizeamex.com/v3/120x60/406dab018d63a982bbbff79610a0bde6.png","currencyCode":"EUR","defaultDomain":"christiancafe.com","domains":["christiancafe.com"],"categoryId":16,"description":null,"isActive":true,"countryCodes":["US"],"averageBasketValue":null,"averageCommission":null,"averageConfirmationTime":null,"averageCancellationRate":null,"minimumCommission":null,"maximumCommission":null,"commissionRates":[{"fixedCommission":null,"percentageCommission":24}],"trackingLink":"https://tatrck.com/h/0Hu30z9R0QkC","createdAt":"2023-12-13T10:29:16.781Z","updatedAt":"2024-09-03T05:42:05.909Z"},{"merchantId":109486,"name":"Big Feet US","imageUri":"https://monetizeamex.com/v3/120x60/07ab690093c683d75b518c38a89c2e6c.png","currencyCode":"EUR","defaultDomain":"bigfeetpjs.com","domains":["bigfeetpjs.com"],"categoryId":60,"description":null,"isActive":true,"countryCodes":[],"averageBasketValue":null,"averageCommission":null,"averageConfirmationTime":null,"averageCancellationRate":null,"minimumCommission":null,"maximumCommission":null,"commissionRates":[{"fixedCommission":null,"percentageCommission":4.8}],"trackingLink":"https://tatrck.com/h/0Hu30z9R0Qkk","createdAt":"2023-12-13T10:29:27.118Z","updatedAt":"2024-08-21T11:43:01.361Z"},{"merchantId":109517,"name":"Direct Cosmetics UK","imageUri":"https://monetizeamex.com/v3/120x60/54c21b0e1f5854930da04f4c3cdf9e78.png","currencyCode":"EUR","defaultDomain":"directcosmetics.com","domains":["directcosmetics.com","directcosmetics.co.uk"],"categoryId":28,"description":null,"isActive":true,"countryCodes":["GB","IE"],"averageBasketValue":26.86,"averageCommission":0.56,"averageConfirmationTime":null,"averageCancellationRate":null,"minimumCommission":0.13,"maximumCommission":1.36,"commissionRates":[{"fixedCommission":null,"percentageCommission":2.1},{"fixedCommission":null,"percentageCommission":1.68}],"trackingLink":"https://tatrck.com/h/0Hu30z9R0QlD","createdAt":"2023-12-13T10:29:37.368Z","updatedAt":"2024-08-23T15:04:03.697Z"},{"merchantId":109576,"name":"Rum Company DE","imageUri":"https://monetizeamex.com/v3/120x60/a72173e61bfa0dcf0cd43cae5ab160ed.png","currencyCode":"EUR","defaultDomain":"rumcompany.de","domains":["rumcompany.de"],"categoryId":4,"description":"Rum Company - Onlineshop für Rum Genießer. Im Onlineshop findest Du über 500 Rumsorten aus aller Welt. Weiterhin bekommst Du auch andere Spirituosen und Zigarren.","isActive":true,"countryCodes":["DE"],"averageBasketValue":150.76,"averageCommission":2.71,"averageConfirmationTime":4,"averageCancellationRate":null,"minimumCommission":3.42,"maximumCommission":3.42,"commissionRates":[{"fixedCommission":null,"percentageCommission":1.7999999999999998}],"trackingLink":"https://tatrck.com/h/0Hu30z9R0Qm8","createdAt":"2023-12-13T10:29:56.184Z","updatedAt":"2024-08-19T05:28:03.208Z"},{"merchantId":109623,"name":"Provident CZ","imageUri":"https://monetizeamex.com/v3/120x60/eebc9862d0d3a69d5fadfc4f3a0494a6.png","currencyCode":"EUR","defaultDomain":"provident.cz","domains":["provident.cz"],"categoryId":66,"description":null,"isActive":true,"countryCodes":["CZ"],"averageBasketValue":null,"averageCommission":null,"averageConfirmationTime":null,"averageCancellationRate":null,"minimumCommission":null,"maximumCommission":null,"commissionRates":[],"trackingLink":"https://tatrck.com/h/0Hu30z9R0Qmt","createdAt":"2023-12-13T10:30:13.166Z","updatedAt":"2024-08-15T08:46:19.774Z"},{"merchantId":109625,"name":"Yoigo ES","imageUri":"https://monetizeamex.com/v3/120x60/be2747a7338f9632a256694e739e4e38.png","currencyCode":"EUR","defaultDomain":"yoigo.com","domains":["yoigo.com","yoigo.es"],"categoryId":58,"description":null,"isActive":true,"countryCodes":["ES"],"averageBasketValue":0.9,"averageCommission":6.69,"averageConfirmationTime":37,"averageCancellationRate":42.6,"minimumCommission":5.04,"maximumCommission":5.04,"commissionRates":[],"trackingLink":"https://tatrck.com/h/0Hu30z9R0Qmv","createdAt":"2023-12-13T10:30:14.289Z","updatedAt":"2024-09-02T05:54:23.934Z"},{"merchantId":109696,"name":"Puma EU","imageUri":"https://monetizeamex.com/v3/120x60/38ec60256a89f2ca6ef25f94141b65cd.png","currencyCode":"EUR","defaultDomain":"eu.puma.com","domains":["eu.puma.com"],"categoryId":null,"description":"PUMA ist eine weltweit vertretener Sportartikelhersteller, der Schuhe, Textilien und Accessoires designed und entwickelt.","isActive":true,"countryCodes":["PL"],"averageBasketValue":null,"averageCommission":0.03,"averageConfirmationTime":1,"averageCancellationRate":null,"minimumCommission":null,"maximumCommission":null,"commissionRates":[],"trackingLink":"https://tatrck.com/h/0Hu30z9R0Qo0","createdAt":"2023-12-13T10:30:37.697Z","updatedAt":"2024-08-28T05:54:53.180Z"},{"merchantId":109707,"name":"Komputronik PL","imageUri":"https://monetizeamex.com/v3/120x60/6c6a992e55dbdb702e265590f46703fe.png","currencyCode":"EUR","defaultDomain":"komputronik.pl","domains":["komputronik.pl"],"categoryId":72,"description":null,"isActive":true,"countryCodes":["PL"],"averageBasketValue":6,"averageCommission":4.5,"averageConfirmationTime":null,"averageCancellationRate":2.1,"minimumCommission":0.07,"maximumCommission":22.09,"commissionRates":[{"fixedCommission":null,"percentageCommission":0.8999999999999999},{"fixedCommission":null,"percentageCommission":0.6779999999999999}],"trackingLink":"https://tatrck.com/h/0Hu30z9R0QoB","createdAt":"2023-12-13T10:30:40.476Z","updatedAt":"2024-09-03T05:47:41.826Z"},{"merchantId":109767,"name":"Allike Store DE","imageUri":"https://monetizeamex.com/v3/120x60/9ec4fcf1ec075027f420da4e8b761129.png","currencyCode":"EUR","defaultDomain":"allikestore.com","domains":["allike.de","allikestore.com"],"categoryId":40,"description":"Sneaker kaufen bei Allike. Neueste Modelle von angesagten Herstellern. Jetzt neue Sneakers einfach und unkompliziert online bestellen!","isActive":true,"countryCodes":["DE"],"averageBasketValue":97.53,"averageCommission":4.17,"averageConfirmationTime":null,"averageCancellationRate":2.8,"minimumCommission":1.61,"maximumCommission":6.97,"commissionRates":[],"trackingLink":"https://tatrck.com/h/0Hu30z9R0Qp7","createdAt":"2023-12-13T10:30:59.469Z","updatedAt":"2024-08-24T05:50:09.047Z"}]}