{"meta":{"next":187889},"data":[{"merchantId":187249,"name":"Logo.com Affiliate Program","imageUri":"https://monetizeamex.com/v3/120x60/a67d06782142ca3657e7aa636ae62e86.png","currencyCode":"EUR","defaultDomain":"logo.com","domains":["logo.com"],"categoryId":80,"description":null,"isActive":true,"countryCodes":["US"],"averageBasketValue":26.93,"averageCommission":3.3,"averageConfirmationTime":2,"averageCancellationRate":null,"minimumCommission":1.08,"maximumCommission":12.35,"commissionRates":[],"trackingLink":"https://tatrck.com/h/0Hu30z9R0jjn","createdAt":"2023-12-13T17:24:50.766Z","updatedAt":"2024-09-03T05:45:02.521Z"},{"merchantId":187252,"name":"Rocket Dollar","imageUri":"https://monetizeamex.com/v3/120x60/e26007c775627fd8d335e403659f2917.png","currencyCode":"EUR","defaultDomain":"rocketdollar.com","domains":["rocketdollar.com"],"categoryId":23,"description":null,"isActive":true,"countryCodes":["US"],"averageBasketValue":355.41,"averageCommission":31.98,"averageConfirmationTime":58,"averageCancellationRate":null,"minimumCommission":24.52,"maximumCommission":24.52,"commissionRates":[],"trackingLink":"https://tatrck.com/h/0Hu30z9R0jjq","createdAt":"2023-12-13T17:24:51.968Z","updatedAt":"2024-08-15T09:10:44.611Z"},{"merchantId":187274,"name":"reBuy ES","imageUri":"https://monetizeamex.com/v3/120x60/806c22953bef200259b82e879a38bbe4.png","currencyCode":"EUR","defaultDomain":"rebuy.es","domains":["rebuy.es"],"categoryId":72,"description":null,"isActive":true,"countryCodes":["ES"],"averageBasketValue":392.98,"averageCommission":10.25,"averageConfirmationTime":null,"averageCancellationRate":null,"minimumCommission":5.67,"maximumCommission":14.83,"commissionRates":[{"fixedCommission":null,"percentageCommission":2.4},{"fixedCommission":null,"percentageCommission":2.6999999999999997},{"fixedCommission":null,"percentageCommission":1.5},{"fixedCommission":null,"percentageCommission":1.7999999999999998}],"trackingLink":"https://tatrck.com/h/0Hu30z9R0jkA","createdAt":"2023-12-13T17:25:00.685Z","updatedAt":"2024-09-03T17:04:18.782Z"},{"merchantId":187275,"name":"reBuy IT","imageUri":"https://monetizeamex.com/v3/120x60/0dce8c481499e27751529c20cd079d72.png","currencyCode":"EUR","defaultDomain":"rebuy.it","domains":["rebuy.it"],"categoryId":50,"description":null,"isActive":true,"countryCodes":["IT"],"averageBasketValue":324.14,"averageCommission":6.95,"averageConfirmationTime":null,"averageCancellationRate":null,"minimumCommission":5.55,"maximumCommission":9.22,"commissionRates":[{"fixedCommission":null,"percentageCommission":2.6999999999999997},{"fixedCommission":null,"percentageCommission":1.7999999999999998},{"fixedCommission":null,"percentageCommission":2.1},{"fixedCommission":null,"percentageCommission":1.2},{"fixedCommission":null,"percentageCommission":1.5}],"trackingLink":"https://tatrck.com/h/0Hu30z9R0jkB","createdAt":"2023-12-13T17:25:01.076Z","updatedAt":"2024-09-03T17:09:22.969Z"},{"merchantId":187292,"name":"Interioricons","imageUri":"https://monetizeamex.com/v3/120x60/d96e9a560b0ea6825ababbbe52a5f6d3.png","currencyCode":"EUR","defaultDomain":"interioricons.com","domains":["interioricons.com"],"categoryId":34,"description":null,"isActive":true,"countryCodes":["US"],"averageBasketValue":730.65,"averageCommission":34.66,"averageConfirmationTime":8,"averageCancellationRate":null,"minimumCommission":18.69,"maximumCommission":39.81,"commissionRates":[{"fixedCommission":null,"percentageCommission":3.84},{"fixedCommission":null,"percentageCommission":4.8}],"trackingLink":"https://tatrck.com/h/0Hu30z9R0jkS","createdAt":"2023-12-13T17:25:06.875Z","updatedAt":"2024-08-30T05:47:38.718Z"},{"merchantId":187295,"name":"Combi.de - Online-Supermarkt DE","imageUri":"https://monetizeamex.com/v3/120x60/b0b2ad3b978161493d8b056fc12cc3a0.png","currencyCode":"EUR","defaultDomain":"combi.de","domains":["combi.de"],"categoryId":21,"description":null,"isActive":true,"countryCodes":["DE"],"averageBasketValue":64.06,"averageCommission":1.38,"averageConfirmationTime":26,"averageCancellationRate":null,"minimumCommission":0.11,"maximumCommission":2.85,"commissionRates":[{"fixedCommission":null,"percentageCommission":1.7999999999999998},{"fixedCommission":null,"percentageCommission":3.5999999999999996}],"trackingLink":"https://tatrck.com/h/0Hu30z9R0jkV","createdAt":"2023-12-13T17:25:08.866Z","updatedAt":"2024-09-03T05:28:06.980Z"},{"merchantId":187308,"name":"Liabel IT","imageUri":"https://monetizeamex.com/v3/120x60/842ec9d6ad54ef26b5a67fc3645e7f00.png","currencyCode":"EUR","defaultDomain":"liabel.eu","domains":["liabel.eu"],"categoryId":40,"description":null,"isActive":true,"countryCodes":["IT"],"averageBasketValue":49.3,"averageCommission":1.81,"averageConfirmationTime":null,"averageCancellationRate":null,"minimumCommission":1.93,"maximumCommission":1.93,"commissionRates":[],"trackingLink":"https://tatrck.com/h/0Hu30z9R0jki","createdAt":"2023-12-13T17:25:13.701Z","updatedAt":"2024-09-03T17:09:19.570Z"},{"merchantId":187316,"name":"Wanapix FR","imageUri":"https://monetizeamex.com/v3/120x60/faa19f583ccb25d981cbbfa367a78d61.png","currencyCode":"EUR","defaultDomain":"wanapix.fr","domains":["wanapix.fr"],"categoryId":47,"description":null,"isActive":true,"countryCodes":["FR"],"averageBasketValue":21.64,"averageCommission":1.56,"averageConfirmationTime":10,"averageCancellationRate":33.9,"minimumCommission":0.77,"maximumCommission":2.1,"commissionRates":[{"fixedCommission":null,"percentageCommission":7.199999999999999}],"trackingLink":"https://tatrck.com/h/0Hu30z9R0jkq","createdAt":"2023-12-13T17:25:17.394Z","updatedAt":"2024-09-03T17:05:26.528Z"},{"merchantId":187333,"name":"De Witgoed Outlet NL","imageUri":"https://monetizeamex.com/v3/120x60/fe7e8557f6e5f0a618708d283d9f6215.png","currencyCode":"EUR","defaultDomain":"dewitgoedoutlet.nl","domains":["dewitgoedoutlet.nl"],"categoryId":72,"description":null,"isActive":true,"countryCodes":["NL"],"averageBasketValue":487.24,"averageCommission":29.23,"averageConfirmationTime":null,"averageCancellationRate":null,"minimumCommission":13.83,"maximumCommission":44.58,"commissionRates":[{"fixedCommission":null,"percentageCommission":6},{"fixedCommission":null,"percentageCommission":8.4}],"trackingLink":"https://tatrck.com/h/0Hu30z9R0jl5","createdAt":"2023-12-13T17:25:24.677Z","updatedAt":"2024-09-03T17:08:24.123Z"},{"merchantId":187336,"name":"Loan.co.uk UK","imageUri":"https://monetizeamex.com/v3/120x60/51d9ebb7d71e11c87a756be2b188e2e1.png","currencyCode":"EUR","defaultDomain":"loan.co.uk","domains":["loan.co.uk"],"categoryId":66,"description":null,"isActive":true,"countryCodes":["GB"],"averageBasketValue":1.07,"averageCommission":48.34,"averageConfirmationTime":null,"averageCancellationRate":5,"minimumCommission":48.11,"maximumCommission":48.11,"commissionRates":[{"fixedCommission":45,"percentageCommission":null},{"fixedCommission":30,"percentageCommission":null}],"trackingLink":"https://tatrck.com/h/0Hu30z9R0jl8","createdAt":"2023-12-13T17:25:27.304Z","updatedAt":"2024-09-03T17:07:56.981Z"},{"merchantId":187337,"name":"Monoticket ES","imageUri":"https://monetizeamex.com/v3/120x60/969aec94ff36f5810a3fcb78405fa92b.png","currencyCode":"EUR","defaultDomain":"monoticket.com","domains":["monoticket.com"],"categoryId":7,"description":null,"isActive":true,"countryCodes":["ES"],"averageBasketValue":502.6,"averageCommission":18.09,"averageConfirmationTime":15,"averageCancellationRate":null,"minimumCommission":7.2,"maximumCommission":7.2,"commissionRates":[{"fixedCommission":null,"percentageCommission":3.5999999999999996}],"trackingLink":"https://tatrck.com/h/0Hu30z9R0jl9","createdAt":"2023-12-13T17:25:25.685Z","updatedAt":"2024-09-03T17:08:45.198Z"},{"merchantId":187338,"name":"Sleep Hubs UK","imageUri":"https://monetizeamex.com/v3/120x60/361f5f2e45e5d3b756d21b0388d77817.png","currencyCode":"EUR","defaultDomain":"sleephubs.com","domains":["sleephubs.com"],"categoryId":68,"description":null,"isActive":true,"countryCodes":["GB"],"averageBasketValue":null,"averageCommission":null,"averageConfirmationTime":null,"averageCancellationRate":null,"minimumCommission":null,"maximumCommission":null,"commissionRates":[{"fixedCommission":null,"percentageCommission":3.5999999999999996}],"trackingLink":"https://tatrck.com/h/0Hu30z9R0jlA","createdAt":"2023-12-13T17:25:26.266Z","updatedAt":"2024-09-03T17:08:51.764Z"},{"merchantId":187339,"name":"VfB Stuttgart DE","imageUri":"https://monetizeamex.com/v3/120x60/395979d3700336e8ba902b112ad5536b.png","currencyCode":"EUR","defaultDomain":"vfb.de","domains":["vfb.de"],"categoryId":55,"description":null,"isActive":true,"countryCodes":["DE"],"averageBasketValue":61.23,"averageCommission":2.29,"averageConfirmationTime":50,"averageCancellationRate":null,"minimumCommission":0.16,"maximumCommission":11.64,"commissionRates":[{"fixedCommission":null,"percentageCommission":3.5999999999999996},{"fixedCommission":null,"percentageCommission":4.2},{"fixedCommission":null,"percentageCommission":2.4}],"trackingLink":"https://tatrck.com/h/0Hu30z9R0jlB","createdAt":"2023-12-13T17:25:26.670Z","updatedAt":"2024-09-03T17:08:39.478Z"},{"merchantId":187365,"name":"www.huntordye.co.uk","imageUri":"https://kqdxc4m5.de/logos_v2/120x60/93427e8aa7c3481ccf7c939fb518454a.gif","currencyCode":"EUR","defaultDomain":"huntordye.co.uk","domains":["huntordye.co.uk"],"categoryId":40,"description":null,"isActive":true,"countryCodes":[],"averageBasketValue":15.1,"averageCommission":0.72,"averageConfirmationTime":30,"averageCancellationRate":null,"minimumCommission":0.28,"maximumCommission":0.28,"commissionRates":[{"fixedCommission":null,"percentageCommission":4.8}],"trackingLink":"https://tatrck.com/h/0Hu30z9R0jlb","createdAt":"2023-12-13T17:25:36.707Z","updatedAt":"2024-08-21T11:40:07.486Z"},{"merchantId":187366,"name":"BioCare UK","imageUri":"https://monetizeamex.com/v3/120x60/e97f5326e8b99a5b057492e4532695ff.png","currencyCode":"EUR","defaultDomain":"biocare.co.uk","domains":["biocare.co.uk"],"categoryId":68,"description":null,"isActive":true,"countryCodes":["GB"],"averageBasketValue":40.87,"averageCommission":1.47,"averageConfirmationTime":6,"averageCancellationRate":null,"minimumCommission":0.26,"maximumCommission":4.26,"commissionRates":[{"fixedCommission":null,"percentageCommission":3.5999999999999996}],"trackingLink":"https://tatrck.com/h/0Hu30z9R0jlc","createdAt":"2023-12-13T17:25:36.580Z","updatedAt":"2024-09-03T17:07:18.215Z"},{"merchantId":187369,"name":"Trail Outdoor Leisure UK","imageUri":"https://monetizeamex.com/v3/120x60/0bfeec4ed4175c0caf3874f5d2e9ff08.png","currencyCode":"EUR","defaultDomain":"trailoutdoorleisure.co.uk","domains":["trailoutdoorleisure.co.uk"],"categoryId":21,"description":null,"isActive":true,"countryCodes":["GB"],"averageBasketValue":91.35,"averageCommission":2.71,"averageConfirmationTime":22,"averageCancellationRate":null,"minimumCommission":0.5,"maximumCommission":19.87,"commissionRates":[],"trackingLink":"https://tatrck.com/h/0Hu30z9R0jlf","createdAt":"2023-12-13T17:25:38.795Z","updatedAt":"2024-09-03T17:03:29.536Z"},{"merchantId":187373,"name":"i-Blason LLC US","imageUri":"https://kqdxc4m5.de/logos_v2/120x60/1501472815f17b50ed4f7add3bd2931b.gif","currencyCode":"EUR","defaultDomain":"i-blason.com","domains":["i-blason.com"],"categoryId":59,"description":null,"isActive":true,"countryCodes":["US"],"averageBasketValue":null,"averageCommission":null,"averageConfirmationTime":null,"averageCancellationRate":null,"minimumCommission":null,"maximumCommission":null,"commissionRates":[{"fixedCommission":null,"percentageCommission":4.8}],"trackingLink":"https://tatrck.com/h/0Hu30z9R0jlj","createdAt":"2023-12-13T17:25:39.025Z","updatedAt":"2024-08-21T11:39:12.149Z"},{"merchantId":187385,"name":"GLOB.CC FR","imageUri":"https://monetizeamex.com/v3/120x60/595944424d4fbe49acb679ed369ae908.png","currencyCode":"EUR","defaultDomain":"glob.cc","domains":["glob.cc"],"categoryId":68,"description":null,"isActive":true,"countryCodes":["FR"],"averageBasketValue":121.85,"averageCommission":2.19,"averageConfirmationTime":58,"averageCancellationRate":10,"minimumCommission":0.07,"maximumCommission":0.57,"commissionRates":[{"fixedCommission":null,"percentageCommission":1.7999999999999998}],"trackingLink":"https://tatrck.com/h/0Hu30z9R0jlv","createdAt":"2023-12-13T17:25:41.781Z","updatedAt":"2024-09-03T17:07:29.466Z"},{"merchantId":187386,"name":"Julep US","imageUri":"https://monetizeamex.com/v3/120x60/0d4e7501a0376a175d323394a9f2dd8b.png","currencyCode":"EUR","defaultDomain":"julep.com","domains":["julep.com"],"categoryId":28,"description":null,"isActive":true,"countryCodes":["US"],"averageBasketValue":52.87,"averageCommission":2.53,"averageConfirmationTime":null,"averageCancellationRate":null,"minimumCommission":1.17,"maximumCommission":1.17,"commissionRates":[{"fixedCommission":null,"percentageCommission":3.84}],"trackingLink":"https://tatrck.com/h/0Hu30z9R0jlw","createdAt":"2023-12-13T17:25:42.075Z","updatedAt":"2024-09-03T17:03:42.309Z"},{"merchantId":187389,"name":"SUPCASE US","imageUri":"https://kqdxc4m5.de/logos_v2/120x60/3fc5baf397ca44aa3fb9860ebd9601ac.gif","currencyCode":"EUR","defaultDomain":"supcase.com","domains":["supcase.com"],"categoryId":72,"description":null,"isActive":true,"countryCodes":["US"],"averageBasketValue":31.68,"averageCommission":1.5,"averageConfirmationTime":2,"averageCancellationRate":null,"minimumCommission":0.81,"maximumCommission":2.47,"commissionRates":[{"fixedCommission":null,"percentageCommission":4.8},{"fixedCommission":12,"percentageCommission":null},{"fixedCommission":null,"percentageCommission":3.84}],"trackingLink":"https://tatrck.com/h/0Hu30z9R0jlz","createdAt":"2023-12-13T17:25:42.872Z","updatedAt":"2024-09-02T05:47:47.467Z"},{"merchantId":187390,"name":"Selldorado - Mondoshopping FR","imageUri":"https://monetizeamex.com/v3/120x60/e3deca19232a3b60f08abe93dbf08aae.png","currencyCode":"EUR","defaultDomain":"mondoshopping.fr","domains":["mondoshopping.fr"],"categoryId":74,"description":null,"isActive":true,"countryCodes":["FR"],"averageBasketValue":null,"averageCommission":0.95,"averageConfirmationTime":null,"averageCancellationRate":0.9,"minimumCommission":0.46,"maximumCommission":1.84,"commissionRates":[],"trackingLink":"https://tatrck.com/h/0Hu30z9R0jl-","createdAt":"2023-12-13T17:25:42.989Z","updatedAt":"2024-08-31T05:31:27.593Z"},{"merchantId":187396,"name":"Castlery","imageUri":"https://monetizeamex.com/v3/120x60/68d182c0cfcda0294a57cd1a6cab1bf2.png","currencyCode":"EUR","defaultDomain":"castlery.com","domains":["castlery.com"],"categoryId":74,"description":null,"isActive":true,"countryCodes":["AU","US"],"averageBasketValue":1,"averageCommission":38.2,"averageConfirmationTime":58,"averageCancellationRate":null,"minimumCommission":14.18,"maximumCommission":47.53,"commissionRates":[],"trackingLink":"https://tatrck.com/h/0Hu30z9R0jm4","createdAt":"2023-12-13T17:25:44.981Z","updatedAt":"2024-09-01T05:48:24.421Z"},{"merchantId":187397,"name":"Dodow UK","imageUri":"https://monetizeamex.com/v3/120x60/da37b8932cf5926086d3e9c1f619e478.png","currencyCode":"EUR","defaultDomain":"mydodow.com","domains":["mydodow.com"],"categoryId":68,"description":null,"isActive":true,"countryCodes":["GB","FR"],"averageBasketValue":51.36,"averageCommission":10.78,"averageConfirmationTime":null,"averageCancellationRate":null,"minimumCommission":10.78,"maximumCommission":10.78,"commissionRates":[],"trackingLink":"https://tatrck.com/h/0Hu30z9R0jm5","createdAt":"2023-12-13T17:25:47.477Z","updatedAt":"2024-09-03T17:08:43.387Z"},{"merchantId":187415,"name":"DANIELLA SHEVEL, LLC US","imageUri":"https://kqdxc4m5.de/logos_v2/120x60/386ca813ce8266a6482d450d358b053f.gif","currencyCode":"EUR","defaultDomain":"daniellashevel.com","domains":["daniellashevel.com"],"categoryId":40,"description":null,"isActive":true,"countryCodes":["US"],"averageBasketValue":481.54,"averageCommission":20.22,"averageConfirmationTime":null,"averageCancellationRate":null,"minimumCommission":20.22,"maximumCommission":20.22,"commissionRates":[{"fixedCommission":null,"percentageCommission":4.2}],"trackingLink":"https://tatrck.com/h/0Hu30z9R0jmN","createdAt":"2023-12-13T17:25:50.804Z","updatedAt":"2024-08-30T11:01:02.563Z"},{"merchantId":187416,"name":"VIVE CBD","imageUri":"https://kqdxc4m5.de/logos_v2/120x60/582e6d13238966dc84f02047d8b150a9.gif","currencyCode":"EUR","defaultDomain":"vivecbd.com","domains":["vivecbd.com"],"categoryId":35,"description":null,"isActive":true,"countryCodes":["US"],"averageBasketValue":58.18,"averageCommission":8.02,"averageConfirmationTime":1,"averageCancellationRate":null,"minimumCommission":null,"maximumCommission":null,"commissionRates":[{"fixedCommission":null,"percentageCommission":13.799999999999999}],"trackingLink":"https://tatrck.com/h/0Hu30z9R0jmO","createdAt":"2023-12-13T17:25:51.088Z","updatedAt":"2024-08-21T11:39:11.258Z"},{"merchantId":187417,"name":"House of Alchemy LLC d/b/a CBD Dog Health US","imageUri":"https://kqdxc4m5.de/logos_v2/120x60/ca9e694e4e794790c7f208dbcc682f0e.gif","currencyCode":"EUR","defaultDomain":"cbddoghealth.com","domains":["cbddoghealth.com"],"categoryId":61,"description":null,"isActive":true,"countryCodes":["US"],"averageBasketValue":95.23,"averageCommission":5.71,"averageConfirmationTime":null,"averageCancellationRate":null,"minimumCommission":14.55,"maximumCommission":14.55,"commissionRates":[{"fixedCommission":null,"percentageCommission":4.8},{"fixedCommission":null,"percentageCommission":6}],"trackingLink":"https://tatrck.com/h/0Hu30z9R0jmP","createdAt":"2023-12-13T17:25:51.382Z","updatedAt":"2024-08-22T05:45:32.940Z"},{"merchantId":187418,"name":"HR SUPPLIES US","imageUri":"https://kqdxc4m5.de/logos_v2/120x60/8600b650b541e83746b671cac6e49299.gif","currencyCode":"EUR","defaultDomain":"agiftfromnaturecbd.com","domains":["agiftfromnaturecbd.com"],"categoryId":28,"description":null,"isActive":true,"countryCodes":["HR","US"],"averageBasketValue":37.39,"averageCommission":4.48,"averageConfirmationTime":null,"averageCancellationRate":null,"minimumCommission":3.24,"maximumCommission":8.04,"commissionRates":[{"fixedCommission":null,"percentageCommission":12}],"trackingLink":"https://tatrck.com/h/0Hu30z9R0jmQ","createdAt":"2023-12-13T17:25:51.572Z","updatedAt":"2024-08-21T11:32:55.460Z"},{"merchantId":187420,"name":"Luca Company US","imageUri":"https://monetizeamex.com/v3/120x60/cc514be1cfb02d0044356354c142a782.png","currencyCode":"EUR","defaultDomain":"luca-co.com","domains":["luca-co.com"],"categoryId":40,"description":null,"isActive":true,"countryCodes":["US"],"averageBasketValue":null,"averageCommission":null,"averageConfirmationTime":null,"averageCancellationRate":null,"minimumCommission":null,"maximumCommission":null,"commissionRates":[],"trackingLink":"https://tatrck.com/h/0Hu30z9R0jmS","createdAt":"2023-12-13T17:25:52.171Z","updatedAt":"2024-08-21T11:29:48.325Z"},{"merchantId":187424,"name":"Royal & Pure Inc US","imageUri":"https://monetizeamex.com/v3/120x60/4de6502a4d384ef9d1227f3e079e5e65.png","currencyCode":"EUR","defaultDomain":"royalandpure.com","domains":["royalandpure.com"],"categoryId":35,"description":null,"isActive":true,"countryCodes":["US"],"averageBasketValue":null,"averageCommission":null,"averageConfirmationTime":null,"averageCancellationRate":null,"minimumCommission":null,"maximumCommission":null,"commissionRates":[{"fixedCommission":null,"percentageCommission":14.399999999999999},{"fixedCommission":null,"percentageCommission":19.2}],"trackingLink":"https://tatrck.com/h/0Hu30z9R0jmW","createdAt":"2023-12-13T17:25:53.673Z","updatedAt":"2024-08-21T11:26:03.076Z"},{"merchantId":187442,"name":"Shaya US","imageUri":"https://kqdxc4m5.de/logos_v2/120x60/95ccb6bced8f1b207330683e14569d4f.gif","currencyCode":"EUR","defaultDomain":"shayapets.com","domains":["shayapets.com"],"categoryId":61,"description":null,"isActive":true,"countryCodes":["US"],"averageBasketValue":null,"averageCommission":null,"averageConfirmationTime":null,"averageCancellationRate":null,"minimumCommission":null,"maximumCommission":null,"commissionRates":[{"fixedCommission":null,"percentageCommission":4.8}],"trackingLink":"https://tatrck.com/h/0Hu30z9R0jmo","createdAt":"2023-12-13T17:25:58.166Z","updatedAt":"2024-08-21T11:35:15.378Z"},{"merchantId":187444,"name":"ACSIcampingreisen.de DE","imageUri":"https://kqdxc4m5.de/logos_v2/120x60/99cbdc78437ec45105c721eaefe3cd78.gif","currencyCode":"EUR","defaultDomain":"acsicampingreisen.de","domains":["acsicampingreisen.de"],"categoryId":63,"description":null,"isActive":true,"countryCodes":["DE"],"averageBasketValue":null,"averageCommission":null,"averageConfirmationTime":null,"averageCancellationRate":null,"minimumCommission":null,"maximumCommission":null,"commissionRates":[],"trackingLink":"https://tatrck.com/h/0Hu30z9R0jmq","createdAt":"2023-12-13T17:25:58.774Z","updatedAt":"2024-08-21T11:34:36.603Z"},{"merchantId":187445,"name":"Ashwood Handbags UK","imageUri":"https://kqdxc4m5.de/logos_v2/120x60/f1c8745d17b8ddef678aa8ff2a0bb31e.gif","currencyCode":"EUR","defaultDomain":"ashwoodhandbags.co.uk","domains":["ashwoodhandbags.co.uk"],"categoryId":40,"description":null,"isActive":true,"countryCodes":["GB"],"averageBasketValue":null,"averageCommission":null,"averageConfirmationTime":null,"averageCancellationRate":null,"minimumCommission":null,"maximumCommission":null,"commissionRates":[],"trackingLink":"https://tatrck.com/h/0Hu30z9R0jmr","createdAt":"2023-12-13T17:25:58.982Z","updatedAt":"2024-08-23T15:01:38.131Z"},{"merchantId":187449,"name":"Careplus-shop.nl NL","imageUri":"https://kqdxc4m5.de/logos_v2/120x60/5ef212205f484001abfc425d1f8e40c3.gif","currencyCode":"EUR","defaultDomain":"careplus-shop.nl","domains":["careplus-shop.nl"],"categoryId":63,"description":null,"isActive":true,"countryCodes":["NL"],"averageBasketValue":50.39,"averageCommission":1.56,"averageConfirmationTime":30,"averageCancellationRate":null,"minimumCommission":1.68,"maximumCommission":1.68,"commissionRates":[],"trackingLink":"https://tatrck.com/h/0Hu30z9R0jmv","createdAt":"2023-12-13T17:26:00.484Z","updatedAt":"2024-08-30T05:28:20.852Z"},{"merchantId":187451,"name":"COSTWAY IT","imageUri":"https://monetizeamex.com/v3/120x60/719ef77b69ce705643014f7b2ee574b8.png","currencyCode":"EUR","defaultDomain":"costway.it","domains":["costway.it"],"categoryId":50,"description":null,"isActive":true,"countryCodes":["IT"],"averageBasketValue":132.09,"averageCommission":4.58,"averageConfirmationTime":null,"averageCancellationRate":null,"minimumCommission":2.46,"maximumCommission":9.26,"commissionRates":[{"fixedCommission":null,"percentageCommission":3.5999999999999996}],"trackingLink":"https://tatrck.com/h/0Hu30z9R0jmx","createdAt":"2023-12-13T17:26:02.967Z","updatedAt":"2024-08-21T11:29:03.341Z"},{"merchantId":187461,"name":"Macaroni Tomato PL","imageUri":"https://kqdxc4m5.de/logos_v2/120x60/f44eddb0f4e03b62c20fb411a235a275.gif","currencyCode":"EUR","defaultDomain":"macaronitomato.com","domains":["macaronitomato.com"],"categoryId":40,"description":null,"isActive":true,"countryCodes":["PL"],"averageBasketValue":95.63,"averageCommission":2.86,"averageConfirmationTime":null,"averageCancellationRate":null,"minimumCommission":null,"maximumCommission":null,"commissionRates":[{"fixedCommission":null,"percentageCommission":2.25}],"trackingLink":"https://tatrck.com/h/0Hu30z9R0jn5","createdAt":"2023-12-13T17:26:05.581Z","updatedAt":"2024-08-21T11:31:17.722Z"},{"merchantId":187462,"name":"Maisonne.eu NL","imageUri":"https://kqdxc4m5.de/logos_v2/120x60/5482ed9834bac74c51089ec9ff1deeab.gif","currencyCode":"EUR","defaultDomain":"maisonne.nl","domains":["maisonne.nl"],"categoryId":63,"description":null,"isActive":true,"countryCodes":["NL"],"averageBasketValue":1,"averageCommission":38.94,"averageConfirmationTime":null,"averageCancellationRate":100,"minimumCommission":null,"maximumCommission":null,"commissionRates":[],"trackingLink":"https://tatrck.com/h/0Hu30z9R0jn6","createdAt":"2023-12-13T17:26:05.883Z","updatedAt":"2024-08-21T11:39:06.850Z"},{"merchantId":187465,"name":"RAD","imageUri":"https://monetizeamex.com/v3/120x60/7e938d00d301d538e7e85e223a496544.png","currencyCode":"EUR","defaultDomain":"rad.eu","domains":["rad.eu"],"categoryId":59,"description":null,"isActive":true,"countryCodes":["FR","BE","NL","AT","CH","DE"],"averageBasketValue":148.09,"averageCommission":4.12,"averageConfirmationTime":60,"averageCancellationRate":4.6,"minimumCommission":0.51,"maximumCommission":22.57,"commissionRates":[],"trackingLink":"https://tatrck.com/h/0Hu30z9R0jn9","createdAt":"2023-12-13T17:26:06.972Z","updatedAt":"2024-09-02T10:01:01.618Z"},{"merchantId":187483,"name":"LW Theatres UK","imageUri":"https://monetizeamex.com/v3/120x60/3c85986da684e128cc378e7fce723059.png","currencyCode":"EUR","defaultDomain":"lwtheatres.co.uk","domains":["lwtheatres.co.uk"],"categoryId":7,"description":null,"isActive":true,"countryCodes":["GB"],"averageBasketValue":139.67,"averageCommission":1.8,"averageConfirmationTime":null,"averageCancellationRate":null,"minimumCommission":0.03,"maximumCommission":11.35,"commissionRates":[{"fixedCommission":null,"percentageCommission":1.7999999999999998}],"trackingLink":"https://tatrck.com/h/0Hu30z9R0jnR","createdAt":"2023-12-13T17:26:10.782Z","updatedAt":"2024-09-03T17:08:20.679Z"},{"merchantId":187484,"name":"Credy MX","imageUri":"https://monetizeamex.com/v3/120x60/0216a2c616ba6af485f27b1958ca1329.png","currencyCode":"EUR","defaultDomain":"credy.com.mx","domains":["credy.com.mx"],"categoryId":66,"description":null,"isActive":true,"countryCodes":["MX"],"averageBasketValue":null,"averageCommission":0.87,"averageConfirmationTime":2,"averageCancellationRate":null,"minimumCommission":0.85,"maximumCommission":0.9,"commissionRates":[],"trackingLink":"https://tatrck.com/h/0Hu30z9R0jnS","createdAt":"2023-12-13T17:26:10.876Z","updatedAt":"2024-09-01T05:53:09.481Z"},{"merchantId":187488,"name":"Pacifica Beauty US","imageUri":"https://monetizeamex.com/v3/120x60/9fd44f6edb429f3f6783e0f63a5841f4.png","currencyCode":"EUR","defaultDomain":"pacificabeauty.com","domains":["pacificabeauty.com"],"categoryId":28,"description":null,"isActive":true,"countryCodes":["US"],"averageBasketValue":40.72,"averageCommission":0.45,"averageConfirmationTime":null,"averageCancellationRate":null,"minimumCommission":0.51,"maximumCommission":0.51,"commissionRates":[{"fixedCommission":null,"percentageCommission":1.2},{"fixedCommission":null,"percentageCommission":3.84}],"trackingLink":"https://tatrck.com/h/0Hu30z9R0jnW","createdAt":"2023-12-13T17:26:11.944Z","updatedAt":"2024-08-28T05:52:14.902Z"},{"merchantId":187496,"name":"New Directions UK","imageUri":"https://monetizeamex.com/v3/120x60/98cd7f35736511991f2b81bae9ca371d.png","currencyCode":"EUR","defaultDomain":"newdirectionsuk.com","domains":["newdirectionsuk.com"],"categoryId":28,"description":null,"isActive":true,"countryCodes":["GB"],"averageBasketValue":96.39,"averageCommission":0.57,"averageConfirmationTime":null,"averageCancellationRate":null,"minimumCommission":0.14,"maximumCommission":1.26,"commissionRates":[{"fixedCommission":null,"percentageCommission":0.6}],"trackingLink":"https://tatrck.com/h/0Hu30z9R0jne","createdAt":"2023-12-13T17:26:14.269Z","updatedAt":"2024-09-03T05:25:23.410Z"},{"merchantId":187497,"name":"PalletOnline UK","imageUri":"https://monetizeamex.com/v3/120x60/98b4218d498304e5f1807a26729c4c6f.png","currencyCode":"EUR","defaultDomain":"palletonline.co.uk","domains":["palletonline.co.uk"],"categoryId":63,"description":null,"isActive":true,"countryCodes":["GB"],"averageBasketValue":139.67,"averageCommission":2.51,"averageConfirmationTime":null,"averageCancellationRate":1.4,"minimumCommission":1.06,"maximumCommission":4.54,"commissionRates":[{"fixedCommission":null,"percentageCommission":1.7999999999999998}],"trackingLink":"https://tatrck.com/h/0Hu30z9R0jnf","createdAt":"2023-12-13T17:26:14.591Z","updatedAt":"2024-08-30T05:28:08.010Z"},{"merchantId":187512,"name":"Stylerunner AU","imageUri":"https://kqdxc4m5.de/logos_v2/120x60/ba5108c2661a1d5397b3347a4b986985.gif","currencyCode":"EUR","defaultDomain":"stylerunner.com","domains":["stylerunner.com"],"categoryId":21,"description":null,"isActive":true,"countryCodes":["NZ"],"averageBasketValue":70.12,"averageCommission":1.54,"averageConfirmationTime":null,"averageCancellationRate":null,"minimumCommission":0.78,"maximumCommission":1.4,"commissionRates":[{"fixedCommission":null,"percentageCommission":1.7999999999999998},{"fixedCommission":null,"percentageCommission":3}],"trackingLink":"https://tatrck.com/h/0Hu30z9R0jnu","createdAt":"2023-12-13T17:26:19.271Z","updatedAt":"2024-09-03T17:10:12.474Z"},{"merchantId":187516,"name":"Volcom AU","imageUri":"https://monetizeamex.com/v3/120x60/76cfb2681b70230ef1a540e047bff7e1.png","currencyCode":"EUR","defaultDomain":"volcom.com.au","domains":["volcom.com.au"],"categoryId":55,"description":null,"isActive":true,"countryCodes":["AU"],"averageBasketValue":70.67,"averageCommission":0.97,"averageConfirmationTime":59,"averageCancellationRate":null,"minimumCommission":0.18,"maximumCommission":3.13,"commissionRates":[{"fixedCommission":null,"percentageCommission":1.2}],"trackingLink":"https://tatrck.com/h/0Hu30z9R0jny","createdAt":"2023-12-13T17:26:19.875Z","updatedAt":"2024-09-03T17:06:50.376Z"},{"merchantId":187519,"name":"Campings.com FR","imageUri":"https://kqdxc4m5.de/logos_v2/120x60/72bad89f8f3f2f91583059648e7115db.gif","currencyCode":"EUR","defaultDomain":"campings.com","domains":["campings.com"],"categoryId":63,"description":null,"isActive":true,"countryCodes":["NL","ES","DE","BE"],"averageBasketValue":756.81,"averageCommission":19.82,"averageConfirmationTime":null,"averageCancellationRate":null,"minimumCommission":1.71,"maximumCommission":20.84,"commissionRates":[],"trackingLink":"https://tatrck.com/h/0Hu30z9R0jn_","createdAt":"2023-12-13T17:26:20.269Z","updatedAt":"2024-08-26T05:55:23.201Z"},{"merchantId":187523,"name":"Netski FR","imageUri":"https://kqdxc4m5.de/logos_v2/120x60/a87fc53216132875c6ef5b80e7b76f29.gif","currencyCode":"EUR","defaultDomain":"netski.com","domains":["netski.com"],"categoryId":63,"description":null,"isActive":true,"countryCodes":["BE","DE","GB","NL","FR"],"averageBasketValue":null,"averageCommission":6.45,"averageConfirmationTime":null,"averageCancellationRate":null,"minimumCommission":1.34,"maximumCommission":11.65,"commissionRates":[{"fixedCommission":null,"percentageCommission":3.5999999999999996}],"trackingLink":"https://tatrck.com/h/0Hu30z9R0jo3","createdAt":"2023-12-13T17:26:21.475Z","updatedAt":"2024-09-03T17:07:27.769Z"},{"merchantId":187525,"name":"April Beauty BEFR BE","imageUri":"https://monetizeamex.com/v3/120x60/962eea339e53a2f8fa1c1604e48838f6.png","currencyCode":"EUR","defaultDomain":"april-beauty.be","domains":["april-beauty.be","planetparfum.com"],"categoryId":28,"description":null,"isActive":true,"countryCodes":["BE"],"averageBasketValue":null,"averageCommission":3.48,"averageConfirmationTime":null,"averageCancellationRate":null,"minimumCommission":1.01,"maximumCommission":3.53,"commissionRates":[],"trackingLink":"https://tatrck.com/h/0Hu30z9R0jo5","createdAt":"2023-12-13T17:26:21.788Z","updatedAt":"2024-08-30T05:34:08.510Z"},{"merchantId":187535,"name":"HasThemes Affiliate","imageUri":"https://kqdxc4m5.de/logos_v2/120x60/0951bcd42ab4865f2cb56186a55f22f1.gif","currencyCode":"EUR","defaultDomain":"hasthemes.com","domains":["hasthemes.com"],"categoryId":77,"description":null,"isActive":true,"countryCodes":[],"averageBasketValue":46.74,"averageCommission":14.02,"averageConfirmationTime":null,"averageCancellationRate":null,"minimumCommission":13.91,"maximumCommission":13.91,"commissionRates":[],"trackingLink":"https://tatrck.com/h/0Hu30z9R0joF","createdAt":"2023-12-13T17:26:22.975Z","updatedAt":"2024-08-03T05:25:58.601Z"},{"merchantId":187536,"name":"Kardiel","imageUri":"https://monetizeamex.com/v3/120x60/3e1dbf1b76ca2abb8e004a446b4550aa.png","currencyCode":"EUR","defaultDomain":"kardiel.com","domains":["kardiel.com"],"categoryId":34,"description":null,"isActive":true,"countryCodes":["US"],"averageBasketValue":601.56,"averageCommission":8.65,"averageConfirmationTime":null,"averageCancellationRate":null,"minimumCommission":13.31,"maximumCommission":13.31,"commissionRates":[{"fixedCommission":null,"percentageCommission":1.44},{"fixedCommission":null,"percentageCommission":3.84}],"trackingLink":"https://tatrck.com/h/0Hu30z9R0joG","createdAt":"2023-12-13T17:26:24.688Z","updatedAt":"2024-08-21T11:39:30.303Z"},{"merchantId":187537,"name":"Manitoba Harvest CBD","imageUri":"https://kqdxc4m5.de/logos_v2/120x60/390bd0995d8c7ec1c6bf05bf64eb8b57.gif","currencyCode":"EUR","defaultDomain":"manitobaharvest.com","domains":["manitobaharvest.com"],"categoryId":68,"description":null,"isActive":true,"countryCodes":["US"],"averageBasketValue":null,"averageCommission":null,"averageConfirmationTime":null,"averageCancellationRate":null,"minimumCommission":null,"maximumCommission":null,"commissionRates":[],"trackingLink":"https://tatrck.com/h/0Hu30z9R0joH","createdAt":"2023-12-13T17:26:25.271Z","updatedAt":"2024-08-23T15:01:52.763Z"},{"merchantId":187540,"name":"Allen Edmonds US","imageUri":"https://kqdxc4m5.de/logos_v2/120x60/c33ebdbea4165258997ef642531b6509.gif","currencyCode":"EUR","defaultDomain":"allenedmonds.com","domains":["allenedmonds.com"],"categoryId":21,"description":null,"isActive":true,"countryCodes":["US"],"averageBasketValue":179.62,"averageCommission":3.6,"averageConfirmationTime":null,"averageCancellationRate":null,"minimumCommission":0.73,"maximumCommission":37.69,"commissionRates":[{"fixedCommission":null,"percentageCommission":1.92}],"trackingLink":"https://tatrck.com/h/0Hu30z9R0joK","createdAt":"2023-12-13T17:26:24.579Z","updatedAt":"2024-08-23T15:03:23.849Z"},{"merchantId":187545,"name":"SPRWMN US","imageUri":"https://monetizeamex.com/v3/120x60/1a2a769371a47e6047043581858baad7.png","currencyCode":"EUR","defaultDomain":"sprwmn.com","domains":["sprwmn.com"],"categoryId":40,"description":null,"isActive":true,"countryCodes":["US"],"averageBasketValue":null,"averageCommission":null,"averageConfirmationTime":null,"averageCancellationRate":null,"minimumCommission":null,"maximumCommission":null,"commissionRates":[{"fixedCommission":null,"percentageCommission":4.8}],"trackingLink":"https://tatrck.com/h/0Hu30z9R0joP","createdAt":"2023-12-13T17:26:25.884Z","updatedAt":"2024-09-03T17:03:17.612Z"},{"merchantId":187548,"name":"International Open Academy UK","imageUri":"https://kqdxc4m5.de/logos_v2/120x60/b7eb3bb1d9dff8659b1616beaa3704db.gif","currencyCode":"EUR","defaultDomain":"internationalopenacademy.com","domains":["internationalopenacademy.com"],"categoryId":44,"description":null,"isActive":true,"countryCodes":["GB"],"averageBasketValue":11.22,"averageCommission":1.09,"averageConfirmationTime":null,"averageCancellationRate":null,"minimumCommission":2.05,"maximumCommission":3.12,"commissionRates":[{"fixedCommission":null,"percentageCommission":14.399999999999999}],"trackingLink":"https://tatrck.com/h/0Hu30z9R0joS","createdAt":"2023-12-13T17:26:26.580Z","updatedAt":"2024-08-23T15:01:54.562Z"},{"merchantId":187552,"name":"Bodyworlds.nl NL","imageUri":"https://kqdxc4m5.de/logos_v2/120x60/40a8b326be982fa8f6ee8aa074b40617.gif","currencyCode":"EUR","defaultDomain":"bodyworlds.nl","domains":["bodyworlds.nl"],"categoryId":53,"description":null,"isActive":true,"countryCodes":["NL"],"averageBasketValue":44.31,"averageCommission":3.51,"averageConfirmationTime":null,"averageCancellationRate":null,"minimumCommission":3.78,"maximumCommission":7.56,"commissionRates":[],"trackingLink":"https://tatrck.com/h/0Hu30z9R0joW","createdAt":"2023-12-13T17:26:27.572Z","updatedAt":"2024-09-03T05:24:38.120Z"},{"merchantId":187554,"name":"Lovers.nl NL","imageUri":"https://kqdxc4m5.de/logos_v2/120x60/f8b84a2f8d2b2ac52e60007e8689044a.gif","currencyCode":"EUR","defaultDomain":"lovers.nl","domains":["lovers.nl"],"categoryId":63,"description":null,"isActive":true,"countryCodes":["NL"],"averageBasketValue":50.75,"averageCommission":2.72,"averageConfirmationTime":null,"averageCancellationRate":null,"minimumCommission":1.3,"maximumCommission":5.29,"commissionRates":[],"trackingLink":"https://tatrck.com/h/0Hu30z9R0joY","createdAt":"2023-12-13T17:26:28.070Z","updatedAt":"2024-08-30T05:28:07.610Z"},{"merchantId":187556,"name":"Redlightsecrets.com NL","imageUri":"https://kqdxc4m5.de/logos_v2/120x60/ebef38d2415c7af4e49665fdd4367a52.gif","currencyCode":"EUR","defaultDomain":"redlightsecrets.com","domains":["redlightsecrets.com"],"categoryId":63,"description":null,"isActive":true,"countryCodes":["NL"],"averageBasketValue":29.42,"averageCommission":2.42,"averageConfirmationTime":null,"averageCancellationRate":null,"minimumCommission":0.6,"maximumCommission":7.3,"commissionRates":[],"trackingLink":"https://tatrck.com/h/0Hu30z9R0joa","createdAt":"2023-12-13T17:26:28.666Z","updatedAt":"2024-08-31T05:24:16.707Z"},{"merchantId":187557,"name":"Redsightseeing.com NL","imageUri":"https://kqdxc4m5.de/logos_v2/120x60/9fc1c02bf00b4e20100f3db5fa1b0ca0.gif","currencyCode":"EUR","defaultDomain":"redsightseeing.com","domains":["redsightseeing.com"],"categoryId":63,"description":null,"isActive":true,"countryCodes":["NL"],"averageBasketValue":92.82,"averageCommission":7.6,"averageConfirmationTime":null,"averageCancellationRate":null,"minimumCommission":10.24,"maximumCommission":18.27,"commissionRates":[],"trackingLink":"https://tatrck.com/h/0Hu30z9R0job","createdAt":"2023-12-13T17:26:28.871Z","updatedAt":"2024-09-03T05:24:38.122Z"},{"merchantId":187558,"name":"Xtracold.com NL","imageUri":"https://kqdxc4m5.de/logos_v2/120x60/8e6e92bf0f6c93ba0560c02580c1f13e.gif","currencyCode":"EUR","defaultDomain":"xtracold.com","domains":["xtracold.com"],"categoryId":53,"description":null,"isActive":true,"countryCodes":["NL"],"averageBasketValue":72.18,"averageCommission":2.7,"averageConfirmationTime":null,"averageCancellationRate":null,"minimumCommission":0.51,"maximumCommission":15.43,"commissionRates":[],"trackingLink":"https://tatrck.com/h/0Hu30z9R0joc","createdAt":"2023-12-13T17:26:29.070Z","updatedAt":"2024-09-03T05:25:43.804Z"},{"merchantId":187561,"name":"alestemple.net - alestemple.net US","imageUri":"https://monetizeamex.com/v3/120x60/6a5e7f6e46d9dd8a123b83b9725dc5ce.png","currencyCode":"EUR","defaultDomain":"alestemple.net","domains":["alestemple.net"],"categoryId":80,"description":null,"isActive":true,"countryCodes":[],"averageBasketValue":null,"averageCommission":null,"averageConfirmationTime":null,"averageCancellationRate":null,"minimumCommission":null,"maximumCommission":null,"commissionRates":[{"fixedCommission":null,"percentageCommission":9}],"trackingLink":"https://tatrck.com/h/0Hu30z9R0jof","createdAt":"2023-12-13T17:26:30.069Z","updatedAt":"2024-08-15T09:08:28.901Z"},{"merchantId":187576,"name":"Titanic Hotels - DE","imageUri":"https://kqdxc4m5.de/logos_v2/120x60/4860681ac4e48bf81c8d8c31f125c948.gif","currencyCode":"EUR","defaultDomain":"titanic.com.tr","domains":["titanic.com.tr"],"categoryId":45,"description":null,"isActive":true,"countryCodes":["GB","DE","US"],"averageBasketValue":614.17,"averageCommission":11.05,"averageConfirmationTime":null,"averageCancellationRate":25,"minimumCommission":33.29,"maximumCommission":33.29,"commissionRates":[],"trackingLink":"https://tatrck.com/h/0Hu30z9R0jou","createdAt":"2023-12-13T17:26:35.177Z","updatedAt":"2024-08-31T06:02:01.526Z"},{"merchantId":187598,"name":"Positive Promotions US","imageUri":"https://kqdxc4m5.de/logos_v2/120x60/0d2e4a487c0d0117114a9a332cf82c12.gif","currencyCode":"EUR","defaultDomain":"positivepromotions.com","domains":["positivepromotions.com"],"categoryId":77,"description":null,"isActive":true,"countryCodes":["US"],"averageBasketValue":575.33,"averageCommission":17.25,"averageConfirmationTime":60,"averageCancellationRate":null,"minimumCommission":0.32,"maximumCommission":267.47,"commissionRates":[{"fixedCommission":null,"percentageCommission":2.4}],"trackingLink":"https://tatrck.com/h/0Hu30z9R0jpE","createdAt":"2023-12-13T17:26:40.583Z","updatedAt":"2024-08-31T05:55:01.502Z"},{"merchantId":187599,"name":"Rad Power Bikes US","imageUri":"https://kqdxc4m5.de/logos_v2/120x60/37d74c4706dc1019568b074b652fc53d.gif","currencyCode":"EUR","defaultDomain":"radpowerbikes.com","domains":["radpowerbikes.com"],"categoryId":59,"description":null,"isActive":true,"countryCodes":[],"averageBasketValue":null,"averageCommission":null,"averageConfirmationTime":null,"averageCancellationRate":null,"minimumCommission":null,"maximumCommission":null,"commissionRates":[],"trackingLink":"https://tatrck.com/h/0Hu30z9R0jpF","createdAt":"2023-12-13T17:26:41.286Z","updatedAt":"2024-08-09T07:01:01.101Z"},{"merchantId":187626,"name":"Bagamour Box","imageUri":"https://kqdxc4m5.de/logos_v2/120x60/8071577cbb00c3e25fa4fa7b501d888e.gif","currencyCode":"EUR","defaultDomain":"bagamour.com","domains":["bagamour.com"],"categoryId":50,"description":null,"isActive":true,"countryCodes":["US"],"averageBasketValue":null,"averageCommission":null,"averageConfirmationTime":null,"averageCancellationRate":null,"minimumCommission":null,"maximumCommission":null,"commissionRates":[],"trackingLink":"https://tatrck.com/h/0Hu30z9R0jpg","createdAt":"2023-12-13T17:26:47.082Z","updatedAt":"2024-08-23T15:01:58.589Z"},{"merchantId":187632,"name":"Slaters Menswear","imageUri":"https://kqdxc4m5.de/logos_v2/120x60/baae6f464da1c3e99e816c13ad97e52c.gif","currencyCode":"EUR","defaultDomain":"slaters.co.uk","domains":["slaters.co.uk"],"categoryId":40,"description":null,"isActive":true,"countryCodes":[],"averageBasketValue":141.76,"averageCommission":3.4,"averageConfirmationTime":null,"averageCancellationRate":null,"minimumCommission":1.08,"maximumCommission":4.02,"commissionRates":[{"fixedCommission":null,"percentageCommission":0.6}],"trackingLink":"https://tatrck.com/h/0Hu30z9R0jpm","createdAt":"2023-12-13T17:26:48.380Z","updatedAt":"2024-08-27T05:49:12.092Z"},{"merchantId":187664,"name":"Phonebot AU","imageUri":"https://monetizeamex.com/v3/120x60/96505f2bc31e941e411a553393b79d87.png","currencyCode":"EUR","defaultDomain":"phonebot.com.au","domains":["phonebot.com.au"],"categoryId":72,"description":null,"isActive":true,"countryCodes":["AU"],"averageBasketValue":212.55,"averageCommission":1.27,"averageConfirmationTime":58,"averageCancellationRate":null,"minimumCommission":0.99,"maximumCommission":1.83,"commissionRates":[{"fixedCommission":null,"percentageCommission":0.6}],"trackingLink":"https://tatrck.com/h/0Hu30z9R0jqG","createdAt":"2023-12-13T17:26:57.191Z","updatedAt":"2024-09-03T17:10:12.518Z"},{"merchantId":187665,"name":"Auto C3 FR","imageUri":"https://kqdxc4m5.de/logos_v2/120x60/6e115187867607f054525440fa63f75c.gif","currencyCode":"EUR","defaultDomain":"mb-auto.fr","domains":["mb-auto.fr"],"categoryId":39,"description":null,"isActive":true,"countryCodes":["FR"],"averageBasketValue":null,"averageCommission":null,"averageConfirmationTime":null,"averageCancellationRate":null,"minimumCommission":null,"maximumCommission":null,"commissionRates":[],"trackingLink":"https://tatrck.com/h/0Hu30z9R0jqH","createdAt":"2023-12-13T17:26:57.478Z","updatedAt":"2024-07-30T09:01:06.806Z"},{"merchantId":187672,"name":"Finzmo [CPL] MX","imageUri":"https://monetizeamex.com/v3/120x60/e824211c9ef8859e502af103a10ee544.png","currencyCode":"EUR","defaultDomain":"finzmo.mx","domains":["finzmo.mx"],"categoryId":66,"description":null,"isActive":true,"countryCodes":["MX"],"averageBasketValue":null,"averageCommission":1.72,"averageConfirmationTime":null,"averageCancellationRate":null,"minimumCommission":1.72,"maximumCommission":1.72,"commissionRates":[],"trackingLink":"https://tatrck.com/h/0Hu30z9R0jqO","createdAt":"2023-12-13T17:26:58.665Z","updatedAt":"2024-08-15T09:09:04.334Z"},{"merchantId":187691,"name":"Nugnes INT","imageUri":"https://monetizeamex.com/v3/120x60/60ce4e377b66071897281ac07aee64fe.png","currencyCode":"EUR","defaultDomain":"nugnes1920.com","domains":["nugnes1920.com"],"categoryId":40,"description":null,"isActive":true,"countryCodes":["IT"],"averageBasketValue":493.5,"averageCommission":29.61,"averageConfirmationTime":58,"averageCancellationRate":null,"minimumCommission":6.63,"maximumCommission":6.63,"commissionRates":[],"trackingLink":"https://tatrck.com/h/0Hu30z9R0jqh","createdAt":"2023-12-13T17:27:03.878Z","updatedAt":"2024-09-03T17:09:10.571Z"},{"merchantId":187692,"name":"Locauto IT","imageUri":"https://monetizeamex.com/v3/120x60/369028bd18ff86d7dc4928dafe849842.png","currencyCode":"EUR","defaultDomain":"locautorent.com","domains":["locautorent.com"],"categoryId":5,"description":null,"isActive":true,"countryCodes":["IT"],"averageBasketValue":194.3,"averageCommission":7.65,"averageConfirmationTime":10,"averageCancellationRate":2.9,"minimumCommission":0.62,"maximumCommission":57.07,"commissionRates":[],"trackingLink":"https://tatrck.com/h/0Hu30z9R0jqi","createdAt":"2023-12-13T17:27:04.279Z","updatedAt":"2024-09-03T05:48:12.536Z"},{"merchantId":187694,"name":"Dewty Beauty UK","imageUri":"https://monetizeamex.com/v3/120x60/53cfb82e52571a9d3dd232637b60715e.png","currencyCode":"EUR","defaultDomain":"dewtybeauty.com","domains":["dewtybeauty.com"],"categoryId":28,"description":null,"isActive":true,"countryCodes":["GB"],"averageBasketValue":29.18,"averageCommission":1.74,"averageConfirmationTime":null,"averageCancellationRate":null,"minimumCommission":1.74,"maximumCommission":1.74,"commissionRates":[],"trackingLink":"https://tatrck.com/h/0Hu30z9R0jqk","createdAt":"2023-12-13T17:27:04.983Z","updatedAt":"2024-09-03T17:13:49.845Z"},{"merchantId":187699,"name":"Ratioform IT","imageUri":"https://monetizeamex.com/v3/120x60/eb82e7920e08ea4e7626604e17ce537c.png","currencyCode":"EUR","defaultDomain":"ratioform.it","domains":["ratioform.it"],"categoryId":70,"description":null,"isActive":true,"countryCodes":["IT"],"averageBasketValue":210.63,"averageCommission":7.58,"averageConfirmationTime":4,"averageCancellationRate":null,"minimumCommission":0.72,"maximumCommission":24.58,"commissionRates":[{"fixedCommission":null,"percentageCommission":3.5999999999999996}],"trackingLink":"https://tatrck.com/h/0Hu30z9R0jqp","createdAt":"2023-12-13T17:27:07.576Z","updatedAt":"2024-09-03T17:09:29.598Z"},{"merchantId":187700,"name":"Sedusia CH","imageUri":"https://monetizeamex.com/v3/120x60/8ef66afc745d54f6750e223d2d023766.png","currencyCode":"EUR","defaultDomain":"sedusia.ch","domains":["sedusia.ch"],"categoryId":60,"description":null,"isActive":true,"countryCodes":["CH"],"averageBasketValue":114.79,"averageCommission":7.12,"averageConfirmationTime":2,"averageCancellationRate":null,"minimumCommission":4.21,"maximumCommission":4.21,"commissionRates":[{"fixedCommission":null,"percentageCommission":6}],"trackingLink":"https://tatrck.com/h/0Hu30z9R0jqq","createdAt":"2023-12-13T17:27:05.884Z","updatedAt":"2024-09-03T17:08:40.285Z"},{"merchantId":187703,"name":"Pecunia Systems - pecuniasystems.com US","imageUri":"https://monetizeamex.com/v3/120x60/750fb81e2fc3dc2cb1a42005c18c72b7.png","currencyCode":"EUR","defaultDomain":"pecuniasystems.com","domains":["pecuniasystems.com"],"categoryId":74,"description":null,"isActive":true,"countryCodes":[],"averageBasketValue":null,"averageCommission":null,"averageConfirmationTime":null,"averageCancellationRate":null,"minimumCommission":null,"maximumCommission":null,"commissionRates":[{"fixedCommission":null,"percentageCommission":0.6}],"trackingLink":"https://tatrck.com/h/0Hu30z9R0jqt","createdAt":"2023-12-13T17:27:06.984Z","updatedAt":"2024-08-15T09:08:59.392Z"},{"merchantId":187704,"name":"Kissed Earth AU","imageUri":"https://kqdxc4m5.de/logos_v2/120x60/4c3ba4ff376abe333a2ecbda207dc4c1.gif","currencyCode":"EUR","defaultDomain":"kissedearth.com.au","domains":["kissedearth.com.au"],"categoryId":68,"description":null,"isActive":true,"countryCodes":["AU"],"averageBasketValue":75.16,"averageCommission":3.7,"averageConfirmationTime":null,"averageCancellationRate":null,"minimumCommission":0.48,"maximumCommission":2.91,"commissionRates":[{"fixedCommission":null,"percentageCommission":3.84},{"fixedCommission":null,"percentageCommission":5.76}],"trackingLink":"https://tatrck.com/h/0Hu30z9R0jqu","createdAt":"2023-12-13T17:27:09.068Z","updatedAt":"2024-09-03T17:03:56.815Z"},{"merchantId":187711,"name":"Raddish Kids - Monthly Delivery","imageUri":"https://monetizeamex.com/v3/120x60/d6d5da2e9805ad8976f47fede74dfa03.png","currencyCode":"EUR","defaultDomain":"raddishkids.com","domains":["raddishkids.com"],"categoryId":17,"description":null,"isActive":true,"countryCodes":["US"],"averageBasketValue":93.87,"averageCommission":3.87,"averageConfirmationTime":44,"averageCancellationRate":null,"minimumCommission":0.13,"maximumCommission":22.55,"commissionRates":[],"trackingLink":"https://tatrck.com/h/0Hu30z9R0jq_","createdAt":"2023-12-13T17:27:09.574Z","updatedAt":"2024-08-31T05:50:02.343Z"},{"merchantId":187715,"name":"WriterAccess Growth","imageUri":"https://monetizeamex.com/v3/120x60/ee9cb9f3e52981144093c7f372ffe5d1.png","currencyCode":"EUR","defaultDomain":"writeraccess.com","domains":["writeraccess.com"],"categoryId":52,"description":null,"isActive":true,"countryCodes":["AU"],"averageBasketValue":null,"averageCommission":null,"averageConfirmationTime":null,"averageCancellationRate":null,"minimumCommission":null,"maximumCommission":null,"commissionRates":[],"trackingLink":"https://tatrck.com/h/0Hu30z9R0jr3","createdAt":"2023-12-13T17:27:10.583Z","updatedAt":"2024-08-21T11:43:19.322Z"},{"merchantId":187718,"name":"Mirraw [CPS] IN","imageUri":"https://monetizeamex.com/v3/120x60/08981dc7a39e69ca9d58561d43180b08.png","currencyCode":"EUR","defaultDomain":"mirraw.com","domains":["mirraw.com"],"categoryId":40,"description":null,"isActive":true,"countryCodes":["IN"],"averageBasketValue":null,"averageCommission":null,"averageConfirmationTime":null,"averageCancellationRate":null,"minimumCommission":null,"maximumCommission":null,"commissionRates":[],"trackingLink":"https://tatrck.com/h/0Hu30z9R0jr6","createdAt":"2023-12-13T17:27:11.388Z","updatedAt":"2024-08-21T11:42:14.176Z"},{"merchantId":187726,"name":"BigMIND - zoolz.com US","imageUri":"https://monetizeamex.com/v3/120x60/999ff5d19754fd3536e3b69245132ed1.png","currencyCode":"EUR","defaultDomain":"zoolz.com","domains":["zoolz.com"],"categoryId":22,"description":null,"isActive":true,"countryCodes":[],"averageBasketValue":null,"averageCommission":null,"averageConfirmationTime":null,"averageCancellationRate":null,"minimumCommission":null,"maximumCommission":null,"commissionRates":[{"fixedCommission":null,"percentageCommission":31.799999999999997}],"trackingLink":"https://tatrck.com/h/0Hu30z9R0jrE","createdAt":"2023-12-13T17:27:12.371Z","updatedAt":"2024-08-15T09:12:35.848Z"},{"merchantId":187736,"name":"MEGAseats US","imageUri":"https://monetizeamex.com/v3/120x60/45042c428820de8a45463b7b5ff34db0.png","currencyCode":"EUR","defaultDomain":"megaseats.com","domains":["megaseats.com"],"categoryId":7,"description":null,"isActive":true,"countryCodes":["US"],"averageBasketValue":288.5,"averageCommission":13.07,"averageConfirmationTime":null,"averageCancellationRate":null,"minimumCommission":0.22,"maximumCommission":25.3,"commissionRates":[],"trackingLink":"https://tatrck.com/h/0Hu30z9R0jrO","createdAt":"2023-12-13T17:27:14.188Z","updatedAt":"2024-08-28T06:01:09.127Z"},{"merchantId":187771,"name":"Tres Chic N Sassy, LLC (shopsassyboutique) US","imageUri":"https://kqdxc4m5.de/logos_v2/120x60/5f79a98538a90090bd5b821b1c99d02d.gif","currencyCode":"EUR","defaultDomain":"shopsassyboutique.com","domains":["shopsassyboutique.com"],"categoryId":40,"description":null,"isActive":true,"countryCodes":["US"],"averageBasketValue":null,"averageCommission":null,"averageConfirmationTime":null,"averageCancellationRate":null,"minimumCommission":null,"maximumCommission":null,"commissionRates":[{"fixedCommission":null,"percentageCommission":6}],"trackingLink":"https://tatrck.com/h/0Hu30z9R0jrx","createdAt":"2023-12-13T17:27:20.982Z","updatedAt":"2024-08-21T11:35:15.502Z"},{"merchantId":187804,"name":"Money Cat VN","imageUri":"https://monetizeamex.com/v3/120x60/8c92f55e3b4b91af10adedd4e5c308b7.png","currencyCode":"EUR","defaultDomain":"moneycat.vn","domains":["moneycat.vn"],"categoryId":66,"description":null,"isActive":true,"countryCodes":["VN"],"averageBasketValue":null,"averageCommission":null,"averageConfirmationTime":null,"averageCancellationRate":null,"minimumCommission":null,"maximumCommission":null,"commissionRates":[],"trackingLink":"https://tatrck.com/h/0Hu30z9R0jsS","createdAt":"2023-12-13T17:27:28.075Z","updatedAt":"2024-08-22T05:42:19.477Z"},{"merchantId":187812,"name":"Modivo PL","imageUri":"https://monetizeamex.com/v3/120x60/4ad16c45a2697e98d64722285e961784.png","currencyCode":"EUR","defaultDomain":"modivo.pl","domains":["modivo.pl"],"categoryId":40,"description":null,"isActive":true,"countryCodes":["PL"],"averageBasketValue":null,"averageCommission":null,"averageConfirmationTime":null,"averageCancellationRate":null,"minimumCommission":null,"maximumCommission":null,"commissionRates":[],"trackingLink":"https://tatrck.com/h/0Hu30z9R0jsa","createdAt":"2023-12-13T17:27:30.696Z","updatedAt":"2024-08-20T17:05:39.559Z"},{"merchantId":187815,"name":"Palate Club US","imageUri":"https://monetizeamex.com/v3/120x60/07b71c4cdc8e8406e06074af03d2498e.png","currencyCode":"EUR","defaultDomain":"palateclub.com","domains":["palateclub.com"],"categoryId":14,"description":null,"isActive":true,"countryCodes":["US"],"averageBasketValue":null,"averageCommission":null,"averageConfirmationTime":null,"averageCancellationRate":null,"minimumCommission":null,"maximumCommission":null,"commissionRates":[],"trackingLink":"https://tatrck.com/h/0Hu30z9R0jsd","createdAt":"2023-12-13T17:27:33.065Z","updatedAt":"2024-08-21T11:34:36.278Z"},{"merchantId":187817,"name":"CalendarBudget Inc. - calendarbudget.com US","imageUri":"https://monetizeamex.com/v3/120x60/10e39799d8cb76530ee98b960ad1a322.png","currencyCode":"EUR","defaultDomain":"calendarbudget.com","domains":["calendarbudget.com"],"categoryId":30,"description":null,"isActive":true,"countryCodes":[],"averageBasketValue":null,"averageCommission":null,"averageConfirmationTime":null,"averageCancellationRate":null,"minimumCommission":null,"maximumCommission":null,"commissionRates":[{"fixedCommission":null,"percentageCommission":45}],"trackingLink":"https://tatrck.com/h/0Hu30z9R0jsf","createdAt":"2023-12-13T17:27:32.393Z","updatedAt":"2024-08-15T09:10:44.975Z"},{"merchantId":187821,"name":"Charles & Keith TH","imageUri":"https://kqdxc4m5.de/logos_v2/120x60/31b8a6839d6d67755e218cde0d163997.gif","currencyCode":"EUR","defaultDomain":"charleskeith.co.th","domains":["charleskeith.co.th"],"categoryId":40,"description":null,"isActive":true,"countryCodes":["TH"],"averageBasketValue":null,"averageCommission":0.81,"averageConfirmationTime":null,"averageCancellationRate":null,"minimumCommission":0.93,"maximumCommission":0.93,"commissionRates":[],"trackingLink":"https://tatrck.com/h/0Hu30z9R0jsj","createdAt":"2023-12-13T17:27:33.675Z","updatedAt":"2024-08-22T05:42:16.983Z"},{"merchantId":187825,"name":"Bershka","imageUri":"https://monetizeamex.com/v3/120x60/0b95eee638b5bdf679ca8cf9c73beaa7.png","currencyCode":"EUR","defaultDomain":"bershka.com","domains":["bershka.com"],"categoryId":40,"description":null,"isActive":true,"countryCodes":["BE","PL","NL","DE","IT","GB","US"],"averageBasketValue":87.21,"averageCommission":2.62,"averageConfirmationTime":58,"averageCancellationRate":4.2,"minimumCommission":0.07,"maximumCommission":25.23,"commissionRates":[{"fixedCommission":null,"percentageCommission":3.36},{"fixedCommission":null,"percentageCommission":3.24}],"trackingLink":"https://tatrck.com/h/0Hu30z9R0jsn","createdAt":"2023-12-13T17:27:34.890Z","updatedAt":"2024-09-03T05:54:11.484Z"},{"merchantId":187847,"name":"DAIMANI DE","imageUri":"https://monetizeamex.com/v3/120x60/26756968c61eabf1d25138721bb035ba.png","currencyCode":"EUR","defaultDomain":"daimani.com","domains":["daimani.com"],"categoryId":7,"description":null,"isActive":true,"countryCodes":["GB"],"averageBasketValue":1,"averageCommission":23.3,"averageConfirmationTime":null,"averageCancellationRate":null,"minimumCommission":23.3,"maximumCommission":23.3,"commissionRates":[{"fixedCommission":null,"percentageCommission":1.7999999999999998}],"trackingLink":"https://tatrck.com/h/0Hu30z9R0jt7","createdAt":"2023-12-13T17:27:42.366Z","updatedAt":"2024-09-03T17:08:17.866Z"},{"merchantId":187851,"name":"TSG 1899 Hoffenheim DE","imageUri":"https://monetizeamex.com/v3/120x60/01816bec5bf69750523355845a675241.png","currencyCode":"EUR","defaultDomain":"shop.tsg-hoffenheim.de","domains":["shop.tsg-hoffenheim.de"],"categoryId":55,"description":null,"isActive":true,"countryCodes":["DE"],"averageBasketValue":528.83,"averageCommission":19.03,"averageConfirmationTime":null,"averageCancellationRate":null,"minimumCommission":0.72,"maximumCommission":61.27,"commissionRates":[{"fixedCommission":null,"percentageCommission":3.5999999999999996}],"trackingLink":"https://tatrck.com/h/0Hu30z9R0jtB","createdAt":"2023-12-13T17:27:44.767Z","updatedAt":"2024-09-03T17:07:37.771Z"},{"merchantId":187866,"name":"Rohan UK","imageUri":"https://monetizeamex.com/v3/120x60/1cd20d16cd3b19260500b758dc4da039.png","currencyCode":"EUR","defaultDomain":"rohan.co.uk","domains":["rohan.co.uk"],"categoryId":55,"description":null,"isActive":true,"countryCodes":["GB"],"averageBasketValue":90.49,"averageCommission":2.2,"averageConfirmationTime":53,"averageCancellationRate":1.9,"minimumCommission":0.58,"maximumCommission":11.05,"commissionRates":[],"trackingLink":"https://tatrck.com/h/0Hu30z9R0jtQ","createdAt":"2023-12-13T17:27:47.771Z","updatedAt":"2024-09-03T05:52:43.984Z"},{"merchantId":187875,"name":"LVLY","imageUri":"https://kqdxc4m5.de/logos_v2/120x60/c9307b04c680c493a7df5578f1fc7f18.gif","currencyCode":"EUR","defaultDomain":"lvly.com.au","domains":["lvly.com.au"],"categoryId":47,"description":null,"isActive":true,"countryCodes":["AU","LY"],"averageBasketValue":76.62,"averageCommission":2.32,"averageConfirmationTime":null,"averageCancellationRate":null,"minimumCommission":1.14,"maximumCommission":3.85,"commissionRates":[{"fixedCommission":null,"percentageCommission":3.84}],"trackingLink":"https://tatrck.com/h/0Hu30z9R0jtZ","createdAt":"2023-12-13T17:27:50.668Z","updatedAt":"2024-09-03T05:51:21.036Z"},{"merchantId":187882,"name":"Hi Waldo US","imageUri":"https://monetizeamex.com/v3/120x60/bde81f633686a9306a4157fc36a69e4a.png","currencyCode":"EUR","defaultDomain":"hiwaldo.com","domains":["hiwaldo.com"],"categoryId":35,"description":null,"isActive":true,"countryCodes":[],"averageBasketValue":null,"averageCommission":null,"averageConfirmationTime":null,"averageCancellationRate":null,"minimumCommission":null,"maximumCommission":null,"commissionRates":[{"fixedCommission":null,"percentageCommission":7.199999999999999}],"trackingLink":"https://tatrck.com/h/0Hu30z9R0jtg","createdAt":"2023-12-13T17:27:52.577Z","updatedAt":"2024-08-21T11:41:19.980Z"}]}