{"meta":{"next":120401},"data":[{"merchantId":119910,"name":"DSverlichting NL","imageUri":"https://monetizeamex.com/v3/120x60/0e89873cc1f777aad6a2d95333804819.png","currencyCode":"EUR","defaultDomain":"dsverlichting.nl","domains":["dsverlichting.nl"],"categoryId":74,"description":null,"isActive":true,"countryCodes":["NL"],"averageBasketValue":297,"averageCommission":10.69,"averageConfirmationTime":null,"averageCancellationRate":null,"minimumCommission":10.69,"maximumCommission":10.69,"commissionRates":[],"trackingLink":"https://tatrck.com/h/0Hu30z9R0THc","createdAt":"2023-12-13T11:28:55.684Z","updatedAt":"2024-08-21T11:34:37.933Z"},{"merchantId":119937,"name":"E-matching NL","imageUri":"https://monetizeamex.com/v3/120x60/5e294159101772114ce3c1c31536dfff.png","currencyCode":"EUR","defaultDomain":"e-matching.nl","domains":["e-matching.nl"],"categoryId":16,"description":null,"isActive":true,"countryCodes":["NL"],"averageBasketValue":null,"averageCommission":3.3,"averageConfirmationTime":28,"averageCancellationRate":null,"minimumCommission":3.3,"maximumCommission":3.3,"commissionRates":[],"trackingLink":"https://tatrck.com/h/0Hu30z9R0TI1","createdAt":"2023-12-13T11:29:05.117Z","updatedAt":"2024-08-21T11:28:08.631Z"},{"merchantId":119941,"name":"EBBM NL","imageUri":"https://monetizeamex.com/v3/120x60/6308a1124111cc48fd94154f36fd1fe5.png","currencyCode":"EUR","defaultDomain":"ebbm.nl","domains":["ebbm.nl"],"categoryId":59,"description":null,"isActive":true,"countryCodes":["NL"],"averageBasketValue":null,"averageCommission":null,"averageConfirmationTime":null,"averageCancellationRate":null,"minimumCommission":null,"maximumCommission":null,"commissionRates":[],"trackingLink":"https://tatrck.com/h/0Hu30z9R0TI5","createdAt":"2023-12-13T11:29:06.499Z","updatedAt":"2024-08-21T11:39:06.620Z"},{"merchantId":119944,"name":"Echtierland NL","imageUri":"https://monetizeamex.com/v3/120x60/0f12595c4878c44ef473ab9ab8d07c21.png","currencyCode":"EUR","defaultDomain":"echtierland.nl","domains":["echtierland.nl"],"categoryId":63,"description":null,"isActive":true,"countryCodes":["NL"],"averageBasketValue":null,"averageCommission":null,"averageConfirmationTime":null,"averageCancellationRate":null,"minimumCommission":null,"maximumCommission":null,"commissionRates":[],"trackingLink":"https://tatrck.com/h/0Hu30z9R0TI8","createdAt":"2023-12-13T11:29:08.288Z","updatedAt":"2024-08-21T11:26:10.021Z"},{"merchantId":119952,"name":"EenVakantieHuisje NL","imageUri":"https://monetizeamex.com/v3/120x60/479443fbf43e9595d66c590cae8eb6d5.png","currencyCode":"EUR","defaultDomain":"eenvakantiehuisje.nl","domains":["eenvakantiehuisje.nl"],"categoryId":63,"description":null,"isActive":true,"countryCodes":["BE","NL"],"averageBasketValue":null,"averageCommission":null,"averageConfirmationTime":null,"averageCancellationRate":null,"minimumCommission":null,"maximumCommission":null,"commissionRates":[],"trackingLink":"https://tatrck.com/h/0Hu30z9R0TIG","createdAt":"2023-12-13T11:29:11.972Z","updatedAt":"2024-08-21T11:43:11.694Z"},{"merchantId":119959,"name":"Eilandhoppenopmaat NL","imageUri":"https://monetizeamex.com/v3/120x60/4d5444822539d3f0753775f27280aae7.png","currencyCode":"EUR","defaultDomain":"eilandhoppenopmaat.nl","domains":["eilandhoppenopmaat.nl"],"categoryId":71,"description":null,"isActive":true,"countryCodes":["NL"],"averageBasketValue":null,"averageCommission":2.4,"averageConfirmationTime":30,"averageCancellationRate":50,"minimumCommission":2.4,"maximumCommission":2.4,"commissionRates":[],"trackingLink":"https://tatrck.com/h/0Hu30z9R0TIN","createdAt":"2023-12-13T11:29:15.375Z","updatedAt":"2024-08-21T11:29:50.606Z"},{"merchantId":119965,"name":"EMP FI","imageUri":"https://monetizeamex.com/v3/120x60/60665b59f65f09f6258b0251352caee2.png","currencyCode":"EUR","defaultDomain":"emp.fi","domains":["emp.fi"],"categoryId":40,"description":"Me EMP-verkkokaupassa emme pelkää olla erilaisia ja erottua joukosta. Tämä toimintatapa on toiminut loistavasti jo yli 30 vuoden ajan, aina siitä asti, kun pieni tiimimme Saksan Lingenissä päätti aloittaa postimyyntiyrityksen, joka tarjosi vaihtoehtoisen musiikin ystäville mahdollisuuden tilata kaikki bändipaidat ja fanituotteet yhdestä, kaiken kattavasta EMP-kuvastosta. Tänään olemme Euroopan suurin vaihtoehtoisen muodin, bändipaitojen sekä bändien, TV-sarjojen, elokuvien ja videopelien fanituotteiden verkkokauppa. Verkkokauppamme valikoimasta löytyy yli 20.000 tuotetta ja arvostettu EMP-kuvastomme on edelleen inspiroivaa luettavaa kaikille lojaaleille asiakkaillemme!","isActive":true,"countryCodes":[],"averageBasketValue":67.87,"averageCommission":1.75,"averageConfirmationTime":null,"averageCancellationRate":1.6,"minimumCommission":0.29,"maximumCommission":4.18,"commissionRates":[{"fixedCommission":null,"percentageCommission":2.4}],"trackingLink":"https://tatrck.com/h/0Hu30z9R0TIT","createdAt":"2023-12-13T11:29:17.775Z","updatedAt":"2024-09-03T17:07:56.258Z"},{"merchantId":120016,"name":"Fashionstore NL","imageUri":"https://monetizeamex.com/v3/120x60/d42553456c74ddebad85a29191634a96.png","currencyCode":"EUR","defaultDomain":"fashionstore.nl","domains":["fashionstore.nl"],"categoryId":40,"description":null,"isActive":true,"countryCodes":["NL"],"averageBasketValue":352.8,"averageCommission":12.7,"averageConfirmationTime":null,"averageCancellationRate":null,"minimumCommission":8.15,"maximumCommission":18.22,"commissionRates":[],"trackingLink":"https://tatrck.com/h/0Hu30z9R0TJG","createdAt":"2023-12-13T11:29:35.390Z","updatedAt":"2024-08-31T05:29:30.986Z"},{"merchantId":120021,"name":"Feestartikelen-winkel NL","imageUri":"https://monetizeamex.com/v3/120x60/555157533c3b9d9466d8f7bc94aa3665.png","currencyCode":"EUR","defaultDomain":"feestartikelen-winkel.nl","domains":["feestartikelen-winkel.nl"],"categoryId":70,"description":null,"isActive":true,"countryCodes":["NL"],"averageBasketValue":null,"averageCommission":null,"averageConfirmationTime":null,"averageCancellationRate":null,"minimumCommission":null,"maximumCommission":null,"commissionRates":[],"trackingLink":"https://tatrck.com/h/0Hu30z9R0TJL","createdAt":"2023-12-13T11:29:37.882Z","updatedAt":"2024-08-21T11:28:12.369Z"},{"merchantId":120060,"name":"Folux NL","imageUri":"https://monetizeamex.com/v3/120x60/ce202ed33cb0ff3ee5d71cc9b3a7ec4e.png","currencyCode":"EUR","defaultDomain":"folux.nl","domains":["folux.nl"],"categoryId":80,"description":null,"isActive":true,"countryCodes":["NL"],"averageBasketValue":80.12,"averageCommission":3.36,"averageConfirmationTime":null,"averageCancellationRate":10,"minimumCommission":1.72,"maximumCommission":1.97,"commissionRates":[],"trackingLink":"https://tatrck.com/h/0Hu30z9R0TJy","createdAt":"2023-12-13T11:29:52.385Z","updatedAt":"2024-08-21T11:39:49.757Z"},{"merchantId":120062,"name":"Fopartikelenwinkel NL","imageUri":"https://monetizeamex.com/v3/120x60/3311e23a3fbbb30807b260847505d567.png","currencyCode":"EUR","defaultDomain":"fopartikelenwinkel.nl","domains":["fopartikelenwinkel.nl"],"categoryId":53,"description":null,"isActive":true,"countryCodes":["NL"],"averageBasketValue":77.9,"averageCommission":2.8,"averageConfirmationTime":null,"averageCancellationRate":null,"minimumCommission":2.36,"maximumCommission":3.37,"commissionRates":[],"trackingLink":"https://tatrck.com/h/0Hu30z9R0TJ-","createdAt":"2023-12-13T11:29:52.972Z","updatedAt":"2024-08-21T11:43:56.556Z"},{"merchantId":120064,"name":"Forexfoto NL","imageUri":"https://monetizeamex.com/v3/120x60/a0d171e0baec25940a79b0b44b357148.png","currencyCode":"EUR","defaultDomain":"forexfoto.nl","domains":["forexfoto.nl"],"categoryId":80,"description":null,"isActive":true,"countryCodes":["NL"],"averageBasketValue":null,"averageCommission":null,"averageConfirmationTime":null,"averageCancellationRate":null,"minimumCommission":null,"maximumCommission":null,"commissionRates":[],"trackingLink":"https://tatrck.com/h/0Hu30z9R0TK0","createdAt":"2023-12-13T11:29:54.202Z","updatedAt":"2024-08-21T11:29:43.937Z"},{"merchantId":120071,"name":"Fotogeschenk NL","imageUri":"https://monetizeamex.com/v3/120x60/545fc83022451866ee724dd78e1779ff.png","currencyCode":"EUR","defaultDomain":"fotogeschenk.nl","domains":["fotogeschenk.nl"],"categoryId":80,"description":null,"isActive":true,"countryCodes":["NL"],"averageBasketValue":103.65,"averageCommission":4.23,"averageConfirmationTime":24,"averageCancellationRate":4.6,"minimumCommission":0.19,"maximumCommission":0.59,"commissionRates":[],"trackingLink":"https://tatrck.com/h/0Hu30z9R0TK7","createdAt":"2023-12-13T11:29:55.900Z","updatedAt":"2024-08-21T11:28:06.856Z"},{"merchantId":120076,"name":"Fotoopaluminium NL","imageUri":"https://monetizeamex.com/v3/120x60/3e7368fb942a93080a2ee621a5597b11.png","currencyCode":"EUR","defaultDomain":"fotoopaluminium.com","domains":["fotoopaluminium.com"],"categoryId":34,"description":null,"isActive":true,"countryCodes":["NL"],"averageBasketValue":null,"averageCommission":null,"averageConfirmationTime":null,"averageCancellationRate":null,"minimumCommission":null,"maximumCommission":null,"commissionRates":[],"trackingLink":"https://tatrck.com/h/0Hu30z9R0TKC","createdAt":"2023-12-13T11:29:59.077Z","updatedAt":"2024-08-21T11:39:08.162Z"},{"merchantId":120077,"name":"Fotoopdibond NL","imageUri":"https://monetizeamex.com/v3/120x60/fafdc1dd1208056f276b2012008a96ee.png","currencyCode":"EUR","defaultDomain":"fotoopdibond.com","domains":["fotoopdibond.com"],"categoryId":80,"description":null,"isActive":true,"countryCodes":["NL"],"averageBasketValue":null,"averageCommission":null,"averageConfirmationTime":null,"averageCancellationRate":null,"minimumCommission":null,"maximumCommission":null,"commissionRates":[],"trackingLink":"https://tatrck.com/h/0Hu30z9R0TKD","createdAt":"2023-12-13T11:29:58.067Z","updatedAt":"2024-08-21T11:40:24.324Z"},{"merchantId":120078,"name":"Fotoopforex NL","imageUri":"https://monetizeamex.com/v3/120x60/b6d3ff1948fae70e7f0f58467045ce3c.png","currencyCode":"EUR","defaultDomain":"fotoopforex.nl","domains":["fotoopforex.nl"],"categoryId":80,"description":null,"isActive":true,"countryCodes":["NL"],"averageBasketValue":null,"averageCommission":null,"averageConfirmationTime":null,"averageCancellationRate":null,"minimumCommission":null,"maximumCommission":null,"commissionRates":[],"trackingLink":"https://tatrck.com/h/0Hu30z9R0TKE","createdAt":"2023-12-13T11:29:59.983Z","updatedAt":"2024-08-21T11:36:56.735Z"},{"merchantId":120079,"name":"Fotoopplexiglas NL","imageUri":"https://monetizeamex.com/v3/120x60/d08c8bd8879f867cfd099587f2d6cc4c.png","currencyCode":"EUR","defaultDomain":"fotoopplexiglas.com","domains":["fotoopplexiglas.com"],"categoryId":82,"description":null,"isActive":true,"countryCodes":["NL"],"averageBasketValue":null,"averageCommission":null,"averageConfirmationTime":null,"averageCancellationRate":null,"minimumCommission":null,"maximumCommission":null,"commissionRates":[],"trackingLink":"https://tatrck.com/h/0Hu30z9R0TKF","createdAt":"2023-12-13T11:29:59.381Z","updatedAt":"2024-08-21T11:43:14.330Z"},{"merchantId":120081,"name":"Fotosticker.net NL","imageUri":"https://monetizeamex.com/v3/120x60/702929a7e0b6154c333706abc7215d7b.png","currencyCode":"EUR","defaultDomain":"fotosticker.net","domains":["fotosticker.net"],"categoryId":80,"description":null,"isActive":true,"countryCodes":["NL"],"averageBasketValue":null,"averageCommission":null,"averageConfirmationTime":null,"averageCancellationRate":null,"minimumCommission":null,"maximumCommission":null,"commissionRates":[],"trackingLink":"https://tatrck.com/h/0Hu30z9R0TKH","createdAt":"2023-12-13T11:30:00.442Z","updatedAt":"2024-08-21T11:32:47.840Z"},{"merchantId":120087,"name":"Fritz-Events NL","imageUri":"https://monetizeamex.com/v3/120x60/6641076964b8773c1634ec7adee33bc3.png","currencyCode":"EUR","defaultDomain":"fritz-events.nl","domains":["fritz-events.nl"],"categoryId":21,"description":null,"isActive":true,"countryCodes":["NL"],"averageBasketValue":185.99,"averageCommission":2.91,"averageConfirmationTime":28,"averageCancellationRate":6.4,"minimumCommission":0,"maximumCommission":23.41,"commissionRates":[],"trackingLink":"https://tatrck.com/h/0Hu30z9R0TKN","createdAt":"2023-12-13T11:30:02.793Z","updatedAt":"2024-08-31T05:34:02.512Z"},{"merchantId":120090,"name":"Fun-en-feest BE","imageUri":"https://monetizeamex.com/v3/120x60/136c51ddcceef70b2d6e9b089e23f29d.png","currencyCode":"EUR","defaultDomain":"fun-en-feest.be","domains":["fun-en-feest.be"],"categoryId":70,"description":null,"isActive":true,"countryCodes":["BE"],"averageBasketValue":null,"averageCommission":null,"averageConfirmationTime":null,"averageCancellationRate":null,"minimumCommission":null,"maximumCommission":null,"commissionRates":[],"trackingLink":"https://tatrck.com/h/0Hu30z9R0TKQ","createdAt":"2023-12-13T11:30:03.685Z","updatedAt":"2024-08-21T11:39:51.323Z"},{"merchantId":120091,"name":"Fun-en-feest NL","imageUri":"https://monetizeamex.com/v3/120x60/1f42c9cc84b71942ce0dcd893a8f431e.png","currencyCode":"EUR","defaultDomain":"fun-en-feest.nl","domains":["fun-en-feest.nl"],"categoryId":70,"description":null,"isActive":true,"countryCodes":["NL"],"averageBasketValue":37.94,"averageCommission":1.36,"averageConfirmationTime":58,"averageCancellationRate":null,"minimumCommission":0.22,"maximumCommission":3.72,"commissionRates":[],"trackingLink":"https://tatrck.com/h/0Hu30z9R0TKR","createdAt":"2023-12-13T11:30:04.149Z","updatedAt":"2024-09-01T05:29:08.080Z"},{"merchantId":120108,"name":"Gadgetsentrends NL","imageUri":"https://monetizeamex.com/v3/120x60/f6c89488899a583e46b2466d6f7c0af6.png","currencyCode":"EUR","defaultDomain":"gadgetsentrends.nl","domains":["gadgetsentrends.nl"],"categoryId":77,"description":null,"isActive":true,"countryCodes":["NL"],"averageBasketValue":null,"averageCommission":null,"averageConfirmationTime":null,"averageCancellationRate":null,"minimumCommission":null,"maximumCommission":null,"commissionRates":[],"trackingLink":"https://tatrck.com/h/0Hu30z9R0TKi","createdAt":"2023-12-13T11:30:09.681Z","updatedAt":"2024-08-21T11:32:47.110Z"},{"merchantId":120118,"name":"Geboorte-feestwinkel NL","imageUri":"https://monetizeamex.com/v3/120x60/90c4845a82bd1d5d4d6dd75545c4c6cf.png","currencyCode":"EUR","defaultDomain":"geboorte-feestwinkel.nl","domains":["geboorte-feestwinkel.nl"],"categoryId":70,"description":null,"isActive":true,"countryCodes":["NL"],"averageBasketValue":null,"averageCommission":null,"averageConfirmationTime":null,"averageCancellationRate":null,"minimumCommission":null,"maximumCommission":null,"commissionRates":[],"trackingLink":"https://tatrck.com/h/0Hu30z9R0TKs","createdAt":"2023-12-13T11:30:14.867Z","updatedAt":"2024-08-21T11:29:47.796Z"},{"merchantId":120120,"name":"geruchskontrolle DE","imageUri":"https://monetizeamex.com/v3/120x60/35610e09d036b06e91d8b0fab1a69196.png","currencyCode":"EUR","defaultDomain":"geruchskontrolle.de","domains":["geruchskontrolle.de"],"categoryId":74,"description":"Bei geruchskontrolle.de finden Sie Produkte, mit denen Sie Gerüche und Geruchsbelästigungen aller Art mit so wenig Chemie wie möglich, auf Basis von Mikrobiologischen Reinigern beseitigen können.","isActive":true,"countryCodes":["DE"],"averageBasketValue":28.44,"averageCommission":1.95,"averageConfirmationTime":null,"averageCancellationRate":null,"minimumCommission":1.47,"maximumCommission":1.5,"commissionRates":[],"trackingLink":"https://tatrck.com/h/0Hu30z9R0TKu","createdAt":"2023-12-13T11:30:13.064Z","updatedAt":"2024-08-28T05:20:16.426Z"},{"merchantId":120125,"name":"Getled NL","imageUri":"https://monetizeamex.com/v3/120x60/7c140f4e9f3fe17b0092852aa54546d3.png","currencyCode":"EUR","defaultDomain":"getled.nl","domains":["getled.nl"],"categoryId":72,"description":null,"isActive":true,"countryCodes":["NL"],"averageBasketValue":240.53,"averageCommission":8.65,"averageConfirmationTime":null,"averageCancellationRate":null,"minimumCommission":21.98,"maximumCommission":21.98,"commissionRates":[],"trackingLink":"https://tatrck.com/h/0Hu30z9R0TKz","createdAt":"2023-12-13T11:30:16.780Z","updatedAt":"2024-08-21T11:31:08.766Z"},{"merchantId":120134,"name":"GiordanoVini IT","imageUri":"https://monetizeamex.com/v3/120x60/d45e0539d28c539754a8b55188332fc7.png","currencyCode":"EUR","defaultDomain":"giordanovini.it","domains":["giordanovini.it"],"categoryId":4,"description":null,"isActive":true,"countryCodes":["IT"],"averageBasketValue":55.28,"averageCommission":3.31,"averageConfirmationTime":28,"averageCancellationRate":3.6,"minimumCommission":2.92,"maximumCommission":7.56,"commissionRates":[{"fixedCommission":null,"percentageCommission":6}],"trackingLink":"https://tatrck.com/h/0Hu30z9R0TL6","createdAt":"2023-12-13T11:30:19.392Z","updatedAt":"2024-09-03T17:08:16.927Z"},{"merchantId":120136,"name":"Girls.g-dating BE","imageUri":"https://monetizeamex.com/v3/120x60/66493e385734269759e1e43d5491f00e.png","currencyCode":"EUR","defaultDomain":"g-dating.be","domains":["g-dating.be"],"categoryId":16,"description":null,"isActive":true,"countryCodes":["BE"],"averageBasketValue":null,"averageCommission":null,"averageConfirmationTime":null,"averageCancellationRate":null,"minimumCommission":null,"maximumCommission":null,"commissionRates":[],"trackingLink":"https://tatrck.com/h/0Hu30z9R0TL8","createdAt":"2023-12-13T11:30:19.483Z","updatedAt":"2024-08-21T11:39:53.904Z"},{"merchantId":120137,"name":"Girls.G-Dating NL","imageUri":"https://monetizeamex.com/v3/120x60/cad6f029774869d3a149d67044e0e48a.png","currencyCode":"EUR","defaultDomain":"g-dating.nl","domains":["g-dating.nl"],"categoryId":16,"description":null,"isActive":true,"countryCodes":["NL"],"averageBasketValue":null,"averageCommission":null,"averageConfirmationTime":null,"averageCancellationRate":null,"minimumCommission":null,"maximumCommission":null,"commissionRates":[],"trackingLink":"https://tatrck.com/h/0Hu30z9R0TL9","createdAt":"2023-12-13T11:30:20.976Z","updatedAt":"2024-08-21T11:40:17.093Z"},{"merchantId":120143,"name":"GloeilampGoedkoop NL","imageUri":"https://monetizeamex.com/v3/120x60/58e7bd626a432723ad2d73efa3115cda.png","currencyCode":"EUR","defaultDomain":"gloeilampgoedkoop.nl","domains":["gloeilampgoedkoop.nl"],"categoryId":74,"description":null,"isActive":true,"countryCodes":["NL"],"averageBasketValue":74.83,"averageCommission":3.59,"averageConfirmationTime":11,"averageCancellationRate":null,"minimumCommission":5.96,"maximumCommission":5.96,"commissionRates":[{"fixedCommission":null,"percentageCommission":4.8}],"trackingLink":"https://tatrck.com/h/0Hu30z9R0TLF","createdAt":"2023-12-13T11:30:22.589Z","updatedAt":"2024-09-03T17:09:32.752Z"},{"merchantId":120145,"name":"GluehBirnebillig DE","imageUri":"https://monetizeamex.com/v3/120x60/04d145dd288f0ea522323f7ab4e529e8.png","currencyCode":"EUR","defaultDomain":"gluehbirnebillig.de","domains":["gluehbirnebillig.de"],"categoryId":80,"description":null,"isActive":true,"countryCodes":["DE"],"averageBasketValue":60.44,"averageCommission":2.9,"averageConfirmationTime":36,"averageCancellationRate":null,"minimumCommission":0.66,"maximumCommission":17.04,"commissionRates":[{"fixedCommission":null,"percentageCommission":4.8}],"trackingLink":"https://tatrck.com/h/0Hu30z9R0TLH","createdAt":"2023-12-13T11:30:23.173Z","updatedAt":"2024-09-03T17:08:15.056Z"},{"merchantId":120147,"name":"Goalamo BE","imageUri":"https://monetizeamex.com/v3/120x60/86d44dfa9923129ec8a2139303e17577.png","currencyCode":"EUR","defaultDomain":"alamo.be","domains":["alamo.be","goalamo.be"],"categoryId":5,"description":null,"isActive":true,"countryCodes":["BE"],"averageBasketValue":1,"averageCommission":54.54,"averageConfirmationTime":null,"averageCancellationRate":null,"minimumCommission":null,"maximumCommission":null,"commissionRates":[],"trackingLink":"https://tatrck.com/h/0Hu30z9R0TLJ","createdAt":"2023-12-13T11:30:23.683Z","updatedAt":"2024-08-21T11:37:47.892Z"},{"merchantId":120162,"name":"Golfreizen.nu NL","imageUri":"https://monetizeamex.com/v3/120x60/ec5ccc046a844399a03e23b3370d36c1.png","currencyCode":"EUR","defaultDomain":"golfreizen.nu","domains":["golfreizen.nu"],"categoryId":63,"description":null,"isActive":true,"countryCodes":["NL"],"averageBasketValue":null,"averageCommission":1.5,"averageConfirmationTime":null,"averageCancellationRate":null,"minimumCommission":null,"maximumCommission":null,"commissionRates":[],"trackingLink":"https://tatrck.com/h/0Hu30z9R0TLY","createdAt":"2023-12-13T11:30:29.206Z","updatedAt":"2024-08-21T11:39:05.129Z"},{"merchantId":120184,"name":"Grotekadoshop NL","imageUri":"https://monetizeamex.com/v3/120x60/ba33e437ecd9d52f2d104cb49ebe6208.png","currencyCode":"EUR","defaultDomain":"grotekadoshop.nl","domains":["grotekadoshop.nl"],"categoryId":21,"description":null,"isActive":true,"countryCodes":["NL"],"averageBasketValue":null,"averageCommission":null,"averageConfirmationTime":null,"averageCancellationRate":null,"minimumCommission":null,"maximumCommission":null,"commissionRates":[],"trackingLink":"https://tatrck.com/h/0Hu30z9R0TLu","createdAt":"2023-12-13T11:30:36.968Z","updatedAt":"2024-08-21T11:39:33.223Z"},{"merchantId":120193,"name":"Gustocamp NL","imageUri":"https://monetizeamex.com/v3/120x60/103cf21d93f65b35c00a3716aae9ec90.png","currencyCode":"EUR","defaultDomain":"gustocamp.nl","domains":["gustocamp.nl"],"categoryId":63,"description":null,"isActive":true,"countryCodes":["NL"],"averageBasketValue":3,"averageCommission":66.94,"averageConfirmationTime":null,"averageCancellationRate":null,"minimumCommission":66.94,"maximumCommission":66.94,"commissionRates":[],"trackingLink":"https://tatrck.com/h/0Hu30z9R0TM1","createdAt":"2023-12-13T11:30:41.283Z","updatedAt":"2024-08-21T11:29:47.927Z"},{"merchantId":120198,"name":"Hairworldshop NL","imageUri":"https://monetizeamex.com/v3/120x60/a241c5170197e5467546e1c3784b4a2b.png","currencyCode":"EUR","defaultDomain":"hairworldshop.nl","domains":["hairworldshop.nl"],"categoryId":27,"description":null,"isActive":true,"countryCodes":["NL"],"averageBasketValue":null,"averageCommission":null,"averageConfirmationTime":null,"averageCancellationRate":null,"minimumCommission":null,"maximumCommission":null,"commissionRates":[{"fixedCommission":null,"percentageCommission":6.6}],"trackingLink":"https://tatrck.com/h/0Hu30z9R0TM6","createdAt":"2023-12-13T11:30:43.571Z","updatedAt":"2024-08-21T11:26:12.414Z"},{"merchantId":120200,"name":"Halloween-feestwinkel NL","imageUri":"https://monetizeamex.com/v3/120x60/2f95dc8adc1fa3db8cfaa77d43c13fec.png","currencyCode":"EUR","defaultDomain":"halloween-feestwinkel.nl","domains":["halloween-feestwinkel.nl"],"categoryId":70,"description":null,"isActive":true,"countryCodes":["NL"],"averageBasketValue":null,"averageCommission":null,"averageConfirmationTime":null,"averageCancellationRate":null,"minimumCommission":null,"maximumCommission":null,"commissionRates":[],"trackingLink":"https://tatrck.com/h/0Hu30z9R0TM8","createdAt":"2023-12-13T11:30:45.493Z","updatedAt":"2024-08-21T11:34:39.128Z"},{"merchantId":120202,"name":"Handpoppen-winkel NL","imageUri":"https://monetizeamex.com/v3/120x60/536cd439ee28cf590c637318b3671319.png","currencyCode":"EUR","defaultDomain":"handpoppen-winkel.nl","domains":["handpoppen-winkel.nl"],"categoryId":17,"description":null,"isActive":true,"countryCodes":["NL"],"averageBasketValue":19.82,"averageCommission":0.71,"averageConfirmationTime":null,"averageCancellationRate":null,"minimumCommission":0.71,"maximumCommission":0.71,"commissionRates":[],"trackingLink":"https://tatrck.com/h/0Hu30z9R0TMA","createdAt":"2023-12-13T11:30:45.281Z","updatedAt":"2024-08-21T11:40:19.087Z"},{"merchantId":120206,"name":"Hapjesaanhuis NL","imageUri":"https://monetizeamex.com/v3/120x60/43a7700088e1647a4f9374a43b4007ff.png","currencyCode":"EUR","defaultDomain":"hapjesaanhuis.nl","domains":["hapjesaanhuis.nl"],"categoryId":14,"description":null,"isActive":true,"countryCodes":["NL"],"averageBasketValue":472.5,"averageCommission":12.9,"averageConfirmationTime":6,"averageCancellationRate":50,"minimumCommission":null,"maximumCommission":null,"commissionRates":[],"trackingLink":"https://tatrck.com/h/0Hu30z9R0TME","createdAt":"2023-12-13T11:30:47.395Z","updatedAt":"2024-08-21T11:29:50.001Z"},{"merchantId":120208,"name":"HappyRainyDays NL","imageUri":"https://monetizeamex.com/v3/120x60/681266c01b1300485756de1b2ad05c62.png","currencyCode":"EUR","defaultDomain":"happyrainydays.com","domains":["happyrainydays.com","happyrainydays.nl"],"categoryId":40,"description":null,"isActive":true,"countryCodes":["NL"],"averageBasketValue":121.07,"averageCommission":7.26,"averageConfirmationTime":null,"averageCancellationRate":null,"minimumCommission":6.39,"maximumCommission":6.39,"commissionRates":[],"trackingLink":"https://tatrck.com/h/0Hu30z9R0TMG","createdAt":"2023-12-13T11:30:48.370Z","updatedAt":"2024-08-31T05:09:02.847Z"},{"merchantId":120232,"name":"Hetadreswebshop NL","imageUri":"https://monetizeamex.com/v3/120x60/45c438751cc5820f227d2932ccf6e4c2.png","currencyCode":"EUR","defaultDomain":"hetadreswebshop.nl","domains":["hetadreswebshop.nl"],"categoryId":74,"description":null,"isActive":true,"countryCodes":["DE","NL"],"averageBasketValue":47.51,"averageCommission":2.98,"averageConfirmationTime":5,"averageCancellationRate":null,"minimumCommission":0.75,"maximumCommission":7.28,"commissionRates":[],"trackingLink":"https://tatrck.com/h/0Hu30z9R0TMe","createdAt":"2023-12-13T11:30:55.978Z","updatedAt":"2024-09-01T05:52:59.726Z"},{"merchantId":120233,"name":"HetGrandCafe NL","imageUri":"https://monetizeamex.com/v3/120x60/e269d722c473f8c284e5971e9e2c93d0.png","currencyCode":"EUR","defaultDomain":"hetgrandcafe.nl","domains":["hetgrandcafe.nl"],"categoryId":14,"description":null,"isActive":true,"countryCodes":["NL"],"averageBasketValue":null,"averageCommission":null,"averageConfirmationTime":null,"averageCancellationRate":null,"minimumCommission":null,"maximumCommission":null,"commissionRates":[],"trackingLink":"https://tatrck.com/h/0Hu30z9R0TMf","createdAt":"2023-12-13T11:30:57.177Z","updatedAt":"2024-08-21T11:29:50.518Z"},{"merchantId":120243,"name":"WorldWideCampers.com","imageUri":"https://monetizeamex.com/v3/120x60/8ff763fe1631faf959916d85986eaeab.png","currencyCode":"EUR","defaultDomain":"worldwidecampers.com","domains":["worldwidecampers.com"],"categoryId":63,"description":"Ein Wohnmobil bietet Ihnen unbegrenzte Freiheit. Bestimmen Sie Ihre eigene Route, wo und wann Sie anhalten möchten, mit der Bequemlichkeit Ihren eigenen Schlafplatz und Küche dabei zu haben. Bei Holidaycampers finden Sie das passende Wohnmobil in vielen Ländern auf 5 Kontinenten.","isActive":true,"countryCodes":["NL"],"averageBasketValue":null,"averageCommission":null,"averageConfirmationTime":null,"averageCancellationRate":null,"minimumCommission":null,"maximumCommission":null,"commissionRates":[],"trackingLink":"https://tatrck.com/h/0Hu30z9R0TMp","createdAt":"2023-12-13T11:31:00.969Z","updatedAt":"2024-08-21T11:26:06.759Z"},{"merchantId":120247,"name":"Hondenbed BE","imageUri":"https://monetizeamex.com/v3/120x60/d11ba5e272737f2c23009d833aa0802a.png","currencyCode":"EUR","defaultDomain":"hondenbed.be","domains":["hondenbed.be"],"categoryId":61,"description":null,"isActive":true,"countryCodes":["BE"],"averageBasketValue":98.51,"averageCommission":2.95,"averageConfirmationTime":null,"averageCancellationRate":null,"minimumCommission":2.95,"maximumCommission":2.95,"commissionRates":[],"trackingLink":"https://tatrck.com/h/0Hu30z9R0TMt","createdAt":"2023-12-13T11:31:02.185Z","updatedAt":"2024-08-21T11:45:36.744Z"},{"merchantId":120248,"name":"Hondenbed NL","imageUri":"https://monetizeamex.com/v3/120x60/e3327ba96a95090ed5a40777803a0e95.png","currencyCode":"EUR","defaultDomain":"hondenbed.nl","domains":["hondenbed.nl"],"categoryId":61,"description":null,"isActive":true,"countryCodes":["NL"],"averageBasketValue":66.67,"averageCommission":1.99,"averageConfirmationTime":null,"averageCancellationRate":11.1,"minimumCommission":1.23,"maximumCommission":1.64,"commissionRates":[],"trackingLink":"https://tatrck.com/h/0Hu30z9R0TMu","createdAt":"2023-12-13T11:31:02.572Z","updatedAt":"2024-08-21T11:39:06.156Z"},{"merchantId":120276,"name":"Huisdierexpress NL","imageUri":"https://monetizeamex.com/v3/120x60/23df8f6df6b592d5a51a771c6c0f4237.png","currencyCode":"EUR","defaultDomain":"huisdierexpress.nl","domains":["huisdierexpress.nl"],"categoryId":61,"description":null,"isActive":true,"countryCodes":["NL"],"averageBasketValue":63.98,"averageCommission":2.49,"averageConfirmationTime":null,"averageCancellationRate":null,"minimumCommission":1.15,"maximumCommission":3.09,"commissionRates":[],"trackingLink":"https://tatrck.com/h/0Hu30z9R0TNK","createdAt":"2023-12-13T11:31:15.775Z","updatedAt":"2024-08-21T11:29:52.573Z"},{"merchantId":120308,"name":"Inlineskateshop NL","imageUri":"https://monetizeamex.com/v3/120x60/fb408eb4cd71a936c77f4c30a2f2bdbe.png","currencyCode":"EUR","defaultDomain":"onlineskateshop.nl","domains":["inlineskateshop.nl","onlineskateshop.nl"],"categoryId":55,"description":null,"isActive":true,"countryCodes":["NL"],"averageBasketValue":76.18,"averageCommission":1.56,"averageConfirmationTime":null,"averageCancellationRate":null,"minimumCommission":0.37,"maximumCommission":1,"commissionRates":[],"trackingLink":"https://tatrck.com/h/0Hu30z9R0TNq","createdAt":"2023-12-13T11:31:27.075Z","updatedAt":"2024-08-22T05:42:24.100Z"},{"merchantId":120333,"name":"Italian-Design NL","imageUri":"https://monetizeamex.com/v3/120x60/bc63c0688469d404261d800c14365f65.png","currencyCode":"EUR","defaultDomain":"italian-design.nl","domains":["italian-design.nl"],"categoryId":40,"description":null,"isActive":true,"countryCodes":["NL"],"averageBasketValue":189.88,"averageCommission":7.97,"averageConfirmationTime":null,"averageCancellationRate":100,"minimumCommission":null,"maximumCommission":null,"commissionRates":[],"trackingLink":"https://tatrck.com/h/0Hu30z9R0TOD","createdAt":"2023-12-13T11:31:35.868Z","updatedAt":"2024-08-21T11:39:30.901Z"},{"merchantId":120337,"name":"Je-foto-op-canvas NL","imageUri":"https://monetizeamex.com/v3/120x60/c181843058c2db5847239e99f56aae5f.png","currencyCode":"EUR","defaultDomain":"je-foto-op-canvas.nl","domains":["je-foto-op-canvas.nl"],"categoryId":80,"description":null,"isActive":true,"countryCodes":["NL"],"averageBasketValue":130.64,"averageCommission":3.91,"averageConfirmationTime":null,"averageCancellationRate":null,"minimumCommission":null,"maximumCommission":null,"commissionRates":[],"trackingLink":"https://tatrck.com/h/0Hu30z9R0TOH","createdAt":"2023-12-13T11:31:36.894Z","updatedAt":"2024-08-21T11:26:13.000Z"},{"merchantId":120347,"name":"Kabelmaxx NL","imageUri":"https://monetizeamex.com/v3/120x60/0e12dfee25b759969312ec3fa64f3cc1.png","currencyCode":"EUR","defaultDomain":"kabelmaxx.nl","domains":["kabelmaxx.nl"],"categoryId":72,"description":null,"isActive":true,"countryCodes":["NL"],"averageBasketValue":7.9,"averageCommission":0.33,"averageConfirmationTime":null,"averageCancellationRate":null,"minimumCommission":0.33,"maximumCommission":0.33,"commissionRates":[],"trackingLink":"https://tatrck.com/h/0Hu30z9R0TOR","createdAt":"2023-12-13T11:31:40.080Z","updatedAt":"2024-08-21T11:32:47.651Z"},{"merchantId":120365,"name":"Kerst-feestwinkel NL","imageUri":"https://monetizeamex.com/v3/120x60/6d67d70bc28975d21fe4fca870474e03.png","currencyCode":"EUR","defaultDomain":"kerst-feestwinkel.nl","domains":["kerst-feestwinkel.nl"],"categoryId":21,"description":null,"isActive":true,"countryCodes":["NL"],"averageBasketValue":304.79,"averageCommission":10.97,"averageConfirmationTime":null,"averageCancellationRate":null,"minimumCommission":10.97,"maximumCommission":10.97,"commissionRates":[],"trackingLink":"https://tatrck.com/h/0Hu30z9R0TOj","createdAt":"2023-12-13T11:31:46.575Z","updatedAt":"2024-08-21T11:27:55.690Z"}]}