{"meta":{"next":140360},"data":[{"merchantId":139844,"name":"Keukenglas NL","imageUri":"https://monetizeamex.com/v3/120x60/df6d66ca3440f901c16717447fde9c95.png","currencyCode":"EUR","defaultDomain":"keukenglas.nl","domains":["keukenglas.nl"],"categoryId":74,"description":null,"isActive":true,"countryCodes":["NL"],"averageBasketValue":null,"averageCommission":1.2,"averageConfirmationTime":6,"averageCancellationRate":80,"minimumCommission":1.2,"maximumCommission":1.2,"commissionRates":[],"trackingLink":"https://tatrck.com/h/0Hu30z9R0Y94","createdAt":"2023-12-13T13:28:44.595Z","updatedAt":"2024-08-21T11:36:55.359Z"},{"merchantId":139865,"name":"Oogvoororen NL","imageUri":"https://monetizeamex.com/v3/120x60/f5a17aec29d6d8d811078eab00b80e2d.png","currencyCode":"EUR","defaultDomain":"oogvoororen.nl","domains":["oogvoororen.nl"],"categoryId":35,"description":null,"isActive":true,"countryCodes":["NL"],"averageBasketValue":13.3,"averageCommission":0.72,"averageConfirmationTime":40,"averageCancellationRate":null,"minimumCommission":1.08,"maximumCommission":1.67,"commissionRates":[],"trackingLink":"https://tatrck.com/h/0Hu30z9R0Y9P","createdAt":"2023-12-13T13:28:51.195Z","updatedAt":"2024-09-03T05:27:36.508Z"},{"merchantId":139867,"name":"Pharmahorse NL","imageUri":"https://monetizeamex.com/v3/120x60/0dc5af2cd071f92227aaf76410605ed3.png","currencyCode":"EUR","defaultDomain":"pharmahorse.nl","domains":["pharmahorse.nl"],"categoryId":68,"description":null,"isActive":true,"countryCodes":["NL"],"averageBasketValue":96.73,"averageCommission":4.06,"averageConfirmationTime":30,"averageCancellationRate":null,"minimumCommission":0.3,"maximumCommission":5.56,"commissionRates":[],"trackingLink":"https://tatrck.com/h/0Hu30z9R0Y9R","createdAt":"2023-12-13T13:28:53.489Z","updatedAt":"2024-08-29T05:41:10.294Z"},{"merchantId":139873,"name":"Quot’&Vous FR","imageUri":"https://monetizeamex.com/v3/120x60/8a9df7d3663fc289a9c916690e8fcd4d.png","currencyCode":"EUR","defaultDomain":"quot.tns-sofres.com","domains":["quot.tns-sofres.com"],"categoryId":36,"description":null,"isActive":true,"countryCodes":["FR"],"averageBasketValue":null,"averageCommission":0.75,"averageConfirmationTime":null,"averageCancellationRate":null,"minimumCommission":0.75,"maximumCommission":0.75,"commissionRates":[],"trackingLink":"https://tatrck.com/h/0Hu30z9R0Y9X","createdAt":"2023-12-13T13:28:53.373Z","updatedAt":"2024-08-21T11:37:45.313Z"},{"merchantId":139876,"name":"Rugsdirect UK","imageUri":"https://monetizeamex.com/v3/120x60/0df6d1e7c051c2805d791bdbde95731d.png","currencyCode":"EUR","defaultDomain":"rugsdirect.co.uk","domains":["rugsdirect.co.uk"],"categoryId":74,"description":null,"isActive":true,"countryCodes":["GB"],"averageBasketValue":159.93,"averageCommission":4.72,"averageConfirmationTime":30,"averageCancellationRate":5.7,"minimumCommission":0,"maximumCommission":120.42,"commissionRates":[],"trackingLink":"https://tatrck.com/h/0Hu30z9R0Y9a","createdAt":"2023-12-13T13:28:54.374Z","updatedAt":"2024-09-02T05:17:05.322Z"},{"merchantId":139877,"name":"schmuck-accessoires-24 DE","imageUri":"https://monetizeamex.com/v3/120x60/23e8df70f6cc44f844d6f432d1e1e2c6.png","currencyCode":"EUR","defaultDomain":"diamondoro.de","domains":["diamondoro.de","schmuck-accessoires-24.de"],"categoryId":73,"description":"Exklusiver Diamantschmuck und hochwertiger Gold- und Silberschmuck für jeden Anlass. Entdecken Sie faszinierenden Schmuckstücke, Silberringe, Goldringe, Colliers, Halsketten mit und ohne Anhänger, Ohrringe und Armschmuck sowie exklusiver Diamantschmuck, Edelsteinschmuck und zart schimmernde Perlen.","isActive":true,"countryCodes":["DE"],"averageBasketValue":null,"averageCommission":null,"averageConfirmationTime":null,"averageCancellationRate":null,"minimumCommission":null,"maximumCommission":null,"commissionRates":[],"trackingLink":"https://tatrck.com/h/0Hu30z9R0Y9b","createdAt":"2023-12-13T13:28:54.480Z","updatedAt":"2024-08-21T11:43:16.087Z"},{"merchantId":139892,"name":"TrollBeads.Com UK","imageUri":"https://monetizeamex.com/v3/120x60/fdf61d9c995dd41943aea86b15c9167e.png","currencyCode":"EUR","defaultDomain":"trollbeads.co.uk","domains":["trollbeads.com","trollbeads.co.uk","trollbeads.dk"],"categoryId":73,"description":null,"isActive":true,"countryCodes":["GB"],"averageBasketValue":74.45,"averageCommission":3.47,"averageConfirmationTime":null,"averageCancellationRate":null,"minimumCommission":0.83,"maximumCommission":8.5,"commissionRates":[{"fixedCommission":null,"percentageCommission":3.84}],"trackingLink":"https://tatrck.com/h/0Hu30z9R0Y9q","createdAt":"2023-12-13T13:28:59.871Z","updatedAt":"2024-09-03T17:04:04.514Z"},{"merchantId":139896,"name":"VidaXL ES","imageUri":"https://monetizeamex.com/v3/120x60/a30f6915936221bdf9e1a1a019b0c9e3.png","currencyCode":"EUR","defaultDomain":"vidaxl.es","domains":["vidaxl.es"],"categoryId":21,"description":null,"isActive":true,"countryCodes":["ES"],"averageBasketValue":88.13,"averageCommission":4.09,"averageConfirmationTime":8,"averageCancellationRate":2.6,"minimumCommission":1.38,"maximumCommission":18.31,"commissionRates":[],"trackingLink":"https://tatrck.com/h/0Hu30z9R0Y9u","createdAt":"2023-12-13T13:29:02.420Z","updatedAt":"2024-09-03T17:07:43.766Z"},{"merchantId":139897,"name":"Vidaxl UK","imageUri":"https://monetizeamex.com/v3/120x60/6e8a4fde1810226f8fe3ea96d2df33b8.png","currencyCode":"EUR","defaultDomain":"vidaxl.co.uk","domains":["vidaxl.co.uk"],"categoryId":21,"description":null,"isActive":true,"countryCodes":["GB"],"averageBasketValue":123.25,"averageCommission":5.38,"averageConfirmationTime":28,"averageCancellationRate":4.7,"minimumCommission":0.89,"maximumCommission":7.36,"commissionRates":[],"trackingLink":"https://tatrck.com/h/0Hu30z9R0Y9v","createdAt":"2023-12-13T13:29:01.248Z","updatedAt":"2024-09-03T17:09:10.126Z"},{"merchantId":139899,"name":"Vivolanda NL","imageUri":"https://monetizeamex.com/v3/120x60/969221c10b5685ea3dcfa4f9cb413131.png","currencyCode":"EUR","defaultDomain":"vivolanda.nl","domains":["vivolanda.nl"],"categoryId":21,"description":null,"isActive":true,"countryCodes":["NL"],"averageBasketValue":59.27,"averageCommission":0.88,"averageConfirmationTime":3,"averageCancellationRate":9.1,"minimumCommission":3.08,"maximumCommission":3.08,"commissionRates":[],"trackingLink":"https://tatrck.com/h/0Hu30z9R0Y9x","createdAt":"2023-12-13T13:29:02.089Z","updatedAt":"2024-08-21T11:37:49.170Z"},{"merchantId":139905,"name":"Yoursurprise SE","imageUri":"https://monetizeamex.com/v3/120x60/88f0e2219e4eda6e2e09c9b269361aec.png","currencyCode":"EUR","defaultDomain":"yoursurprise.se","domains":["yoursurprise.se"],"categoryId":47,"description":null,"isActive":true,"countryCodes":["SE"],"averageBasketValue":16.44,"averageCommission":0.39,"averageConfirmationTime":5,"averageCancellationRate":null,"minimumCommission":0.27,"maximumCommission":0.75,"commissionRates":[],"trackingLink":"https://tatrck.com/h/0Hu30z9R0YA1","createdAt":"2023-12-13T13:29:03.812Z","updatedAt":"2024-08-21T11:39:09.578Z"},{"merchantId":139913,"name":"Exoticathletica AU","imageUri":"https://monetizeamex.com/v3/120x60/6b5e004ed0b812e54ff0fc0c7a658774.png","currencyCode":"EUR","defaultDomain":"exoticathletica.com","domains":["exoticathletica.com"],"categoryId":40,"description":null,"isActive":true,"countryCodes":["AU"],"averageBasketValue":63.68,"averageCommission":1.14,"averageConfirmationTime":58,"averageCancellationRate":4.4,"minimumCommission":0.09,"maximumCommission":2.44,"commissionRates":[],"trackingLink":"https://tatrck.com/h/0Hu30z9R0YA9","createdAt":"2023-12-13T13:29:06.675Z","updatedAt":"2024-09-03T17:09:45.106Z"},{"merchantId":139934,"name":"FlixBus AT","imageUri":"https://monetizeamex.com/v3/120x60/315e073e5993c08decefac96745f6bfe.png","currencyCode":"EUR","defaultDomain":"flixbus.at","domains":["flixbus.at"],"categoryId":63,"description":"Der Fernbus bringt dich sicher, günstig und komfortabel durch ganz Österreich, Deutschland, Frankreich, Niederlande, Schweden, Schweiz und Tschechien. Einfach Busfahren mit FlixBus und viel Geld sparen.","isActive":true,"countryCodes":["AT"],"averageBasketValue":2.09,"averageCommission":0.06,"averageConfirmationTime":8,"averageCancellationRate":null,"minimumCommission":0,"maximumCommission":7.57,"commissionRates":[{"fixedCommission":null,"percentageCommission":3},{"fixedCommission":null,"percentageCommission":1.7999999999999998}],"trackingLink":"https://tatrck.com/h/0Hu30z9R0YAU","createdAt":"2023-12-13T13:29:12.780Z","updatedAt":"2024-09-03T17:09:27.392Z"},{"merchantId":139955,"name":"H&R Block CA","imageUri":"https://monetizeamex.com/v3/120x60/694d8ab138a0404a5877c383a9317893.png","currencyCode":"EUR","defaultDomain":"hrblock.ca","domains":["hrblock.ca"],"categoryId":66,"description":null,"isActive":true,"countryCodes":["CA"],"averageBasketValue":33.09,"averageCommission":0.69,"averageConfirmationTime":null,"averageCancellationRate":20,"minimumCommission":1.97,"maximumCommission":1.97,"commissionRates":[],"trackingLink":"https://tatrck.com/h/0Hu30z9R0YAp","createdAt":"2023-12-13T13:29:18.079Z","updatedAt":"2024-09-03T17:05:36.363Z"},{"merchantId":139970,"name":"Fun.com US","imageUri":"https://monetizeamex.com/v3/120x60/6da0e336b57d8f8389b46b87a29ce417.png","currencyCode":"EUR","defaultDomain":"fun.com","domains":["fun.com"],"categoryId":21,"description":null,"isActive":true,"countryCodes":["US"],"averageBasketValue":43.11,"averageCommission":2.53,"averageConfirmationTime":5,"averageCancellationRate":null,"minimumCommission":0.57,"maximumCommission":6.32,"commissionRates":[],"trackingLink":"https://tatrck.com/h/0Hu30z9R0YB2","createdAt":"2023-12-13T13:29:22.686Z","updatedAt":"2024-09-03T17:04:05.198Z"},{"merchantId":139983,"name":"Elaborate Bytes AG - elby CH","imageUri":"https://monetizeamex.com/v3/120x60/b7193e329910a2e17cb66f693c242b85.png","currencyCode":"EUR","defaultDomain":"elby.ch","domains":["elby.ch"],"categoryId":49,"description":"Die Software von Elby ermöglicht es Ihnen, nicht kopiergeschützte Blu-ray Discs,  Film-DVDs in alle möglichen Formate zu kopieren, wie z.B. ISO oder BD sowie für alle Geräte wie Smartphones und Tablets.","isActive":true,"countryCodes":["AG"],"averageBasketValue":33.5,"averageCommission":5.02,"averageConfirmationTime":null,"averageCancellationRate":null,"minimumCommission":4.91,"maximumCommission":5.13,"commissionRates":[{"fixedCommission":null,"percentageCommission":15}],"trackingLink":"https://tatrck.com/h/0Hu30z9R0YBF","createdAt":"2023-12-13T13:29:27.291Z","updatedAt":"2024-09-02T05:33:55.958Z"},{"merchantId":139986,"name":"IMDevin - imdevin.com US","imageUri":"https://monetizeamex.com/v3/120x60/c978dddac966360fe4844031aba263fb.png","currencyCode":"EUR","defaultDomain":"imdevin.com","domains":["imdevin.com"],"categoryId":22,"description":null,"isActive":true,"countryCodes":[],"averageBasketValue":null,"averageCommission":null,"averageConfirmationTime":null,"averageCancellationRate":null,"minimumCommission":null,"maximumCommission":null,"commissionRates":[{"fixedCommission":null,"percentageCommission":18}],"trackingLink":"https://tatrck.com/h/0Hu30z9R0YBI","createdAt":"2023-12-13T13:29:28.264Z","updatedAt":"2024-08-15T09:11:22.651Z"},{"merchantId":140009,"name":"Rental Cover AU","imageUri":"https://monetizeamex.com/v3/120x60/f9a48ac28901a65f679224a6c0fe46da.png","currencyCode":"EUR","defaultDomain":"rentalcover.com","domains":["rentalcover.com"],"categoryId":5,"description":null,"isActive":true,"countryCodes":["AU"],"averageBasketValue":44.46,"averageCommission":1.29,"averageConfirmationTime":null,"averageCancellationRate":null,"minimumCommission":0.28,"maximumCommission":4.23,"commissionRates":[{"fixedCommission":null,"percentageCommission":2.4}],"trackingLink":"https://tatrck.com/h/0Hu30z9R0YBf","createdAt":"2023-12-13T13:29:35.193Z","updatedAt":"2024-09-03T17:03:26.893Z"},{"merchantId":140010,"name":"Rodd & Gunn US","imageUri":"https://monetizeamex.com/v3/120x60/9be103e65b3709261fbd65164e1e1d58.png","currencyCode":"EUR","defaultDomain":"roddandgunn.com","domains":["roddandgunn.com"],"categoryId":40,"description":null,"isActive":true,"countryCodes":["AU","US"],"averageBasketValue":70.31,"averageCommission":2.48,"averageConfirmationTime":null,"averageCancellationRate":null,"minimumCommission":1.09,"maximumCommission":3.01,"commissionRates":[{"fixedCommission":null,"percentageCommission":3.84},{"fixedCommission":null,"percentageCommission":3}],"trackingLink":"https://tatrck.com/h/0Hu30z9R0YBg","createdAt":"2023-12-13T13:29:35.492Z","updatedAt":"2024-08-29T06:02:04.668Z"},{"merchantId":140024,"name":"New Forest Cottages UK","imageUri":"https://monetizeamex.com/v3/120x60/c534ba6dace117e9d518a48d8da1079e.png","currencyCode":"EUR","defaultDomain":"newforestcottages.co.uk","domains":["newforestcottages.co.uk"],"categoryId":63,"description":null,"isActive":true,"countryCodes":["GB"],"averageBasketValue":1,"averageCommission":57.49,"averageConfirmationTime":null,"averageCancellationRate":50,"minimumCommission":82.92,"maximumCommission":82.92,"commissionRates":[{"fixedCommission":null,"percentageCommission":3}],"trackingLink":"https://tatrck.com/h/0Hu30z9R0YBu","createdAt":"2023-12-13T13:29:40.492Z","updatedAt":"2024-08-21T11:26:42.410Z"},{"merchantId":140026,"name":"Switched On Insurance UK","imageUri":"https://monetizeamex.com/v3/120x60/cee4b4c08379611134bd8d0ad5d871e4.png","currencyCode":"EUR","defaultDomain":"switchedoninsurance.com","domains":["switchedoninsurance.com"],"categoryId":56,"description":null,"isActive":true,"countryCodes":["GB"],"averageBasketValue":106.72,"averageCommission":1.62,"averageConfirmationTime":null,"averageCancellationRate":69.4,"minimumCommission":0.75,"maximumCommission":1.96,"commissionRates":[{"fixedCommission":2.4,"percentageCommission":null}],"trackingLink":"https://tatrck.com/h/0Hu30z9R0YBw","createdAt":"2023-12-13T13:29:40.677Z","updatedAt":"2024-08-28T05:11:02.486Z"},{"merchantId":140027,"name":"Travel Trolley UK","imageUri":"https://monetizeamex.com/v3/120x60/332071ab6e4b916ba5bbf5518f3a8970.png","currencyCode":"EUR","defaultDomain":"traveltrolley.co.uk","domains":["traveltrolley.co.uk"],"categoryId":63,"description":null,"isActive":true,"countryCodes":["GB"],"averageBasketValue":1,"averageCommission":5.8,"averageConfirmationTime":null,"averageCancellationRate":7.2,"minimumCommission":4.39,"maximumCommission":5.97,"commissionRates":[{"fixedCommission":3,"percentageCommission":null}],"trackingLink":"https://tatrck.com/h/0Hu30z9R0YBx","createdAt":"2023-12-13T13:29:41.268Z","updatedAt":"2024-08-21T11:23:26.110Z"},{"merchantId":140030,"name":"File Viewer Plus US","imageUri":"https://monetizeamex.com/v3/120x60/8c9400ed1d11a890ef321fb0c04a0742.png","currencyCode":"EUR","defaultDomain":"fileviewerplus.com","domains":["fileviewerplus.com"],"categoryId":50,"description":null,"isActive":true,"countryCodes":[],"averageBasketValue":null,"averageCommission":null,"averageConfirmationTime":null,"averageCancellationRate":null,"minimumCommission":null,"maximumCommission":null,"commissionRates":[],"trackingLink":"https://tatrck.com/h/0Hu30z9R0YB-","createdAt":"2023-12-13T13:29:41.795Z","updatedAt":"2024-08-15T08:58:18.850Z"},{"merchantId":140051,"name":"Watch2day NL","imageUri":"https://monetizeamex.com/v3/120x60/b5e1a9bc80cb40dd34d26325e2e68fc4.png","currencyCode":"EUR","defaultDomain":"watch2day.nl","domains":["watch2day.nl"],"categoryId":50,"description":null,"isActive":true,"countryCodes":["BE","NL"],"averageBasketValue":28.04,"averageCommission":1.17,"averageConfirmationTime":null,"averageCancellationRate":null,"minimumCommission":null,"maximumCommission":null,"commissionRates":[{"fixedCommission":null,"percentageCommission":4.2}],"trackingLink":"https://tatrck.com/h/0Hu30z9R0YCJ","createdAt":"2023-12-13T13:29:49.478Z","updatedAt":"2024-09-03T17:08:43.864Z"},{"merchantId":140081,"name":"Triverna PL","imageUri":"https://monetizeamex.com/v3/120x60/46bb83285af71a10fb544d72aa7ec6e2.png","currencyCode":"EUR","defaultDomain":"triverna.pl","domains":["triverna.pl"],"categoryId":63,"description":null,"isActive":true,"countryCodes":["PL"],"averageBasketValue":1,"averageCommission":8.32,"averageConfirmationTime":10,"averageCancellationRate":20,"minimumCommission":1.45,"maximumCommission":23.28,"commissionRates":[{"fixedCommission":null,"percentageCommission":2.88}],"trackingLink":"https://tatrck.com/h/0Hu30z9R0YCn","createdAt":"2023-12-13T13:29:58.266Z","updatedAt":"2024-09-03T05:53:06.004Z"},{"merchantId":140085,"name":"club-of-wine DE","imageUri":"https://monetizeamex.com/v3/120x60/c6f49b259afa298cb1ba5407c406c943.png","currencyCode":"EUR","defaultDomain":"club-of-wine.de","domains":["club-of-wine.de"],"categoryId":21,"description":"Der Club-of-wine ist Ihr Spezialist für Weine aus Südafrika, Chile, Australien, Argentinien und etlichen anderen Anbaugebieten. Angeboten werden Rotweine, Weißweine und Roseweine wie Cabernet Sauvignon, Merlot, Chardonnay und viele andere erlesene Weine.","isActive":true,"countryCodes":["DE"],"averageBasketValue":83.57,"averageCommission":6.75,"averageConfirmationTime":28,"averageCancellationRate":4.9,"minimumCommission":0.79,"maximumCommission":10.79,"commissionRates":[{"fixedCommission":null,"percentageCommission":3},{"fixedCommission":null,"percentageCommission":4.8},{"fixedCommission":null,"percentageCommission":9}],"trackingLink":"https://tatrck.com/h/0Hu30z9R0YCr","createdAt":"2023-12-13T13:29:59.218Z","updatedAt":"2024-09-03T17:07:09.956Z"},{"merchantId":140087,"name":"Doggy Dinner DE","imageUri":"https://monetizeamex.com/v3/120x60/3834ac2162100f073c6afae4f33aada2.png","currencyCode":"EUR","defaultDomain":"doggy-dinner.de","domains":["doggy-dinner.de"],"categoryId":61,"description":"Bei Doggy-Dinner bekommen sie Premium Hundefutter ohne schädliche Zusatzstoffe. \r\nMit dem gesunden Futter bleibt der Napf niemals voll und Ihr Hund hat immer ein leckeres und gesundes Futter.","isActive":true,"countryCodes":["DE"],"averageBasketValue":null,"averageCommission":null,"averageConfirmationTime":null,"averageCancellationRate":null,"minimumCommission":null,"maximumCommission":null,"commissionRates":[],"trackingLink":"https://tatrck.com/h/0Hu30z9R0YCt","createdAt":"2023-12-13T13:30:00.080Z","updatedAt":"2024-08-21T11:31:35.687Z"},{"merchantId":140100,"name":"sim DE","imageUri":"https://monetizeamex.com/v3/120x60/79d7f09fe07f7e9726f2ede7e004971c.png","currencyCode":"EUR","defaultDomain":"sim.de","domains":["sim.de"],"categoryId":58,"description":"sim.de bietet Smartphone Tarife mit LTE und Allnet Flatrates zum Discount-Preis an, die monatlich kündbar sind. sim.de bietet nicht nur super günstige Smartphone Tarife - diese gelten auch in alle Handynetze sowie ins deutsche Festnetz. Mit einer sim.de Allnet-Flat simst und telefoniert man also ohne Einschränkungen stets zum absoluten Niedrigpreis.","isActive":true,"countryCodes":["DE"],"averageBasketValue":1.02,"averageCommission":10.88,"averageConfirmationTime":59,"averageCancellationRate":2.2,"minimumCommission":9,"maximumCommission":24,"commissionRates":[{"fixedCommission":9,"percentageCommission":null},{"fixedCommission":12,"percentageCommission":null},{"fixedCommission":6,"percentageCommission":null},{"fixedCommission":15,"percentageCommission":null},{"fixedCommission":18,"percentageCommission":null},{"fixedCommission":21,"percentageCommission":null}],"trackingLink":"https://tatrck.com/h/0Hu30z9R0YD4","createdAt":"2023-12-13T13:30:04.977Z","updatedAt":"2024-09-03T17:08:24.568Z"},{"merchantId":140101,"name":"Snipes","imageUri":"https://monetizeamex.com/v3/120x60/af057b6d5ed6b3985879f9708e97c2a5.png","currencyCode":"EUR","defaultDomain":"snipes.com","domains":["snipes.com"],"categoryId":40,"description":"Bei Snipes finden Sie alle angesagten Street Fashion Marken wie Adidas, Nike, Hummel, Puma, Reebok, K-Swiss, K1X und viele mehr. Neben New Era Caps und Hoodies gibt es eine große Auswahl Retro Sneaker und Skaterschuhe.","isActive":true,"countryCodes":["ES","DE"],"averageBasketValue":92.17,"averageCommission":4.24,"averageConfirmationTime":58,"averageCancellationRate":1.9,"minimumCommission":0.9,"maximumCommission":9.98,"commissionRates":[{"fixedCommission":null,"percentageCommission":3.5999999999999996},{"fixedCommission":null,"percentageCommission":0.6},{"fixedCommission":null,"percentageCommission":5.3999999999999995},{"fixedCommission":null,"percentageCommission":3.5999999999999996},{"fixedCommission":null,"percentageCommission":0.6},{"fixedCommission":null,"percentageCommission":5.3999999999999995}],"trackingLink":"https://tatrck.com/h/0Hu30z9R0YD5","createdAt":"2023-12-13T13:30:05.579Z","updatedAt":"2024-09-03T17:06:50.698Z"},{"merchantId":140107,"name":"DS Laboratories US","imageUri":"https://monetizeamex.com/v3/120x60/06fd85cd0f3b709e364709642ff183b4.png","currencyCode":"EUR","defaultDomain":"dslaboratories.com","domains":["dslaboratories.com"],"categoryId":28,"description":null,"isActive":true,"countryCodes":["US"],"averageBasketValue":60.61,"averageCommission":4.36,"averageConfirmationTime":9,"averageCancellationRate":2.6,"minimumCommission":4.69,"maximumCommission":4.86,"commissionRates":[{"fixedCommission":null,"percentageCommission":7.199999999999999}],"trackingLink":"https://tatrck.com/h/0Hu30z9R0YDB","createdAt":"2023-12-13T13:30:07.294Z","updatedAt":"2024-08-28T05:25:46.764Z"},{"merchantId":140141,"name":"Janine DE","imageUri":"https://monetizeamex.com/v3/120x60/2b03e5e324d5a6d0bebb72f2e1f67741.png","currencyCode":"EUR","defaultDomain":"janine.de","domains":["janine.de"],"categoryId":74,"description":"Bei Janine bekommen sie traumhafte Bettwäsche für hohe Ansprüche. Angeboten wird Bettwäsche aus verschiedenen hochwertigen Stoffen wie Feinbiber, Schweizer Satin, Mako Satin, Edelflanell und anderen.","isActive":true,"countryCodes":["DE"],"averageBasketValue":184.35,"averageCommission":8.85,"averageConfirmationTime":null,"averageCancellationRate":null,"minimumCommission":20.95,"maximumCommission":20.95,"commissionRates":[{"fixedCommission":null,"percentageCommission":4.8}],"trackingLink":"https://tatrck.com/h/0Hu30z9R0YDj","createdAt":"2023-12-13T13:30:16.691Z","updatedAt":"2024-08-15T08:58:19.531Z"},{"merchantId":140151,"name":"Schaufenberger DE","imageUri":"https://monetizeamex.com/v3/120x60/511b7f1a770bfb04d2a41c51f26fa310.png","currencyCode":"EUR","defaultDomain":"schaufenberger.de","domains":["schaufenberger.de"],"categoryId":40,"description":"Der Schaufenberger Online Shop bietet Ihnen eine umfangreiche Auswahl exklusiver Herren Unterwäsche die speziell für das Business entwickelt wurde. Ideal unter Businesshemden wie unteranderem von Olymp, HUGO BOSS, Eterna oder Seidensticker.","isActive":true,"countryCodes":["DE"],"averageBasketValue":null,"averageCommission":null,"averageConfirmationTime":null,"averageCancellationRate":null,"minimumCommission":null,"maximumCommission":null,"commissionRates":[{"fixedCommission":null,"percentageCommission":7.8}],"trackingLink":"https://tatrck.com/h/0Hu30z9R0YDt","createdAt":"2023-12-13T13:30:20.487Z","updatedAt":"2024-09-03T17:09:33.547Z"},{"merchantId":140184,"name":"Netatmo FR","imageUri":"https://monetizeamex.com/v3/120x60/802973d88ef43d7edfb716ece10fc970.png","currencyCode":"EUR","defaultDomain":"netatmo.com","domains":["netatmo.com","netatmo.fr"],"categoryId":74,"description":null,"isActive":true,"countryCodes":["DE","IT"],"averageBasketValue":75.62,"averageCommission":4.53,"averageConfirmationTime":null,"averageCancellationRate":null,"minimumCommission":null,"maximumCommission":null,"commissionRates":[],"trackingLink":"https://tatrck.com/h/0Hu30z9R0YEO","createdAt":"2023-12-13T13:30:36.870Z","updatedAt":"2024-09-02T05:55:01.481Z"},{"merchantId":140193,"name":"The Dublin Pass IE","imageUri":"https://monetizeamex.com/v3/120x60/a34ba1b6d5312c8b57c2409c088e70d8.png","currencyCode":"EUR","defaultDomain":"dublinpass.com","domains":["dublinpass.com","dublinpass.ie"],"categoryId":63,"description":null,"isActive":true,"countryCodes":[],"averageBasketValue":null,"averageCommission":null,"averageConfirmationTime":null,"averageCancellationRate":null,"minimumCommission":null,"maximumCommission":null,"commissionRates":[{"fixedCommission":null,"percentageCommission":0}],"trackingLink":"https://tatrck.com/h/0Hu30z9R0YEX","createdAt":"2023-12-13T13:30:38.965Z","updatedAt":"2024-08-21T11:33:39.204Z"},{"merchantId":140194,"name":"The Tie Bar US","imageUri":"https://monetizeamex.com/v3/120x60/125131bf5946351083f4ba63aa3955fd.png","currencyCode":"EUR","defaultDomain":"thetiebar.com","domains":["thetiebar.com"],"categoryId":40,"description":null,"isActive":true,"countryCodes":["US"],"averageBasketValue":71.9,"averageCommission":2.89,"averageConfirmationTime":null,"averageCancellationRate":null,"minimumCommission":0.74,"maximumCommission":23.23,"commissionRates":[],"trackingLink":"https://tatrck.com/h/0Hu30z9R0YEY","createdAt":"2023-12-13T13:30:39.875Z","updatedAt":"2024-09-01T05:54:18.900Z"},{"merchantId":140232,"name":"JetParks Airport Car Park UK","imageUri":"https://monetizeamex.com/v3/120x60/01160ab7eed4043c7b423467e4ca9739.png","currencyCode":"EUR","defaultDomain":"jetparks.co.uk","domains":["jetparks.co.uk"],"categoryId":63,"description":null,"isActive":true,"countryCodes":["GB"],"averageBasketValue":77.95,"averageCommission":3.19,"averageConfirmationTime":null,"averageCancellationRate":null,"minimumCommission":3.48,"maximumCommission":5.77,"commissionRates":[{"fixedCommission":null,"percentageCommission":4.8}],"trackingLink":"https://tatrck.com/h/0Hu30z9R0YF8","createdAt":"2023-12-13T13:30:57.068Z","updatedAt":"2024-08-24T05:38:10.128Z"},{"merchantId":140233,"name":"Justmind DE","imageUri":"https://monetizeamex.com/v3/120x60/e1752591009bae56b3ceb3ddfca418e2.png","currencyCode":"EUR","defaultDomain":"justmind.de","domains":["justmind.de"],"categoryId":68,"description":"Justmind vertreibt ein breit gefächertes Sortiment an Produkten zur Persönlichkeitsentwicklung, z.B. Hypnoseprodukte, Audiobooks und DVDs. Sie bekommen Hörbücher aus den Bereichen Angst und Furcht, Selbstvertrauen, Raucherentwöhnung, Eifersucht, Mindfulness und Depression.","isActive":true,"countryCodes":["DE"],"averageBasketValue":null,"averageCommission":null,"averageConfirmationTime":null,"averageCancellationRate":null,"minimumCommission":null,"maximumCommission":null,"commissionRates":[],"trackingLink":"https://tatrck.com/h/0Hu30z9R0YF9","createdAt":"2023-12-13T13:30:57.676Z","updatedAt":"2024-08-23T15:01:46.865Z"},{"merchantId":140234,"name":"Mindly.DK DK","imageUri":"https://monetizeamex.com/v3/120x60/8340eff953cedea04142cac7c4275a4a.png","currencyCode":"EUR","defaultDomain":"mindly.dk","domains":["mindly.dk"],"categoryId":68,"description":null,"isActive":true,"countryCodes":["DK"],"averageBasketValue":19.62,"averageCommission":2.35,"averageConfirmationTime":null,"averageCancellationRate":null,"minimumCommission":2.29,"maximumCommission":2.29,"commissionRates":[],"trackingLink":"https://tatrck.com/h/0Hu30z9R0YFA","createdAt":"2023-12-13T13:30:58.584Z","updatedAt":"2024-08-23T15:01:38.705Z"},{"merchantId":140242,"name":"Timberland DE","imageUri":"https://monetizeamex.com/v3/120x60/e48d77b089e56793daf9d2dce0e0c466.png","currencyCode":"EUR","defaultDomain":"timberland.de","domains":["timberland.de"],"categoryId":40,"description":"Entdecken sie ein umfangreiches Sortiment von Schuhen, robusten Stiefeln und Bekleidung für Frauen, Männer und auch Kinder im offiziellen Onlineshop von Timberland.","isActive":true,"countryCodes":["AT","BE","BG","CY","CZ","DE","DK","EE","ES","FI","FR","GB","GR","HR","HU","IE","IT","LT","LU","LV","MT","NL","PL","PT","RO","SE","SI","SK"],"averageBasketValue":102.03,"averageCommission":1.71,"averageConfirmationTime":null,"averageCancellationRate":null,"minimumCommission":0.45,"maximumCommission":3.78,"commissionRates":[],"trackingLink":"https://tatrck.com/h/0Hu30z9R0YFI","createdAt":"2023-12-13T13:31:02.268Z","updatedAt":"2024-09-03T17:03:23.057Z"},{"merchantId":140274,"name":"Baker Ross IE","imageUri":"https://monetizeamex.com/v3/120x60/5b4dd15f96980636341c4cff4ec0fcc5.png","currencyCode":"EUR","defaultDomain":"bakerross.ie","domains":["bakerross.ie"],"categoryId":70,"description":null,"isActive":true,"countryCodes":["IE"],"averageBasketValue":null,"averageCommission":null,"averageConfirmationTime":null,"averageCancellationRate":null,"minimumCommission":null,"maximumCommission":null,"commissionRates":[{"fixedCommission":null,"percentageCommission":1.482}],"trackingLink":"https://tatrck.com/h/0Hu30z9R0YFo","createdAt":"2023-12-13T13:31:17.375Z","updatedAt":"2024-09-03T17:08:45.817Z"},{"merchantId":140279,"name":"Bonanza US","imageUri":"https://monetizeamex.com/v3/120x60/fc2858ee6a0a2bab0b55e2357b446ab7.png","currencyCode":"EUR","defaultDomain":"bonanza.com","domains":["bonanza.com"],"categoryId":50,"description":null,"isActive":true,"countryCodes":["US"],"averageBasketValue":71.1,"averageCommission":2.55,"averageConfirmationTime":36,"averageCancellationRate":null,"minimumCommission":0.29,"maximumCommission":11.79,"commissionRates":[{"fixedCommission":null,"percentageCommission":3.5999999999999996}],"trackingLink":"https://tatrck.com/h/0Hu30z9R0YFt","createdAt":"2023-12-13T13:31:19.873Z","updatedAt":"2024-09-03T17:09:27.660Z"},{"merchantId":140283,"name":"Carwow UK","imageUri":"https://monetizeamex.com/v3/120x60/96b43fc4b50975e4552349eb4840072c.png","currencyCode":"EUR","defaultDomain":"carwow.co.uk","domains":["carwow.co.uk"],"categoryId":21,"description":null,"isActive":true,"countryCodes":["GB"],"averageBasketValue":11.68,"averageCommission":2.97,"averageConfirmationTime":6,"averageCancellationRate":null,"minimumCommission":63.88,"maximumCommission":66.03,"commissionRates":[],"trackingLink":"https://tatrck.com/h/0Hu30z9R0YFx","createdAt":"2023-12-13T13:31:21.479Z","updatedAt":"2024-09-01T05:53:51.298Z"},{"merchantId":140289,"name":"Elizabetharden UK","imageUri":"https://monetizeamex.com/v3/120x60/0338daf4272cf3ff21a4367479bc8f7d.png","currencyCode":"EUR","defaultDomain":"elizabetharden.co.uk","domains":["elizabetharden.co.uk"],"categoryId":28,"description":null,"isActive":true,"countryCodes":["GB"],"averageBasketValue":93.55,"averageCommission":2.1,"averageConfirmationTime":28,"averageCancellationRate":11.8,"minimumCommission":0.31,"maximumCommission":2.08,"commissionRates":[{"fixedCommission":null,"percentageCommission":1.92}],"trackingLink":"https://tatrck.com/h/0Hu30z9R0YG1","createdAt":"2023-12-13T13:31:26.982Z","updatedAt":"2024-08-23T15:01:32.652Z"},{"merchantId":140296,"name":"JustPark UK","imageUri":"https://monetizeamex.com/v3/120x60/d7b2ad8cc37e65599e19eef139ef01b6.png","currencyCode":"EUR","defaultDomain":"justpark.com","domains":["justpark.com","justpark.co.uk"],"categoryId":5,"description":null,"isActive":true,"countryCodes":["GB"],"averageBasketValue":6.4,"averageCommission":0.54,"averageConfirmationTime":null,"averageCancellationRate":null,"minimumCommission":0,"maximumCommission":4.92,"commissionRates":[{"fixedCommission":null,"percentageCommission":3},{"fixedCommission":null,"percentageCommission":12},{"fixedCommission":4.5,"percentageCommission":null}],"trackingLink":"https://tatrck.com/h/0Hu30z9R0YG8","createdAt":"2023-12-13T13:31:28.270Z","updatedAt":"2024-09-03T17:08:12.454Z"},{"merchantId":140303,"name":"Samuel Johnston UK","imageUri":"https://monetizeamex.com/v3/120x60/3c1f55ce596b264032d9e94a59226f99.png","currencyCode":"EUR","defaultDomain":"samueljohnston.com","domains":["samueljohnston.com","samueljohnston.co.uk"],"categoryId":17,"description":null,"isActive":true,"countryCodes":["GB"],"averageBasketValue":173.92,"averageCommission":3.13,"averageConfirmationTime":null,"averageCancellationRate":null,"minimumCommission":3.13,"maximumCommission":3.13,"commissionRates":[],"trackingLink":"https://tatrck.com/h/0Hu30z9R0YGF","createdAt":"2023-12-13T13:31:31.173Z","updatedAt":"2024-09-03T17:06:52.529Z"},{"merchantId":140316,"name":"Tostadora UK","imageUri":"https://monetizeamex.com/v3/120x60/304c1d0387b983b0ce05595cee94eb2c.png","currencyCode":"EUR","defaultDomain":"tostadora.co.uk","domains":["tostadora.co.uk"],"categoryId":40,"description":null,"isActive":true,"countryCodes":["GB"],"averageBasketValue":29.25,"averageCommission":1.75,"averageConfirmationTime":null,"averageCancellationRate":null,"minimumCommission":null,"maximumCommission":null,"commissionRates":[{"fixedCommission":null,"percentageCommission":6}],"trackingLink":"https://tatrck.com/h/0Hu30z9R0YGS","createdAt":"2023-12-13T13:31:37.879Z","updatedAt":"2024-08-21T11:28:43.106Z"},{"merchantId":140320,"name":"Waitrose Garden UK","imageUri":"https://monetizeamex.com/v3/120x60/6e7cfa4da23a3effe79ba588d557f0f6.png","currencyCode":"EUR","defaultDomain":"waitrosegarden.com","domains":["waitrosegarden.com"],"categoryId":74,"description":null,"isActive":true,"countryCodes":["GB"],"averageBasketValue":49.71,"averageCommission":0.59,"averageConfirmationTime":null,"averageCancellationRate":2.8,"minimumCommission":0.07,"maximumCommission":1.02,"commissionRates":[],"trackingLink":"https://tatrck.com/h/0Hu30z9R0YGW","createdAt":"2023-12-13T13:31:39.465Z","updatedAt":"2024-08-27T05:34:25.237Z"},{"merchantId":140321,"name":"ZipVit UK","imageUri":"https://monetizeamex.com/v3/120x60/d831aaa01e37e5e84720b3bc9c5b05b0.png","currencyCode":"EUR","defaultDomain":"zipvit.co.uk","domains":["zipvit.co.uk"],"categoryId":68,"description":null,"isActive":true,"countryCodes":["GB"],"averageBasketValue":35.11,"averageCommission":1.15,"averageConfirmationTime":6,"averageCancellationRate":63.3,"minimumCommission":0.23,"maximumCommission":2.17,"commissionRates":[{"fixedCommission":null,"percentageCommission":3},{"fixedCommission":null,"percentageCommission":8.4}],"trackingLink":"https://tatrck.com/h/0Hu30z9R0YGX","createdAt":"2023-12-13T13:31:39.681Z","updatedAt":"2024-09-03T17:05:48.698Z"},{"merchantId":140322,"name":"Alamy","imageUri":"https://monetizeamex.com/v3/120x60/88af18c250584b45cbaa8ddb74327944.png","currencyCode":"EUR","defaultDomain":"alamy.com","domains":["alamy.com"],"categoryId":80,"description":null,"isActive":true,"countryCodes":[],"averageBasketValue":82.96,"averageCommission":5.56,"averageConfirmationTime":58,"averageCancellationRate":null,"minimumCommission":0.96,"maximumCommission":46.89,"commissionRates":[],"trackingLink":"https://tatrck.com/h/0Hu30z9R0YGY","createdAt":"2023-12-13T13:31:40.276Z","updatedAt":"2024-09-03T05:51:36.110Z"},{"merchantId":140325,"name":"Fiverr Many GEOs","imageUri":"https://monetizeamex.com/v3/120x60/1ba5cfba2e3d87ad34ba58e5154b2468.png","currencyCode":"EUR","defaultDomain":"fiverr.com","domains":["fiverr.com"],"categoryId":52,"description":null,"isActive":true,"countryCodes":[],"averageBasketValue":0.81,"averageCommission":6.97,"averageConfirmationTime":1,"averageCancellationRate":null,"minimumCommission":0.24,"maximumCommission":196.15,"commissionRates":[{"fixedCommission":null,"percentageCommission":60},{"fixedCommission":4.2,"percentageCommission":null},{"fixedCommission":null,"percentageCommission":60},{"fixedCommission":null,"percentageCommission":60}],"trackingLink":"https://tatrck.com/h/0Hu30z9R0YGb","createdAt":"2023-12-13T13:31:41.170Z","updatedAt":"2024-09-03T17:09:33.483Z"},{"merchantId":140334,"name":"Yes Wellness US","imageUri":"https://monetizeamex.com/v3/120x60/9f74335382afdebee45ab54705381f65.png","currencyCode":"EUR","defaultDomain":"yeswellness.com","domains":["yeswellness.com"],"categoryId":35,"description":null,"isActive":true,"countryCodes":["CA","US"],"averageBasketValue":17.11,"averageCommission":0.82,"averageConfirmationTime":1,"averageCancellationRate":null,"minimumCommission":null,"maximumCommission":null,"commissionRates":[],"trackingLink":"https://tatrck.com/h/0Hu30z9R0YGk","createdAt":"2023-12-13T13:31:47.098Z","updatedAt":"2024-09-03T17:04:49.574Z"},{"merchantId":140347,"name":"Knife Country USA US","imageUri":"https://monetizeamex.com/v3/120x60/09384d5b9b167fb8e91d6514440f71e7.png","currencyCode":"EUR","defaultDomain":"knifecountryusa.com","domains":["knifecountryusa.com"],"categoryId":55,"description":null,"isActive":true,"countryCodes":["US"],"averageBasketValue":null,"averageCommission":null,"averageConfirmationTime":null,"averageCancellationRate":null,"minimumCommission":null,"maximumCommission":null,"commissionRates":[],"trackingLink":"https://tatrck.com/h/0Hu30z9R0YGx","createdAt":"2023-12-13T13:31:51.888Z","updatedAt":"2024-08-23T15:04:24.361Z"},{"merchantId":140353,"name":"RuffleButts US","imageUri":"https://monetizeamex.com/v3/120x60/b4f8a3e2cb8e0e4837954ebbb3e9eae8.png","currencyCode":"EUR","defaultDomain":"rufflebutts.com","domains":["rufflebutts.com"],"categoryId":17,"description":null,"isActive":true,"countryCodes":["US"],"averageBasketValue":62.85,"averageCommission":1.5,"averageConfirmationTime":8,"averageCancellationRate":null,"minimumCommission":0.67,"maximumCommission":1.76,"commissionRates":[{"fixedCommission":null,"percentageCommission":2.4}],"trackingLink":"https://tatrck.com/h/0Hu30z9R0YH1","createdAt":"2023-12-13T13:31:55.870Z","updatedAt":"2024-09-02T05:42:14.038Z"}]}