{"meta":{"next":185901},"data":[{"merchantId":185011,"name":"Nutribullet US","imageUri":"https://monetizeamex.com/v3/120x60/1630b33abca72e38f412ae34db3a4410.png","currencyCode":"EUR","defaultDomain":"nutribullet.com","domains":["nutribullet.com"],"categoryId":68,"description":null,"isActive":true,"countryCodes":["DE","ES"],"averageBasketValue":77.5,"averageCommission":2.35,"averageConfirmationTime":58,"averageCancellationRate":null,"minimumCommission":2.81,"maximumCommission":2.81,"commissionRates":[{"fixedCommission":null,"percentageCommission":3.5999999999999996},{"fixedCommission":null,"percentageCommission":3.5999999999999996}],"trackingLink":"https://tatrck.com/h/0Hu30z9R0jAp","createdAt":"2023-12-13T17:16:22.213Z","updatedAt":"2024-09-02T05:50:31.931Z"},{"merchantId":185023,"name":"OGIO US","imageUri":"https://kqdxc4m5.de/logos_v2/120x60/ec6c8b50ac5da025417322bd44ab64e9.gif","currencyCode":"EUR","defaultDomain":"ogio.com","domains":["ogio.com"],"categoryId":40,"description":null,"isActive":true,"countryCodes":["IO","US"],"averageBasketValue":92.66,"averageCommission":1.06,"averageConfirmationTime":6,"averageCancellationRate":23.100000000000005,"minimumCommission":2.81,"maximumCommission":5.05,"commissionRates":[{"fixedCommission":null,"percentageCommission":3.5999999999999996},{"fixedCommission":null,"percentageCommission":3}],"trackingLink":"https://tatrck.com/h/0Hu30z9R0jA_","createdAt":"2023-12-13T17:16:23.169Z","updatedAt":"2024-09-03T17:06:29.302Z"},{"merchantId":185035,"name":"One Kings Lane US","imageUri":"https://monetizeamex.com/v3/120x60/16793f0286cf4379c5f8dd088c4d248e.png","currencyCode":"EUR","defaultDomain":"onekingslane.com","domains":["onekingslane.com"],"categoryId":34,"description":null,"isActive":true,"countryCodes":["US"],"averageBasketValue":215.1,"averageCommission":6.45,"averageConfirmationTime":2,"averageCancellationRate":null,"minimumCommission":0.99,"maximumCommission":1.79,"commissionRates":[{"fixedCommission":null,"percentageCommission":1.44},{"fixedCommission":null,"percentageCommission":3}],"trackingLink":"https://tatrck.com/h/0Hu30z9R0jBB","createdAt":"2023-12-13T17:16:25.678Z","updatedAt":"2024-08-26T05:57:09.099Z"},{"merchantId":185056,"name":"Outdoor Voices US","imageUri":"https://monetizeamex.com/v3/120x60/aaf8ff617b4a41b8607e0ecc77be7613.png","currencyCode":"EUR","defaultDomain":"outdoorvoices.com","domains":["outdoorvoices.com"],"categoryId":40,"description":null,"isActive":true,"countryCodes":["CA","US"],"averageBasketValue":90.88,"averageCommission":1.03,"averageConfirmationTime":58,"averageCancellationRate":null,"minimumCommission":0.45,"maximumCommission":0.91,"commissionRates":[],"trackingLink":"https://tatrck.com/h/0Hu30z9R0jBW","createdAt":"2023-12-13T17:16:28.686Z","updatedAt":"2024-09-03T09:01:06.069Z"},{"merchantId":185060,"name":"Palmetto Harmony US","imageUri":"https://kqdxc4m5.de/logos_v2/120x60/89da6015ff47e1bab984aa411ef47896.gif","currencyCode":"EUR","defaultDomain":"palmettoharmony.com","domains":["palmettoharmony.com"],"categoryId":68,"description":null,"isActive":true,"countryCodes":["BD"],"averageBasketValue":null,"averageCommission":null,"averageConfirmationTime":null,"averageCancellationRate":null,"minimumCommission":null,"maximumCommission":null,"commissionRates":[],"trackingLink":"https://tatrck.com/h/0Hu30z9R0jBa","createdAt":"2023-12-13T17:16:29.267Z","updatedAt":"2024-07-29T10:59:55.135Z"},{"merchantId":185061,"name":"Panaracer USA US","imageUri":"https://monetizeamex.com/v3/120x60/cb8323bfde8b3e41d66135bcf4d6a6be.png","currencyCode":"EUR","defaultDomain":"panaracerusa.com","domains":["panaracerusa.com"],"categoryId":59,"description":null,"isActive":true,"countryCodes":["US"],"averageBasketValue":null,"averageCommission":null,"averageConfirmationTime":null,"averageCancellationRate":null,"minimumCommission":null,"maximumCommission":null,"commissionRates":[{"fixedCommission":null,"percentageCommission":0.006}],"trackingLink":"https://tatrck.com/h/0Hu30z9R0jBb","createdAt":"2023-12-13T17:16:29.665Z","updatedAt":"2024-08-23T15:01:50.050Z"},{"merchantId":185065,"name":"Parker Clay US","imageUri":"https://kqdxc4m5.de/logos_v2/120x60/9d41f6d33cc09c00daec799646abed98.gif","currencyCode":"EUR","defaultDomain":"parkerclay.com","domains":["parkerclay.com"],"categoryId":40,"description":null,"isActive":true,"countryCodes":["US"],"averageBasketValue":146.16,"averageCommission":3.18,"averageConfirmationTime":58,"averageCancellationRate":null,"minimumCommission":0.88,"maximumCommission":0.88,"commissionRates":[],"trackingLink":"https://tatrck.com/h/0Hu30z9R0jBf","createdAt":"2023-12-13T17:16:31.075Z","updatedAt":"2024-09-03T05:43:00.787Z"},{"merchantId":185088,"name":"Philo US","imageUri":"https://monetizeamex.com/v3/120x60/5977a7272ece2a3d3f4e58d2617b1daf.png","currencyCode":"EUR","defaultDomain":"philo.com","domains":["philo.com"],"categoryId":43,"description":null,"isActive":true,"countryCodes":["US"],"averageBasketValue":null,"averageCommission":3.17,"averageConfirmationTime":null,"averageCancellationRate":null,"minimumCommission":2.41,"maximumCommission":4.81,"commissionRates":[],"trackingLink":"https://tatrck.com/h/0Hu30z9R0jC0","createdAt":"2023-12-13T17:16:35.185Z","updatedAt":"2024-08-30T05:57:38.420Z"},{"merchantId":185089,"name":"Physicians Formula US","imageUri":"https://monetizeamex.com/v3/120x60/78a5ba87eaeb48dc26a4881053f51589.png","currencyCode":"EUR","defaultDomain":"physiciansformula.com","domains":["physiciansformula.com"],"categoryId":28,"description":null,"isActive":true,"countryCodes":["US"],"averageBasketValue":54.82,"averageCommission":1.96,"averageConfirmationTime":null,"averageCancellationRate":null,"minimumCommission":1.23,"maximumCommission":1.46,"commissionRates":[],"trackingLink":"https://tatrck.com/h/0Hu30z9R0jC1","createdAt":"2023-12-13T17:16:35.276Z","updatedAt":"2024-09-03T17:06:36.131Z"},{"merchantId":185092,"name":"Pillow Guy US","imageUri":"https://kqdxc4m5.de/logos_v2/120x60/1a5d181989cbddebb0b40e9cd552d1cb.gif","currencyCode":"EUR","defaultDomain":"pillowguy.com","domains":["pillowguy.com"],"categoryId":74,"description":null,"isActive":true,"countryCodes":["US"],"averageBasketValue":170.61,"averageCommission":10.23,"averageConfirmationTime":null,"averageCancellationRate":null,"minimumCommission":3.91,"maximumCommission":3.91,"commissionRates":[],"trackingLink":"https://tatrck.com/h/0Hu30z9R0jC4","createdAt":"2023-12-13T17:16:37.672Z","updatedAt":"2024-08-23T15:01:48.882Z"},{"merchantId":185094,"name":"PINKBLUSH US","imageUri":"https://kqdxc4m5.de/logos_v2/120x60/4f7df0256bbe373ba0619fb644114ab7.gif","currencyCode":"EUR","defaultDomain":"pinkblushmaternity.com","domains":["pinkblushmaternity.com"],"categoryId":40,"description":null,"isActive":true,"countryCodes":["US"],"averageBasketValue":148.81,"averageCommission":3.57,"averageConfirmationTime":null,"averageCancellationRate":null,"minimumCommission":3.06,"maximumCommission":4.73,"commissionRates":[],"trackingLink":"https://tatrck.com/h/0Hu30z9R0jC6","createdAt":"2023-12-13T17:16:36.271Z","updatedAt":"2024-09-03T05:52:30.475Z"},{"merchantId":185114,"name":"Presetpro Lightroom Presets US","imageUri":"https://kqdxc4m5.de/logos_v2/120x60/ade545dd2ba413b94acd3800299a6e6a.gif","currencyCode":"EUR","defaultDomain":"presetpro.com","domains":["presetpro.com"],"categoryId":80,"description":null,"isActive":true,"countryCodes":["US"],"averageBasketValue":12.58,"averageCommission":0.64,"averageConfirmationTime":null,"averageCancellationRate":null,"minimumCommission":null,"maximumCommission":null,"commissionRates":[],"trackingLink":"https://tatrck.com/h/0Hu30z9R0jCQ","createdAt":"2023-12-13T17:16:39.680Z","updatedAt":"2024-08-23T15:01:42.873Z"},{"merchantId":185128,"name":"QBD Books US","imageUri":"https://kqdxc4m5.de/logos_v2/120x60/03dbb11a24ce53dcf31c08e56e2beee7.gif","currencyCode":"EUR","defaultDomain":"qbd.com.au","domains":["qbd.com.au"],"categoryId":21,"description":null,"isActive":true,"countryCodes":["US"],"averageBasketValue":23.24,"averageCommission":0.83,"averageConfirmationTime":null,"averageCancellationRate":null,"minimumCommission":0.31,"maximumCommission":1.06,"commissionRates":[{"fixedCommission":null,"percentageCommission":3.5999999999999996}],"trackingLink":"https://tatrck.com/h/0Hu30z9R0jCe","createdAt":"2023-12-13T17:16:41.174Z","updatedAt":"2024-09-03T17:07:21.351Z"},{"merchantId":185154,"name":"RepairSmith US","imageUri":"https://kqdxc4m5.de/logos_v2/120x60/c1a41c0814ea7d6f83703fa36faa8c62.gif","currencyCode":"EUR","defaultDomain":"autonationmobileservice.com","domains":["autonationmobileservice.com"],"categoryId":3,"description":null,"isActive":true,"countryCodes":["US"],"averageBasketValue":null,"averageCommission":19.74,"averageConfirmationTime":null,"averageCancellationRate":null,"minimumCommission":19.74,"maximumCommission":19.74,"commissionRates":[{"fixedCommission":19.2,"percentageCommission":null}],"trackingLink":"https://tatrck.com/h/0Hu30z9R0jD2","createdAt":"2023-12-13T17:16:45.172Z","updatedAt":"2024-08-21T11:34:36.136Z"},{"merchantId":185156,"name":"ReserveBar US","imageUri":"https://monetizeamex.com/v3/120x60/2d8a12f5b2ddf949005a0f408b87629f.png","currencyCode":"EUR","defaultDomain":"reservebar.com","domains":["reservebar.com"],"categoryId":4,"description":null,"isActive":true,"countryCodes":["US"],"averageBasketValue":116.96,"averageCommission":0.69,"averageConfirmationTime":null,"averageCancellationRate":null,"minimumCommission":0.03,"maximumCommission":7.58,"commissionRates":[{"fixedCommission":null,"percentageCommission":0.6}],"trackingLink":"https://tatrck.com/h/0Hu30z9R0jD4","createdAt":"2023-12-13T17:16:45.383Z","updatedAt":"2024-08-26T05:59:48.081Z"},{"merchantId":185160,"name":"Rheos Gear US","imageUri":"https://kqdxc4m5.de/logos_v2/120x60/4f74c581228db7e083a6160a2551b277.gif","currencyCode":"EUR","defaultDomain":"rheosgear.com","domains":["rheosgear.com"],"categoryId":40,"description":null,"isActive":true,"countryCodes":["US"],"averageBasketValue":66.14,"averageCommission":5.5,"averageConfirmationTime":13,"averageCancellationRate":null,"minimumCommission":null,"maximumCommission":null,"commissionRates":[{"fixedCommission":null,"percentageCommission":2.4}],"trackingLink":"https://tatrck.com/h/0Hu30z9R0jD8","createdAt":"2023-12-13T17:16:47.973Z","updatedAt":"2024-08-23T15:03:02.504Z"},{"merchantId":185162,"name":"Ridge Merino US","imageUri":"https://monetizeamex.com/v3/120x60/b841ffab25575a0f109f4fcfba4cf617.png","currencyCode":"EUR","defaultDomain":"ridgemerino.com","domains":["ridgemerino.com"],"categoryId":40,"description":null,"isActive":true,"countryCodes":["US"],"averageBasketValue":88.14,"averageCommission":3.38,"averageConfirmationTime":null,"averageCancellationRate":null,"minimumCommission":1.92,"maximumCommission":10.08,"commissionRates":[],"trackingLink":"https://tatrck.com/h/0Hu30z9R0jDA","createdAt":"2023-12-13T17:16:46.878Z","updatedAt":"2024-09-03T05:52:30.342Z"},{"merchantId":185165,"name":"Robins Kitchen US","imageUri":"https://monetizeamex.com/v3/120x60/46c61a1764ae68d06ddf7a60e6027be3.png","currencyCode":"EUR","defaultDomain":"robinskitchen.com.au","domains":["robinskitchen.com.au"],"categoryId":72,"description":null,"isActive":true,"countryCodes":[],"averageBasketValue":88.67,"averageCommission":2.08,"averageConfirmationTime":null,"averageCancellationRate":null,"minimumCommission":2.4,"maximumCommission":3.12,"commissionRates":[{"fixedCommission":null,"percentageCommission":1.7999999999999998},{"fixedCommission":null,"percentageCommission":4.8}],"trackingLink":"https://tatrck.com/h/0Hu30z9R0jDD","createdAt":"2023-12-13T17:16:48.875Z","updatedAt":"2024-09-03T17:05:35.625Z"},{"merchantId":185168,"name":"Roofing Superstore US","imageUri":"https://monetizeamex.com/v3/120x60/b9937e8d999fd7477171747803100776.png","currencyCode":"EUR","defaultDomain":"roofingsuperstore.co.uk","domains":["roofingsuperstore.co.uk"],"categoryId":74,"description":null,"isActive":true,"countryCodes":["GB"],"averageBasketValue":738.29,"averageCommission":7.4,"averageConfirmationTime":58,"averageCancellationRate":null,"minimumCommission":2.1,"maximumCommission":19.43,"commissionRates":[],"trackingLink":"https://tatrck.com/h/0Hu30z9R0jDG","createdAt":"2023-12-13T17:16:48.286Z","updatedAt":"2024-09-03T17:08:14.647Z"},{"merchantId":185171,"name":"Rover IT US","imageUri":"https://kqdxc4m5.de/logos_v2/120x60/cba90b4887c9a13222bbca8f408488c9.gif","currencyCode":"EUR","defaultDomain":"rover.com","domains":["rover.com"],"categoryId":61,"description":null,"isActive":true,"countryCodes":["US"],"averageBasketValue":91.82,"averageCommission":1.08,"averageConfirmationTime":null,"averageCancellationRate":60.2,"minimumCommission":0.44,"maximumCommission":19.47,"commissionRates":[{"fixedCommission":null,"percentageCommission":2.4},{"fixedCommission":null,"percentageCommission":4.8},{"fixedCommission":null,"percentageCommission":9.6},{"fixedCommission":9.6,"percentageCommission":null},{"fixedCommission":4.8,"percentageCommission":null}],"trackingLink":"https://tatrck.com/h/0Hu30z9R0jDJ","createdAt":"2023-12-13T17:16:50.977Z","updatedAt":"2024-09-03T17:05:56.469Z"},{"merchantId":185180,"name":"Rural Haze US","imageUri":"https://kqdxc4m5.de/logos_v2/120x60/fdce70b1bf9487d002100a43f4986a5d.gif","currencyCode":"EUR","defaultDomain":"ruralhaze.com","domains":["ruralhaze.com"],"categoryId":40,"description":null,"isActive":true,"countryCodes":["US"],"averageBasketValue":234.63,"averageCommission":9.01,"averageConfirmationTime":null,"averageCancellationRate":null,"minimumCommission":null,"maximumCommission":null,"commissionRates":[],"trackingLink":"https://tatrck.com/h/0Hu30z9R0jDS","createdAt":"2023-12-13T17:16:49.966Z","updatedAt":"2024-08-23T15:01:42.854Z"},{"merchantId":185185,"name":"Sagan Life US","imageUri":"https://kqdxc4m5.de/logos_v2/120x60/076d1cf074b0f452124b92b6584214e9.gif","currencyCode":"EUR","defaultDomain":"saganpotablewater.com","domains":["saganpotablewater.com"],"categoryId":72,"description":null,"isActive":true,"countryCodes":["US"],"averageBasketValue":null,"averageCommission":null,"averageConfirmationTime":null,"averageCancellationRate":null,"minimumCommission":null,"maximumCommission":null,"commissionRates":[],"trackingLink":"https://tatrck.com/h/0Hu30z9R0jDX","createdAt":"2023-12-13T17:16:52.283Z","updatedAt":"2024-08-23T15:04:46.758Z"},{"merchantId":185197,"name":"Seavees US","imageUri":"https://monetizeamex.com/v3/120x60/a98ff147c772076970d44bdb90b3acb3.png","currencyCode":"EUR","defaultDomain":"seavees.com","domains":["seavees.com"],"categoryId":40,"description":null,"isActive":true,"countryCodes":["US"],"averageBasketValue":100.25,"averageCommission":2.4,"averageConfirmationTime":58,"averageCancellationRate":null,"minimumCommission":2.09,"maximumCommission":3.07,"commissionRates":[{"fixedCommission":null,"percentageCommission":2.4}],"trackingLink":"https://tatrck.com/h/0Hu30z9R0jDj","createdAt":"2023-12-13T17:16:54.475Z","updatedAt":"2024-09-03T17:08:15.267Z"},{"merchantId":185202,"name":"Sephra US","imageUri":"https://monetizeamex.com/v3/120x60/9838e48c618856748e7aab57ba16f59d.png","currencyCode":"EUR","defaultDomain":"sephrausa.com","domains":["sephrausa.com"],"categoryId":14,"description":null,"isActive":true,"countryCodes":["US"],"averageBasketValue":218.93,"averageCommission":10.5,"averageConfirmationTime":null,"averageCancellationRate":null,"minimumCommission":7,"maximumCommission":7,"commissionRates":[{"fixedCommission":null,"percentageCommission":4.8},{"fixedCommission":null,"percentageCommission":4.8}],"trackingLink":"https://tatrck.com/h/0Hu30z9R0jDo","createdAt":"2023-12-13T17:16:53.200Z","updatedAt":"2024-08-23T15:01:28.977Z"},{"merchantId":185205,"name":"Sharp Home Appliances US","imageUri":"https://kqdxc4m5.de/logos_v2/120x60/a63d0049188b20154b7ceaa074cd4a6f.gif","currencyCode":"EUR","defaultDomain":"sharpusa.com","domains":["sharpusa.com"],"categoryId":74,"description":null,"isActive":true,"countryCodes":["US"],"averageBasketValue":227.45,"averageCommission":9.63,"averageConfirmationTime":null,"averageCancellationRate":null,"minimumCommission":12.19,"maximumCommission":12.19,"commissionRates":[{"fixedCommission":null,"percentageCommission":4.8},{"fixedCommission":null,"percentageCommission":2.4},{"fixedCommission":null,"percentageCommission":9.6},{"fixedCommission":null,"percentageCommission":7.199999999999999}],"trackingLink":"https://tatrck.com/h/0Hu30z9R0jDr","createdAt":"2023-12-13T17:16:54.167Z","updatedAt":"2024-08-23T15:01:45.833Z"},{"merchantId":185208,"name":"Shoe Sensation US","imageUri":"https://kqdxc4m5.de/logos_v2/120x60/5e252991bbb06806b64606c7974220ea.gif","currencyCode":"EUR","defaultDomain":"shoesensation.com","domains":["shoesensation.com"],"categoryId":40,"description":null,"isActive":true,"countryCodes":["US"],"averageBasketValue":40.42,"averageCommission":0.94,"averageConfirmationTime":null,"averageCancellationRate":null,"minimumCommission":1.21,"maximumCommission":1.21,"commissionRates":[],"trackingLink":"https://tatrck.com/h/0Hu30z9R0jDu","createdAt":"2023-12-13T17:16:56.071Z","updatedAt":"2024-08-26T09:01:38.558Z"},{"merchantId":185222,"name":"Sideshow US","imageUri":"https://monetizeamex.com/v3/120x60/4231064850b37fe2d8f00f0f35ea7add.png","currencyCode":"EUR","defaultDomain":"sideshow.com","domains":["sideshow.com"],"categoryId":82,"description":null,"isActive":true,"countryCodes":["US"],"averageBasketValue":266.87,"averageCommission":8.56,"averageConfirmationTime":null,"averageCancellationRate":2.7,"minimumCommission":0.03,"maximumCommission":51.94,"commissionRates":[{"fixedCommission":null,"percentageCommission":3},{"fixedCommission":null,"percentageCommission":2.4}],"trackingLink":"https://tatrck.com/h/0Hu30z9R0jE6","createdAt":"2023-12-13T17:16:58.080Z","updatedAt":"2024-09-02T05:53:18.607Z"},{"merchantId":185224,"name":"Signals US","imageUri":"https://monetizeamex.com/v3/120x60/6f53609730b8f1063b045b56b8c17339.png","currencyCode":"EUR","defaultDomain":"signals.com","domains":["signals.com"],"categoryId":47,"description":null,"isActive":true,"countryCodes":["US"],"averageBasketValue":77.06,"averageCommission":2.73,"averageConfirmationTime":null,"averageCancellationRate":null,"minimumCommission":0.46,"maximumCommission":0.46,"commissionRates":[],"trackingLink":"https://tatrck.com/h/0Hu30z9R0jE8","createdAt":"2023-12-13T17:16:58.394Z","updatedAt":"2024-08-15T09:09:37.243Z"},{"merchantId":185234,"name":"Sixity Auto US","imageUri":"https://kqdxc4m5.de/logos_v2/120x60/12f8a7c5e155bf72f8bca13e2d85b3e3.gif","currencyCode":"EUR","defaultDomain":"sixityauto.com","domains":["sixityauto.com"],"categoryId":59,"description":null,"isActive":true,"countryCodes":["US"],"averageBasketValue":608.18,"averageCommission":21.89,"averageConfirmationTime":null,"averageCancellationRate":null,"minimumCommission":14.34,"maximumCommission":14.34,"commissionRates":[{"fixedCommission":null,"percentageCommission":3.5999999999999996}],"trackingLink":"https://tatrck.com/h/0Hu30z9R0jEI","createdAt":"2023-12-13T17:16:59.982Z","updatedAt":"2024-08-23T15:02:03.845Z"},{"merchantId":185239,"name":"Skylar Body, Inc. US","imageUri":"https://kqdxc4m5.de/logos_v2/120x60/68c1abbdc9f9d02a5a10b8ec53ade27f.gif","currencyCode":"EUR","defaultDomain":"skylar.com","domains":["skylar.com"],"categoryId":28,"description":null,"isActive":true,"countryCodes":["US"],"averageBasketValue":40.21,"averageCommission":0.76,"averageConfirmationTime":null,"averageCancellationRate":null,"minimumCommission":null,"maximumCommission":null,"commissionRates":[{"fixedCommission":null,"percentageCommission":1.92}],"trackingLink":"https://tatrck.com/h/0Hu30z9R0jEN","createdAt":"2023-12-13T17:17:00.722Z","updatedAt":"2024-08-23T15:02:12.261Z"},{"merchantId":185258,"name":"Soko Glam US","imageUri":"https://monetizeamex.com/v3/120x60/2c4f3bb0a332b61604aeb092202b1af8.png","currencyCode":"EUR","defaultDomain":"sokoglam.com","domains":["sokoglam.com"],"categoryId":28,"description":null,"isActive":true,"countryCodes":["US"],"averageBasketValue":41.11,"averageCommission":0.33,"averageConfirmationTime":null,"averageCancellationRate":null,"minimumCommission":0.15,"maximumCommission":1.59,"commissionRates":[{"fixedCommission":null,"percentageCommission":0.48},{"fixedCommission":null,"percentageCommission":0.96}],"trackingLink":"https://tatrck.com/h/0Hu30z9R0jEg","createdAt":"2023-12-13T17:17:04.996Z","updatedAt":"2024-08-31T05:52:31.619Z"},{"merchantId":185260,"name":"Soundop Audio Editor US","imageUri":"https://monetizeamex.com/v3/120x60/1584bfa22bebb7e180949f35833990ac.png","currencyCode":"EUR","defaultDomain":"ivosight.com","domains":["ivosight.com"],"categoryId":37,"description":null,"isActive":true,"countryCodes":[],"averageBasketValue":null,"averageCommission":null,"averageConfirmationTime":null,"averageCancellationRate":null,"minimumCommission":null,"maximumCommission":null,"commissionRates":[{"fixedCommission":null,"percentageCommission":18}],"trackingLink":"https://tatrck.com/h/0Hu30z9R0jEi","createdAt":"2023-12-13T17:17:05.380Z","updatedAt":"2024-08-23T15:05:43.251Z"},{"merchantId":185264,"name":"Spectrum Collections US","imageUri":"https://kqdxc4m5.de/logos_v2/120x60/a16c30ec30175e7e31fd01c3a385c78d.gif","currencyCode":"EUR","defaultDomain":"spectrumcollections.com","domains":["spectrumcollections.com"],"categoryId":28,"description":null,"isActive":true,"countryCodes":["GB"],"averageBasketValue":63.06,"averageCommission":2.31,"averageConfirmationTime":null,"averageCancellationRate":1.4,"minimumCommission":0.57,"maximumCommission":3.76,"commissionRates":[{"fixedCommission":null,"percentageCommission":2.4},{"fixedCommission":null,"percentageCommission":4.8}],"trackingLink":"https://tatrck.com/h/0Hu30z9R0jEm","createdAt":"2023-12-13T17:17:05.974Z","updatedAt":"2024-09-03T17:04:34.724Z"},{"merchantId":185266,"name":"SPOT US","imageUri":"https://kqdxc4m5.de/logos_v2/120x60/aaf7b1b6bb75ce1862502692ff5c31f9.gif","currencyCode":"EUR","defaultDomain":"findmespot.com","domains":["findmespot.com"],"categoryId":72,"description":null,"isActive":true,"countryCodes":["US"],"averageBasketValue":168.29,"averageCommission":4.03,"averageConfirmationTime":null,"averageCancellationRate":null,"minimumCommission":4.13,"maximumCommission":4.13,"commissionRates":[],"trackingLink":"https://tatrck.com/h/0Hu30z9R0jEo","createdAt":"2023-12-13T17:17:06.508Z","updatedAt":"2024-09-02T05:53:28.777Z"},{"merchantId":185269,"name":"Squeezi | Growth US","imageUri":"https://kqdxc4m5.de/logos_v2/120x60/ed22623745c5bdc515dc791678335b15.gif","currencyCode":"EUR","defaultDomain":"thesqueezi.com","domains":["thesqueezi.com"],"categoryId":74,"description":null,"isActive":true,"countryCodes":["US"],"averageBasketValue":null,"averageCommission":null,"averageConfirmationTime":null,"averageCancellationRate":null,"minimumCommission":null,"maximumCommission":null,"commissionRates":[],"trackingLink":"https://tatrck.com/h/0Hu30z9R0jEr","createdAt":"2023-12-13T17:17:08.273Z","updatedAt":"2024-08-23T15:03:34.101Z"},{"merchantId":185270,"name":"St Frock AU US","imageUri":"https://monetizeamex.com/v3/120x60/fb4ae57fe94c4efa43effe01acbd5358.png","currencyCode":"EUR","defaultDomain":"stfrock.com.au","domains":["stfrock.com.au"],"categoryId":40,"description":null,"isActive":true,"countryCodes":["AU"],"averageBasketValue":29.94,"averageCommission":0.75,"averageConfirmationTime":null,"averageCancellationRate":null,"minimumCommission":0.75,"maximumCommission":0.75,"commissionRates":[],"trackingLink":"https://tatrck.com/h/0Hu30z9R0jEs","createdAt":"2023-12-13T17:17:07.092Z","updatedAt":"2024-08-26T09:02:02.846Z"},{"merchantId":185273,"name":"StackPath US","imageUri":"https://kqdxc4m5.de/logos_v2/120x60/b16ec33e253512c47926c37a7b2b8cf5.gif","currencyCode":"EUR","defaultDomain":"stackpath.com","domains":["stackpath.com"],"categoryId":49,"description":null,"isActive":true,"countryCodes":["US"],"averageBasketValue":null,"averageCommission":null,"averageConfirmationTime":null,"averageCancellationRate":null,"minimumCommission":null,"maximumCommission":null,"commissionRates":[],"trackingLink":"https://tatrck.com/h/0Hu30z9R0jEv","createdAt":"2023-12-13T17:17:07.669Z","updatedAt":"2024-08-23T15:01:35.022Z"},{"merchantId":185274,"name":"Treasury Wine Estates US","imageUri":"https://monetizeamex.com/v3/120x60/91c3e556245ccbd3e3dbed845d7b5831.png","currencyCode":"EUR","defaultDomain":"stagsleap.com","domains":["stagsleap.com"],"categoryId":73,"description":null,"isActive":true,"countryCodes":["US"],"averageBasketValue":355.76,"averageCommission":3.41,"averageConfirmationTime":null,"averageCancellationRate":null,"minimumCommission":3.02,"maximumCommission":5.25,"commissionRates":[{"fixedCommission":null,"percentageCommission":0.48},{"fixedCommission":null,"percentageCommission":1.44}],"trackingLink":"https://tatrck.com/h/0Hu30z9R0jEw","createdAt":"2023-12-13T17:17:07.988Z","updatedAt":"2024-08-25T05:44:01.284Z"},{"merchantId":185281,"name":"Step2 Discovery US","imageUri":"https://monetizeamex.com/v3/120x60/cf5942ce234310bb52db2251a7cd9826.png","currencyCode":"EUR","defaultDomain":"step2.com","domains":["step2.com"],"categoryId":17,"description":null,"isActive":true,"countryCodes":["US"],"averageBasketValue":59.97,"averageCommission":0.86,"averageConfirmationTime":null,"averageCancellationRate":null,"minimumCommission":0.09,"maximumCommission":0.09,"commissionRates":[],"trackingLink":"https://tatrck.com/h/0Hu30z9R0jF1","createdAt":"2023-12-13T17:17:09.389Z","updatedAt":"2024-09-03T17:09:27.899Z"},{"merchantId":185289,"name":"Student Beans (AU) US","imageUri":"https://monetizeamex.com/v3/120x60/6d3ec97cf571e74792e21c871b6314e9.png","currencyCode":"EUR","defaultDomain":"studentbeans.com","domains":["studentbeans.com"],"categoryId":44,"description":null,"isActive":true,"countryCodes":[],"averageBasketValue":null,"averageCommission":null,"averageConfirmationTime":null,"averageCancellationRate":null,"minimumCommission":null,"maximumCommission":null,"commissionRates":[],"trackingLink":"https://tatrck.com/h/0Hu30z9R0jF9","createdAt":"2023-12-13T17:17:11.071Z","updatedAt":"2024-08-21T11:43:46.706Z"},{"merchantId":185291,"name":"Sugarbear Pro US","imageUri":"https://monetizeamex.com/v3/120x60/948076038529746256df8495f206f041.png","currencyCode":"EUR","defaultDomain":"sugarbearpro.com","domains":["sugarbearpro.com"],"categoryId":28,"description":null,"isActive":true,"countryCodes":["US"],"averageBasketValue":69.09,"averageCommission":2.07,"averageConfirmationTime":null,"averageCancellationRate":null,"minimumCommission":1.45,"maximumCommission":1.45,"commissionRates":[],"trackingLink":"https://tatrck.com/h/0Hu30z9R0jFB","createdAt":"2023-12-13T17:17:11.280Z","updatedAt":"2024-09-03T17:03:25.924Z"},{"merchantId":185302,"name":"Survivor Filter US","imageUri":"https://kqdxc4m5.de/logos_v2/120x60/a99ca292a9220be1d0a60563972c25b9.gif","currencyCode":"EUR","defaultDomain":"survivorfilter.com","domains":["survivorfilter.com"],"categoryId":74,"description":null,"isActive":true,"countryCodes":["US"],"averageBasketValue":87.97,"averageCommission":4.21,"averageConfirmationTime":null,"averageCancellationRate":null,"minimumCommission":null,"maximumCommission":null,"commissionRates":[{"fixedCommission":null,"percentageCommission":4.8}],"trackingLink":"https://tatrck.com/h/0Hu30z9R0jFM","createdAt":"2023-12-13T17:17:11.987Z","updatedAt":"2024-08-23T15:01:39.715Z"},{"merchantId":185309,"name":"Swyft Filings, LLC US","imageUri":"https://monetizeamex.com/v3/120x60/8bf93e30a5a9e8c932ce054e2006276f.png","currencyCode":"EUR","defaultDomain":"swyftfilings.com","domains":["swyftfilings.com"],"categoryId":41,"description":null,"isActive":true,"countryCodes":["US"],"averageBasketValue":285.03,"averageCommission":39.19,"averageConfirmationTime":null,"averageCancellationRate":null,"minimumCommission":39.48,"maximumCommission":41.64,"commissionRates":[{"fixedCommission":48,"percentageCommission":null}],"trackingLink":"https://tatrck.com/h/0Hu30z9R0jFT","createdAt":"2023-12-13T17:17:13.191Z","updatedAt":"2024-08-31T05:53:53.933Z"},{"merchantId":185311,"name":"T-Bo Clothing US","imageUri":"https://kqdxc4m5.de/logos_v2/120x60/ff78675ee6597b4fb38feb3c04c81477.gif","currencyCode":"EUR","defaultDomain":"tbo.clothing","domains":["tbo.clothing"],"categoryId":40,"description":null,"isActive":true,"countryCodes":["US"],"averageBasketValue":null,"averageCommission":null,"averageConfirmationTime":null,"averageCancellationRate":null,"minimumCommission":null,"maximumCommission":null,"commissionRates":[],"trackingLink":"https://tatrck.com/h/0Hu30z9R0jFV","createdAt":"2023-12-13T17:17:13.282Z","updatedAt":"2024-08-23T15:01:51.957Z"},{"merchantId":185330,"name":"Text.Design US","imageUri":"https://kqdxc4m5.de/logos_v2/120x60/82dbb4510eb9060d0ec83764a82f7e78.gif","currencyCode":"EUR","defaultDomain":"text.design","domains":["text.design"],"categoryId":37,"description":null,"isActive":true,"countryCodes":["GB"],"averageBasketValue":null,"averageCommission":null,"averageConfirmationTime":null,"averageCancellationRate":null,"minimumCommission":null,"maximumCommission":null,"commissionRates":[],"trackingLink":"https://tatrck.com/h/0Hu30z9R0jFo","createdAt":"2023-12-13T17:17:16.966Z","updatedAt":"2024-07-29T11:31:24.535Z"},{"merchantId":185363,"name":"The Laundress US","imageUri":"https://kqdxc4m5.de/logos_v2/120x60/cd7c56985ac88abc3b7072d8370a7589.gif","currencyCode":"EUR","defaultDomain":"thelaundress.com","domains":["thelaundress.com"],"categoryId":72,"description":null,"isActive":true,"countryCodes":["US"],"averageBasketValue":22.09,"averageCommission":0.65,"averageConfirmationTime":null,"averageCancellationRate":null,"minimumCommission":2.08,"maximumCommission":2.08,"commissionRates":[{"fixedCommission":null,"percentageCommission":2.4},{"fixedCommission":null,"percentageCommission":0.96}],"trackingLink":"https://tatrck.com/h/0Hu30z9R0jGJ","createdAt":"2023-12-13T17:17:19.974Z","updatedAt":"2024-09-02T05:52:24.213Z"},{"merchantId":185377,"name":"The Outnet","imageUri":"https://monetizeamex.com/v3/120x60/96e011b806722de2a4a258a62df8921e.png","currencyCode":"EUR","defaultDomain":"theoutnet.com","domains":["theoutnet.com"],"categoryId":40,"description":null,"isActive":true,"countryCodes":["AE"],"averageBasketValue":331.58,"averageCommission":10.56,"averageConfirmationTime":null,"averageCancellationRate":null,"minimumCommission":10.15,"maximumCommission":19.64,"commissionRates":[],"trackingLink":"https://tatrck.com/h/0Hu30z9R0jGX","createdAt":"2023-12-13T17:17:22.169Z","updatedAt":"2024-09-02T05:54:19.803Z"},{"merchantId":185378,"name":"The Parking Spot US","imageUri":"https://kqdxc4m5.de/logos_v2/120x60/2bd506ee75acb30ac6f105ef6ab6e13b.gif","currencyCode":"EUR","defaultDomain":"theparkingspot.com","domains":["theparkingspot.com"],"categoryId":63,"description":null,"isActive":true,"countryCodes":["US"],"averageBasketValue":61.09,"averageCommission":1.02,"averageConfirmationTime":null,"averageCancellationRate":null,"minimumCommission":0.35,"maximumCommission":6.9,"commissionRates":[],"trackingLink":"https://tatrck.com/h/0Hu30z9R0jGY","createdAt":"2023-12-13T17:17:21.068Z","updatedAt":"2024-09-01T05:53:49.410Z"},{"merchantId":185396,"name":"Thompson/Center Accessories US","imageUri":"https://kqdxc4m5.de/logos_v2/120x60/cc2439ba095eb157fbcc2c1341a78203.gif","currencyCode":"EUR","defaultDomain":"tcarms.com","domains":["tcarms.com"],"categoryId":40,"description":null,"isActive":true,"countryCodes":["US"],"averageBasketValue":null,"averageCommission":null,"averageConfirmationTime":null,"averageCancellationRate":null,"minimumCommission":null,"maximumCommission":null,"commissionRates":[],"trackingLink":"https://tatrck.com/h/0Hu30z9R0jGq","createdAt":"2023-12-13T17:17:23.977Z","updatedAt":"2024-08-23T15:02:10.461Z"},{"merchantId":185397,"name":"Thorlos Socks US","imageUri":"https://kqdxc4m5.de/logos_v2/120x60/9d479de5966a0482d5c089c1c08935c8.gif","currencyCode":"EUR","defaultDomain":"thorlo.com","domains":["thorlo.com"],"categoryId":40,"description":null,"isActive":true,"countryCodes":["US"],"averageBasketValue":40.32,"averageCommission":1.2,"averageConfirmationTime":null,"averageCancellationRate":null,"minimumCommission":null,"maximumCommission":null,"commissionRates":[],"trackingLink":"https://tatrck.com/h/0Hu30z9R0jGr","createdAt":"2023-12-13T17:17:24.288Z","updatedAt":"2024-09-02T05:54:49.318Z"},{"merchantId":185406,"name":"Toad&Co US","imageUri":"https://monetizeamex.com/v3/120x60/87b75ee801f569c80485a2b9ece9f73f.png","currencyCode":"EUR","defaultDomain":"toadandco.com","domains":["toadandco.com"],"categoryId":40,"description":null,"isActive":true,"countryCodes":["US"],"averageBasketValue":67.12,"averageCommission":1.81,"averageConfirmationTime":null,"averageCancellationRate":3.5,"minimumCommission":0.62,"maximumCommission":4.02,"commissionRates":[],"trackingLink":"https://tatrck.com/h/0Hu30z9R0jG-","createdAt":"2023-12-13T17:17:25.478Z","updatedAt":"2024-09-01T05:53:06.221Z"},{"merchantId":185408,"name":"Toner Buzz US","imageUri":"https://monetizeamex.com/v3/120x60/f44f8c5ce26adaf87bafa679d70d35b7.png","currencyCode":"EUR","defaultDomain":"tonerbuzz.com","domains":["tonerbuzz.com"],"categoryId":70,"description":null,"isActive":true,"countryCodes":["US"],"averageBasketValue":169.01,"averageCommission":1.25,"averageConfirmationTime":null,"averageCancellationRate":null,"minimumCommission":0.76,"maximumCommission":1.28,"commissionRates":[{"fixedCommission":null,"percentageCommission":0.6},{"fixedCommission":null,"percentageCommission":1.44}],"trackingLink":"https://tatrck.com/h/0Hu30z9R0jH0","createdAt":"2023-12-13T17:17:26.565Z","updatedAt":"2024-08-23T15:02:12.438Z"},{"merchantId":185425,"name":"TransUnion Canada US","imageUri":"https://kqdxc4m5.de/logos_v2/120x60/378f9589bcab3513cbb7b73428c35b1e.gif","currencyCode":"EUR","defaultDomain":"transunion.ca","domains":["transunion.ca"],"categoryId":66,"description":null,"isActive":true,"countryCodes":["CA"],"averageBasketValue":21.56,"averageCommission":21.91,"averageConfirmationTime":5,"averageCancellationRate":null,"minimumCommission":22.35,"maximumCommission":22.59,"commissionRates":[],"trackingLink":"https://tatrck.com/h/0Hu30z9R0jHH","createdAt":"2023-12-13T17:17:29.273Z","updatedAt":"2024-08-27T05:46:18.650Z"},{"merchantId":185435,"name":"Trident Fly Fishing US","imageUri":"https://kqdxc4m5.de/logos_v2/120x60/e947cc4c0cfa2a3168ea60c05601655b.gif","currencyCode":"EUR","defaultDomain":"tridentflyfishing.com","domains":["tridentflyfishing.com"],"categoryId":55,"description":null,"isActive":true,"countryCodes":["US"],"averageBasketValue":null,"averageCommission":null,"averageConfirmationTime":null,"averageCancellationRate":null,"minimumCommission":null,"maximumCommission":null,"commissionRates":[{"fixedCommission":null,"percentageCommission":2.4}],"trackingLink":"https://tatrck.com/h/0Hu30z9R0jHR","createdAt":"2023-12-13T17:17:31.765Z","updatedAt":"2024-08-23T15:04:28.809Z"},{"merchantId":185441,"name":"Tru Niagen US","imageUri":"https://monetizeamex.com/v3/120x60/82b7f2ce11d2ccd528e1e88830d4f24d.png","currencyCode":"EUR","defaultDomain":"truniagen.com","domains":["truniagen.com"],"categoryId":68,"description":null,"isActive":true,"countryCodes":["US"],"averageBasketValue":112.71,"averageCommission":7,"averageConfirmationTime":null,"averageCancellationRate":null,"minimumCommission":1.23,"maximumCommission":7.95,"commissionRates":[{"fixedCommission":null,"percentageCommission":7.199999999999999}],"trackingLink":"https://tatrck.com/h/0Hu30z9R0jHX","createdAt":"2023-12-13T17:17:30.187Z","updatedAt":"2024-09-03T17:03:24.119Z"},{"merchantId":185442,"name":"True Shot Gun Club US","imageUri":"https://kqdxc4m5.de/logos_v2/120x60/f608c4a4dade408f4350d38f445cdab3.gif","currencyCode":"EUR","defaultDomain":"trueshotgunclub.com","domains":["trueshotgunclub.com"],"categoryId":55,"description":null,"isActive":true,"countryCodes":["US"],"averageBasketValue":210.84,"averageCommission":3.27,"averageConfirmationTime":null,"averageCancellationRate":null,"minimumCommission":1.12,"maximumCommission":3.95,"commissionRates":[{"fixedCommission":null,"percentageCommission":2.16}],"trackingLink":"https://tatrck.com/h/0Hu30z9R0jHY","createdAt":"2023-12-13T17:17:31.078Z","updatedAt":"2024-08-24T05:52:25.929Z"},{"merchantId":185446,"name":"TryTheCBD US","imageUri":"https://kqdxc4m5.de/logos_v2/120x60/22c6d07dd18a32bcdc987911f9305990.gif","currencyCode":"EUR","defaultDomain":"trythecbd.com","domains":["trythecbd.com"],"categoryId":35,"description":null,"isActive":true,"countryCodes":["US","BD"],"averageBasketValue":null,"averageCommission":null,"averageConfirmationTime":null,"averageCancellationRate":null,"minimumCommission":null,"maximumCommission":null,"commissionRates":[{"fixedCommission":null,"percentageCommission":14.399999999999999}],"trackingLink":"https://tatrck.com/h/0Hu30z9R0jHc","createdAt":"2023-12-13T17:17:32.171Z","updatedAt":"2024-08-23T15:01:44.610Z"},{"merchantId":185475,"name":"Venga CBD US","imageUri":"https://monetizeamex.com/v3/120x60/adc4eb7db950a90b6d9d8686fab3a959.png","currencyCode":"EUR","defaultDomain":"vengaendurance.com","domains":["vengaendurance.com"],"categoryId":28,"description":null,"isActive":true,"countryCodes":["US"],"averageBasketValue":null,"averageCommission":null,"averageConfirmationTime":null,"averageCancellationRate":null,"minimumCommission":null,"maximumCommission":null,"commissionRates":[],"trackingLink":"https://tatrck.com/h/0Hu30z9R0jI3","createdAt":"2023-12-13T17:17:37.492Z","updatedAt":"2024-08-23T15:02:04.169Z"},{"merchantId":185477,"name":"VersedSkin.com US","imageUri":"https://monetizeamex.com/v3/120x60/55c4db9787d6c33ae044af0efcaf8161.png","currencyCode":"EUR","defaultDomain":"versedskin.com","domains":["versedskin.com"],"categoryId":28,"description":null,"isActive":true,"countryCodes":["US"],"averageBasketValue":46.82,"averageCommission":2.2,"averageConfirmationTime":null,"averageCancellationRate":null,"minimumCommission":1.19,"maximumCommission":3.55,"commissionRates":[{"fixedCommission":null,"percentageCommission":4.8},{"fixedCommission":null,"percentageCommission":4.8}],"trackingLink":"https://tatrck.com/h/0Hu30z9R0jI5","createdAt":"2023-12-13T17:17:37.772Z","updatedAt":"2024-09-01T05:53:38.356Z"},{"merchantId":185478,"name":"Versona US","imageUri":"https://monetizeamex.com/v3/120x60/d9762e15c7c0ff726ca79962dd13a34e.png","currencyCode":"EUR","defaultDomain":"shopversona.com","domains":["shopversona.com"],"categoryId":40,"description":null,"isActive":true,"countryCodes":["US"],"averageBasketValue":56.3,"averageCommission":1.24,"averageConfirmationTime":null,"averageCancellationRate":null,"minimumCommission":0.22,"maximumCommission":3.48,"commissionRates":[{"fixedCommission":null,"percentageCommission":1.92},{"fixedCommission":null,"percentageCommission":1.7999999999999998}],"trackingLink":"https://tatrck.com/h/0Hu30z9R0jI6","createdAt":"2023-12-13T17:17:37.871Z","updatedAt":"2024-08-26T05:49:12.306Z"},{"merchantId":185483,"name":"Vienna Pass US","imageUri":"https://kqdxc4m5.de/logos_v2/120x60/182bc264243b5810f23487d8f7243966.gif","currencyCode":"EUR","defaultDomain":"viennapass.com","domains":["viennapass.com"],"categoryId":71,"description":null,"isActive":true,"countryCodes":["AT"],"averageBasketValue":null,"averageCommission":null,"averageConfirmationTime":null,"averageCancellationRate":null,"minimumCommission":null,"maximumCommission":null,"commissionRates":[{"fixedCommission":null,"percentageCommission":1.92},{"fixedCommission":null,"percentageCommission":4.8}],"trackingLink":"https://tatrck.com/h/0Hu30z9R0jIB","createdAt":"2023-12-13T17:17:38.573Z","updatedAt":"2024-08-21T11:43:33.515Z"},{"merchantId":185484,"name":"VienneMilano US","imageUri":"https://kqdxc4m5.de/logos_v2/120x60/7ab1258cf45cba2a4fa027bd8df767ca.gif","currencyCode":"EUR","defaultDomain":"viennemilano.com","domains":["viennemilano.com"],"categoryId":40,"description":null,"isActive":true,"countryCodes":["US"],"averageBasketValue":null,"averageCommission":null,"averageConfirmationTime":null,"averageCancellationRate":null,"minimumCommission":null,"maximumCommission":null,"commissionRates":[{"fixedCommission":null,"percentageCommission":6},{"fixedCommission":null,"percentageCommission":4.8}],"trackingLink":"https://tatrck.com/h/0Hu30z9R0jIC","createdAt":"2023-12-13T17:17:38.674Z","updatedAt":"2024-08-23T15:01:57.397Z"},{"merchantId":185486,"name":"Vinomofo SG US","imageUri":"https://kqdxc4m5.de/logos_v2/120x60/52b1573e53f1f745cc7e80e1e00ae43c.gif","currencyCode":"EUR","defaultDomain":"vinomofo.com.sg","domains":["vinomofo.com.sg"],"categoryId":50,"description":null,"isActive":true,"countryCodes":["SG"],"averageBasketValue":149.92,"averageCommission":0.54,"averageConfirmationTime":null,"averageCancellationRate":null,"minimumCommission":null,"maximumCommission":null,"commissionRates":[{"fixedCommission":null,"percentageCommission":0.6},{"fixedCommission":null,"percentageCommission":3}],"trackingLink":"https://tatrck.com/h/0Hu30z9R0jIE","createdAt":"2023-12-13T17:17:38.873Z","updatedAt":"2024-09-03T17:08:53.139Z"},{"merchantId":185494,"name":"ViscoSoft US","imageUri":"https://kqdxc4m5.de/logos_v2/120x60/af711bc574850c0c009693e59ee7b4bf.gif","currencyCode":"EUR","defaultDomain":"viscosoft.com","domains":["viscosoft.com"],"categoryId":34,"description":null,"isActive":true,"countryCodes":["US"],"averageBasketValue":182.45,"averageCommission":4.91,"averageConfirmationTime":null,"averageCancellationRate":null,"minimumCommission":4.28,"maximumCommission":8.02,"commissionRates":[{"fixedCommission":null,"percentageCommission":7.199999999999999}],"trackingLink":"https://tatrck.com/h/0Hu30z9R0jIM","createdAt":"2023-12-13T17:17:39.490Z","updatedAt":"2024-09-03T17:03:25.219Z"},{"merchantId":185500,"name":"Vita Hemp Oil US","imageUri":"https://kqdxc4m5.de/logos_v2/120x60/6e43ec684a5ff7c060a7e5bb964e29e4.gif","currencyCode":"EUR","defaultDomain":"vitahempoil.com","domains":["vitahempoil.com"],"categoryId":68,"description":null,"isActive":true,"countryCodes":["US"],"averageBasketValue":null,"averageCommission":null,"averageConfirmationTime":null,"averageCancellationRate":null,"minimumCommission":null,"maximumCommission":null,"commissionRates":[],"trackingLink":"https://tatrck.com/h/0Hu30z9R0jIS","createdAt":"2023-12-13T17:17:39.989Z","updatedAt":"2024-08-23T15:01:31.848Z"},{"merchantId":185533,"name":"Wet n Wild US","imageUri":"https://monetizeamex.com/v3/120x60/b0170b3baf42501bcc9df8e56037ec57.png","currencyCode":"EUR","defaultDomain":"wetnwildbeauty.com","domains":["wetnwildbeauty.com"],"categoryId":28,"description":null,"isActive":true,"countryCodes":["US"],"averageBasketValue":38.09,"averageCommission":1.36,"averageConfirmationTime":null,"averageCancellationRate":null,"minimumCommission":0.96,"maximumCommission":1.67,"commissionRates":[{"fixedCommission":null,"percentageCommission":2.88}],"trackingLink":"https://tatrck.com/h/0Hu30z9R0jIz","createdAt":"2023-12-13T17:17:44.872Z","updatedAt":"2024-09-03T17:03:41.466Z"},{"merchantId":185535,"name":"Wheeler Tools US","imageUri":"https://kqdxc4m5.de/logos_v2/120x60/9c37dfb2716f5cc621e2575280c51dba.gif","currencyCode":"EUR","defaultDomain":"wheelertools.com","domains":["wheelertools.com"],"categoryId":21,"description":null,"isActive":true,"countryCodes":["US"],"averageBasketValue":null,"averageCommission":null,"averageConfirmationTime":null,"averageCancellationRate":null,"minimumCommission":null,"maximumCommission":null,"commissionRates":[{"fixedCommission":null,"percentageCommission":4.8}],"trackingLink":"https://tatrck.com/h/0Hu30z9R0jI_","createdAt":"2023-12-13T17:17:44.571Z","updatedAt":"2024-08-23T15:02:02.639Z"},{"merchantId":185537,"name":"White and Warren US","imageUri":"https://kqdxc4m5.de/logos_v2/120x60/e7382b09440601b7663d5b9fda616849.gif","currencyCode":"EUR","defaultDomain":"whiteandwarren.com","domains":["whiteandwarren.com"],"categoryId":40,"description":null,"isActive":true,"countryCodes":["US"],"averageBasketValue":200.13,"averageCommission":9.6,"averageConfirmationTime":null,"averageCancellationRate":null,"minimumCommission":13.26,"maximumCommission":13.26,"commissionRates":[{"fixedCommission":null,"percentageCommission":6}],"trackingLink":"https://tatrck.com/h/0Hu30z9R0jJ1","createdAt":"2023-12-13T17:17:44.589Z","updatedAt":"2024-08-23T15:04:24.498Z"},{"merchantId":185543,"name":"Wildhorn Outfitters US","imageUri":"https://kqdxc4m5.de/logos_v2/120x60/122ab1493c1d30afbaed3a3179c6b366.gif","currencyCode":"EUR","defaultDomain":"wildhornoutfitters.com","domains":["wildhornoutfitters.com"],"categoryId":55,"description":null,"isActive":true,"countryCodes":["US"],"averageBasketValue":67.6,"averageCommission":4.05,"averageConfirmationTime":null,"averageCancellationRate":null,"minimumCommission":5.25,"maximumCommission":5.25,"commissionRates":[{"fixedCommission":null,"percentageCommission":6}],"trackingLink":"https://tatrck.com/h/0Hu30z9R0jJ7","createdAt":"2023-12-13T17:17:45.878Z","updatedAt":"2024-08-23T15:01:51.787Z"},{"merchantId":185549,"name":"WONDER IDEA TECHNOLOGY LIMITED US","imageUri":"https://monetizeamex.com/v3/120x60/5e11e1673e434cd0bdf56c73a0941a60.png","currencyCode":"EUR","defaultDomain":"flipbuilder.com","domains":["flipbuilder.com"],"categoryId":22,"description":null,"isActive":true,"countryCodes":[],"averageBasketValue":181.91,"averageCommission":21.82,"averageConfirmationTime":null,"averageCancellationRate":null,"minimumCommission":13.77,"maximumCommission":31.97,"commissionRates":[{"fixedCommission":null,"percentageCommission":12}],"trackingLink":"https://tatrck.com/h/0Hu30z9R0jJD","createdAt":"2023-12-13T17:17:46.691Z","updatedAt":"2024-09-02T05:29:45.761Z"},{"merchantId":185558,"name":"Yaasa US","imageUri":"https://monetizeamex.com/v3/120x60/e9a2245c8f44ce5f562e25d90cf5e95c.png","currencyCode":"EUR","defaultDomain":"yaasa.com","domains":["yaasa.com"],"categoryId":34,"description":null,"isActive":true,"countryCodes":["US"],"averageBasketValue":null,"averageCommission":null,"averageConfirmationTime":null,"averageCancellationRate":null,"minimumCommission":null,"maximumCommission":null,"commissionRates":[],"trackingLink":"https://tatrck.com/h/0Hu30z9R0jJM","createdAt":"2023-12-13T17:17:48.678Z","updatedAt":"2024-08-23T15:01:50.478Z"},{"merchantId":185562,"name":"Your Super US","imageUri":"https://kqdxc4m5.de/logos_v2/120x60/61a472796c9ec7bd9ad8a8238d1e7598.gif","currencyCode":"EUR","defaultDomain":"yoursuper.com","domains":["yoursuper.com"],"categoryId":14,"description":null,"isActive":true,"countryCodes":["US"],"averageBasketValue":83.74,"averageCommission":3.51,"averageConfirmationTime":58,"averageCancellationRate":null,"minimumCommission":4.74,"maximumCommission":4.74,"commissionRates":[],"trackingLink":"https://tatrck.com/h/0Hu30z9R0jJQ","createdAt":"2023-12-13T17:17:49.074Z","updatedAt":"2024-07-29T11:26:32.382Z"},{"merchantId":185582,"name":"Anns Cottage UK","imageUri":"https://monetizeamex.com/v3/120x60/849cfd9b8fed9cd6b870bfcc867477ed.png","currencyCode":"EUR","defaultDomain":"annscottage.com","domains":["annscottage.com"],"categoryId":40,"description":null,"isActive":true,"countryCodes":["GB"],"averageBasketValue":167.37,"averageCommission":4.3,"averageConfirmationTime":36,"averageCancellationRate":7.7,"minimumCommission":0.09,"maximumCommission":10.17,"commissionRates":[],"trackingLink":"https://tatrck.com/h/0Hu30z9R0jJk","createdAt":"2023-12-13T17:17:54.182Z","updatedAt":"2024-09-03T17:05:38.932Z"},{"merchantId":185603,"name":"Hempvana US","imageUri":"https://monetizeamex.com/v3/120x60/df55d28ef3d794599fee3ad1d7418cb6.png","currencyCode":"EUR","defaultDomain":"hempvana.com","domains":["hempvana.com"],"categoryId":68,"description":null,"isActive":true,"countryCodes":["US"],"averageBasketValue":61.86,"averageCommission":2.96,"averageConfirmationTime":null,"averageCancellationRate":null,"minimumCommission":4.07,"maximumCommission":4.07,"commissionRates":[],"trackingLink":"https://tatrck.com/h/0Hu30z9R0jK3","createdAt":"2023-12-13T17:17:57.178Z","updatedAt":"2024-09-02T05:53:29.198Z"},{"merchantId":185620,"name":"Creed UK","imageUri":"https://kqdxc4m5.de/logos_v2/120x60/c89d59f657f06584de3eeb335d5eeee0.gif","currencyCode":"EUR","defaultDomain":"creedfragrances.co.uk","domains":["creedfragrances.co.uk"],"categoryId":28,"description":null,"isActive":true,"countryCodes":["GB"],"averageBasketValue":189.01,"averageCommission":9.07,"averageConfirmationTime":null,"averageCancellationRate":null,"minimumCommission":1.65,"maximumCommission":34.65,"commissionRates":[],"trackingLink":"https://tatrck.com/h/0Hu30z9R0jKK","createdAt":"2023-12-13T17:17:58.690Z","updatedAt":"2024-09-03T17:04:06.592Z"},{"merchantId":185627,"name":"Toast! Supplements Inc US","imageUri":"https://monetizeamex.com/v3/120x60/8ee9ac034ab33bb732e1719e0f8cae15.png","currencyCode":"EUR","defaultDomain":"alwaystoast.com","domains":["alwaystoast.com"],"categoryId":68,"description":null,"isActive":true,"countryCodes":["US"],"averageBasketValue":null,"averageCommission":null,"averageConfirmationTime":null,"averageCancellationRate":null,"minimumCommission":null,"maximumCommission":null,"commissionRates":[{"fixedCommission":null,"percentageCommission":8.1}],"trackingLink":"https://tatrck.com/h/0Hu30z9R0jKR","createdAt":"2023-12-13T17:17:59.784Z","updatedAt":"2024-08-21T11:46:17.322Z"},{"merchantId":185628,"name":"Turboant US","imageUri":"https://kqdxc4m5.de/logos_v2/120x60/e0be70e492b812914b580f5a98fc3e04.gif","currencyCode":"EUR","defaultDomain":"turboant.com","domains":["turboant.com"],"categoryId":63,"description":null,"isActive":true,"countryCodes":["US"],"averageBasketValue":405.17,"averageCommission":18.89,"averageConfirmationTime":null,"averageCancellationRate":null,"minimumCommission":19.26,"maximumCommission":19.26,"commissionRates":[{"fixedCommission":null,"percentageCommission":4.8}],"trackingLink":"https://tatrck.com/h/0Hu30z9R0jKS","createdAt":"2023-12-13T17:18:00.066Z","updatedAt":"2024-08-21T11:41:26.492Z"},{"merchantId":185631,"name":"Bellatio-kerstversiering.nl NL","imageUri":"https://kqdxc4m5.de/logos_v2/120x60/5a2cd65481426bb9040584523ddc97fa.gif","currencyCode":"EUR","defaultDomain":"bellatio-kerstversiering.nl","domains":["bellatio-kerstversiering.nl"],"categoryId":50,"description":null,"isActive":true,"countryCodes":["NL"],"averageBasketValue":164.7,"averageCommission":5.92,"averageConfirmationTime":null,"averageCancellationRate":null,"minimumCommission":4.78,"maximumCommission":7.08,"commissionRates":[],"trackingLink":"https://tatrck.com/h/0Hu30z9R0jKV","createdAt":"2023-12-13T17:18:01.248Z","updatedAt":"2024-08-21T11:29:48.031Z"},{"merchantId":185637,"name":"Cobi PL","imageUri":"https://kqdxc4m5.de/logos_v2/120x60/ffa2f906b5019d0a5f88a3a1b743d4d5.gif","currencyCode":"EUR","defaultDomain":"cobi.pl","domains":["cobi.pl"],"categoryId":60,"description":null,"isActive":true,"countryCodes":["PL"],"averageBasketValue":44.05,"averageCommission":0.73,"averageConfirmationTime":59,"averageCancellationRate":1.9,"minimumCommission":0.05,"maximumCommission":2.04,"commissionRates":[],"trackingLink":"https://tatrck.com/h/0Hu30z9R0jKb","createdAt":"2023-12-13T17:18:02.583Z","updatedAt":"2024-09-03T05:26:15.334Z"},{"merchantId":185642,"name":"Ensana Hotels DE","imageUri":"https://monetizeamex.com/v3/120x60/ef5739897b340c5d821f0255d07c0845.png","currencyCode":"EUR","defaultDomain":"ensanahotels.com","domains":["ensanahotels.com"],"categoryId":68,"description":"Hotels.com | Find cheap hotels and discounts when you book on Hotels.com. Compare hotel deals, offers and read unbiased reviews on hotels.","isActive":true,"countryCodes":["DE","GB","US"],"averageBasketValue":563.65,"averageCommission":16.9,"averageConfirmationTime":null,"averageCancellationRate":null,"minimumCommission":10.23,"maximumCommission":14.36,"commissionRates":[],"trackingLink":"https://tatrck.com/h/0Hu30z9R0jKg","createdAt":"2023-12-13T17:18:05.291Z","updatedAt":"2024-08-21T11:45:25.245Z"},{"merchantId":185644,"name":"fotofabrik.de DE","imageUri":"https://kqdxc4m5.de/logos_v2/120x60/66b9d092526619122266086ab82aff54.gif","currencyCode":"EUR","defaultDomain":"fotofabrik.de","domains":["fotofabrik.de"],"categoryId":80,"description":null,"isActive":true,"countryCodes":["DE"],"averageBasketValue":48.06,"averageCommission":0.2,"averageConfirmationTime":12,"averageCancellationRate":29.5,"minimumCommission":0.05,"maximumCommission":0.15,"commissionRates":[],"trackingLink":"https://tatrck.com/h/0Hu30z9R0jKi","createdAt":"2023-12-13T17:18:04.787Z","updatedAt":"2024-09-02T05:45:43.222Z"},{"merchantId":185648,"name":"Kokendwaterkranenshop.nl NL","imageUri":"https://kqdxc4m5.de/logos_v2/120x60/1b2ac3676c84839eac7b3be779216db0.gif","currencyCode":"EUR","defaultDomain":"kokendwaterkranenshop.nl","domains":["kokendwaterkranenshop.nl"],"categoryId":72,"description":null,"isActive":true,"countryCodes":["NL"],"averageBasketValue":null,"averageCommission":null,"averageConfirmationTime":null,"averageCancellationRate":null,"minimumCommission":null,"maximumCommission":null,"commissionRates":[],"trackingLink":"https://tatrck.com/h/0Hu30z9R0jKm","createdAt":"2023-12-13T17:18:04.924Z","updatedAt":"2024-08-21T11:39:26.895Z"},{"merchantId":185651,"name":"Liefleven.com NL","imageUri":"https://kqdxc4m5.de/logos_v2/120x60/1ab5726566dfc45dc2cc426b63d91917.gif","currencyCode":"EUR","defaultDomain":"liefleven.com","domains":["liefleven.com"],"categoryId":47,"description":null,"isActive":true,"countryCodes":["NL","BE"],"averageBasketValue":null,"averageCommission":null,"averageConfirmationTime":null,"averageCancellationRate":null,"minimumCommission":null,"maximumCommission":null,"commissionRates":[],"trackingLink":"https://tatrck.com/h/0Hu30z9R0jKp","createdAt":"2023-12-13T17:18:05.786Z","updatedAt":"2024-08-21T11:39:05.774Z"},{"merchantId":185658,"name":"SimplySupplements DE","imageUri":"https://kqdxc4m5.de/logos_v2/120x60/6d6af69e26fbf3d98f9d6d8e8338093d.gif","currencyCode":"EUR","defaultDomain":"simplysupplements.de","domains":["simplysupplements.de"],"categoryId":35,"description":null,"isActive":true,"countryCodes":["DE"],"averageBasketValue":26.57,"averageCommission":1.11,"averageConfirmationTime":2,"averageCancellationRate":33.3,"minimumCommission":0.54,"maximumCommission":2.22,"commissionRates":[],"trackingLink":"https://tatrck.com/h/0Hu30z9R0jKw","createdAt":"2023-12-13T17:18:07.888Z","updatedAt":"2024-08-21T11:31:40.998Z"},{"merchantId":185660,"name":"TakeMeHome PL","imageUri":"https://kqdxc4m5.de/logos_v2/120x60/a0925fe10c161807b034047c85230aed.gif","currencyCode":"EUR","defaultDomain":"takemehome.pl","domains":["takemehome.pl"],"categoryId":34,"description":null,"isActive":true,"countryCodes":["PL"],"averageBasketValue":799.85,"averageCommission":20.15,"averageConfirmationTime":null,"averageCancellationRate":null,"minimumCommission":null,"maximumCommission":null,"commissionRates":[],"trackingLink":"https://tatrck.com/h/0Hu30z9R0jKy","createdAt":"2023-12-13T17:18:10.268Z","updatedAt":"2024-08-21T11:31:09.585Z"},{"merchantId":185663,"name":"Vampirevape.co.uk UK","imageUri":"https://kqdxc4m5.de/logos_v2/120x60/e2a6376d4bcdd41786eb2ac749607f10.gif","currencyCode":"EUR","defaultDomain":"vampirevape.co.uk","domains":["vampirevape.co.uk"],"categoryId":76,"description":null,"isActive":true,"countryCodes":["GB"],"averageBasketValue":27.08,"averageCommission":1.26,"averageConfirmationTime":2,"averageCancellationRate":null,"minimumCommission":0.25,"maximumCommission":5.46,"commissionRates":[{"fixedCommission":null,"percentageCommission":4.8}],"trackingLink":"https://tatrck.com/h/0Hu30z9R0jK_","createdAt":"2023-12-13T17:18:08.971Z","updatedAt":"2024-09-03T05:51:49.634Z"},{"merchantId":185689,"name":"Termly","imageUri":"https://kqdxc4m5.de/logos_v2/120x60/a6f3cea684f77ea195a9825b25e3e783.gif","currencyCode":"EUR","defaultDomain":"termly.io","domains":["termly.io"],"categoryId":35,"description":null,"isActive":true,"countryCodes":["US"],"averageBasketValue":5.04,"averageCommission":1.5,"averageConfirmationTime":58,"averageCancellationRate":0.9,"minimumCommission":3,"maximumCommission":44.94,"commissionRates":[{"fixedCommission":null,"percentageCommission":16.8}],"trackingLink":"https://tatrck.com/h/0Hu30z9R0jLP","createdAt":"2023-12-13T17:18:13.873Z","updatedAt":"2024-09-03T05:51:20.916Z"},{"merchantId":185702,"name":"FemmePharma US","imageUri":"https://kqdxc4m5.de/logos_v2/120x60/78eeef2cdf6d0b645776a03ede829e09.gif","currencyCode":"EUR","defaultDomain":"femmepharma.com","domains":["femmepharma.com"],"categoryId":35,"description":null,"isActive":true,"countryCodes":["US"],"averageBasketValue":null,"averageCommission":null,"averageConfirmationTime":null,"averageCancellationRate":null,"minimumCommission":null,"maximumCommission":null,"commissionRates":[{"fixedCommission":null,"percentageCommission":6},{"fixedCommission":null,"percentageCommission":4.8}],"trackingLink":"https://tatrck.com/h/0Hu30z9R0jLc","createdAt":"2023-12-13T17:18:16.380Z","updatedAt":"2024-08-21T11:31:31.096Z"},{"merchantId":185720,"name":"Cover-More (NZ) AU","imageUri":"https://monetizeamex.com/v3/120x60/238d7c10ed6a256b1d3ef223afcd6ed9.png","currencyCode":"EUR","defaultDomain":"covermore.co.nz","domains":["covermore.co.nz"],"categoryId":56,"description":null,"isActive":true,"countryCodes":["NZ"],"averageBasketValue":402.57,"averageCommission":19.32,"averageConfirmationTime":null,"averageCancellationRate":null,"minimumCommission":3.38,"maximumCommission":3.38,"commissionRates":[{"fixedCommission":null,"percentageCommission":4.8}],"trackingLink":"https://tatrck.com/h/0Hu30z9R0jLu","createdAt":"2023-12-13T17:18:20.665Z","updatedAt":"2024-09-03T17:04:50.676Z"},{"merchantId":185728,"name":"Soundcore","imageUri":"https://monetizeamex.com/v3/120x60/b32c73edf64498bb8abe3fa57791a421.png","currencyCode":"EUR","defaultDomain":"soundcore.com","domains":["soundcore.com"],"categoryId":72,"description":null,"isActive":true,"countryCodes":[],"averageBasketValue":45.62,"averageCommission":2.36,"averageConfirmationTime":1,"averageCancellationRate":null,"minimumCommission":1.72,"maximumCommission":16.69,"commissionRates":[{"fixedCommission":null,"percentageCommission":3.5999999999999996},{"fixedCommission":null,"percentageCommission":4.2},{"fixedCommission":null,"percentageCommission":6}],"trackingLink":"https://tatrck.com/h/0Hu30z9R0jM0","createdAt":"2023-12-13T17:18:21.579Z","updatedAt":"2024-09-03T17:09:29.486Z"},{"merchantId":185733,"name":"AEG UK","imageUri":"https://monetizeamex.com/v3/120x60/99641cf0a5c39a5b28dc8bff2c647643.png","currencyCode":"EUR","defaultDomain":"aeg.co.uk","domains":["aeg.co.uk"],"categoryId":72,"description":null,"isActive":true,"countryCodes":["GB"],"averageBasketValue":41.85,"averageCommission":2.51,"averageConfirmationTime":null,"averageCancellationRate":20,"minimumCommission":2.05,"maximumCommission":2.05,"commissionRates":[{"fixedCommission":null,"percentageCommission":6},{"fixedCommission":null,"percentageCommission":1.7999999999999998}],"trackingLink":"https://tatrck.com/h/0Hu30z9R0jM5","createdAt":"2023-12-13T17:18:23.376Z","updatedAt":"2024-09-02T05:50:32.013Z"},{"merchantId":185735,"name":"Electrolux UK","imageUri":"https://kqdxc4m5.de/logos_v2/120x60/68653c140c46d44febe48a6032e3d570.gif","currencyCode":"EUR","defaultDomain":"electrolux.co.uk","domains":["electrolux.co.uk"],"categoryId":72,"description":null,"isActive":true,"countryCodes":["GB"],"averageBasketValue":53.32,"averageCommission":3.19,"averageConfirmationTime":10,"averageCancellationRate":3.9,"minimumCommission":0.44,"maximumCommission":6.52,"commissionRates":[{"fixedCommission":null,"percentageCommission":6}],"trackingLink":"https://tatrck.com/h/0Hu30z9R0jM7","createdAt":"2023-12-13T17:18:24.167Z","updatedAt":"2024-09-02T05:50:44.217Z"},{"merchantId":185736,"name":"Flunch traiteur FR","imageUri":"https://kqdxc4m5.de/logos_v2/120x60/e6573051acc78afd372f06c39f8d8d69.gif","currencyCode":"EUR","defaultDomain":"flunch-traiteur.fr","domains":["flunch-traiteur.fr"],"categoryId":50,"description":null,"isActive":true,"countryCodes":["FR"],"averageBasketValue":206.68,"averageCommission":4.8,"averageConfirmationTime":38,"averageCancellationRate":3.3,"minimumCommission":4.8,"maximumCommission":4.8,"commissionRates":[],"trackingLink":"https://tatrck.com/h/0Hu30z9R0jM8","createdAt":"2023-12-13T17:18:24.369Z","updatedAt":"2024-09-03T17:10:09.763Z"},{"merchantId":185745,"name":"PIERRE CLARENCE FR","imageUri":"https://monetizeamex.com/v3/120x60/73766271ef2c30f499adf925b099a6c4.png","currencyCode":"EUR","defaultDomain":"pierreclarence.com","domains":["pierreclarence.com"],"categoryId":40,"description":null,"isActive":true,"countryCodes":["FR"],"averageBasketValue":75.38,"averageCommission":2.26,"averageConfirmationTime":null,"averageCancellationRate":null,"minimumCommission":0.89,"maximumCommission":2.37,"commissionRates":[{"fixedCommission":null,"percentageCommission":3}],"trackingLink":"https://tatrck.com/h/0Hu30z9R0jMH","createdAt":"2023-12-13T17:18:26.068Z","updatedAt":"2024-08-21T11:27:13.555Z"},{"merchantId":185748,"name":"Vasco Electronics DE","imageUri":"https://kqdxc4m5.de/logos_v2/120x60/b28cec52bd2f9b33a149e816a4e76883.gif","currencyCode":"EUR","defaultDomain":"vasco-electronics.de","domains":["vasco-electronics.de"],"categoryId":58,"description":null,"isActive":true,"countryCodes":["DE"],"averageBasketValue":312.61,"averageCommission":8.02,"averageConfirmationTime":58,"averageCancellationRate":null,"minimumCommission":0.26,"maximumCommission":8.37,"commissionRates":[],"trackingLink":"https://tatrck.com/h/0Hu30z9R0jMK","createdAt":"2023-12-13T17:18:28.169Z","updatedAt":"2024-09-03T17:08:45.448Z"},{"merchantId":185752,"name":"Zanussi UK","imageUri":"https://kqdxc4m5.de/logos_v2/120x60/9c90cf3d6aa1fd1a07c9b58347218974.gif","currencyCode":"EUR","defaultDomain":"zanussi.co.uk","domains":["zanussi.co.uk"],"categoryId":72,"description":null,"isActive":true,"countryCodes":["GB"],"averageBasketValue":53.13,"averageCommission":3.18,"averageConfirmationTime":24,"averageCancellationRate":7.8,"minimumCommission":0.16,"maximumCommission":14.13,"commissionRates":[{"fixedCommission":null,"percentageCommission":6}],"trackingLink":"https://tatrck.com/h/0Hu30z9R0jMO","createdAt":"2023-12-13T17:18:28.194Z","updatedAt":"2024-09-03T05:50:09.729Z"},{"merchantId":185755,"name":"ugreen.com","imageUri":"https://monetizeamex.com/v3/120x60/78c28884fb94833e9560afe13476beb4.png","currencyCode":"EUR","defaultDomain":"ugreen.com","domains":["ugreen.com"],"categoryId":72,"description":null,"isActive":true,"countryCodes":["DE","FR","HK","US"],"averageBasketValue":55.25,"averageCommission":3.87,"averageConfirmationTime":1,"averageCancellationRate":null,"minimumCommission":1.42,"maximumCommission":3.82,"commissionRates":[{"fixedCommission":null,"percentageCommission":10.799999999999999}],"trackingLink":"https://tatrck.com/h/0Hu30z9R0jMR","createdAt":"2023-12-13T17:18:30.671Z","updatedAt":"2024-09-03T09:01:04.873Z"},{"merchantId":185758,"name":"Costway DE","imageUri":"https://kqdxc4m5.de/logos_v2/120x60/841d294ba6019edc6cac188ee2d753ce.gif","currencyCode":"EUR","defaultDomain":"costway.de","domains":["costway.de"],"categoryId":74,"description":null,"isActive":true,"countryCodes":["DE"],"averageBasketValue":113.18,"averageCommission":3.59,"averageConfirmationTime":38,"averageCancellationRate":15.2,"minimumCommission":1.2,"maximumCommission":11.47,"commissionRates":[{"fixedCommission":null,"percentageCommission":2.364}],"trackingLink":"https://tatrck.com/h/0Hu30z9R0jMU","createdAt":"2023-12-13T17:18:30.277Z","updatedAt":"2024-09-03T05:47:59.757Z"},{"merchantId":185778,"name":"VyprVPN US","imageUri":"https://monetizeamex.com/v3/120x60/3919b09ad3593688a49acc4c139b7e3a.png","currencyCode":"EUR","defaultDomain":"vyprvpn.com","domains":["vyprvpn.com"],"categoryId":58,"description":null,"isActive":true,"countryCodes":[],"averageBasketValue":null,"averageCommission":null,"averageConfirmationTime":null,"averageCancellationRate":null,"minimumCommission":null,"maximumCommission":null,"commissionRates":[],"trackingLink":"https://tatrck.com/h/0Hu30z9R0jMo","createdAt":"2023-12-13T17:18:35.314Z","updatedAt":"2024-08-15T09:08:21.382Z"},{"merchantId":185819,"name":"Coders Lab PL","imageUri":"https://kqdxc4m5.de/logos_v2/120x60/70ffa2e8d7dc709af25d5d5c28c5084f.gif","currencyCode":"EUR","defaultDomain":"coderslab.pl","domains":["coderslab.pl"],"categoryId":44,"description":null,"isActive":true,"countryCodes":["PL"],"averageBasketValue":null,"averageCommission":null,"averageConfirmationTime":null,"averageCancellationRate":null,"minimumCommission":null,"maximumCommission":null,"commissionRates":[{"fixedCommission":null,"percentageCommission":3.15}],"trackingLink":"https://tatrck.com/h/0Hu30z9R0jNR","createdAt":"2023-12-13T17:18:43.490Z","updatedAt":"2024-08-21T11:44:13.369Z"},{"merchantId":185832,"name":"Nextrp [CPP] RU","imageUri":"https://kqdxc4m5.de/logos_v2/120x60/efc225f102c94fa91aa0a5db32f71f8c.gif","currencyCode":"EUR","defaultDomain":"nextrp.ru","domains":["nextrp.ru"],"categoryId":10,"description":null,"isActive":true,"countryCodes":["AM","AZ","BY","KG","KZ","MD","RU","SG","TJ","TM","UA","UZ"],"averageBasketValue":null,"averageCommission":0.22,"averageConfirmationTime":29,"averageCancellationRate":null,"minimumCommission":0.12,"maximumCommission":0.62,"commissionRates":[],"trackingLink":"https://tatrck.com/h/0Hu30z9R0jNe","createdAt":"2023-12-13T17:18:47.876Z","updatedAt":"2024-09-01T05:49:13.599Z"},{"merchantId":185835,"name":"Shell Energy Broadband UK","imageUri":"https://monetizeamex.com/v3/120x60/ce90b5f9798161ae99c27fba68a9f855.png","currencyCode":"EUR","defaultDomain":"shellenergy.co.uk","domains":["shellenergy.co.uk"],"categoryId":65,"description":null,"isActive":true,"countryCodes":["GB"],"averageBasketValue":28,"averageCommission":51.1,"averageConfirmationTime":null,"averageCancellationRate":18.3,"minimumCommission":55.41,"maximumCommission":55.41,"commissionRates":[{"fixedCommission":15,"percentageCommission":null},{"fixedCommission":24,"percentageCommission":null}],"trackingLink":"https://tatrck.com/h/0Hu30z9R0jNh","createdAt":"2023-12-13T17:18:48.488Z","updatedAt":"2024-09-03T17:08:36.556Z"},{"merchantId":185838,"name":"The Opal UK","imageUri":"https://monetizeamex.com/v3/120x60/b9e47d6b49fc5ad242bd0f3408883a8b.png","currencyCode":"EUR","defaultDomain":"theopal.co.uk","domains":["theopal.co.uk"],"categoryId":73,"description":null,"isActive":true,"countryCodes":["GB"],"averageBasketValue":42.86,"averageCommission":1.28,"averageConfirmationTime":null,"averageCancellationRate":null,"minimumCommission":1.92,"maximumCommission":1.92,"commissionRates":[{"fixedCommission":null,"percentageCommission":3}],"trackingLink":"https://tatrck.com/h/0Hu30z9R0jNk","createdAt":"2023-12-13T17:18:49.373Z","updatedAt":"2024-09-03T17:09:32.573Z"},{"merchantId":185851,"name":"BalanceGenics US","imageUri":"https://monetizeamex.com/v3/120x60/07a4b0446daf4553792871d13cf13d3e.png","currencyCode":"EUR","defaultDomain":"balancegenics.com","domains":["balancegenics.com"],"categoryId":68,"description":null,"isActive":true,"countryCodes":["US"],"averageBasketValue":null,"averageCommission":null,"averageConfirmationTime":null,"averageCancellationRate":null,"minimumCommission":null,"maximumCommission":null,"commissionRates":[],"trackingLink":"https://tatrck.com/h/0Hu30z9R0jNx","createdAt":"2023-12-13T17:18:52.392Z","updatedAt":"2024-08-21T11:43:36.153Z"},{"merchantId":185863,"name":"One Bed US","imageUri":"https://kqdxc4m5.de/logos_v2/120x60/87508bd29b972fab8a39d7fbb0528a10.gif","currencyCode":"EUR","defaultDomain":"theonebed.com","domains":["theonebed.com"],"categoryId":73,"description":null,"isActive":true,"countryCodes":["US"],"averageBasketValue":95.38,"averageCommission":1.14,"averageConfirmationTime":null,"averageCancellationRate":null,"minimumCommission":0.86,"maximumCommission":0.86,"commissionRates":[{"fixedCommission":null,"percentageCommission":1.2}],"trackingLink":"https://tatrck.com/h/0Hu30z9R0jO7","createdAt":"2023-12-13T17:18:57.670Z","updatedAt":"2024-08-21T11:43:50.056Z"},{"merchantId":185867,"name":"Skin Beauty Solutions US","imageUri":"https://kqdxc4m5.de/logos_v2/120x60/cbfafa3a618c421d7f134bd992750392.gif","currencyCode":"EUR","defaultDomain":"skinbeautysolutions.com","domains":["skinbeautysolutions.com"],"categoryId":28,"description":null,"isActive":true,"countryCodes":["US"],"averageBasketValue":24.59,"averageCommission":1.47,"averageConfirmationTime":null,"averageCancellationRate":null,"minimumCommission":null,"maximumCommission":null,"commissionRates":[{"fixedCommission":null,"percentageCommission":6}],"trackingLink":"https://tatrck.com/h/0Hu30z9R0jOB","createdAt":"2023-12-13T17:18:57.987Z","updatedAt":"2024-08-21T11:39:42.896Z"},{"merchantId":185868,"name":"Strength Genesis US","imageUri":"https://kqdxc4m5.de/logos_v2/120x60/2794387bc4f83ed7753135600eb9c404.gif","currencyCode":"EUR","defaultDomain":"strengthgenesis.com","domains":["strengthgenesis.com"],"categoryId":68,"description":null,"isActive":true,"countryCodes":["US"],"averageBasketValue":40.69,"averageCommission":1.21,"averageConfirmationTime":null,"averageCancellationRate":null,"minimumCommission":0.61,"maximumCommission":0.61,"commissionRates":[{"fixedCommission":null,"percentageCommission":3}],"trackingLink":"https://tatrck.com/h/0Hu30z9R0jOC","createdAt":"2023-12-13T17:18:58.065Z","updatedAt":"2024-08-21T11:30:17.020Z"},{"merchantId":185876,"name":"Decathlon Canada","imageUri":"https://monetizeamex.com/v3/120x60/fc577268c45934fddcbfefd36cf36021.png","currencyCode":"EUR","defaultDomain":"decathlon.ca","domains":["decathlon.ca"],"categoryId":55,"description":null,"isActive":true,"countryCodes":["CA"],"averageBasketValue":70.92,"averageCommission":2.34,"averageConfirmationTime":null,"averageCancellationRate":1,"minimumCommission":0.06,"maximumCommission":19.02,"commissionRates":[{"fixedCommission":null,"percentageCommission":4.836},{"fixedCommission":null,"percentageCommission":6}],"trackingLink":"https://tatrck.com/h/0Hu30z9R0jOK","createdAt":"2023-12-13T17:19:01.123Z","updatedAt":"2024-09-03T05:52:44.036Z"},{"merchantId":185877,"name":"Easyship Affiliate Program","imageUri":"https://monetizeamex.com/v3/120x60/2cb0e51812326a33489aa24498063747.png","currencyCode":"EUR","defaultDomain":"easyship.com","domains":["easyship.com"],"categoryId":37,"description":null,"isActive":true,"countryCodes":[],"averageBasketValue":5.54,"averageCommission":0.08,"averageConfirmationTime":1,"averageCancellationRate":9.3,"minimumCommission":0.02,"maximumCommission":0.62,"commissionRates":[{"fixedCommission":null,"percentageCommission":0.48},{"fixedCommission":null,"percentageCommission":12},{"fixedCommission":null,"percentageCommission":48}],"trackingLink":"https://tatrck.com/h/0Hu30z9R0jOL","createdAt":"2023-12-13T17:19:01.285Z","updatedAt":"2024-09-02T05:53:28.801Z"},{"merchantId":185883,"name":"PopSockets DE","imageUri":"https://monetizeamex.com/v3/120x60/fd1b072b3edbaca8db936656da0be087.png","currencyCode":"EUR","defaultDomain":"popsockets.de","domains":["popsockets.de"],"categoryId":38,"description":null,"isActive":true,"countryCodes":["DE"],"averageBasketValue":null,"averageCommission":null,"averageConfirmationTime":null,"averageCancellationRate":null,"minimumCommission":null,"maximumCommission":null,"commissionRates":[],"trackingLink":"https://tatrck.com/h/0Hu30z9R0jOR","createdAt":"2023-12-13T17:19:02.465Z","updatedAt":"2024-08-15T09:08:20.784Z"},{"merchantId":185884,"name":"PopSockets UK","imageUri":"https://kqdxc4m5.de/logos_v2/120x60/d62b171f3f54dcaba4effdef9de8ad79.gif","currencyCode":"EUR","defaultDomain":"popsockets.co.uk","domains":["popsockets.co.uk"],"categoryId":38,"description":null,"isActive":true,"countryCodes":["GB","NL"],"averageBasketValue":15.47,"averageCommission":0.6,"averageConfirmationTime":null,"averageCancellationRate":null,"minimumCommission":0.05,"maximumCommission":1.95,"commissionRates":[{"fixedCommission":null,"percentageCommission":3.84}],"trackingLink":"https://tatrck.com/h/0Hu30z9R0jOS","createdAt":"2023-12-13T17:19:01.683Z","updatedAt":"2024-09-03T17:05:10.941Z"},{"merchantId":185889,"name":"Hyalogic US","imageUri":"https://kqdxc4m5.de/logos_v2/120x60/b4a55c34a9f54c0c8924d67635d89887.gif","currencyCode":"EUR","defaultDomain":"hyalogic.com","domains":["hyalogic.com"],"categoryId":35,"description":null,"isActive":true,"countryCodes":["US"],"averageBasketValue":60.91,"averageCommission":5.47,"averageConfirmationTime":9,"averageCancellationRate":null,"minimumCommission":2.07,"maximumCommission":4.91,"commissionRates":[{"fixedCommission":null,"percentageCommission":9}],"trackingLink":"https://tatrck.com/h/0Hu30z9R0jOX","createdAt":"2023-12-13T17:19:04.766Z","updatedAt":"2024-08-21T11:43:08.220Z"},{"merchantId":185897,"name":"Circulon UK","imageUri":"https://monetizeamex.com/v3/120x60/bc00691ecc94bf1cb5871e940b180af1.png","currencyCode":"EUR","defaultDomain":"circulon.uk.com","domains":["circulon.uk.com"],"categoryId":72,"description":null,"isActive":true,"countryCodes":["GB"],"averageBasketValue":151.26,"averageCommission":1.81,"averageConfirmationTime":null,"averageCancellationRate":null,"minimumCommission":3.63,"maximumCommission":3.63,"commissionRates":[{"fixedCommission":null,"percentageCommission":1.7999999999999998},{"fixedCommission":null,"percentageCommission":3}],"trackingLink":"https://tatrck.com/h/0Hu30z9R0jOf","createdAt":"2023-12-13T17:19:06.375Z","updatedAt":"2024-09-03T17:07:25.854Z"}]}