{"meta":{"next":138819},"data":[{"merchantId":138305,"name":"PeruvianConnection UK","imageUri":"https://monetizeamex.com/v3/120x60/61919321d52bd076137a12e3588dd766.png","currencyCode":"EUR","defaultDomain":"peruvianconnection.co.uk","domains":["peruvianconnection.co.uk"],"categoryId":40,"description":null,"isActive":true,"countryCodes":["GB"],"averageBasketValue":null,"averageCommission":null,"averageConfirmationTime":null,"averageCancellationRate":null,"minimumCommission":null,"maximumCommission":null,"commissionRates":[],"trackingLink":"https://tatrck.com/h/0Hu30z9R0Xn1","createdAt":"2023-12-13T13:20:14.065Z","updatedAt":"2024-08-23T15:04:40.509Z"},{"merchantId":138308,"name":"Stuart Weitzman EU & UK","imageUri":"https://monetizeamex.com/v3/120x60/94b1d69f621dc9bb04f702e804425977.png","currencyCode":"EUR","defaultDomain":"stuartweitzman.com","domains":["stuartweitzman.com"],"categoryId":40,"description":null,"isActive":true,"countryCodes":["GB","US"],"averageBasketValue":null,"averageCommission":null,"averageConfirmationTime":null,"averageCancellationRate":null,"minimumCommission":null,"maximumCommission":null,"commissionRates":[{"fixedCommission":null,"percentageCommission":1.44},{"fixedCommission":null,"percentageCommission":4.2},{"fixedCommission":null,"percentageCommission":1.44},{"fixedCommission":null,"percentageCommission":4.32}],"trackingLink":"https://tatrck.com/h/0Hu30z9R0Xn4","createdAt":"2023-12-13T13:20:17.468Z","updatedAt":"2024-08-26T05:59:46.767Z"},{"merchantId":138309,"name":"The Perfect Rug US","imageUri":"https://monetizeamex.com/v3/120x60/aedbb31e395e8fc1fc10671711c99da2.png","currencyCode":"EUR","defaultDomain":"theperfectrug.com","domains":["theperfectrug.com"],"categoryId":74,"description":null,"isActive":true,"countryCodes":["US"],"averageBasketValue":null,"averageCommission":null,"averageConfirmationTime":null,"averageCancellationRate":null,"minimumCommission":null,"maximumCommission":null,"commissionRates":[{"fixedCommission":null,"percentageCommission":3.84}],"trackingLink":"https://tatrck.com/h/0Hu30z9R0Xn5","createdAt":"2023-12-13T13:20:14.876Z","updatedAt":"2024-09-03T17:06:00.217Z"},{"merchantId":138313,"name":"Keller-Heartt US","imageUri":"https://monetizeamex.com/v3/120x60/dafe6a4c20f39837407cd4a0ea26932b.png","currencyCode":"EUR","defaultDomain":"kellerheartt.com","domains":["kellerheartt.com"],"categoryId":70,"description":null,"isActive":true,"countryCodes":["US"],"averageBasketValue":577.21,"averageCommission":24.24,"averageConfirmationTime":null,"averageCancellationRate":null,"minimumCommission":9.28,"maximumCommission":42.25,"commissionRates":[{"fixedCommission":null,"percentageCommission":4.2}],"trackingLink":"https://tatrck.com/h/0Hu30z9R0Xn9","createdAt":"2023-12-13T13:20:16.680Z","updatedAt":"2024-08-29T05:20:36.719Z"},{"merchantId":138314,"name":"Parrot Uncle US","imageUri":"https://monetizeamex.com/v3/120x60/95b5d1f5a8897c0a4012cac4bcc4dd1a.png","currencyCode":"EUR","defaultDomain":"parrotuncle.com","domains":["parrotuncle.com"],"categoryId":74,"description":null,"isActive":true,"countryCodes":["US"],"averageBasketValue":137.06,"averageCommission":4.11,"averageConfirmationTime":null,"averageCancellationRate":null,"minimumCommission":3.82,"maximumCommission":3.82,"commissionRates":[{"fixedCommission":null,"percentageCommission":3}],"trackingLink":"https://tatrck.com/h/0Hu30z9R0XnA","createdAt":"2023-12-13T13:20:16.894Z","updatedAt":"2024-08-21T11:46:12.225Z"},{"merchantId":138325,"name":"Butyjana PL","imageUri":"https://monetizeamex.com/v3/120x60/dbe262489e315faffd3866d6d19f6568.png","currencyCode":"EUR","defaultDomain":"butyjana.pl","domains":["butyjana.pl"],"categoryId":40,"description":null,"isActive":true,"countryCodes":["PL"],"averageBasketValue":635.67,"averageCommission":3.12,"averageConfirmationTime":null,"averageCancellationRate":null,"minimumCommission":0.84,"maximumCommission":3.3,"commissionRates":[],"trackingLink":"https://tatrck.com/h/0Hu30z9R0XnL","createdAt":"2023-12-13T13:20:19.182Z","updatedAt":"2024-09-03T17:07:45.076Z"},{"merchantId":138363,"name":"Eco24 DE","imageUri":"https://monetizeamex.com/v3/120x60/c1d661154d438fd89653b0a53d36d0f2.png","currencyCode":"EUR","defaultDomain":"eco24.de","domains":["eco24.de"],"categoryId":66,"description":"Eco24 ist eine professionelle Schuldenhilfe mit Komplettservice. Die Schuldnerberatung versucht Privatinsolvenzverfahren möglichst zu vermeiden. Der Schwerpunkt der Beratung liegt im wirtschaftlichen Bereich mit dem Ziel einer schnellen Entschuldung. Werden Sie schuldenfrei und gehen in eine finanziell geordnete Zukunft.","isActive":true,"countryCodes":["DE"],"averageBasketValue":1,"averageCommission":24,"averageConfirmationTime":null,"averageCancellationRate":13,"minimumCommission":24,"maximumCommission":24,"commissionRates":[{"fixedCommission":24,"percentageCommission":null},{"fixedCommission":36,"percentageCommission":null}],"trackingLink":"https://tatrck.com/h/0Hu30z9R0Xnx","createdAt":"2023-12-13T13:20:30.205Z","updatedAt":"2024-09-03T17:08:54.173Z"},{"merchantId":138367,"name":"Heba-Germany DE","imageUri":"https://monetizeamex.com/v3/120x60/cfb89cc377e0b90f92fb0347379af35f.png","currencyCode":"EUR","defaultDomain":"hobea.de","domains":["heba-shop.de","hobea.de"],"categoryId":50,"description":"HOBEA-Germany steht für qualitative Produkte - Made in EU.\r\n\r\nIm HOBEA-Shop bekommen Sie hochwertige, sichere und optisch ansprechende Baby-und Kleinkindprodukte zu fairen Preisen. Angeboten werden unter anderem Babykleidung, Krabbelschuhe, Lauflernschuhe, Stillkissen und Seitenschläferkissen, Krabbeldecken, Wickelauflagen, Kirschkernkissen, Taufkleider, Hängesessel und Hängematten, Babybettwäsche und vieles mehr.","isActive":true,"countryCodes":["DE"],"averageBasketValue":105.79,"averageCommission":4.44,"averageConfirmationTime":29,"averageCancellationRate":null,"minimumCommission":0.56,"maximumCommission":2.78,"commissionRates":[{"fixedCommission":null,"percentageCommission":4.2}],"trackingLink":"https://tatrck.com/h/0Hu30z9R0Xn_","createdAt":"2023-12-13T13:20:31.671Z","updatedAt":"2024-09-03T17:08:50.279Z"},{"merchantId":138375,"name":"my-schoko-world DE","imageUri":"https://monetizeamex.com/v3/120x60/3d612d874ea36ced295dbc5830032840.png","currencyCode":"EUR","defaultDomain":"my-schoko-world.com","domains":["my-schoko-world.com","my-schoko-world.de"],"categoryId":47,"description":"My Schoko World bietet Ihnen personalisierte Geschenke aus feinster belgischer Schokolade in einer hochwertigen Geschenkbox verpackt. Gestalten Sie mit Ihren Fotos stilvolle und individuelle Schokoladen-Geschenke von höchster Qualität.","isActive":true,"countryCodes":["DE"],"averageBasketValue":12.39,"averageCommission":0.89,"averageConfirmationTime":6,"averageCancellationRate":33.3,"minimumCommission":1.27,"maximumCommission":1.27,"commissionRates":[{"fixedCommission":null,"percentageCommission":7.199999999999999}],"trackingLink":"https://tatrck.com/h/0Hu30z9R0Xo7","createdAt":"2023-12-13T13:20:33.897Z","updatedAt":"2024-09-03T17:08:40.873Z"},{"merchantId":138391,"name":"Vergölst DE","imageUri":"https://monetizeamex.com/v3/120x60/ceee3f3f90304b33c8d9658379103b6a.png","currencyCode":"EUR","defaultDomain":"vergoelst.de","domains":["vergoelst.de"],"categoryId":59,"description":"Vergölst ist Ihr Spezialist für Reifen- und Autoservice. Finden sie über 400 Reifenhändler mit Kfz-Werkstatt sowohl vor Ort als auch günstige Angebote im Onlineshop wie Reifen, Felgen und Kompletträder.","isActive":true,"countryCodes":["DE"],"averageBasketValue":134.22,"averageCommission":3.49,"averageConfirmationTime":null,"averageCancellationRate":null,"minimumCommission":0.35,"maximumCommission":9.89,"commissionRates":[{"fixedCommission":2.4,"percentageCommission":null},{"fixedCommission":null,"percentageCommission":2.1},{"fixedCommission":1.8,"percentageCommission":null},{"fixedCommission":3,"percentageCommission":null},{"fixedCommission":null,"percentageCommission":4.2},{"fixedCommission":4.8,"percentageCommission":null}],"trackingLink":"https://tatrck.com/h/0Hu30z9R0XoN","createdAt":"2023-12-13T13:20:39.530Z","updatedAt":"2024-09-03T17:09:30.519Z"},{"merchantId":138398,"name":"Farm Fresh To You US","imageUri":"https://monetizeamex.com/v3/120x60/47f85ee7d49b79e22134045737459635.png","currencyCode":"EUR","defaultDomain":"farmfreshtoyou.com","domains":["farmfreshtoyou.com"],"categoryId":21,"description":null,"isActive":true,"countryCodes":["US"],"averageBasketValue":31.81,"averageCommission":9.02,"averageConfirmationTime":null,"averageCancellationRate":null,"minimumCommission":9.02,"maximumCommission":9.02,"commissionRates":[],"trackingLink":"https://tatrck.com/h/0Hu30z9R0XoU","createdAt":"2023-12-13T13:20:40.889Z","updatedAt":"2024-08-26T09:01:43.672Z"},{"merchantId":138401,"name":"Kole Imports US","imageUri":"https://monetizeamex.com/v3/120x60/a54f5c87fdba6788e7884561e00a8524.png","currencyCode":"EUR","defaultDomain":"koleimports.com","domains":["koleimports.com"],"categoryId":21,"description":null,"isActive":true,"countryCodes":["US"],"averageBasketValue":423.71,"averageCommission":7.5,"averageConfirmationTime":null,"averageCancellationRate":null,"minimumCommission":6.98,"maximumCommission":14.16,"commissionRates":[{"fixedCommission":null,"percentageCommission":2.4},{"fixedCommission":null,"percentageCommission":0.96},{"fixedCommission":null,"percentageCommission":1.2}],"trackingLink":"https://tatrck.com/h/0Hu30z9R0XoX","createdAt":"2023-12-13T13:20:42.168Z","updatedAt":"2024-08-29T06:02:01.545Z"},{"merchantId":138411,"name":"Rosewe US","imageUri":"https://monetizeamex.com/v3/120x60/525a28a3384f0b5e0f3bd4a2050f0e54.png","currencyCode":"EUR","defaultDomain":"rosewe.com","domains":["rosewe.com"],"categoryId":40,"description":null,"isActive":true,"countryCodes":["US"],"averageBasketValue":45.18,"averageCommission":2.19,"averageConfirmationTime":59,"averageCancellationRate":null,"minimumCommission":0.03,"maximumCommission":3.75,"commissionRates":[{"fixedCommission":null,"percentageCommission":4.8}],"trackingLink":"https://tatrck.com/h/0Hu30z9R0Xoh","createdAt":"2023-12-13T13:20:44.868Z","updatedAt":"2024-09-03T17:08:42.367Z"},{"merchantId":138418,"name":"Asus","imageUri":"https://monetizeamex.com/v3/120x60/97b759918a905760f826ce9cb92013ab.png","currencyCode":"EUR","defaultDomain":"asus.com","domains":["asus.com","asus.de"],"categoryId":72,"description":"ASUS entwickelt, designt und baut die gesamte Bandbreite an modernen IT-Produkten. Von Notebooks bis Displays, von Tablets bis Grafikkarten, von Smartphones bis zur Netzwerkausrüstung ist alles vertreten.","isActive":true,"countryCodes":[],"averageBasketValue":1,"averageCommission":20.65,"averageConfirmationTime":55,"averageCancellationRate":1.9,"minimumCommission":0.4,"maximumCommission":37.25,"commissionRates":[{"fixedCommission":null,"percentageCommission":1.26},{"fixedCommission":null,"percentageCommission":1.2299999999999998}],"trackingLink":"https://tatrck.com/h/0Hu30z9R0Xoo","createdAt":"2023-12-13T13:20:46.874Z","updatedAt":"2024-09-03T17:09:37.522Z"},{"merchantId":138473,"name":"North East Tackle Supplies UK","imageUri":"https://monetizeamex.com/v3/120x60/0c29cc75e5009466ac48fb124ab844fd.png","currencyCode":"EUR","defaultDomain":"northeasttackle.co.uk","domains":["northeasttackle.co.uk"],"categoryId":55,"description":null,"isActive":true,"countryCodes":["GB"],"averageBasketValue":34.95,"averageCommission":1.04,"averageConfirmationTime":null,"averageCancellationRate":null,"minimumCommission":0.93,"maximumCommission":0.93,"commissionRates":[],"trackingLink":"https://tatrck.com/h/0Hu30z9R0Xpf","createdAt":"2023-12-13T13:21:03.873Z","updatedAt":"2024-08-30T05:57:07.642Z"},{"merchantId":138492,"name":"BeLaMa DE","imageUri":"https://monetizeamex.com/v3/120x60/0a7efdf55614992617d7a93a0754e3c6.png","currencyCode":"EUR","defaultDomain":"belama.de","domains":["belama.de"],"categoryId":34,"description":"Vom Bettgestell, über die Federkernmatratze, Kaltschaummatratze, Viskose Matratze, Latexmatratze und ähnliche Produkte, findet sich im Matratzenshop alles, was den Schlaf verschönert. Neben den Matratzen finden sie auch Betten, Lattenroste sowie Bettwaren und Bettwäsche.","isActive":true,"countryCodes":["DE"],"averageBasketValue":399.23,"averageCommission":16.77,"averageConfirmationTime":2,"averageCancellationRate":10.5,"minimumCommission":8.35,"maximumCommission":8.35,"commissionRates":[],"trackingLink":"https://tatrck.com/h/0Hu30z9R0Xpy","createdAt":"2023-12-13T13:21:10.580Z","updatedAt":"2024-08-23T15:01:50.361Z"},{"merchantId":138510,"name":"tripz Kurzreisen DE","imageUri":"https://monetizeamex.com/v3/120x60/3d758298e18d856a028767c0492fbce1.png","currencyCode":"EUR","defaultDomain":"tripz.de","domains":["tripz.de"],"categoryId":63,"description":"Entdecken sie Hotelgutscheine und Reisegutscheine von tripz Kurzreisen. Hier finden Sie attraktive Hotels in ganz Deutschland und dem benachbarten Ausland. Kurzurlaub mit tripz - das kann ein erholsames Wochenende in einem Wellnesshotel sein oder eine Städtereise nach Hamburg, Berlin oder Dresden mit vielfältigen kulturellen und sportlichen Highlights.","isActive":true,"countryCodes":["DE"],"averageBasketValue":348.88,"averageCommission":12.55,"averageConfirmationTime":null,"averageCancellationRate":null,"minimumCommission":14.36,"maximumCommission":14.36,"commissionRates":[{"fixedCommission":null,"percentageCommission":3.5999999999999996}],"trackingLink":"https://tatrck.com/h/0Hu30z9R0XqE","createdAt":"2023-12-13T13:21:18.575Z","updatedAt":"2024-09-03T17:06:19.591Z"},{"merchantId":138512,"name":"Blue Vanilla UK","imageUri":"https://monetizeamex.com/v3/120x60/4c4d3dfe7ed50812c01fa043c8bb5966.png","currencyCode":"EUR","defaultDomain":"bluevanilla.com","domains":["bluevanilla.com"],"categoryId":40,"description":null,"isActive":true,"countryCodes":["GB"],"averageBasketValue":31.37,"averageCommission":0.48,"averageConfirmationTime":null,"averageCancellationRate":null,"minimumCommission":0.24,"maximumCommission":0.44,"commissionRates":[{"fixedCommission":null,"percentageCommission":4.2},{"fixedCommission":null,"percentageCommission":2.4},{"fixedCommission":null,"percentageCommission":1.2}],"trackingLink":"https://tatrck.com/h/0Hu30z9R0XqG","createdAt":"2023-12-13T13:21:19.165Z","updatedAt":"2024-09-03T17:07:29.267Z"},{"merchantId":138516,"name":"Caledonian Travel UK","imageUri":"https://monetizeamex.com/v3/120x60/10f244c9fbcec76f525a80477d2e938a.png","currencyCode":"EUR","defaultDomain":"caledonian.com","domains":["caledonian.com","caledoniantravel.com","caledoniantravel.co.uk"],"categoryId":44,"description":null,"isActive":true,"countryCodes":["GB"],"averageBasketValue":465.67,"averageCommission":16.76,"averageConfirmationTime":28,"averageCancellationRate":1.5,"minimumCommission":0.83,"maximumCommission":91.16,"commissionRates":[{"fixedCommission":null,"percentageCommission":3.5999999999999996}],"trackingLink":"https://tatrck.com/h/0Hu30z9R0XqK","createdAt":"2023-12-13T13:21:20.506Z","updatedAt":"2024-09-03T05:51:21.949Z"},{"merchantId":138520,"name":"Currys IE","imageUri":"https://monetizeamex.com/v3/120x60/2dc4f4929027bdead938bd9d69763636.png","currencyCode":"EUR","defaultDomain":"currys.ie","domains":["currys.ie"],"categoryId":21,"description":null,"isActive":true,"countryCodes":["IE"],"averageBasketValue":269.97,"averageCommission":1.62,"averageConfirmationTime":6,"averageCancellationRate":0.8,"minimumCommission":0.04,"maximumCommission":5.14,"commissionRates":[{"fixedCommission":null,"percentageCommission":0.6}],"trackingLink":"https://tatrck.com/h/0Hu30z9R0XqO","createdAt":"2023-12-13T13:21:21.876Z","updatedAt":"2024-09-03T17:09:33.231Z"},{"merchantId":138521,"name":"Direct Stoves UK","imageUri":"https://monetizeamex.com/v3/120x60/32d63093c23807b229de12ee667fdff5.png","currencyCode":"EUR","defaultDomain":"directstoves.com","domains":["directstoves.com"],"categoryId":74,"description":null,"isActive":true,"countryCodes":["GB"],"averageBasketValue":645.59,"averageCommission":19.36,"averageConfirmationTime":null,"averageCancellationRate":null,"minimumCommission":null,"maximumCommission":null,"commissionRates":[{"fixedCommission":null,"percentageCommission":3}],"trackingLink":"https://tatrck.com/h/0Hu30z9R0XqP","createdAt":"2023-12-13T13:21:22.595Z","updatedAt":"2024-09-03T17:09:30.315Z"},{"merchantId":138524,"name":"Garden Wildlife Direct UK","imageUri":"https://monetizeamex.com/v3/120x60/cb9aec4e1e13e5c7a7c199d0fb5aab16.png","currencyCode":"EUR","defaultDomain":"gardenwildlifedirect.co.uk","domains":["gardenwildlifedirect.co.uk"],"categoryId":61,"description":null,"isActive":true,"countryCodes":["GB"],"averageBasketValue":47.86,"averageCommission":1.02,"averageConfirmationTime":30,"averageCancellationRate":null,"minimumCommission":0.19,"maximumCommission":2.37,"commissionRates":[{"fixedCommission":null,"percentageCommission":2.4},{"fixedCommission":null,"percentageCommission":4.2}],"trackingLink":"https://tatrck.com/h/0Hu30z9R0XqS","createdAt":"2023-12-13T13:21:25.370Z","updatedAt":"2024-09-03T17:09:46.014Z"},{"merchantId":138532,"name":"IT Governance UK","imageUri":"https://monetizeamex.com/v3/120x60/a83ec21a81ce88c2e2ab43774e97b107.png","currencyCode":"EUR","defaultDomain":"itgovernance.co.uk","domains":["itgovernance.co.uk"],"categoryId":58,"description":null,"isActive":true,"countryCodes":["GB","IT"],"averageBasketValue":1,"averageCommission":64.72,"averageConfirmationTime":1,"averageCancellationRate":77.6,"minimumCommission":3.64,"maximumCommission":249.33,"commissionRates":[{"fixedCommission":null,"percentageCommission":6}],"trackingLink":"https://tatrck.com/h/0Hu30z9R0Xqa","createdAt":"2023-12-13T13:21:25.565Z","updatedAt":"2024-09-03T17:08:55.976Z"},{"merchantId":138542,"name":"The little house company UK","imageUri":"https://monetizeamex.com/v3/120x60/b4918548b5927dbb5dd374ae6ad82fc8.png","currencyCode":"EUR","defaultDomain":"thehouseshop.com","domains":["thehouseshop.com","thelittlehousecompany.com","thelittlehousecompany.co.uk"],"categoryId":39,"description":null,"isActive":true,"countryCodes":["GB"],"averageBasketValue":3.62,"averageCommission":null,"averageConfirmationTime":null,"averageCancellationRate":null,"minimumCommission":null,"maximumCommission":null,"commissionRates":[{"fixedCommission":0.21,"percentageCommission":null},{"fixedCommission":null,"percentageCommission":12}],"trackingLink":"https://tatrck.com/h/0Hu30z9R0Xqk","createdAt":"2023-12-13T13:21:29.975Z","updatedAt":"2024-09-03T17:09:22.666Z"},{"merchantId":138544,"name":"Toucan Box UK","imageUri":"https://monetizeamex.com/v3/120x60/3a5893b31e4831687e42636831e2a26b.png","currencyCode":"EUR","defaultDomain":"toucanbox.com","domains":["toucanbox.com","toucanbox.co.uk"],"categoryId":17,"description":null,"isActive":true,"countryCodes":["GB"],"averageBasketValue":null,"averageCommission":null,"averageConfirmationTime":null,"averageCancellationRate":null,"minimumCommission":null,"maximumCommission":null,"commissionRates":[{"fixedCommission":null,"percentageCommission":3.84},{"fixedCommission":0.6,"percentageCommission":null}],"trackingLink":"https://tatrck.com/h/0Hu30z9R0Xqm","createdAt":"2023-12-13T13:21:32.966Z","updatedAt":"2024-09-03T17:09:35.769Z"},{"merchantId":138545,"name":"Ultimate Outdoors UK","imageUri":"https://monetizeamex.com/v3/120x60/09b7c4d4f02e45cb5b73707aac56fd8f.png","currencyCode":"EUR","defaultDomain":"ultimateoutdoors.com","domains":["ultimateoutdoors.com","ultimateoutdoors.co.uk"],"categoryId":55,"description":null,"isActive":true,"countryCodes":["GB"],"averageBasketValue":94.62,"averageCommission":2.43,"averageConfirmationTime":58,"averageCancellationRate":0.6,"minimumCommission":0.06,"maximumCommission":12.09,"commissionRates":[{"fixedCommission":null,"percentageCommission":1.2},{"fixedCommission":null,"percentageCommission":3.5999999999999996}],"trackingLink":"https://tatrck.com/h/0Hu30z9R0Xqn","createdAt":"2023-12-13T13:21:31.075Z","updatedAt":"2024-09-03T17:08:04.856Z"},{"merchantId":138548,"name":"Alamo","imageUri":"https://monetizeamex.com/v3/120x60/6473d9ae77e2aad9e6228c2e0725f18d.png","currencyCode":"EUR","defaultDomain":"alamo.co.uk","domains":["alamo.co.uk","alamo.dk"],"categoryId":5,"description":null,"isActive":true,"countryCodes":["US"],"averageBasketValue":null,"averageCommission":null,"averageConfirmationTime":null,"averageCancellationRate":null,"minimumCommission":null,"maximumCommission":null,"commissionRates":[],"trackingLink":"https://tatrck.com/h/0Hu30z9R0Xqq","createdAt":"2023-12-13T13:21:32.679Z","updatedAt":"2024-08-15T08:57:37.224Z"},{"merchantId":138552,"name":"Flaviar UK","imageUri":"https://monetizeamex.com/v3/120x60/ba1860b210d29e0ce206414d2fbd9b41.png","currencyCode":"EUR","defaultDomain":"flaviar.com","domains":["flaviar.com"],"categoryId":4,"description":null,"isActive":true,"countryCodes":["AT","GB"],"averageBasketValue":76.98,"averageCommission":2.3,"averageConfirmationTime":null,"averageCancellationRate":null,"minimumCommission":0.96,"maximumCommission":3.82,"commissionRates":[{"fixedCommission":null,"percentageCommission":3.36},{"fixedCommission":null,"percentageCommission":2.4},{"fixedCommission":null,"percentageCommission":9.6},{"fixedCommission":14.4,"percentageCommission":null},{"fixedCommission":12,"percentageCommission":null}],"trackingLink":"https://tatrck.com/h/0Hu30z9R0Xqu","createdAt":"2023-12-13T13:21:34.601Z","updatedAt":"2024-08-23T15:01:54.303Z"},{"merchantId":138578,"name":"Hoka One One FR","imageUri":"https://monetizeamex.com/v3/120x60/b629f9f07e17f4cd037863f999f9353d.png","currencyCode":"EUR","defaultDomain":"hokaoneone.eu","domains":["hokaoneone.com","hokaoneone.eu"],"categoryId":68,"description":"Bygg bedriften din på nett med vår komplette websideløsning. Registrer domenet ditt i dag! Inneholder personlig e-post, SSL, 24/7 support med mer.","isActive":true,"countryCodes":["FR"],"averageBasketValue":118.25,"averageCommission":1.7,"averageConfirmationTime":null,"averageCancellationRate":null,"minimumCommission":1.62,"maximumCommission":1.62,"commissionRates":[{"fixedCommission":null,"percentageCommission":1.92},{"fixedCommission":null,"percentageCommission":3},{"fixedCommission":null,"percentageCommission":1.7999999999999998},{"fixedCommission":null,"percentageCommission":1.2}],"trackingLink":"https://tatrck.com/h/0Hu30z9R0XrI","createdAt":"2023-12-13T13:21:47.087Z","updatedAt":"2024-09-03T17:09:43.600Z"},{"merchantId":138588,"name":"seaside64 DE","imageUri":"https://monetizeamex.com/v3/120x60/8652014507982849b2a06a556c1c2483.png","currencyCode":"EUR","defaultDomain":"seaside64.de","domains":["seaside64.com","seaside64.de","shop-seaside64.de"],"categoryId":40,"description":"Bei Seaside64 findest du eine große Auswahl an Dekoration & Wohnaccessoires im nordischen Stil sowie modische Accessoires Tücher & Mützen, Schals & Schmuck, Taschen, Kleinmöbel, Tee & Teezubehör und vieles mehr.","isActive":true,"countryCodes":["DE"],"averageBasketValue":30.85,"averageCommission":1.48,"averageConfirmationTime":null,"averageCancellationRate":null,"minimumCommission":0.36,"maximumCommission":3.44,"commissionRates":[{"fixedCommission":null,"percentageCommission":4.8}],"trackingLink":"https://tatrck.com/h/0Hu30z9R0XrS","createdAt":"2023-12-13T13:21:49.975Z","updatedAt":"2024-09-03T17:07:36.078Z"},{"merchantId":138589,"name":"Simply Supplements ES","imageUri":"https://monetizeamex.com/v3/120x60/ba68ade4a84c8baa8e51a6e7aa522c78.png","currencyCode":"EUR","defaultDomain":"simplysupplements.es","domains":["simplysupplements.es"],"categoryId":68,"description":null,"isActive":true,"countryCodes":["ES"],"averageBasketValue":29.12,"averageCommission":1.36,"averageConfirmationTime":4,"averageCancellationRate":null,"minimumCommission":0.54,"maximumCommission":3.97,"commissionRates":[],"trackingLink":"https://tatrck.com/h/0Hu30z9R0XrT","createdAt":"2023-12-13T13:21:50.172Z","updatedAt":"2024-08-26T09:01:24.897Z"},{"merchantId":138590,"name":"Simply Supplements FR","imageUri":"https://monetizeamex.com/v3/120x60/5bf42e1ebac86d091194f2797113409b.png","currencyCode":"EUR","defaultDomain":"simplysupplements.fr","domains":["simplysupplements.fr"],"categoryId":35,"description":null,"isActive":true,"countryCodes":["FR"],"averageBasketValue":29.65,"averageCommission":1.78,"averageConfirmationTime":4,"averageCancellationRate":62.5,"minimumCommission":0.78,"maximumCommission":1.37,"commissionRates":[{"fixedCommission":null,"percentageCommission":6}],"trackingLink":"https://tatrck.com/h/0Hu30z9R0XrU","createdAt":"2023-12-13T13:21:50.181Z","updatedAt":"2024-09-03T17:08:45.963Z"},{"merchantId":138600,"name":"UnderArmour DE","imageUri":"https://monetizeamex.com/v3/120x60/51815bdaba6bfe50cb647b45f86fc5d3.png","currencyCode":"EUR","defaultDomain":"underarmour.de","domains":["underarmour.de"],"categoryId":55,"description":"UnderAmour steht für innovative Sportbekleidung für alle Sportler. Entdecke Hoodies, Shirts, Leggings, Sporthosen, Caprihosen, Underwear, Sportschuhe und auch Sporttaschen und Rucksäcke für die ganze Familie.","isActive":true,"countryCodes":["DE"],"averageBasketValue":82.58,"averageCommission":3.94,"averageConfirmationTime":null,"averageCancellationRate":null,"minimumCommission":0.49,"maximumCommission":11.37,"commissionRates":[],"trackingLink":"https://tatrck.com/h/0Hu30z9R0Xre","createdAt":"2023-12-13T13:21:53.971Z","updatedAt":"2024-09-03T05:54:54.707Z"},{"merchantId":138601,"name":"UnderArmour FR","imageUri":"https://monetizeamex.com/v3/120x60/a116ea1c30af5f3b9d7b5bf90e340978.png","currencyCode":"EUR","defaultDomain":"underarmour.fr","domains":["underarmour.fr"],"categoryId":55,"description":null,"isActive":true,"countryCodes":["FR"],"averageBasketValue":75.61,"averageCommission":3.62,"averageConfirmationTime":null,"averageCancellationRate":null,"minimumCommission":0.62,"maximumCommission":7.78,"commissionRates":[],"trackingLink":"https://tatrck.com/h/0Hu30z9R0Xrf","createdAt":"2023-12-13T13:21:55.391Z","updatedAt":"2024-08-24T05:54:51.945Z"},{"merchantId":138616,"name":"Expert Technomarkt DE","imageUri":"https://monetizeamex.com/v3/120x60/8d93f67ff5093fb7f92d50aa1e0844ca.png","currencyCode":"EUR","defaultDomain":"expert-technomarkt.de","domains":["expert-technomarkt.de"],"categoryId":72,"description":"Expert-TechnoMarkt ist Ihr Shop für hochwertige Elektroartikel aus den Bereichen Audio, Video und TV zu günstigen Preisen. Entdecken sie die riesen Auswahl an Waschmaschinen, Kühlgeräten, Küchengeräten, Fernseher, Computern, Kameras, MP3-PLayern, Radios und vielem mehr.","isActive":true,"countryCodes":["DE"],"averageBasketValue":523.56,"averageCommission":4.24,"averageConfirmationTime":null,"averageCancellationRate":1,"minimumCommission":0,"maximumCommission":0,"commissionRates":[{"fixedCommission":0,"percentageCommission":null}],"trackingLink":"https://tatrck.com/h/0Hu30z9R0Xru","createdAt":"2023-12-13T13:22:00.741Z","updatedAt":"2024-09-03T17:06:47.565Z"},{"merchantId":138620,"name":"Küchen-Fee Online-Shop DE","imageUri":"https://monetizeamex.com/v3/120x60/c8e5cc01495aac396ecf658c4b7ddca5.png","currencyCode":"EUR","defaultDomain":"kuechenfee-shop.de","domains":["kuechenfee-shop.de"],"categoryId":34,"description":"Küchen-Fee ist der Premium-Shop für KitchenAid und bietet Ihnen unteranderem eine großen Auswahl an Küchenmaschinen und das passende Zubehör. Neben den KitchenAid Geräten finden sie auch Kaffeeautomaten von Jura, Silit Kochgeschirr, Artikel von Dyson und vieles mehr.","isActive":true,"countryCodes":["DE"],"averageBasketValue":146.51,"averageCommission":3.51,"averageConfirmationTime":null,"averageCancellationRate":null,"minimumCommission":3.22,"maximumCommission":3.22,"commissionRates":[{"fixedCommission":null,"percentageCommission":2.4}],"trackingLink":"https://tatrck.com/h/0Hu30z9R0Xry","createdAt":"2023-12-13T13:22:01.670Z","updatedAt":"2024-09-03T17:08:21.479Z"},{"merchantId":138635,"name":"JamPlay","imageUri":"https://monetizeamex.com/v3/120x60/fb69df0bf34147eda2639cf0a4cdd8fa.png","currencyCode":"EUR","defaultDomain":"jamplay.com","domains":["jamplay.com"],"categoryId":43,"description":null,"isActive":true,"countryCodes":["CA","GB","KR","PL","US"],"averageBasketValue":null,"averageCommission":null,"averageConfirmationTime":null,"averageCancellationRate":null,"minimumCommission":null,"maximumCommission":null,"commissionRates":[{"fixedCommission":null,"percentageCommission":15}],"trackingLink":"https://tatrck.com/h/0Hu30z9R0XsB","createdAt":"2023-12-13T13:22:06.183Z","updatedAt":"2024-08-21T11:47:04.617Z"},{"merchantId":138637,"name":"Morrisons UK","imageUri":"https://monetizeamex.com/v3/120x60/1fb7c9a0078ed194c191ab2a1d997e78.png","currencyCode":"EUR","defaultDomain":"morrisons.com","domains":["morrisons.com","morrisons.co.uk"],"categoryId":21,"description":null,"isActive":true,"countryCodes":["GB"],"averageBasketValue":85.24,"averageCommission":0.93,"averageConfirmationTime":null,"averageCancellationRate":null,"minimumCommission":0.6,"maximumCommission":9.17,"commissionRates":[{"fixedCommission":null,"percentageCommission":3},{"fixedCommission":2.76,"percentageCommission":null}],"trackingLink":"https://tatrck.com/h/0Hu30z9R0XsD","createdAt":"2023-12-13T13:22:07.571Z","updatedAt":"2024-09-03T05:51:21.721Z"},{"merchantId":138640,"name":"Shopbop US","imageUri":"https://monetizeamex.com/v3/120x60/7aced3008303073d6b7101279e7e5244.png","currencyCode":"EUR","defaultDomain":"shopbop.com","domains":["shopbop.com"],"categoryId":40,"description":"Angesagte Designermode für Damen und Herren. Entdecke Mode, Schuhe, Taschen und Accessoires wie Sonnenbrillen, Schmuck & Uhren, Handschuhe, Regenschirme und vieles mehr von Designern wie Alexander Mcqueen, Steve Madden, Stella McCartney und andere.","isActive":true,"countryCodes":["US"],"averageBasketValue":188.76,"averageCommission":0.99,"averageConfirmationTime":null,"averageCancellationRate":2.2,"minimumCommission":0.1,"maximumCommission":7.63,"commissionRates":[{"fixedCommission":null,"percentageCommission":0.48}],"trackingLink":"https://tatrck.com/h/0Hu30z9R0XsG","createdAt":"2023-12-13T13:22:08.172Z","updatedAt":"2024-09-03T17:03:30.729Z"},{"merchantId":138649,"name":"First Class & More FZE DE","imageUri":"https://monetizeamex.com/v3/120x60/f688367c115ac694b366bfdc1a4df2d4.png","currencyCode":"EUR","defaultDomain":"first-class-and-more.de","domains":["first-class-and-more.de"],"categoryId":63,"description":"First Class & More ist ein Insider-Portal, wenn es um die Optimierung von Meilenprogrammen geht. Es werden jeden Tag mehr als 100 Webseiten nach den besten exklusiven Reiseangeboten für sie durchsucht, um ihnen das beste Angebot zu bieten.","isActive":true,"countryCodes":["AT","CH","DE"],"averageBasketValue":199,"averageCommission":23.88,"averageConfirmationTime":null,"averageCancellationRate":null,"minimumCommission":23.88,"maximumCommission":23.88,"commissionRates":[],"trackingLink":"https://tatrck.com/h/0Hu30z9R0XsP","createdAt":"2023-12-13T13:22:11.267Z","updatedAt":"2024-08-21T11:26:10.189Z"},{"merchantId":138665,"name":"Revell-shop DE","imageUri":"https://monetizeamex.com/v3/120x60/786310078e3d7a653b9d4e1a90ea08df.png","currencyCode":"EUR","defaultDomain":"revell.de","domains":["revell.de"],"categoryId":70,"description":"Entdecken Sie die Faszination Plastikmodellbau, Helikopter, Flugzeuge, Panzer, RC Modelle, Airbrush-Sets und weiteres Modellbau-Zubehör.","isActive":true,"countryCodes":["DE"],"averageBasketValue":56.99,"averageCommission":2.73,"averageConfirmationTime":null,"averageCancellationRate":null,"minimumCommission":1.48,"maximumCommission":6.72,"commissionRates":[{"fixedCommission":null,"percentageCommission":4.8}],"trackingLink":"https://tatrck.com/h/0Hu30z9R0Xsf","createdAt":"2023-12-13T13:22:16.270Z","updatedAt":"2024-09-03T17:07:05.164Z"},{"merchantId":138702,"name":"Travel Luggage & Cabin Bags UK","imageUri":"https://monetizeamex.com/v3/120x60/5e7165694b1eedba08e2aa9772e9e9f5.png","currencyCode":"EUR","defaultDomain":"travelluggagecabinbags.com","domains":["luggagetravelbags.co.uk","travelluggagecabinbags.com"],"categoryId":40,"description":null,"isActive":true,"countryCodes":["GB"],"averageBasketValue":null,"averageCommission":null,"averageConfirmationTime":null,"averageCancellationRate":null,"minimumCommission":null,"maximumCommission":null,"commissionRates":[{"fixedCommission":null,"percentageCommission":3.5999999999999996}],"trackingLink":"https://tatrck.com/h/0Hu30z9R0XtE","createdAt":"2023-12-13T13:22:27.399Z","updatedAt":"2024-09-03T17:08:12.725Z"},{"merchantId":138703,"name":"Pact Coffee UK","imageUri":"https://monetizeamex.com/v3/120x60/e301dabb9e4d1e5bd3902c30aad6307d.png","currencyCode":"EUR","defaultDomain":"pactcoffee.com","domains":["pactcoffee.com"],"categoryId":13,"description":null,"isActive":true,"countryCodes":["GB"],"averageBasketValue":22.85,"averageCommission":1.69,"averageConfirmationTime":51,"averageCancellationRate":null,"minimumCommission":0.76,"maximumCommission":3.29,"commissionRates":[{"fixedCommission":null,"percentageCommission":4.8},{"fixedCommission":2.4,"percentageCommission":null}],"trackingLink":"https://tatrck.com/h/0Hu30z9R0XtF","createdAt":"2023-12-13T13:22:27.492Z","updatedAt":"2024-09-03T05:51:21.231Z"},{"merchantId":138707,"name":"Sourcebmx UK","imageUri":"https://monetizeamex.com/v3/120x60/3fbcc2e35755c9b8748715f35505466c.png","currencyCode":"EUR","defaultDomain":"sourcebmx.com","domains":["sourcebmx.com","sourcebmx.co.uk"],"categoryId":21,"description":null,"isActive":true,"countryCodes":["US","GB"],"averageBasketValue":125.3,"averageCommission":1.5,"averageConfirmationTime":58,"averageCancellationRate":null,"minimumCommission":0.18,"maximumCommission":6.54,"commissionRates":[{"fixedCommission":null,"percentageCommission":1.2}],"trackingLink":"https://tatrck.com/h/0Hu30z9R0XtJ","createdAt":"2023-12-13T13:22:28.782Z","updatedAt":"2024-09-03T17:08:10.797Z"},{"merchantId":138713,"name":"NAJO US","imageUri":"https://monetizeamex.com/v3/120x60/9ee2716acbf7df2803823e9627293022.png","currencyCode":"EUR","defaultDomain":"najo.com.au","domains":["najo.com.au"],"categoryId":73,"description":null,"isActive":true,"countryCodes":["AU"],"averageBasketValue":null,"averageCommission":null,"averageConfirmationTime":null,"averageCancellationRate":null,"minimumCommission":null,"maximumCommission":null,"commissionRates":[],"trackingLink":"https://tatrck.com/h/0Hu30z9R0XtP","createdAt":"2023-12-13T13:22:32.079Z","updatedAt":"2024-08-26T09:01:23.655Z"},{"merchantId":138728,"name":"Grenco Science US","imageUri":"https://monetizeamex.com/v3/120x60/c7977dc16690701d6009fbf1ec34521e.png","currencyCode":"EUR","defaultDomain":"gpen.com","domains":["gpen.com"],"categoryId":27,"description":null,"isActive":true,"countryCodes":["US"],"averageBasketValue":59,"averageCommission":0.33,"averageConfirmationTime":null,"averageCancellationRate":null,"minimumCommission":0.33,"maximumCommission":0.33,"commissionRates":[{"fixedCommission":null,"percentageCommission":0.48}],"trackingLink":"https://tatrck.com/h/0Hu30z9R0Xte","createdAt":"2023-12-13T13:22:36.083Z","updatedAt":"2024-09-02T05:53:22.292Z"},{"merchantId":138729,"name":"GrowersHouse US","imageUri":"https://monetizeamex.com/v3/120x60/bdf2eb6617f499dfe9bb7ca9fcd4c1f8.png","currencyCode":"EUR","defaultDomain":"growershouse.com","domains":["growershouse.com"],"categoryId":74,"description":null,"isActive":true,"countryCodes":["US"],"averageBasketValue":39.07,"averageCommission":1.4,"averageConfirmationTime":60,"averageCancellationRate":null,"minimumCommission":null,"maximumCommission":null,"commissionRates":[],"trackingLink":"https://tatrck.com/h/0Hu30z9R0Xtf","createdAt":"2023-12-13T13:22:36.167Z","updatedAt":"2024-08-21T11:37:21.475Z"},{"merchantId":138733,"name":"Just Natural Products US","imageUri":"https://monetizeamex.com/v3/120x60/be47d17930c0425590b08e071139a9c6.png","currencyCode":"EUR","defaultDomain":"justnaturalskincare.com","domains":["justnaturalskincare.com"],"categoryId":28,"description":null,"isActive":true,"countryCodes":["US"],"averageBasketValue":null,"averageCommission":null,"averageConfirmationTime":null,"averageCancellationRate":null,"minimumCommission":null,"maximumCommission":null,"commissionRates":[],"trackingLink":"https://tatrck.com/h/0Hu30z9R0Xtj","createdAt":"2023-12-13T13:22:37.102Z","updatedAt":"2024-08-26T09:01:06.029Z"},{"merchantId":138739,"name":"Splits59 US","imageUri":"https://monetizeamex.com/v3/120x60/3814dc16e11792f707e9116bc1757bd3.png","currencyCode":"EUR","defaultDomain":"splits59.com","domains":["splits59.com"],"categoryId":40,"description":null,"isActive":true,"countryCodes":["US"],"averageBasketValue":81.84,"averageCommission":3.92,"averageConfirmationTime":1,"averageCancellationRate":null,"minimumCommission":1.46,"maximumCommission":1.46,"commissionRates":[{"fixedCommission":null,"percentageCommission":2.4},{"fixedCommission":null,"percentageCommission":4.8}],"trackingLink":"https://tatrck.com/h/0Hu30z9R0Xtp","createdAt":"2023-12-13T13:22:38.877Z","updatedAt":"2024-08-21T11:37:28.463Z"},{"merchantId":138756,"name":"BalticServers US","imageUri":"https://monetizeamex.com/v3/120x60/a151b7f8231d15a956d8229f938cb26e.png","currencyCode":"EUR","defaultDomain":"cherryservers.com","domains":["balticservers.com","cherryservers.com"],"categoryId":22,"description":null,"isActive":true,"countryCodes":["US"],"averageBasketValue":null,"averageCommission":null,"averageConfirmationTime":null,"averageCancellationRate":null,"minimumCommission":null,"maximumCommission":null,"commissionRates":[{"fixedCommission":24,"percentageCommission":null}],"trackingLink":"https://tatrck.com/h/0Hu30z9R0Xu4","createdAt":"2023-12-13T13:22:45.283Z","updatedAt":"2024-08-21T11:35:15.966Z"},{"merchantId":138768,"name":"Course Hero","imageUri":"https://monetizeamex.com/v3/120x60/f16aa7f9b8c3b3152d1ee8e378aa3693.png","currencyCode":"EUR","defaultDomain":"coursehero.com","domains":["coursehero.com"],"categoryId":44,"description":null,"isActive":true,"countryCodes":[],"averageBasketValue":7.47,"averageCommission":0.51,"averageConfirmationTime":null,"averageCancellationRate":0.2,"minimumCommission":0.75,"maximumCommission":9.88,"commissionRates":[],"trackingLink":"https://tatrck.com/h/0Hu30z9R0XuG","createdAt":"2023-12-13T13:22:48.570Z","updatedAt":"2024-09-02T05:54:20.088Z"},{"merchantId":138771,"name":"Decibullz Custom Earphones US","imageUri":"https://monetizeamex.com/v3/120x60/01420f226cb57bd020a0ccff911f4802.png","currencyCode":"EUR","defaultDomain":"decibullz.com","domains":["decibullz.com"],"categoryId":72,"description":null,"isActive":true,"countryCodes":["US"],"averageBasketValue":29.77,"averageCommission":1.24,"averageConfirmationTime":1,"averageCancellationRate":null,"minimumCommission":0.21,"maximumCommission":0.21,"commissionRates":[{"fixedCommission":null,"percentageCommission":4.8},{"fixedCommission":null,"percentageCommission":3.36},{"fixedCommission":4.8,"percentageCommission":null},{"fixedCommission":null,"percentageCommission":4.2}],"trackingLink":"https://tatrck.com/h/0Hu30z9R0XuJ","createdAt":"2023-12-13T13:22:50.871Z","updatedAt":"2024-08-21T11:35:18.583Z"},{"merchantId":138784,"name":"Fanplusfriend US","imageUri":"https://monetizeamex.com/v3/120x60/857b7d0a0baa8c210faf909c77a808b2.png","currencyCode":"EUR","defaultDomain":"fanplusfriend.com","domains":["fanplusfriend.com"],"categoryId":40,"description":null,"isActive":true,"countryCodes":["US"],"averageBasketValue":null,"averageCommission":null,"averageConfirmationTime":null,"averageCancellationRate":null,"minimumCommission":null,"maximumCommission":null,"commissionRates":[{"fixedCommission":null,"percentageCommission":1.7999999999999998}],"trackingLink":"https://tatrck.com/h/0Hu30z9R0XuW","createdAt":"2023-12-13T13:22:53.993Z","updatedAt":"2024-08-21T11:44:03.749Z"},{"merchantId":138785,"name":"Fifth Sun US","imageUri":"https://monetizeamex.com/v3/120x60/d40f1038dcad3a78e3252cbc9b25e81b.png","currencyCode":"EUR","defaultDomain":"fifthsun.com","domains":["fifthsun.com"],"categoryId":40,"description":null,"isActive":true,"countryCodes":["US"],"averageBasketValue":55.8,"averageCommission":3.31,"averageConfirmationTime":2,"averageCancellationRate":null,"minimumCommission":2.06,"maximumCommission":2.06,"commissionRates":[{"fixedCommission":null,"percentageCommission":6}],"trackingLink":"https://tatrck.com/h/0Hu30z9R0XuX","createdAt":"2023-12-13T13:22:53.870Z","updatedAt":"2024-08-31T05:44:56.379Z"},{"merchantId":138787,"name":"Fit Four US","imageUri":"https://monetizeamex.com/v3/120x60/abf7e2876e952c951b8da9e6dc12b6bb.png","currencyCode":"EUR","defaultDomain":"fitfour.com","domains":["fitfour.com"],"categoryId":68,"description":null,"isActive":true,"countryCodes":["US"],"averageBasketValue":null,"averageCommission":null,"averageConfirmationTime":null,"averageCancellationRate":null,"minimumCommission":null,"maximumCommission":null,"commissionRates":[],"trackingLink":"https://tatrck.com/h/0Hu30z9R0XuZ","createdAt":"2023-12-13T13:22:54.073Z","updatedAt":"2024-08-23T15:01:49.631Z"},{"merchantId":138788,"name":"Flex Watches US","imageUri":"https://monetizeamex.com/v3/120x60/8b737cab1b6a3f7ed461a0b25e5e24e2.png","currencyCode":"EUR","defaultDomain":"flexwatches.com","domains":["flexwatches.com"],"categoryId":40,"description":null,"isActive":true,"countryCodes":["US"],"averageBasketValue":36.53,"averageCommission":2.19,"averageConfirmationTime":1,"averageCancellationRate":null,"minimumCommission":2.19,"maximumCommission":2.19,"commissionRates":[{"fixedCommission":null,"percentageCommission":6}],"trackingLink":"https://tatrck.com/h/0Hu30z9R0Xua","createdAt":"2023-12-13T13:22:56.671Z","updatedAt":"2024-08-21T11:39:09.848Z"},{"merchantId":138789,"name":"FORBES & LEWIS","imageUri":"https://monetizeamex.com/v3/120x60/ae74f02776fff20de1cf836fb5a5a688.png","currencyCode":"EUR","defaultDomain":"forbesandlewis.com","domains":["forbesandlewis.com"],"categoryId":40,"description":null,"isActive":true,"countryCodes":["US"],"averageBasketValue":null,"averageCommission":null,"averageConfirmationTime":null,"averageCancellationRate":null,"minimumCommission":null,"maximumCommission":null,"commissionRates":[{"fixedCommission":null,"percentageCommission":6}],"trackingLink":"https://tatrck.com/h/0Hu30z9R0Xub","createdAt":"2023-12-13T13:22:55.007Z","updatedAt":"2024-08-21T11:45:36.264Z"}]}