{"meta":{"next":118371},"data":[{"merchantId":117859,"name":"YourSurprise DE","imageUri":"https://monetizeamex.com/v3/120x60/8726a1793fbd21a8b19a585c6185eda5.png","currencyCode":"EUR","defaultDomain":"yoursurprise.de","domains":["yoursuprise.de","yoursurprise.de"],"categoryId":47,"description":"Sind Sie auf der Suche nach einem witzigen und schönen Geschenk? Dann sind Sie bei YourSurprise.de genau an der richtigen Adresse. Ein einzigartiges Geschenk mit Ihrem Foto, Logo oder Text. So haben Sie ein Geschenk, das individuell auf den Empfänger zugeschnitten ist.","isActive":true,"countryCodes":["DE"],"averageBasketValue":34.14,"averageCommission":2.62,"averageConfirmationTime":5,"averageCancellationRate":7.6,"minimumCommission":0.35,"maximumCommission":7.86,"commissionRates":[],"trackingLink":"https://tatrck.com/h/0Hu30z9R0SnZ","createdAt":"2023-12-13T11:16:45.976Z","updatedAt":"2024-09-03T05:50:03.597Z"},{"merchantId":117863,"name":"Kaspersky NL","imageUri":"https://monetizeamex.com/v3/120x60/f244e3e6092fea6084feab0ddde5f599.png","currencyCode":"EUR","defaultDomain":"kaspersky.nl","domains":["kaspersky.nl"],"categoryId":76,"description":null,"isActive":true,"countryCodes":["NL"],"averageBasketValue":55.78,"averageCommission":6.69,"averageConfirmationTime":null,"averageCancellationRate":null,"minimumCommission":2.17,"maximumCommission":7.93,"commissionRates":[{"fixedCommission":null,"percentageCommission":12}],"trackingLink":"https://tatrck.com/h/0Hu30z9R0Snd","createdAt":"2023-12-13T11:16:48.049Z","updatedAt":"2024-09-03T17:09:17.414Z"},{"merchantId":117866,"name":"Panasonic UK","imageUri":"https://monetizeamex.com/v3/120x60/5b5bfbaa50ce81c9c420fbfe6f449dd3.png","currencyCode":"EUR","defaultDomain":"panasonic.co.uk","domains":["panasonic.co.uk"],"categoryId":72,"description":null,"isActive":true,"countryCodes":["GB"],"averageBasketValue":294.08,"averageCommission":1.76,"averageConfirmationTime":1,"averageCancellationRate":4.9,"minimumCommission":0.55,"maximumCommission":11.13,"commissionRates":[{"fixedCommission":null,"percentageCommission":0.6}],"trackingLink":"https://tatrck.com/h/0Hu30z9R0Sng","createdAt":"2023-12-13T11:16:48.789Z","updatedAt":"2024-09-03T17:09:34.029Z"},{"merchantId":117883,"name":"Case-Mate US","imageUri":"https://monetizeamex.com/v3/120x60/256d29512710b36c0260361ee2c1ce37.png","currencyCode":"EUR","defaultDomain":"case-mate.com","domains":["case-mate.com"],"categoryId":72,"description":null,"isActive":true,"countryCodes":["US"],"averageBasketValue":56.87,"averageCommission":1.77,"averageConfirmationTime":null,"averageCancellationRate":null,"minimumCommission":1.64,"maximumCommission":1.64,"commissionRates":[{"fixedCommission":null,"percentageCommission":7.199999999999999}],"trackingLink":"https://tatrck.com/h/0Hu30z9R0Snx","createdAt":"2023-12-13T11:16:54.786Z","updatedAt":"2024-08-24T05:51:04.122Z"},{"merchantId":117888,"name":"Claires","imageUri":"https://monetizeamex.com/v3/120x60/460e436a984d218aabca81361ca85249.png","currencyCode":"EUR","defaultDomain":"claires.com","domains":["claires.com"],"categoryId":40,"description":null,"isActive":true,"countryCodes":["US","GB"],"averageBasketValue":15.11,"averageCommission":0.84,"averageConfirmationTime":10,"averageCancellationRate":null,"minimumCommission":0,"maximumCommission":30.87,"commissionRates":[{"fixedCommission":null,"percentageCommission":1.728},{"fixedCommission":null,"percentageCommission":7.199999999999999}],"trackingLink":"https://tatrck.com/h/0Hu30z9R0So0","createdAt":"2023-12-13T11:16:56.988Z","updatedAt":"2024-09-03T17:07:27.671Z"},{"merchantId":117890,"name":"ComboInk US","imageUri":"https://monetizeamex.com/v3/120x60/3c604b6ed16aef7c2eadcc5573c13b61.png","currencyCode":"EUR","defaultDomain":"comboink.com","domains":["comboink.com"],"categoryId":70,"description":null,"isActive":true,"countryCodes":["US"],"averageBasketValue":30.15,"averageCommission":0.5,"averageConfirmationTime":6,"averageCancellationRate":7.7,"minimumCommission":6.51,"maximumCommission":6.51,"commissionRates":[{"fixedCommission":null,"percentageCommission":15}],"trackingLink":"https://tatrck.com/h/0Hu30z9R0So2","createdAt":"2023-12-13T11:16:56.079Z","updatedAt":"2024-08-21T11:43:52.009Z"},{"merchantId":117893,"name":"Pots and Pans","imageUri":"https://monetizeamex.com/v3/120x60/a7d55dc19cbc70ef5663a78c59525ae3.png","currencyCode":"EUR","defaultDomain":"potsandpans.com","domains":["potsandpans.com"],"categoryId":72,"description":null,"isActive":true,"countryCodes":["US"],"averageBasketValue":null,"averageCommission":null,"averageConfirmationTime":null,"averageCancellationRate":100,"minimumCommission":26.85,"maximumCommission":26.85,"commissionRates":[],"trackingLink":"https://tatrck.com/h/0Hu30z9R0So5","createdAt":"2023-12-13T11:16:57.074Z","updatedAt":"2024-08-15T08:48:55.510Z"},{"merchantId":117905,"name":"Fishwest US","imageUri":"https://monetizeamex.com/v3/120x60/f7b5f82f58f7485cb9cec6e4badbae86.png","currencyCode":"EUR","defaultDomain":"fishwest.com","domains":["fishwest.com"],"categoryId":55,"description":null,"isActive":true,"countryCodes":["US"],"averageBasketValue":101.22,"averageCommission":0.96,"averageConfirmationTime":null,"averageCancellationRate":null,"minimumCommission":0.19,"maximumCommission":1.53,"commissionRates":[],"trackingLink":"https://tatrck.com/h/0Hu30z9R0SoH","createdAt":"2023-12-13T11:17:01.278Z","updatedAt":"2024-08-23T15:01:38.167Z"},{"merchantId":117909,"name":"Good Morning Snore Solution US","imageUri":"https://monetizeamex.com/v3/120x60/08fc9892d4c8f206e0d7b591ad6a9123.png","currencyCode":"EUR","defaultDomain":"goodmorningsnoresolution.com","domains":["goodmorningsnoresolution.com"],"categoryId":35,"description":null,"isActive":true,"countryCodes":["US"],"averageBasketValue":59.39,"averageCommission":10.55,"averageConfirmationTime":2,"averageCancellationRate":null,"minimumCommission":10.63,"maximumCommission":10.63,"commissionRates":[{"fixedCommission":null,"percentageCommission":15}],"trackingLink":"https://tatrck.com/h/0Hu30z9R0SoL","createdAt":"2023-12-13T11:17:02.346Z","updatedAt":"2024-08-21T11:33:24.525Z"},{"merchantId":117955,"name":"Revgear US","imageUri":"https://monetizeamex.com/v3/120x60/bc8f212aff8026497fc45875d4a34a01.png","currencyCode":"EUR","defaultDomain":"revgear.com","domains":["revgear.com"],"categoryId":55,"description":null,"isActive":true,"countryCodes":["US"],"averageBasketValue":218.84,"averageCommission":2.74,"averageConfirmationTime":1,"averageCancellationRate":null,"minimumCommission":0.49,"maximumCommission":5.04,"commissionRates":[{"fixedCommission":0,"percentageCommission":null},{"fixedCommission":null,"percentageCommission":1.7999999999999998}],"trackingLink":"https://tatrck.com/h/0Hu30z9R0Sp3","createdAt":"2023-12-13T11:17:16.573Z","updatedAt":"2024-08-26T05:29:36.322Z"},{"merchantId":117969,"name":"Sprout Social US","imageUri":"https://monetizeamex.com/v3/120x60/51d226d1f15480bc39c98a8aa85760bd.png","currencyCode":"EUR","defaultDomain":"sproutsocial.com","domains":["sproutsocial.com"],"categoryId":79,"description":null,"isActive":true,"countryCodes":["US"],"averageBasketValue":12.07,"averageCommission":1.44,"averageConfirmationTime":null,"averageCancellationRate":null,"minimumCommission":38.32,"maximumCommission":313.66,"commissionRates":[{"fixedCommission":null,"percentageCommission":9.6}],"trackingLink":"https://tatrck.com/h/0Hu30z9R0SpH","createdAt":"2023-12-13T11:17:21.970Z","updatedAt":"2024-09-03T05:51:21.916Z"},{"merchantId":117970,"name":"Stefanel UK","imageUri":"https://monetizeamex.com/v3/120x60/9ee077c542ee6e25a426d9c9b385de7e.png","currencyCode":"EUR","defaultDomain":"stefanel.com","domains":["stefanel.com","stefanel.co.uk"],"categoryId":40,"description":null,"isActive":true,"countryCodes":["IT","DE"],"averageBasketValue":200.44,"averageCommission":7.07,"averageConfirmationTime":null,"averageCancellationRate":null,"minimumCommission":1.01,"maximumCommission":26.82,"commissionRates":[],"trackingLink":"https://tatrck.com/h/0Hu30z9R0SpI","createdAt":"2023-12-13T11:17:22.007Z","updatedAt":"2024-09-03T17:08:50.015Z"},{"merchantId":117972,"name":"Sunsky-online US","imageUri":"https://monetizeamex.com/v3/120x60/aff55c04841a92635531f6cc5b7e6bad.png","currencyCode":"EUR","defaultDomain":"sunsky-online.com","domains":["sunsky-online.com"],"categoryId":77,"description":null,"isActive":true,"countryCodes":["DM","US"],"averageBasketValue":42.03,"averageCommission":3.3,"averageConfirmationTime":5,"averageCancellationRate":2.2,"minimumCommission":0.06,"maximumCommission":41.11,"commissionRates":[{"fixedCommission":1.2,"percentageCommission":null},{"fixedCommission":null,"percentageCommission":4.8},{"fixedCommission":null,"percentageCommission":4.8}],"trackingLink":"https://tatrck.com/h/0Hu30z9R0SpK","createdAt":"2023-12-13T11:17:22.080Z","updatedAt":"2024-09-03T05:49:07.119Z"},{"merchantId":117973,"name":"Swagbucks US","imageUri":"https://monetizeamex.com/v3/120x60/991a809ff0282ffd48259c881546b83e.png","currencyCode":"EUR","defaultDomain":"swagbucks.com","domains":["swagbucks.com"],"categoryId":47,"description":null,"isActive":true,"countryCodes":["FR","US"],"averageBasketValue":null,"averageCommission":0.21,"averageConfirmationTime":37,"averageCancellationRate":0.4,"minimumCommission":0.21,"maximumCommission":0.5,"commissionRates":[],"trackingLink":"https://tatrck.com/h/0Hu30z9R0SpL","createdAt":"2023-12-13T11:17:23.076Z","updatedAt":"2024-09-03T05:52:26.100Z"},{"merchantId":117975,"name":"TAGS US","imageUri":"https://monetizeamex.com/v3/120x60/813bcbc8c14dd7fbc8c91b30399b172d.png","currencyCode":"EUR","defaultDomain":"tags.com","domains":["tags.com"],"categoryId":40,"description":null,"isActive":true,"countryCodes":["US"],"averageBasketValue":null,"averageCommission":null,"averageConfirmationTime":null,"averageCancellationRate":null,"minimumCommission":null,"maximumCommission":null,"commissionRates":[{"fixedCommission":null,"percentageCommission":6}],"trackingLink":"https://tatrck.com/h/0Hu30z9R0SpN","createdAt":"2023-12-13T11:17:23.169Z","updatedAt":"2024-08-21T11:32:09.026Z"},{"merchantId":117983,"name":"VMware DE","imageUri":"https://monetizeamex.com/v3/120x60/b652a8ef04312d5e73224e204a07fec2.png","currencyCode":"EUR","defaultDomain":"store.vmware.com","domains":["store.vmware.com","vmware.com"],"categoryId":58,"description":"VMware virtualisiert die Datenverarbeitung, vom Rechenzentrum über die Cloud bis zu Mobilgeräten und verbessert Effizienz, Agilität und Verfügbarkeit.","isActive":true,"countryCodes":[],"averageBasketValue":null,"averageCommission":null,"averageConfirmationTime":null,"averageCancellationRate":null,"minimumCommission":null,"maximumCommission":null,"commissionRates":[],"trackingLink":"https://tatrck.com/h/0Hu30z9R0SpV","createdAt":"2023-12-13T11:17:25.581Z","updatedAt":"2024-08-15T08:48:55.583Z"},{"merchantId":117990,"name":"alltours DE","imageUri":"https://monetizeamex.com/v3/120x60/f2a74876f3d7c6ec955b88050be94ad6.png","currencyCode":"EUR","defaultDomain":"alltours.de","domains":["alltours.de"],"categoryId":63,"description":"Alltours, alles aber günstig. Finden Sie Ihren Traumurlaub im umfassenden Angebot von Alltours. Pauschalreisen, Lastminute-Reisen oder All-inklusiv, hier ist für jeden etwas dabei.","isActive":true,"countryCodes":["DE"],"averageBasketValue":2,"averageCommission":41.71,"averageConfirmationTime":28,"averageCancellationRate":14.3,"minimumCommission":36,"maximumCommission":39,"commissionRates":[{"fixedCommission":36,"percentageCommission":null},{"fixedCommission":9,"percentageCommission":null}],"trackingLink":"https://tatrck.com/h/0Hu30z9R0Spc","createdAt":"2023-12-13T11:17:27.981Z","updatedAt":"2024-09-03T17:08:39.682Z"},{"merchantId":117992,"name":"CoolStuff DE","imageUri":"https://monetizeamex.com/v3/120x60/793e7375699a02f871f5b6a175292570.png","currencyCode":"EUR","defaultDomain":"coolstuff.de","domains":["coolstuff.de"],"categoryId":47,"description":"CoolStuff, das Gadgetparadies! CoolStuff ist der ultimative Onlineshop für ausgefallene Geschenkideen. Ideal zum verschenken oder, noch besser, zum selber behalten! Du findest Gadgets fürs Wohnen, für den Garten, Essen & Trinken, Technik-Gadgets, Hobby & Freizeit sowie Spiel & Spaß.","isActive":true,"countryCodes":["DE"],"averageBasketValue":74.22,"averageCommission":3.56,"averageConfirmationTime":null,"averageCancellationRate":null,"minimumCommission":1.77,"maximumCommission":23.37,"commissionRates":[],"trackingLink":"https://tatrck.com/h/0Hu30z9R0Spe","createdAt":"2023-12-13T11:17:28.982Z","updatedAt":"2024-09-03T17:07:56.548Z"},{"merchantId":118000,"name":"VerticalExtreme DE","imageUri":"https://monetizeamex.com/v3/120x60/a350a284654ecea750c9f52007cf381f.png","currencyCode":"EUR","defaultDomain":"verticalextreme.de","domains":["verticalextreme.de"],"categoryId":55,"description":"VerticalExtreme.de steht für qualitativ hochwertige Ausrüstung zum Klettern, Bergsteigen und Outdoor. Wir bieten ein sorgfältig ausgewähltes Sortiment an Bekleidung, Rucksäcke, Seilen, Bücher, Videos und DVDs und individuelle Beratung und schneller Versand.","isActive":true,"countryCodes":["AT","DE"],"averageBasketValue":222.48,"averageCommission":6.67,"averageConfirmationTime":null,"averageCancellationRate":8.3,"minimumCommission":3.57,"maximumCommission":3.57,"commissionRates":[{"fixedCommission":null,"percentageCommission":3},{"fixedCommission":null,"percentageCommission":3}],"trackingLink":"https://tatrck.com/h/0Hu30z9R0Spm","createdAt":"2023-12-13T11:17:31.670Z","updatedAt":"2024-09-03T17:09:36.161Z"},{"merchantId":118056,"name":"Lingorilla DE","imageUri":"https://monetizeamex.com/v3/120x60/1e8b9c5a4388932679f0a823b4cc4d4e.png","currencyCode":"EUR","defaultDomain":"linguatv.com","domains":["lingorilla.com","lingorilla.de","linguatv.com"],"categoryId":44,"description":"Lingorilla.com ist eine Online-Plattform zum Lernen von Fremdsprachen. Schwerpunkt des Lernprogramms sind Videolektionen, in welchen Muttersprachler alltägliche Gesprächssituationen darstellen. Derzeit sind Deutsch, Englisch, Französisch, Italienisch und Spanisch im Angebot.","isActive":true,"countryCodes":["DE"],"averageBasketValue":null,"averageCommission":null,"averageConfirmationTime":null,"averageCancellationRate":null,"minimumCommission":null,"maximumCommission":null,"commissionRates":[{"fixedCommission":12,"percentageCommission":null}],"trackingLink":"https://tatrck.com/h/0Hu30z9R0Sqe","createdAt":"2023-12-13T11:17:49.884Z","updatedAt":"2024-09-03T17:07:08.290Z"},{"merchantId":118064,"name":"webtropia DE","imageUri":"https://monetizeamex.com/v3/120x60/0b3467cec797eb42c94bac2e1b3a27cf.png","currencyCode":"EUR","defaultDomain":"webtropia.com","domains":["webtropia.com","webtropia.de"],"categoryId":22,"description":"Mit einer breiten Palette an dedicated Server Produkten, die sich über die drei Linien Enterprise-, Professional- und Economy- Server erstreckt, können Sie bei webtropia.com für jeden den passenden dedicated Server mieten. Bei allen dedicated Server Produkten wird auf qualitativ hochwertige Server Hardware gesetzt.","isActive":true,"countryCodes":["DE"],"averageBasketValue":17.29,"averageCommission":5.19,"averageConfirmationTime":null,"averageCancellationRate":null,"minimumCommission":1.35,"maximumCommission":5.4,"commissionRates":[{"fixedCommission":null,"percentageCommission":30}],"trackingLink":"https://tatrck.com/h/0Hu30z9R0Sqm","createdAt":"2023-12-13T11:17:52.799Z","updatedAt":"2024-09-03T17:08:04.877Z"},{"merchantId":118071,"name":"BDAntivirus US","imageUri":"https://monetizeamex.com/v3/120x60/29c34985fd2f9b0d16b28599c6a52f93.png","currencyCode":"EUR","defaultDomain":"bdantivirus.com","domains":["bdantivirus.com"],"categoryId":49,"description":null,"isActive":true,"countryCodes":["IT"],"averageBasketValue":null,"averageCommission":null,"averageConfirmationTime":null,"averageCancellationRate":null,"minimumCommission":null,"maximumCommission":null,"commissionRates":[],"trackingLink":"https://tatrck.com/h/0Hu30z9R0Sqt","createdAt":"2023-12-13T11:17:54.412Z","updatedAt":"2024-09-03T05:29:07.109Z"},{"merchantId":118087,"name":"CRAFT SPORTS US","imageUri":"https://monetizeamex.com/v3/120x60/0996a6cb816afcb9475adb2f7923cfdb.png","currencyCode":"EUR","defaultDomain":"craftsports.us","domains":["craftsports.us"],"categoryId":40,"description":null,"isActive":true,"countryCodes":["US"],"averageBasketValue":86.93,"averageCommission":3.34,"averageConfirmationTime":null,"averageCancellationRate":null,"minimumCommission":0.59,"maximumCommission":2.86,"commissionRates":[{"fixedCommission":null,"percentageCommission":4.8}],"trackingLink":"https://tatrck.com/h/0Hu30z9R0Sr7","createdAt":"2023-12-13T11:18:00.690Z","updatedAt":"2024-09-02T05:52:24.925Z"},{"merchantId":118089,"name":"Daniel Wellington US","imageUri":"https://monetizeamex.com/v3/120x60/37d8ef3998033be9fb609989ad339c96.png","currencyCode":"EUR","defaultDomain":"danielwellington.com","domains":["danielwellington.com"],"categoryId":40,"description":null,"isActive":true,"countryCodes":["ES","PT","BE","NL"],"averageBasketValue":105.78,"averageCommission":5.97,"averageConfirmationTime":null,"averageCancellationRate":null,"minimumCommission":2.11,"maximumCommission":2.11,"commissionRates":[],"trackingLink":"https://tatrck.com/h/0Hu30z9R0Sr9","createdAt":"2023-12-13T11:18:02.485Z","updatedAt":"2024-09-03T17:13:52.242Z"},{"merchantId":118090,"name":"Design Toscano US","imageUri":"https://monetizeamex.com/v3/120x60/11b8e00d232fcc43eb8753d97cfd9829.png","currencyCode":"EUR","defaultDomain":"designtoscano.com","domains":["designtoscano.com"],"categoryId":21,"description":null,"isActive":true,"countryCodes":["US"],"averageBasketValue":103.79,"averageCommission":4.53,"averageConfirmationTime":null,"averageCancellationRate":null,"minimumCommission":1.99,"maximumCommission":1.99,"commissionRates":[{"fixedCommission":null,"percentageCommission":0.96}],"trackingLink":"https://tatrck.com/h/0Hu30z9R0SrA","createdAt":"2023-12-13T11:18:01.247Z","updatedAt":"2024-08-21T11:39:20.843Z"},{"merchantId":118092,"name":"DigitalOcean US","imageUri":"https://monetizeamex.com/v3/120x60/68b0daac71da1977c4953570e7921278.png","currencyCode":"EUR","defaultDomain":"digitalocean.com","domains":["digitalocean.com"],"categoryId":22,"description":null,"isActive":true,"countryCodes":["US"],"averageBasketValue":5.85,"averageCommission":0.34,"averageConfirmationTime":null,"averageCancellationRate":0.2,"minimumCommission":0,"maximumCommission":195.67,"commissionRates":[],"trackingLink":"https://tatrck.com/h/0Hu30z9R0SrC","createdAt":"2023-12-13T11:18:01.894Z","updatedAt":"2024-09-03T05:51:35.031Z"},{"merchantId":118097,"name":"Focus Camera & aSavings US","imageUri":"https://monetizeamex.com/v3/120x60/cbdddbcc91dbb7a49a97948d2dc73346.png","currencyCode":"EUR","defaultDomain":"focuscamera.com","domains":["focuscamera.com"],"categoryId":80,"description":null,"isActive":true,"countryCodes":["US"],"averageBasketValue":750.67,"averageCommission":13.51,"averageConfirmationTime":58,"averageCancellationRate":null,"minimumCommission":2.53,"maximumCommission":42.7,"commissionRates":[{"fixedCommission":null,"percentageCommission":1.44}],"trackingLink":"https://tatrck.com/h/0Hu30z9R0SrH","createdAt":"2023-12-13T11:18:04.372Z","updatedAt":"2024-08-23T15:05:28.892Z"},{"merchantId":118104,"name":"Globalrose US","imageUri":"https://monetizeamex.com/v3/120x60/70beb73a099a534cbdc13a3b75b34744.png","currencyCode":"EUR","defaultDomain":"globalrose.com","domains":["globalrose.com"],"categoryId":47,"description":null,"isActive":true,"countryCodes":["US"],"averageBasketValue":239.68,"averageCommission":3.59,"averageConfirmationTime":2,"averageCancellationRate":null,"minimumCommission":0.97,"maximumCommission":4.95,"commissionRates":[{"fixedCommission":null,"percentageCommission":1.5}],"trackingLink":"https://tatrck.com/h/0Hu30z9R0SrO","createdAt":"2023-12-13T11:18:07.775Z","updatedAt":"2024-09-03T05:11:47.291Z"},{"merchantId":118116,"name":"JaguarPC US","imageUri":"https://monetizeamex.com/v3/120x60/b643e6b4ce4ca34997e5f25564c0dc94.png","currencyCode":"EUR","defaultDomain":"jaguarpc.com","domains":["jaguarpc.com"],"categoryId":49,"description":null,"isActive":true,"countryCodes":["US"],"averageBasketValue":null,"averageCommission":null,"averageConfirmationTime":null,"averageCancellationRate":null,"minimumCommission":null,"maximumCommission":null,"commissionRates":[],"trackingLink":"https://tatrck.com/h/0Hu30z9R0Sra","createdAt":"2023-12-13T11:18:10.484Z","updatedAt":"2024-08-15T08:48:58.608Z"},{"merchantId":118135,"name":"Nolo US","imageUri":"https://monetizeamex.com/v3/120x60/ede3191200885fba892fb8c553816c0b.png","currencyCode":"EUR","defaultDomain":"nolo.com","domains":["divorcenet.com","nolo.com","willmaker.com"],"categoryId":35,"description":null,"isActive":true,"countryCodes":["US"],"averageBasketValue":null,"averageCommission":null,"averageConfirmationTime":null,"averageCancellationRate":null,"minimumCommission":null,"maximumCommission":null,"commissionRates":[{"fixedCommission":null,"percentageCommission":15},{"fixedCommission":null,"percentageCommission":15}],"trackingLink":"https://tatrck.com/h/0Hu30z9R0Srt","createdAt":"2023-12-13T11:18:16.601Z","updatedAt":"2024-09-03T17:05:40.138Z"},{"merchantId":118138,"name":"Paint Your Life","imageUri":"https://monetizeamex.com/v3/120x60/9cddcf71e7004dcf426c0bbd5cf229d4.png","currencyCode":"EUR","defaultDomain":"paintyourlife.com","domains":["paintyourlife.com"],"categoryId":82,"description":null,"isActive":true,"countryCodes":["AE","US"],"averageBasketValue":189.74,"averageCommission":14.02,"averageConfirmationTime":null,"averageCancellationRate":null,"minimumCommission":29.07,"maximumCommission":48.51,"commissionRates":[{"fixedCommission":null,"percentageCommission":7.199999999999999}],"trackingLink":"https://tatrck.com/h/0Hu30z9R0Srw","createdAt":"2023-12-13T11:18:17.771Z","updatedAt":"2024-09-02T05:47:28.024Z"},{"merchantId":118145,"name":"Russell Athletic US","imageUri":"https://monetizeamex.com/v3/120x60/6ba074d0009a81b0b82edd7cd4962633.png","currencyCode":"EUR","defaultDomain":"russellathletic.com","domains":["russellathletic.com"],"categoryId":55,"description":null,"isActive":true,"countryCodes":["US"],"averageBasketValue":12.76,"averageCommission":0.21,"averageConfirmationTime":null,"averageCancellationRate":null,"minimumCommission":0.11,"maximumCommission":0.22,"commissionRates":[],"trackingLink":"https://tatrck.com/h/0Hu30z9R0Ss1","createdAt":"2023-12-13T11:18:22.269Z","updatedAt":"2024-08-26T09:01:25.770Z"},{"merchantId":118148,"name":"SilverRushStyle US","imageUri":"https://monetizeamex.com/v3/120x60/13baabd54b4a350c03e17e2e614da1af.png","currencyCode":"EUR","defaultDomain":"silverrushstyle.com","domains":["silverrushstyle.com"],"categoryId":73,"description":null,"isActive":true,"countryCodes":["US"],"averageBasketValue":99.33,"averageCommission":8.94,"averageConfirmationTime":58,"averageCancellationRate":null,"minimumCommission":null,"maximumCommission":null,"commissionRates":[{"fixedCommission":null,"percentageCommission":9}],"trackingLink":"https://tatrck.com/h/0Hu30z9R0Ss4","createdAt":"2023-12-13T11:18:21.778Z","updatedAt":"2024-08-21T11:35:16.735Z"},{"merchantId":118149,"name":"Smart for Life Cookie Diet US","imageUri":"https://monetizeamex.com/v3/120x60/b3a1c153c87133dfd9c35507fc627ffb.png","currencyCode":"EUR","defaultDomain":"smartforlife.com","domains":["smartforlife.com"],"categoryId":35,"description":null,"isActive":true,"countryCodes":["US"],"averageBasketValue":null,"averageCommission":null,"averageConfirmationTime":null,"averageCancellationRate":null,"minimumCommission":null,"maximumCommission":null,"commissionRates":[{"fixedCommission":null,"percentageCommission":4.2}],"trackingLink":"https://tatrck.com/h/0Hu30z9R0Ss5","createdAt":"2023-12-13T11:18:24.386Z","updatedAt":"2024-08-21T11:39:03.645Z"},{"merchantId":118153,"name":"Springer Shop","imageUri":"https://monetizeamex.com/v3/120x60/1a88dd612a1943b7ca7e34fc5af70bc3.png","currencyCode":"EUR","defaultDomain":"springer.com","domains":["springer.com","springer.de"],"categoryId":44,"description":"Im Springer Shop finden Sie über 100000 Bücher, auch als eBook, aus allen wissenschaftlichen Gebieten. Alle eBooks im Springer Shop sind im PDF Format verfügbar und damit auf fast allen Lesegeräten, mobilen Endgeräten und Computern uneingeschränkt nutzbar. Der Springer Shop bietet Ihnen einen kostenlosen weltweiten Versand für alle Bücher.","isActive":true,"countryCodes":["DE"],"averageBasketValue":44.34,"averageCommission":3.19,"averageConfirmationTime":19,"averageCancellationRate":14,"minimumCommission":0.3,"maximumCommission":36.33,"commissionRates":[],"trackingLink":"https://tatrck.com/h/0Hu30z9R0Ss9","createdAt":"2023-12-13T11:18:24.585Z","updatedAt":"2024-09-03T17:09:19.066Z"},{"merchantId":118157,"name":"Norton [CPS] WW","imageUri":"https://monetizeamex.com/v3/120x60/fdf1d86e122889e65bc7ad725c100e13.png","currencyCode":"EUR","defaultDomain":"norton.com","domains":["norton.com"],"categoryId":76,"description":null,"isActive":true,"countryCodes":[],"averageBasketValue":25.76,"averageCommission":8.28,"averageConfirmationTime":30,"averageCancellationRate":1.54,"minimumCommission":1.99,"maximumCommission":48.74,"commissionRates":[],"trackingLink":"https://tatrck.com/h/0Hu30z9R0SsD","createdAt":"2023-12-13T11:18:28.169Z","updatedAt":"2024-09-03T05:53:27.510Z"},{"merchantId":118167,"name":"US Jewelry Factory US","imageUri":"https://monetizeamex.com/v3/120x60/03e1740ce3c95e22ff17c88908cd1a86.png","currencyCode":"EUR","defaultDomain":"usjewelryfactory.com","domains":["usjewelryfactory.com"],"categoryId":73,"description":null,"isActive":true,"countryCodes":["US"],"averageBasketValue":null,"averageCommission":null,"averageConfirmationTime":null,"averageCancellationRate":null,"minimumCommission":null,"maximumCommission":null,"commissionRates":[{"fixedCommission":null,"percentageCommission":3}],"trackingLink":"https://tatrck.com/h/0Hu30z9R0SsN","createdAt":"2023-12-13T11:18:32.184Z","updatedAt":"2024-08-21T11:39:21.632Z"},{"merchantId":118192,"name":"Regenbogenkreis DE","imageUri":"https://monetizeamex.com/v3/120x60/114ee987b621e0a7eaf73fcfb05edafc.png","currencyCode":"EUR","defaultDomain":"regenbogenkreis.de","domains":["regenbogenkreis.de"],"categoryId":35,"description":"Beim Regenbogenkreis finden Sie biologische Naturprodukte für Entschlackung, gesunde Ernährung und Lebensweise. Entdecken Sie besondere vegane Bioprodukte, Rohkostprodukte, Superfoods, Regenwaldkräuter, Bücher und DVDs. Der Schwerpunkt liegt auf Produkten zur Entschlackung und inneren Reinigung unseres Körpers.","isActive":true,"countryCodes":["DE"],"averageBasketValue":133.85,"averageCommission":5.71,"averageConfirmationTime":2,"averageCancellationRate":13.5,"minimumCommission":0.64,"maximumCommission":10.09,"commissionRates":[],"trackingLink":"https://tatrck.com/h/0Hu30z9R0Ssm","createdAt":"2023-12-13T11:18:40.387Z","updatedAt":"2024-08-30T05:57:07.850Z"},{"merchantId":118198,"name":"Best Gym Equipment UK","imageUri":"https://monetizeamex.com/v3/120x60/78d6342b4b4a0179e08dfd3168c9f01f.png","currencyCode":"EUR","defaultDomain":"bestgymequipment.co.uk","domains":["bestgymequipment.co.uk"],"categoryId":68,"description":null,"isActive":true,"countryCodes":["GB"],"averageBasketValue":223.85,"averageCommission":6.71,"averageConfirmationTime":null,"averageCancellationRate":null,"minimumCommission":10.27,"maximumCommission":10.27,"commissionRates":[{"fixedCommission":null,"percentageCommission":3}],"trackingLink":"https://tatrck.com/h/0Hu30z9R0Sss","createdAt":"2023-12-13T11:18:41.168Z","updatedAt":"2024-09-03T17:08:02.861Z"},{"merchantId":118199,"name":"BigGreenSmile DE","imageUri":"https://monetizeamex.com/v3/120x60/251dd763e7bebfc7d5b72cd787d0ac28.png","currencyCode":"EUR","defaultDomain":"biggreensmile.de","domains":["biggreensmile.de"],"categoryId":28,"description":"hier finden Sie ein umfangreiches Sortiment an natürlichen Produkten. Angefangen bei Produkten für die natürliche Schönheits- und Hautpflege, Haarpflege, Sonnenpflege bis hin zu organischen Produkten für Ihr Baby und Reinigungs- und Waschmitteln finden Sie hier alles, was Sie für eine biologische Lebensweise benötigen.","isActive":true,"countryCodes":["DE"],"averageBasketValue":54.62,"averageCommission":0.98,"averageConfirmationTime":null,"averageCancellationRate":null,"minimumCommission":1.85,"maximumCommission":1.85,"commissionRates":[{"fixedCommission":null,"percentageCommission":1.7999999999999998},{"fixedCommission":null,"percentageCommission":3}],"trackingLink":"https://tatrck.com/h/0Hu30z9R0Sst","createdAt":"2023-12-13T11:18:41.181Z","updatedAt":"2024-09-03T17:08:51.458Z"},{"merchantId":118202,"name":"Diamond Veneer US","imageUri":"https://monetizeamex.com/v3/120x60/7f896ec7e8dad6e03d8714b9abd36545.png","currencyCode":"EUR","defaultDomain":"diamondveneer.com","domains":["diamondveneer.com"],"categoryId":73,"description":null,"isActive":true,"countryCodes":["US"],"averageBasketValue":null,"averageCommission":null,"averageConfirmationTime":null,"averageCancellationRate":null,"minimumCommission":null,"maximumCommission":null,"commissionRates":[{"fixedCommission":null,"percentageCommission":9}],"trackingLink":"https://tatrck.com/h/0Hu30z9R0Ssw","createdAt":"2023-12-13T11:18:42.173Z","updatedAt":"2024-08-21T11:41:18.759Z"},{"merchantId":118210,"name":"I Love Wallpaper UK","imageUri":"https://monetizeamex.com/v3/120x60/e2131971d2783c822f03a79619c1be22.png","currencyCode":"EUR","defaultDomain":"ilovewallpaper.com","domains":["ilovewallpaper.com"],"categoryId":74,"description":null,"isActive":true,"countryCodes":[],"averageBasketValue":63.27,"averageCommission":1,"averageConfirmationTime":39,"averageCancellationRate":1,"minimumCommission":0.01,"maximumCommission":3.3,"commissionRates":[{"fixedCommission":null,"percentageCommission":1.92}],"trackingLink":"https://tatrck.com/h/0Hu30z9R0St2","createdAt":"2023-12-13T11:18:44.576Z","updatedAt":"2024-09-03T05:47:11.534Z"},{"merchantId":118216,"name":"meintierdiscount DE","imageUri":"https://monetizeamex.com/v3/120x60/bf40fe362248ae29c394271f0b12d59f.png","currencyCode":"EUR","defaultDomain":"meintierdiscount.de","domains":["meintierdiscount.de"],"categoryId":21,"description":"Sie erhalten bei Mein Tierdiscount Nahrung, Näpfe, Pflegeprodukte, Transporthilfen und vieles mehr für Ihren Hund, Ihre Katze, Nager, Reptilien, Fische, Pferde und Vögel.","isActive":true,"countryCodes":["DE"],"averageBasketValue":51.23,"averageCommission":2.5,"averageConfirmationTime":21,"averageCancellationRate":13.6,"minimumCommission":0.46,"maximumCommission":3.87,"commissionRates":[],"trackingLink":"https://tatrck.com/h/0Hu30z9R0St8","createdAt":"2023-12-13T11:18:46.573Z","updatedAt":"2024-08-28T05:50:07.753Z"},{"merchantId":118217,"name":"MyMemory DE","imageUri":"https://monetizeamex.com/v3/120x60/3867bab69197ea7a664330861624a72c.png","currencyCode":"EUR","defaultDomain":"mymemory.de","domains":["mymemory.de"],"categoryId":72,"description":"MyMemory ist ein Online-Shop für Elektronik und Unterhaltungselektronik. Angeboten werden unter anderem Speicherkarten, Festplatten, Handys, Handyzubehör, Computer, Kabel, Spiele, Ladegeräte, Digitalkameras und vieles mehr.","isActive":true,"countryCodes":["DE"],"averageBasketValue":null,"averageCommission":null,"averageConfirmationTime":null,"averageCancellationRate":null,"minimumCommission":null,"maximumCommission":null,"commissionRates":[],"trackingLink":"https://tatrck.com/h/0Hu30z9R0St9","createdAt":"2023-12-13T11:18:46.685Z","updatedAt":"2024-08-23T15:01:31.047Z"},{"merchantId":118226,"name":"Shytobuy IT","imageUri":"https://monetizeamex.com/v3/120x60/453bbbb289f9f996e8c3447bd4b70381.png","currencyCode":"EUR","defaultDomain":"shytobuy.it","domains":["shytobuy.it"],"categoryId":60,"description":null,"isActive":true,"countryCodes":["IT"],"averageBasketValue":null,"averageCommission":null,"averageConfirmationTime":null,"averageCancellationRate":null,"minimumCommission":null,"maximumCommission":null,"commissionRates":[],"trackingLink":"https://tatrck.com/h/0Hu30z9R0StI","createdAt":"2023-12-13T11:18:49.785Z","updatedAt":"2024-08-22T05:53:07.622Z"},{"merchantId":118234,"name":"WeightWorld IT","imageUri":"https://monetizeamex.com/v3/120x60/4d2a21ff2ce95973cc3994ab816c9786.png","currencyCode":"EUR","defaultDomain":"weightworld.it","domains":["weightworld.it"],"categoryId":35,"description":null,"isActive":true,"countryCodes":["IT"],"averageBasketValue":43.4,"averageCommission":2.6,"averageConfirmationTime":null,"averageCancellationRate":null,"minimumCommission":0.88,"maximumCommission":5.1,"commissionRates":[],"trackingLink":"https://tatrck.com/h/0Hu30z9R0StQ","createdAt":"2023-12-13T11:18:53.791Z","updatedAt":"2024-08-28T05:53:02.319Z"},{"merchantId":118268,"name":"Sportlädchen DE","imageUri":"https://monetizeamex.com/v3/120x60/b3509772147c8d8ae7a795e23bf0469d.png","currencyCode":"EUR","defaultDomain":"sportlaedchen.de","domains":["sportlaedchen.de"],"categoryId":68,"description":"Im Sportlädchen finden Sie eine umfangreiche Auswahl an Produkten für den Fitness-, Aerobic- und Equipmentbereich.","isActive":true,"countryCodes":["DE"],"averageBasketValue":115.08,"averageCommission":4.65,"averageConfirmationTime":null,"averageCancellationRate":null,"minimumCommission":0.71,"maximumCommission":10.69,"commissionRates":[],"trackingLink":"https://tatrck.com/h/0Hu30z9R0Sty","createdAt":"2023-12-13T11:19:06.573Z","updatedAt":"2024-09-03T17:14:28.587Z"},{"merchantId":118281,"name":"AbeBooks WW","imageUri":"https://monetizeamex.com/v3/120x60/affb2daf49c476cbdb42180d1823fc69.png","currencyCode":"EUR","defaultDomain":"abebooks.com","domains":["abebooks.com"],"categoryId":21,"description":"eBooks.com is a leading retailer of ebooks, with a vast range of ebooks from academic, popular and professional publishers.","isActive":true,"countryCodes":[],"averageBasketValue":27.08,"averageCommission":0.73,"averageConfirmationTime":52,"averageCancellationRate":4.1000000000000005,"minimumCommission":0.01,"maximumCommission":9.91,"commissionRates":[{"fixedCommission":null,"percentageCommission":3},{"fixedCommission":null,"percentageCommission":2.4}],"trackingLink":"https://tatrck.com/h/0Hu30z9R0Su9","createdAt":"2023-12-13T11:19:10.867Z","updatedAt":"2024-09-03T17:06:50.332Z"},{"merchantId":118292,"name":"Apples of Gold Jewelry US","imageUri":"https://monetizeamex.com/v3/120x60/d40ae9eec138854ff3bbebace7e2bd07.png","currencyCode":"EUR","defaultDomain":"applesofgold.com","domains":["applesofgold.com"],"categoryId":73,"description":null,"isActive":true,"countryCodes":["US"],"averageBasketValue":807.48,"averageCommission":4.84,"averageConfirmationTime":1,"averageCancellationRate":25,"minimumCommission":2.98,"maximumCommission":4.86,"commissionRates":[{"fixedCommission":null,"percentageCommission":0.6}],"trackingLink":"https://tatrck.com/h/0Hu30z9R0SuK","createdAt":"2023-12-13T11:19:16.195Z","updatedAt":"2024-08-29T05:11:32.815Z"},{"merchantId":118310,"name":"BrentHaven US","imageUri":"https://monetizeamex.com/v3/120x60/c6e7877632f094b3bf16c7728eb3b810.png","currencyCode":"EUR","defaultDomain":"brenthaven.com","domains":["brenthaven.com"],"categoryId":77,"description":null,"isActive":true,"countryCodes":["US"],"averageBasketValue":null,"averageCommission":null,"averageConfirmationTime":null,"averageCancellationRate":null,"minimumCommission":null,"maximumCommission":null,"commissionRates":[],"trackingLink":"https://tatrck.com/h/0Hu30z9R0Suc","createdAt":"2023-12-13T11:19:22.466Z","updatedAt":"2024-08-23T15:01:45.774Z"},{"merchantId":118312,"name":"Brooklyn Industries US","imageUri":"https://monetizeamex.com/v3/120x60/b2d6409ec13d92d6e0cd41fbc0e640d2.png","currencyCode":"EUR","defaultDomain":"brooklynindustries.com","domains":["brooklynindustries.com"],"categoryId":40,"description":null,"isActive":true,"countryCodes":[],"averageBasketValue":74.29,"averageCommission":2.67,"averageConfirmationTime":58,"averageCancellationRate":14.300000000000002,"minimumCommission":0.85,"maximumCommission":14.91,"commissionRates":[{"fixedCommission":null,"percentageCommission":3.5999999999999996},{"fixedCommission":null,"percentageCommission":3},{"fixedCommission":null,"percentageCommission":3.5999999999999996}],"trackingLink":"https://tatrck.com/h/0Hu30z9R0Sue","createdAt":"2023-12-13T11:19:22.688Z","updatedAt":"2024-08-23T15:02:17.540Z"},{"merchantId":118342,"name":"Cricut US","imageUri":"https://monetizeamex.com/v3/120x60/41179a214257d962a4aa78bbcf2f8397.png","currencyCode":"EUR","defaultDomain":"cricut.com","domains":["cricut.com"],"categoryId":70,"description":null,"isActive":true,"countryCodes":["US"],"averageBasketValue":127.35,"averageCommission":3.77,"averageConfirmationTime":58,"averageCancellationRate":null,"minimumCommission":0,"maximumCommission":16.5,"commissionRates":[{"fixedCommission":null,"percentageCommission":0.96}],"trackingLink":"https://tatrck.com/h/0Hu30z9R0Sv6","createdAt":"2023-12-13T11:19:32.684Z","updatedAt":"2024-09-03T05:47:00.801Z"},{"merchantId":118353,"name":"Divine Health US","imageUri":"https://monetizeamex.com/v3/120x60/447fe3f7008075aab733c63583801f83.png","currencyCode":"EUR","defaultDomain":"drcolbert.com","domains":["drcolbert.com"],"categoryId":68,"description":null,"isActive":true,"countryCodes":["US"],"averageBasketValue":168.21,"averageCommission":null,"averageConfirmationTime":null,"averageCancellationRate":null,"minimumCommission":null,"maximumCommission":null,"commissionRates":[{"fixedCommission":null,"percentageCommission":4.8}],"trackingLink":"https://tatrck.com/h/0Hu30z9R0SvH","createdAt":"2023-12-13T11:19:37.800Z","updatedAt":"2024-09-03T08:01:02.189Z"},{"merchantId":118358,"name":"Dr.Scholls Shoes US","imageUri":"https://monetizeamex.com/v3/120x60/ddc06253fb108a338be504c82629cdb7.png","currencyCode":"EUR","defaultDomain":"drschollsshoes.com","domains":["drschollsshoes.com"],"categoryId":40,"description":null,"isActive":true,"countryCodes":["US"],"averageBasketValue":39.81,"averageCommission":1.87,"averageConfirmationTime":null,"averageCancellationRate":null,"minimumCommission":0.88,"maximumCommission":1.97,"commissionRates":[{"fixedCommission":null,"percentageCommission":6}],"trackingLink":"https://tatrck.com/h/0Hu30z9R0SvM","createdAt":"2023-12-13T11:19:38.788Z","updatedAt":"2024-09-03T17:03:35.733Z"},{"merchantId":118365,"name":"Electronic Express US","imageUri":"https://monetizeamex.com/v3/120x60/259fff3e471fd2c6db03f221b2a1364d.png","currencyCode":"EUR","defaultDomain":"electronicexpress.com","domains":["electronicexpress.com"],"categoryId":50,"description":null,"isActive":true,"countryCodes":["US"],"averageBasketValue":428.18,"averageCommission":5.39,"averageConfirmationTime":null,"averageCancellationRate":null,"minimumCommission":0.72,"maximumCommission":14.09,"commissionRates":[],"trackingLink":"https://tatrck.com/h/0Hu30z9R0SvT","createdAt":"2023-12-13T11:19:43.375Z","updatedAt":"2024-08-26T09:01:07.722Z"}]}