{"meta":{"next":119901},"data":[{"merchantId":119404,"name":"123test NL","imageUri":"https://monetizeamex.com/v3/120x60/279a90c0411b215074345327c4db7b6a.png","currencyCode":"EUR","defaultDomain":"123test.com","domains":["123test.com"],"categoryId":44,"description":null,"isActive":true,"countryCodes":["NL"],"averageBasketValue":21.18,"averageCommission":3.17,"averageConfirmationTime":null,"averageCancellationRate":null,"minimumCommission":1.42,"maximumCommission":3.74,"commissionRates":[],"trackingLink":"https://tatrck.com/h/0Hu30z9R0T9i","createdAt":"2023-12-13T11:26:03.692Z","updatedAt":"2024-08-21T11:27:55.942Z"},{"merchantId":119437,"name":"Acrylfoto NL","imageUri":"https://monetizeamex.com/v3/120x60/92a8e51335f63aa3f79a6e527fa599e0.png","currencyCode":"EUR","defaultDomain":"acrylfoto.nl","domains":["acrylfoto.nl"],"categoryId":80,"description":null,"isActive":true,"countryCodes":["NL"],"averageBasketValue":null,"averageCommission":null,"averageConfirmationTime":null,"averageCancellationRate":null,"minimumCommission":null,"maximumCommission":null,"commissionRates":[],"trackingLink":"https://tatrck.com/h/0Hu30z9R0TAD","createdAt":"2023-12-13T11:26:13.585Z","updatedAt":"2024-08-21T11:29:44.212Z"},{"merchantId":119438,"name":"Actiecanvas NL","imageUri":"https://monetizeamex.com/v3/120x60/244393ec59964d865298dacc226de980.png","currencyCode":"EUR","defaultDomain":"actiecanvas.nl","domains":["actiecanvas.nl"],"categoryId":77,"description":null,"isActive":true,"countryCodes":["NL"],"averageBasketValue":null,"averageCommission":null,"averageConfirmationTime":null,"averageCancellationRate":null,"minimumCommission":null,"maximumCommission":null,"commissionRates":[],"trackingLink":"https://tatrck.com/h/0Hu30z9R0TAE","createdAt":"2023-12-13T11:26:13.883Z","updatedAt":"2024-08-21T11:28:11.899Z"},{"merchantId":119442,"name":"Aeroglobe NL","imageUri":"https://monetizeamex.com/v3/120x60/1136116063edc395f131f4151ca4f7e3.png","currencyCode":"EUR","defaultDomain":"amerikaplus.nl","domains":["aeroglobe.nl","amerikaplus.nl"],"categoryId":63,"description":null,"isActive":true,"countryCodes":["NL"],"averageBasketValue":null,"averageCommission":2.31,"averageConfirmationTime":38,"averageCancellationRate":null,"minimumCommission":1.8,"maximumCommission":1.8,"commissionRates":[],"trackingLink":"https://tatrck.com/h/0Hu30z9R0TAI","createdAt":"2023-12-13T11:26:15.008Z","updatedAt":"2024-08-21T11:39:51.982Z"},{"merchantId":119450,"name":"Albelli BE","imageUri":"https://monetizeamex.com/v3/120x60/9ab798564fd9dbb0527bc6dae422366c.png","currencyCode":"EUR","defaultDomain":"albelli.be","domains":["albelli.be"],"categoryId":80,"description":null,"isActive":true,"countryCodes":["BE"],"averageBasketValue":56.63,"averageCommission":3.67,"averageConfirmationTime":2,"averageCancellationRate":56.6,"minimumCommission":0.1,"maximumCommission":23.25,"commissionRates":[],"trackingLink":"https://tatrck.com/h/0Hu30z9R0TAQ","createdAt":"2023-12-13T11:26:17.101Z","updatedAt":"2024-09-03T05:44:26.040Z"},{"merchantId":119456,"name":"Alleenstaande-mamas BE","imageUri":"https://monetizeamex.com/v3/120x60/190369ce4f5006321c88c6629186e784.png","currencyCode":"EUR","defaultDomain":"alleenstaande-mamas.be","domains":["alleenstaande-mamas.be"],"categoryId":68,"description":null,"isActive":true,"countryCodes":["BE"],"averageBasketValue":null,"averageCommission":2.7,"averageConfirmationTime":null,"averageCancellationRate":null,"minimumCommission":2.7,"maximumCommission":2.7,"commissionRates":[],"trackingLink":"https://tatrck.com/h/0Hu30z9R0TAW","createdAt":"2023-12-13T11:26:18.988Z","updatedAt":"2024-08-21T11:27:55.033Z"},{"merchantId":119457,"name":"Alleenstaande-mamas NL","imageUri":"https://monetizeamex.com/v3/120x60/35e17f2784b8375e192d378d8705c80d.png","currencyCode":"EUR","defaultDomain":"alleenstaande-mamas.nl","domains":["alleenstaande-mamas.nl"],"categoryId":22,"description":null,"isActive":true,"countryCodes":["NL"],"averageBasketValue":null,"averageCommission":2.7,"averageConfirmationTime":1,"averageCancellationRate":null,"minimumCommission":2.7,"maximumCommission":2.7,"commissionRates":[],"trackingLink":"https://tatrck.com/h/0Hu30z9R0TAX","createdAt":"2023-12-13T11:26:19.480Z","updatedAt":"2024-08-21T11:31:11.632Z"},{"merchantId":119458,"name":"Alleenstaande-papas BE","imageUri":"https://monetizeamex.com/v3/120x60/e828610bebc5f086dccdb522b8bbf9e1.png","currencyCode":"EUR","defaultDomain":"alleenstaande-papas.be","domains":["alleenstaande-papas.be"],"categoryId":16,"description":null,"isActive":true,"countryCodes":["BE"],"averageBasketValue":null,"averageCommission":null,"averageConfirmationTime":null,"averageCancellationRate":null,"minimumCommission":null,"maximumCommission":null,"commissionRates":[],"trackingLink":"https://tatrck.com/h/0Hu30z9R0TAY","createdAt":"2023-12-13T11:26:19.872Z","updatedAt":"2024-08-21T11:26:08.113Z"},{"merchantId":119459,"name":"Alleenstaande-Papas NL","imageUri":"https://monetizeamex.com/v3/120x60/0a9403061b0dc7a4b01c92381ca8652a.png","currencyCode":"EUR","defaultDomain":"alleenstaande-papas.nl","domains":["alleenstaande-papas.nl"],"categoryId":16,"description":null,"isActive":true,"countryCodes":["NL"],"averageBasketValue":null,"averageCommission":2.7,"averageConfirmationTime":6,"averageCancellationRate":null,"minimumCommission":null,"maximumCommission":null,"commissionRates":[],"trackingLink":"https://tatrck.com/h/0Hu30z9R0TAZ","createdAt":"2023-12-13T11:26:20.173Z","updatedAt":"2024-08-21T11:26:06.696Z"},{"merchantId":119460,"name":"Allekleurenshirts NL","imageUri":"https://monetizeamex.com/v3/120x60/502f5306c6d38b29f3736a909f7e8cfa.png","currencyCode":"EUR","defaultDomain":"allekleurenshirts.nl","domains":["allekleurenshirts.nl"],"categoryId":40,"description":null,"isActive":true,"countryCodes":["NL"],"averageBasketValue":null,"averageCommission":null,"averageConfirmationTime":null,"averageCancellationRate":null,"minimumCommission":null,"maximumCommission":null,"commissionRates":[],"trackingLink":"https://tatrck.com/h/0Hu30z9R0TAa","createdAt":"2023-12-13T11:26:20.469Z","updatedAt":"2024-08-21T11:39:06.496Z"},{"merchantId":119464,"name":"Allinportugal NL","imageUri":"https://monetizeamex.com/v3/120x60/309d2cc2e57152b291f4935b06c94c02.png","currencyCode":"EUR","defaultDomain":"allinportugal.nl","domains":["allinportugal.nl"],"categoryId":63,"description":null,"isActive":true,"countryCodes":["NL"],"averageBasketValue":null,"averageCommission":null,"averageConfirmationTime":null,"averageCancellationRate":null,"minimumCommission":null,"maximumCommission":null,"commissionRates":[],"trackingLink":"https://tatrck.com/h/0Hu30z9R0TAe","createdAt":"2023-12-13T11:26:21.501Z","updatedAt":"2024-08-21T11:28:07.579Z"},{"merchantId":119469,"name":"Aluminiumfoto.com NL","imageUri":"https://monetizeamex.com/v3/120x60/8587a47662f9c58fa92de6b24603f12f.png","currencyCode":"EUR","defaultDomain":"aluminiumfoto.com","domains":["aluminiumfoto.com"],"categoryId":80,"description":null,"isActive":true,"countryCodes":["NL"],"averageBasketValue":null,"averageCommission":null,"averageConfirmationTime":null,"averageCancellationRate":null,"minimumCommission":null,"maximumCommission":null,"commissionRates":[],"trackingLink":"https://tatrck.com/h/0Hu30z9R0TAj","createdAt":"2023-12-13T11:26:23.475Z","updatedAt":"2024-08-21T11:43:12.980Z"},{"merchantId":119470,"name":"Aluminiumphoto NL","imageUri":"https://monetizeamex.com/v3/120x60/866472c89dec81a0cce9f8a187fbe861.png","currencyCode":"EUR","defaultDomain":"aluminiumphoto.nl","domains":["aluminiumphoto.nl"],"categoryId":82,"description":null,"isActive":true,"countryCodes":["NL"],"averageBasketValue":null,"averageCommission":null,"averageConfirmationTime":null,"averageCancellationRate":null,"minimumCommission":null,"maximumCommission":null,"commissionRates":[],"trackingLink":"https://tatrck.com/h/0Hu30z9R0TAk","createdAt":"2023-12-13T11:26:25.274Z","updatedAt":"2024-08-21T11:26:05.245Z"},{"merchantId":119473,"name":"Amorgos NL","imageUri":"https://monetizeamex.com/v3/120x60/c1893c282884562c768d6944711fb01a.png","currencyCode":"EUR","defaultDomain":"amorgos.nl","domains":["amorgos.nl"],"categoryId":32,"description":null,"isActive":true,"countryCodes":["NL"],"averageBasketValue":null,"averageCommission":0.21,"averageConfirmationTime":null,"averageCancellationRate":null,"minimumCommission":0.21,"maximumCommission":0.21,"commissionRates":[],"trackingLink":"https://tatrck.com/h/0Hu30z9R0TAn","createdAt":"2023-12-13T11:26:24.667Z","updatedAt":"2024-08-21T11:40:24.058Z"},{"merchantId":119475,"name":"Anantara DE","imageUri":"https://monetizeamex.com/v3/120x60/dc559bf9c4aad73df304f6309a06824d.png","currencyCode":"EUR","defaultDomain":"anantara.com","domains":["anantara.com"],"categoryId":63,"description":"Bei Anantara buchen Sie ein einzigartiges Flair von entspanntem Luxus, intuitivem Service und Entdeckungssinn in atemberaubenden Reisezielen in Asien und im Nahen Osten, einschließlich Vietnam, Bali, Phuket und Abu Dhabi. Finden Sie das passende Ziel für Ihren Traumurlaub.","isActive":true,"countryCodes":[],"averageBasketValue":836.21,"averageCommission":14.74,"averageConfirmationTime":null,"averageCancellationRate":null,"minimumCommission":5.32,"maximumCommission":17.13,"commissionRates":[{"fixedCommission":null,"percentageCommission":1.7999999999999998}],"trackingLink":"https://tatrck.com/h/0Hu30z9R0TAp","createdAt":"2023-12-13T11:26:26.288Z","updatedAt":"2024-09-03T17:08:25.264Z"},{"merchantId":119504,"name":"Avantisport NL","imageUri":"https://monetizeamex.com/v3/120x60/97cbec73252c48f0843261c396d1eacd.png","currencyCode":"EUR","defaultDomain":"avantisport.nl","domains":["avantisport.nl"],"categoryId":55,"description":null,"isActive":true,"countryCodes":["BE","NL"],"averageBasketValue":168.83,"averageCommission":8.1,"averageConfirmationTime":28,"averageCancellationRate":null,"minimumCommission":1.98,"maximumCommission":8.62,"commissionRates":[{"fixedCommission":null,"percentageCommission":4.8}],"trackingLink":"https://tatrck.com/h/0Hu30z9R0TBG","createdAt":"2023-12-13T11:26:36.467Z","updatedAt":"2024-09-03T17:07:44.199Z"},{"merchantId":119508,"name":"B2Ctelecom NL","imageUri":"https://monetizeamex.com/v3/120x60/87cd4db0a8a34012ec61302b6cc7a2b7.png","currencyCode":"EUR","defaultDomain":"b2ctelecom.nl","domains":["b2ctelecom.nl"],"categoryId":77,"description":null,"isActive":true,"countryCodes":["NL"],"averageBasketValue":20.61,"averageCommission":0.65,"averageConfirmationTime":22,"averageCancellationRate":3.1,"minimumCommission":0.21,"maximumCommission":1.17,"commissionRates":[],"trackingLink":"https://tatrck.com/h/0Hu30z9R0TBK","createdAt":"2023-12-13T11:26:36.878Z","updatedAt":"2024-08-30T05:34:10.718Z"},{"merchantId":119512,"name":"BademantelParadies DE","imageUri":"https://monetizeamex.com/v3/120x60/b734845722d1250ca95a4615a5e21608.png","currencyCode":"EUR","defaultDomain":"bademantelparadies.de","domains":["bademantelparadies.de"],"categoryId":40,"description":"Ein Bademantel muss ausgezeichnet passen, aber auch schön anzusehen sein. Bademäntel für Damen, Herren, Kinder und Babys finden Sie im BademantelParadies. Und jedes einzelne Stück von guter Qualität und eine Augenweide.","isActive":true,"countryCodes":["DE"],"averageBasketValue":51.62,"averageCommission":1.86,"averageConfirmationTime":2,"averageCancellationRate":null,"minimumCommission":1.47,"maximumCommission":1.47,"commissionRates":[],"trackingLink":"https://tatrck.com/h/0Hu30z9R0TBO","createdAt":"2023-12-13T11:26:39.803Z","updatedAt":"2024-08-21T11:43:36.457Z"},{"merchantId":119513,"name":"Badkamerradio NL","imageUri":"https://monetizeamex.com/v3/120x60/8a559aa37059efd01d9b92a56c75660c.png","currencyCode":"EUR","defaultDomain":"badkamerradio.nl","domains":["badkamerradio.nl"],"categoryId":72,"description":null,"isActive":true,"countryCodes":["NL"],"averageBasketValue":null,"averageCommission":null,"averageConfirmationTime":null,"averageCancellationRate":null,"minimumCommission":null,"maximumCommission":null,"commissionRates":[],"trackingLink":"https://tatrck.com/h/0Hu30z9R0TBP","createdAt":"2023-12-13T11:26:40.094Z","updatedAt":"2024-08-21T11:43:37.522Z"},{"merchantId":119522,"name":"Balaton24 DE","imageUri":"https://monetizeamex.com/v3/120x60/741b24ba5ca1348134add0d8d9913d71.png","currencyCode":"EUR","defaultDomain":"balaton24.de","domains":["balaton24.de"],"categoryId":63,"description":"Der Balaton, zu Deutsch Plattensee, ist mit seiner fast 200 Kilometer langen Uferlinie der größte Süßwassersee Europas. Hier finden Sie ca. 200 Ferienhäuser am Balaton sowie Last Minute Angebote. Balaton24 bietet rund um den Plattensee Unterkünfte in mehr als 15 Ferienorten, unter anderem in Siófok, Balatonlelle, Balatonboglár, Balatonfenyves, Balatonlariafürdö, Balatonfüred, Tihany, Gyenesdias sowie in den Kurorten Héviz und Zalakaros.","isActive":true,"countryCodes":["DE"],"averageBasketValue":null,"averageCommission":10.2,"averageConfirmationTime":null,"averageCancellationRate":null,"minimumCommission":10.2,"maximumCommission":10.2,"commissionRates":[],"trackingLink":"https://tatrck.com/h/0Hu30z9R0TBY","createdAt":"2023-12-13T11:26:42.967Z","updatedAt":"2024-08-21T11:32:47.969Z"},{"merchantId":119528,"name":"Bandanawinkel NL","imageUri":"https://monetizeamex.com/v3/120x60/e29feef6574c65cc362cd18cdaf548c5.png","currencyCode":"EUR","defaultDomain":"bandanawinkel.nl","domains":["bandanawinkel.nl"],"categoryId":40,"description":null,"isActive":true,"countryCodes":["NL"],"averageBasketValue":82.48,"averageCommission":2.97,"averageConfirmationTime":null,"averageCancellationRate":null,"minimumCommission":null,"maximumCommission":null,"commissionRates":[],"trackingLink":"https://tatrck.com/h/0Hu30z9R0TBe","createdAt":"2023-12-13T11:26:45.075Z","updatedAt":"2024-08-21T11:28:26.767Z"},{"merchantId":119534,"name":"Alamo NL","imageUri":"https://monetizeamex.com/v3/120x60/2300b97923787404046e7814ca632edd.png","currencyCode":"EUR","defaultDomain":"alamo.nl","domains":["alamo.nl"],"categoryId":5,"description":null,"isActive":true,"countryCodes":["NL"],"averageBasketValue":289.25,"averageCommission":10.41,"averageConfirmationTime":null,"averageCancellationRate":null,"minimumCommission":9.9,"maximumCommission":9.9,"commissionRates":[],"trackingLink":"https://tatrck.com/h/0Hu30z9R0TBk","createdAt":"2023-12-13T11:26:49.083Z","updatedAt":"2024-08-21T11:37:48.956Z"},{"merchantId":119543,"name":"Batterijenhuis NL","imageUri":"https://monetizeamex.com/v3/120x60/45e09bea4a559e3aae87415807543d72.png","currencyCode":"EUR","defaultDomain":"batterijenhuis.nl","domains":["batterijenhuis.nl"],"categoryId":50,"description":null,"isActive":true,"countryCodes":["NL"],"averageBasketValue":26.72,"averageCommission":0.64,"averageConfirmationTime":32,"averageCancellationRate":null,"minimumCommission":0.1,"maximumCommission":1.63,"commissionRates":[],"trackingLink":"https://tatrck.com/h/0Hu30z9R0TBt","createdAt":"2023-12-13T11:26:50.586Z","updatedAt":"2024-09-03T05:05:10.491Z"},{"merchantId":119546,"name":"BBI-Travel NL","imageUri":"https://monetizeamex.com/v3/120x60/0d48180c4f63851aeaa0f114f3a52691.png","currencyCode":"EUR","defaultDomain":"bbi-travel.nl","domains":["bbi-travel.nl"],"categoryId":71,"description":null,"isActive":true,"countryCodes":["NL"],"averageBasketValue":6,"averageCommission":108.31,"averageConfirmationTime":null,"averageCancellationRate":null,"minimumCommission":8.37,"maximumCommission":8.37,"commissionRates":[],"trackingLink":"https://tatrck.com/h/0Hu30z9R0TBw","createdAt":"2023-12-13T11:26:51.278Z","updatedAt":"2024-08-21T11:31:35.394Z"},{"merchantId":119549,"name":"Cuenta Online BBVA ES","imageUri":"https://monetizeamex.com/v3/120x60/38413725c64a4a4e8a4117e583873d9c.png","currencyCode":"EUR","defaultDomain":"bbva.es","domains":["bbva.es"],"categoryId":50,"description":null,"isActive":true,"countryCodes":["ES"],"averageBasketValue":null,"averageCommission":16.79,"averageConfirmationTime":null,"averageCancellationRate":null,"minimumCommission":16.2,"maximumCommission":18,"commissionRates":[{"fixedCommission":18,"percentageCommission":null}],"trackingLink":"https://tatrck.com/h/0Hu30z9R0TBz","createdAt":"2023-12-13T11:26:52.177Z","updatedAt":"2024-09-03T10:02:03.158Z"},{"merchantId":119568,"name":"Beleggingspanden NL","imageUri":"https://monetizeamex.com/v3/120x60/7940d2b2ad322d7fd930d53e1410f2d2.png","currencyCode":"EUR","defaultDomain":"beleggingspanden.nl","domains":["beleggingspanden.nl"],"categoryId":39,"description":null,"isActive":true,"countryCodes":["NL"],"averageBasketValue":null,"averageCommission":null,"averageConfirmationTime":null,"averageCancellationRate":null,"minimumCommission":null,"maximumCommission":null,"commissionRates":[],"trackingLink":"https://tatrck.com/h/0Hu30z9R0TCG","createdAt":"2023-12-13T11:26:58.789Z","updatedAt":"2024-08-21T11:37:49.979Z"},{"merchantId":119571,"name":"Bellatio BE","imageUri":"https://monetizeamex.com/v3/120x60/7b79b4d1a01e1841db9a138acc472deb.png","currencyCode":"EUR","defaultDomain":"bellatio.be","domains":["bellatio.be"],"categoryId":21,"description":null,"isActive":true,"countryCodes":["BE"],"averageBasketValue":null,"averageCommission":null,"averageConfirmationTime":null,"averageCancellationRate":null,"minimumCommission":null,"maximumCommission":null,"commissionRates":[],"trackingLink":"https://tatrck.com/h/0Hu30z9R0TCJ","createdAt":"2023-12-13T11:26:59.836Z","updatedAt":"2024-08-21T11:43:43.718Z"},{"merchantId":119579,"name":"BerjayaHotel DE","imageUri":"https://monetizeamex.com/v3/120x60/59e8da1179c94316e0ee3e501050bea6.png","currencyCode":"EUR","defaultDomain":"berjayahotel.com","domains":["berjayahotel.com"],"categoryId":63,"description":null,"isActive":true,"countryCodes":[],"averageBasketValue":172.02,"averageCommission":3.09,"averageConfirmationTime":null,"averageCancellationRate":6.2,"minimumCommission":4.86,"maximumCommission":33.43,"commissionRates":[{"fixedCommission":null,"percentageCommission":1.7999999999999998}],"trackingLink":"https://tatrck.com/h/0Hu30z9R0TCR","createdAt":"2023-12-13T11:27:01.823Z","updatedAt":"2024-08-21T11:43:47.786Z"},{"merchantId":119595,"name":"Bierfeest-artikelen NL","imageUri":"https://monetizeamex.com/v3/120x60/e359f5d460d4362481a4783c3045e3dc.png","currencyCode":"EUR","defaultDomain":"bierfeest-artikelen.nl","domains":["bierfeest-artikelen.nl"],"categoryId":70,"description":null,"isActive":true,"countryCodes":["NL"],"averageBasketValue":null,"averageCommission":null,"averageConfirmationTime":null,"averageCancellationRate":null,"minimumCommission":null,"maximumCommission":null,"commissionRates":[],"trackingLink":"https://tatrck.com/h/0Hu30z9R0TCh","createdAt":"2023-12-13T11:27:06.872Z","updatedAt":"2024-08-21T11:40:20.157Z"},{"merchantId":119600,"name":"Bigsizeshirts NL","imageUri":"https://monetizeamex.com/v3/120x60/f3889d2168c6fee29a5d86f89247c98c.png","currencyCode":"EUR","defaultDomain":"bigsizeshirts.com","domains":["bigsizeshirts.com"],"categoryId":60,"description":null,"isActive":true,"countryCodes":["NL"],"averageBasketValue":null,"averageCommission":null,"averageConfirmationTime":null,"averageCancellationRate":null,"minimumCommission":null,"maximumCommission":null,"commissionRates":[],"trackingLink":"https://tatrck.com/h/0Hu30z9R0TCm","createdAt":"2023-12-13T11:27:08.174Z","updatedAt":"2024-08-21T11:32:49.114Z"},{"merchantId":119609,"name":"Topvitamins NL","imageUri":"https://monetizeamex.com/v3/120x60/d9e6ee9247418c961ec555eea383bc28.png","currencyCode":"EUR","defaultDomain":"topvitamins.nl","domains":["biovitamins.nl","topvitamins.nl"],"categoryId":35,"description":null,"isActive":true,"countryCodes":["NL"],"averageBasketValue":null,"averageCommission":null,"averageConfirmationTime":null,"averageCancellationRate":null,"minimumCommission":null,"maximumCommission":null,"commissionRates":[],"trackingLink":"https://tatrck.com/h/0Hu30z9R0TCv","createdAt":"2023-12-13T11:27:11.467Z","updatedAt":"2024-08-21T11:37:49.081Z"},{"merchantId":119611,"name":"Bivolino DE","imageUri":"https://monetizeamex.com/v3/120x60/6c60bcf353c4065c595b6a1464793a6f.png","currencyCode":"EUR","defaultDomain":"bivolino.com","domains":["bivolino.com","bivolino.nl"],"categoryId":40,"description":null,"isActive":true,"countryCodes":["NL"],"averageBasketValue":null,"averageCommission":null,"averageConfirmationTime":null,"averageCancellationRate":null,"minimumCommission":null,"maximumCommission":null,"commissionRates":[],"trackingLink":"https://tatrck.com/h/0Hu30z9R0TCx","createdAt":"2023-12-13T11:27:12.168Z","updatedAt":"2024-09-02T05:45:57.503Z"},{"merchantId":119627,"name":"Bluefinance FI","imageUri":"https://monetizeamex.com/v3/120x60/6f5cc53ed33e55796bfd0783967360ab.png","currencyCode":"EUR","defaultDomain":"bluefinance.fi","domains":["bluefinance.fi"],"categoryId":66,"description":null,"isActive":true,"countryCodes":["FI"],"averageBasketValue":null,"averageCommission":null,"averageConfirmationTime":null,"averageCancellationRate":null,"minimumCommission":null,"maximumCommission":null,"commissionRates":[],"trackingLink":"https://tatrck.com/h/0Hu30z9R0TDB","createdAt":"2023-12-13T11:27:15.986Z","updatedAt":"2024-08-21T11:28:07.670Z"},{"merchantId":119641,"name":"Bodylab NL","imageUri":"https://monetizeamex.com/v3/120x60/d2a11ee2862f3858a54604242a129cd3.png","currencyCode":"EUR","defaultDomain":"bodylab.nl","domains":["bodylab.nl"],"categoryId":68,"description":null,"isActive":true,"countryCodes":["NL"],"averageBasketValue":49.29,"averageCommission":1.62,"averageConfirmationTime":28,"averageCancellationRate":null,"minimumCommission":3.02,"maximumCommission":3.02,"commissionRates":[{"fixedCommission":null,"percentageCommission":3.3}],"trackingLink":"https://tatrck.com/h/0Hu30z9R0TDP","createdAt":"2023-12-13T11:27:22.084Z","updatedAt":"2024-09-03T17:08:06.765Z"},{"merchantId":119665,"name":"flowtrack-travel.com","imageUri":"https://monetizeamex.com/v3/120x60/2025104fa27b9937e7653e5d4b56c310.png","currencyCode":"EUR","defaultDomain":"flowtrack-travel.com","domains":["flowtrack-travel.com"],"categoryId":63,"description":null,"isActive":true,"countryCodes":["NL","BE"],"averageBasketValue":871.25,"averageCommission":15.75,"averageConfirmationTime":null,"averageCancellationRate":null,"minimumCommission":10.5,"maximumCommission":21,"commissionRates":[],"trackingLink":"https://tatrck.com/h/0Hu30z9R0TDn","createdAt":"2023-12-13T11:27:31.313Z","updatedAt":"2024-08-21T11:36:56.497Z"},{"merchantId":119669,"name":"Bruiloft-feestwinkel NL","imageUri":"https://monetizeamex.com/v3/120x60/fb1a18cd38d5cd644c9c4ee704645f0e.png","currencyCode":"EUR","defaultDomain":"bruiloft-feestwinkel.nl","domains":["bruiloft-feestwinkel.nl"],"categoryId":34,"description":null,"isActive":true,"countryCodes":["NL"],"averageBasketValue":null,"averageCommission":null,"averageConfirmationTime":null,"averageCancellationRate":null,"minimumCommission":null,"maximumCommission":null,"commissionRates":[],"trackingLink":"https://tatrck.com/h/0Hu30z9R0TDr","createdAt":"2023-12-13T11:27:32.278Z","updatedAt":"2024-08-21T11:26:07.988Z"},{"merchantId":119677,"name":"Buitenposter NL","imageUri":"https://monetizeamex.com/v3/120x60/3d5eb6f7b211b34c71bd007186f26808.png","currencyCode":"EUR","defaultDomain":"buitenposter.com","domains":["buitenposter.com"],"categoryId":74,"description":null,"isActive":true,"countryCodes":["NL"],"averageBasketValue":null,"averageCommission":null,"averageConfirmationTime":null,"averageCancellationRate":null,"minimumCommission":null,"maximumCommission":null,"commissionRates":[],"trackingLink":"https://tatrck.com/h/0Hu30z9R0TDz","createdAt":"2023-12-13T11:27:35.778Z","updatedAt":"2024-08-21T11:29:54.999Z"},{"merchantId":119681,"name":"Bungalow.net BE","imageUri":"https://monetizeamex.com/v3/120x60/5befa9265fe7aa777b6c78c8aab0a0d6.png","currencyCode":"EUR","defaultDomain":"bungalow.net","domains":["bungalow.net"],"categoryId":63,"description":null,"isActive":true,"countryCodes":["BE","NL","FR","GB","DE"],"averageBasketValue":410,"averageCommission":20.41,"averageConfirmationTime":2,"averageCancellationRate":21,"minimumCommission":12.27,"maximumCommission":28.62,"commissionRates":[],"trackingLink":"https://tatrck.com/h/0Hu30z9R0TE1","createdAt":"2023-12-13T11:27:36.383Z","updatedAt":"2024-09-03T17:09:16.716Z"},{"merchantId":119686,"name":"Buythistoday.eu NL","imageUri":"https://monetizeamex.com/v3/120x60/d31210739520220b4ce1ed0eb7c379b7.png","currencyCode":"EUR","defaultDomain":"buythistoday.eu","domains":["buythistoday.eu","buythistoday.nl"],"categoryId":50,"description":null,"isActive":true,"countryCodes":["NL"],"averageBasketValue":111.8,"averageCommission":4.69,"averageConfirmationTime":null,"averageCancellationRate":100,"minimumCommission":null,"maximumCommission":null,"commissionRates":[],"trackingLink":"https://tatrck.com/h/0Hu30z9R0TE6","createdAt":"2023-12-13T11:27:38.785Z","updatedAt":"2024-08-21T11:29:44.211Z"},{"merchantId":119693,"name":"Cadeau NL","imageUri":"https://monetizeamex.com/v3/120x60/6af93dff2633a5136e589e070b918f5e.png","currencyCode":"EUR","defaultDomain":"cadeau.nl","domains":["cadeau.nl"],"categoryId":21,"description":null,"isActive":true,"countryCodes":["NL"],"averageBasketValue":19.67,"averageCommission":0.08,"averageConfirmationTime":13,"averageCancellationRate":null,"minimumCommission":0.03,"maximumCommission":0.08,"commissionRates":[],"trackingLink":"https://tatrck.com/h/0Hu30z9R0TED","createdAt":"2023-12-13T11:27:41.767Z","updatedAt":"2024-08-29T05:27:29.370Z"},{"merchantId":119700,"name":"Canvascorner.eu NL","imageUri":"https://monetizeamex.com/v3/120x60/460e4b2dc347f330e358bc5ccf269554.png","currencyCode":"EUR","defaultDomain":"canvascorner.eu","domains":["canvascorner.eu"],"categoryId":82,"description":null,"isActive":true,"countryCodes":["NL"],"averageBasketValue":null,"averageCommission":null,"averageConfirmationTime":null,"averageCancellationRate":null,"minimumCommission":null,"maximumCommission":null,"commissionRates":[],"trackingLink":"https://tatrck.com/h/0Hu30z9R0TEK","createdAt":"2023-12-13T11:27:44.580Z","updatedAt":"2024-08-21T11:29:52.718Z"},{"merchantId":119701,"name":"Canvasfoto-met-wissellijst NL","imageUri":"https://monetizeamex.com/v3/120x60/a3f1613d8164ce6589246a4654df8487.png","currencyCode":"EUR","defaultDomain":"canvasfoto-met-wissellijst.nl","domains":["canvasfoto-met-wissellijst.nl"],"categoryId":82,"description":null,"isActive":true,"countryCodes":["NL"],"averageBasketValue":null,"averageCommission":null,"averageConfirmationTime":null,"averageCancellationRate":null,"minimumCommission":null,"maximumCommission":null,"commissionRates":[],"trackingLink":"https://tatrck.com/h/0Hu30z9R0TEL","createdAt":"2023-12-13T11:27:44.471Z","updatedAt":"2024-08-21T11:40:20.001Z"},{"merchantId":119702,"name":"Canvasfoto-op-extra-dik-houten-frame NL","imageUri":"https://monetizeamex.com/v3/120x60/d34bab0caf3516eea6249716400f9312.png","currencyCode":"EUR","defaultDomain":"canvasfoto-op-extra-dik-houten-frame.nl","domains":["canvasfoto-op-extra-dik-houten-frame.nl"],"categoryId":82,"description":null,"isActive":true,"countryCodes":["NL"],"averageBasketValue":null,"averageCommission":null,"averageConfirmationTime":null,"averageCancellationRate":null,"minimumCommission":null,"maximumCommission":null,"commissionRates":[],"trackingLink":"https://tatrck.com/h/0Hu30z9R0TEM","createdAt":"2023-12-13T11:27:45.706Z","updatedAt":"2024-08-21T11:28:23.810Z"},{"merchantId":119715,"name":"Carnavalskostuumwinkel NL","imageUri":"https://monetizeamex.com/v3/120x60/b11935e92135e39eaceabc81bfbddf85.png","currencyCode":"EUR","defaultDomain":"carnavalskostuumwinkel.nl","domains":["carnavalskostuumwinkel.nl"],"categoryId":65,"description":null,"isActive":true,"countryCodes":["NL"],"averageBasketValue":45.45,"averageCommission":1.63,"averageConfirmationTime":null,"averageCancellationRate":null,"minimumCommission":null,"maximumCommission":null,"commissionRates":[],"trackingLink":"https://tatrck.com/h/0Hu30z9R0TEZ","createdAt":"2023-12-13T11:27:49.178Z","updatedAt":"2024-08-21T11:31:12.275Z"},{"merchantId":119769,"name":"Comefruta ES","imageUri":"https://monetizeamex.com/v3/120x60/175de52e6f9cb3d409c7bf42f649a3ca.png","currencyCode":"EUR","defaultDomain":"comefruta.es","domains":["comefruta.es"],"categoryId":21,"description":null,"isActive":true,"countryCodes":["ES"],"averageBasketValue":18.67,"averageCommission":0.59,"averageConfirmationTime":null,"averageCancellationRate":null,"minimumCommission":0.59,"maximumCommission":0.59,"commissionRates":[{"fixedCommission":null,"percentageCommission":1.5},{"fixedCommission":null,"percentageCommission":3.9}],"trackingLink":"https://tatrck.com/h/0Hu30z9R0TFP","createdAt":"2023-12-13T11:28:09.185Z","updatedAt":"2024-08-26T09:01:05.182Z"},{"merchantId":119771,"name":"Comfortvilla NL","imageUri":"https://monetizeamex.com/v3/120x60/cefe4ef4527784d3202c079c20969f2a.png","currencyCode":"EUR","defaultDomain":"comfortvilla.com","domains":["comfortvilla.com"],"categoryId":63,"description":null,"isActive":true,"countryCodes":["NL"],"averageBasketValue":null,"averageCommission":null,"averageConfirmationTime":null,"averageCancellationRate":null,"minimumCommission":null,"maximumCommission":null,"commissionRates":[],"trackingLink":"https://tatrck.com/h/0Hu30z9R0TFR","createdAt":"2023-12-13T11:28:08.315Z","updatedAt":"2024-08-21T11:26:11.904Z"},{"merchantId":119774,"name":"Condoom NL","imageUri":"https://monetizeamex.com/v3/120x60/fd618fd2841d75d3ea2edd8b9ae22ac5.png","currencyCode":"EUR","defaultDomain":"condoom.nl","domains":["condoom.nl"],"categoryId":35,"description":null,"isActive":true,"countryCodes":["NL"],"averageBasketValue":null,"averageCommission":null,"averageConfirmationTime":null,"averageCancellationRate":null,"minimumCommission":null,"maximumCommission":null,"commissionRates":[],"trackingLink":"https://tatrck.com/h/0Hu30z9R0TFU","createdAt":"2023-12-13T11:28:09.686Z","updatedAt":"2024-08-21T11:29:50.504Z"},{"merchantId":119782,"name":"Corinthia Hotels","imageUri":"https://monetizeamex.com/v3/120x60/a3c42f698f69f45ab3c955b06f7237f7.png","currencyCode":"EUR","defaultDomain":"corinthia.com","domains":["corinthia.com"],"categoryId":63,"description":"Corinthia Hotels bietet Ihnen traumhafte 5-Sterne-Hotels weltweit. Alle Corinthia Hotels verfügen über umfangreiche Einrichtungen für Freizeit-und Geschäftsreisende  und die Hotels sind bekannt für ihre einzigartigen Charaktere.","isActive":true,"countryCodes":[],"averageBasketValue":423.89,"averageCommission":14.1,"averageConfirmationTime":59,"averageCancellationRate":null,"minimumCommission":6.36,"maximumCommission":14.93,"commissionRates":[],"trackingLink":"https://tatrck.com/h/0Hu30z9R0TFc","createdAt":"2023-12-13T11:28:12.477Z","updatedAt":"2024-09-03T17:14:13.902Z"},{"merchantId":119791,"name":"Countrylifestyle NL","imageUri":"https://monetizeamex.com/v3/120x60/ef0ec7275c19ddf38a1f385e65c2926a.png","currencyCode":"EUR","defaultDomain":"countrylifestyle.nl","domains":["countrylifestyle.nl"],"categoryId":34,"description":null,"isActive":true,"countryCodes":["NL"],"averageBasketValue":32.7,"averageCommission":1.27,"averageConfirmationTime":30,"averageCancellationRate":null,"minimumCommission":null,"maximumCommission":null,"commissionRates":[],"trackingLink":"https://tatrck.com/h/0Hu30z9R0TFl","createdAt":"2023-12-13T11:28:15.313Z","updatedAt":"2024-08-21T11:34:38.194Z"},{"merchantId":119816,"name":"Datingeasy NL","imageUri":"https://monetizeamex.com/v3/120x60/0dc0808107e233dbcc1f72f9001d2b45.png","currencyCode":"EUR","defaultDomain":"datingeasy.nl","domains":["datingeasy.nl"],"categoryId":16,"description":null,"isActive":true,"countryCodes":["NL"],"averageBasketValue":null,"averageCommission":null,"averageConfirmationTime":null,"averageCancellationRate":null,"minimumCommission":null,"maximumCommission":null,"commissionRates":[],"trackingLink":"https://tatrck.com/h/0Hu30z9R0TG8","createdAt":"2023-12-13T11:28:24.568Z","updatedAt":"2024-08-21T11:32:47.703Z"},{"merchantId":119829,"name":"DeBallonnensite NL","imageUri":"https://monetizeamex.com/v3/120x60/948c1e46d3e76ffb75ab480662f41688.png","currencyCode":"EUR","defaultDomain":"deballonnensite.nl","domains":["deballonnensite.nl"],"categoryId":70,"description":null,"isActive":true,"countryCodes":["NL"],"averageBasketValue":null,"averageCommission":null,"averageConfirmationTime":null,"averageCancellationRate":null,"minimumCommission":null,"maximumCommission":null,"commissionRates":[],"trackingLink":"https://tatrck.com/h/0Hu30z9R0TGL","createdAt":"2023-12-13T11:28:28.681Z","updatedAt":"2024-08-21T11:27:54.039Z"},{"merchantId":119830,"name":"DeBloemist NL","imageUri":"https://monetizeamex.com/v3/120x60/7c20f225338b99116948de3c0ef22470.png","currencyCode":"EUR","defaultDomain":"debloemist.nl","domains":["debloemist.nl"],"categoryId":47,"description":null,"isActive":true,"countryCodes":["NL"],"averageBasketValue":10.99,"averageCommission":0.51,"averageConfirmationTime":null,"averageCancellationRate":0.7,"minimumCommission":0.06,"maximumCommission":2.09,"commissionRates":[],"trackingLink":"https://tatrck.com/h/0Hu30z9R0TGM","createdAt":"2023-12-13T11:28:28.871Z","updatedAt":"2024-09-03T05:21:45.607Z"},{"merchantId":119831,"name":"Decoaction NL","imageUri":"https://monetizeamex.com/v3/120x60/49d4e6ae1e5f6e570a550b285a412dd0.png","currencyCode":"EUR","defaultDomain":"decoaction.nl","domains":["decoaction.nl"],"categoryId":74,"description":null,"isActive":true,"countryCodes":["NL"],"averageBasketValue":null,"averageCommission":null,"averageConfirmationTime":null,"averageCancellationRate":null,"minimumCommission":null,"maximumCommission":null,"commissionRates":[],"trackingLink":"https://tatrck.com/h/0Hu30z9R0TGN","createdAt":"2023-12-13T11:28:30.684Z","updatedAt":"2024-08-21T11:29:50.076Z"},{"merchantId":119834,"name":"Degrotespeelgoedwinkel NL","imageUri":"https://monetizeamex.com/v3/120x60/d5a5d304b5cb39bf29c3d1857a8340b6.png","currencyCode":"EUR","defaultDomain":"degrotespeelgoedwinkel.nl","domains":["degrotespeelgoedwinkel.nl"],"categoryId":17,"description":null,"isActive":true,"countryCodes":["NL"],"averageBasketValue":239.28,"averageCommission":8.61,"averageConfirmationTime":null,"averageCancellationRate":null,"minimumCommission":20.13,"maximumCommission":20.13,"commissionRates":[],"trackingLink":"https://tatrck.com/h/0Hu30z9R0TGQ","createdAt":"2023-12-13T11:28:29.882Z","updatedAt":"2024-08-21T11:26:10.308Z"},{"merchantId":119855,"name":"Deweegschaal NL","imageUri":"https://monetizeamex.com/v3/120x60/6760fe57b845e7b6338420e9a4bac2da.png","currencyCode":"EUR","defaultDomain":"deweegschaal.nl","domains":["deweegschaal.nl"],"categoryId":35,"description":null,"isActive":true,"countryCodes":["NL"],"averageBasketValue":null,"averageCommission":null,"averageConfirmationTime":null,"averageCancellationRate":null,"minimumCommission":null,"maximumCommission":null,"commissionRates":[{"fixedCommission":null,"percentageCommission":5.3999999999999995}],"trackingLink":"https://tatrck.com/h/0Hu30z9R0TGl","createdAt":"2023-12-13T11:28:37.294Z","updatedAt":"2024-09-03T17:09:23.258Z"},{"merchantId":119879,"name":"Ditverzinjeniet NL","imageUri":"https://monetizeamex.com/v3/120x60/f4dc51960c9cdbb69df6a4bef4af2606.png","currencyCode":"EUR","defaultDomain":"ditverzinjeniet.nl","domains":["ditverzinjeniet.nl"],"categoryId":77,"description":null,"isActive":true,"countryCodes":["NL"],"averageBasketValue":24.24,"averageCommission":1.5,"averageConfirmationTime":3,"averageCancellationRate":0.6,"minimumCommission":0.17,"maximumCommission":4.36,"commissionRates":[],"trackingLink":"https://tatrck.com/h/0Hu30z9R0TH7","createdAt":"2023-12-13T11:28:45.472Z","updatedAt":"2024-09-03T05:40:13.583Z"}]}