{"meta":{"next":209316},"data":[{"merchantId":208275,"name":"Abracadabra NYC US","imageUri":"https://kqdxc4m5.de/logos_v2/120x60/15390522753ac05c8a15bb7f9040a67d.gif","currencyCode":"EUR","defaultDomain":"abracadabranyc.com","domains":["abracadabranyc.com"],"categoryId":53,"description":null,"isActive":true,"countryCodes":["US"],"averageBasketValue":42.16,"averageCommission":0.25,"averageConfirmationTime":28,"averageCancellationRate":null,"minimumCommission":null,"maximumCommission":null,"commissionRates":[{"fixedCommission":null,"percentageCommission":0.6}],"trackingLink":"https://tatrck.com/h/0Hu30z9R0osJ","createdAt":"2023-12-13T18:40:23.183Z","updatedAt":"2024-08-21T11:39:11.691Z"},{"merchantId":208276,"name":"Aplós US","imageUri":"https://kqdxc4m5.de/logos_v2/120x60/3ea0f3504d1b0b2c407e11487518806a.gif","currencyCode":"EUR","defaultDomain":"aplos.world","domains":["aplos.world"],"categoryId":4,"description":null,"isActive":true,"countryCodes":["US"],"averageBasketValue":70.68,"averageCommission":3.39,"averageConfirmationTime":null,"averageCancellationRate":null,"minimumCommission":1.68,"maximumCommission":10.57,"commissionRates":[{"fixedCommission":null,"percentageCommission":4.8}],"trackingLink":"https://tatrck.com/h/0Hu30z9R0osK","createdAt":"2023-12-13T18:40:24.870Z","updatedAt":"2024-08-21T11:42:56.484Z"},{"merchantId":208277,"name":"East Coast Network US","imageUri":"https://kqdxc4m5.de/logos_v2/120x60/77d736c049b2549c55001e03f9f6b437.gif","currencyCode":"EUR","defaultDomain":"purepotent.com","domains":["purepotent.com"],"categoryId":28,"description":null,"isActive":true,"countryCodes":["US"],"averageBasketValue":null,"averageCommission":null,"averageConfirmationTime":null,"averageCancellationRate":null,"minimumCommission":null,"maximumCommission":null,"commissionRates":[{"fixedCommission":null,"percentageCommission":14.399999999999999}],"trackingLink":"https://tatrck.com/h/0Hu30z9R0osL","createdAt":"2023-12-13T18:40:24.379Z","updatedAt":"2024-08-21T11:31:28.315Z"},{"merchantId":208279,"name":"Kora Organics US","imageUri":"https://kqdxc4m5.de/logos_v2/120x60/ca5685b60e86d113fbd5e78b5eca9da3.gif","currencyCode":"EUR","defaultDomain":"us.koraorganics.com","domains":["koraorganics.com","us.koraorganics.com"],"categoryId":28,"description":null,"isActive":true,"countryCodes":["US"],"averageBasketValue":92.23,"averageCommission":2.2,"averageConfirmationTime":14,"averageCancellationRate":null,"minimumCommission":1.29,"maximumCommission":2.65,"commissionRates":[{"fixedCommission":null,"percentageCommission":2.4},{"fixedCommission":null,"percentageCommission":3.36},{"fixedCommission":null,"percentageCommission":4.8}],"trackingLink":"https://tatrck.com/h/0Hu30z9R0osN","createdAt":"2023-12-13T18:40:24.789Z","updatedAt":"2024-08-30T05:57:09.613Z"},{"merchantId":208391,"name":"EveryPlate AU","imageUri":"https://kqdxc4m5.de/logos_v2/120x60/005afc6de738d575fa217920dc7bf9c5.gif","currencyCode":"EUR","defaultDomain":"everyplate.com.au","domains":["everyplate.com.au"],"categoryId":13,"description":null,"isActive":true,"countryCodes":["AU"],"averageBasketValue":46.4,"averageCommission":6.94,"averageConfirmationTime":29,"averageCancellationRate":null,"minimumCommission":null,"maximumCommission":null,"commissionRates":[{"fixedCommission":16.8,"percentageCommission":null}],"trackingLink":"https://tatrck.com/h/0Hu30z9R0ou7","createdAt":"2023-12-13T18:40:29.568Z","updatedAt":"2024-08-23T15:01:54.526Z"},{"merchantId":208395,"name":"Bargains Online","imageUri":"https://kqdxc4m5.de/logos_v2/120x60/d71e936990018a3a910e5d85c98d2234.gif","currencyCode":"EUR","defaultDomain":"bargains-online.com.au","domains":["bargains-online.com.au"],"categoryId":50,"description":null,"isActive":true,"countryCodes":["AU"],"averageBasketValue":62.23,"averageCommission":2.22,"averageConfirmationTime":null,"averageCancellationRate":null,"minimumCommission":1.34,"maximumCommission":3.68,"commissionRates":[{"fixedCommission":null,"percentageCommission":6}],"trackingLink":"https://tatrck.com/h/0Hu30z9R0ouB","createdAt":"2023-12-13T18:40:30.689Z","updatedAt":"2024-09-03T17:06:47.498Z"},{"merchantId":208396,"name":"Designer Appliances","imageUri":"https://kqdxc4m5.de/logos_v2/120x60/d5f45bd6bdddeb7fa205bc6415a06fb3.gif","currencyCode":"EUR","defaultDomain":"designerappliances.com.au","domains":["designerappliances.com.au"],"categoryId":72,"description":null,"isActive":true,"countryCodes":["AU"],"averageBasketValue":469.63,"averageCommission":10.84,"averageConfirmationTime":null,"averageCancellationRate":27.7,"minimumCommission":2.73,"maximumCommission":6.66,"commissionRates":[{"fixedCommission":null,"percentageCommission":2.31}],"trackingLink":"https://tatrck.com/h/0Hu30z9R0ouC","createdAt":"2023-12-13T18:40:30.671Z","updatedAt":"2024-09-03T17:06:44.593Z"},{"merchantId":208398,"name":"Strand","imageUri":"https://monetizeamex.com/v3/120x60/726132f928c52f8546cd275fcfbcb0f0.png","currencyCode":"EUR","defaultDomain":"strandbags.com.au","domains":["strandbags.com.au"],"categoryId":40,"description":null,"isActive":true,"countryCodes":["AU"],"averageBasketValue":91.79,"averageCommission":2.07,"averageConfirmationTime":null,"averageCancellationRate":0.2,"minimumCommission":0.04,"maximumCommission":7.5,"commissionRates":[],"trackingLink":"https://tatrck.com/h/0Hu30z9R0ouE","createdAt":"2023-12-13T18:40:31.178Z","updatedAt":"2024-09-03T05:51:01.407Z"},{"merchantId":208413,"name":"CJdropshippingUS","imageUri":"https://monetizeamex.com/v3/120x60/c4b77f4e42bd1dea885f494d2e387815.png","currencyCode":"EUR","defaultDomain":"cjdropshipping.com","domains":["cjdropshipping.com"],"categoryId":77,"description":null,"isActive":true,"countryCodes":["US"],"averageBasketValue":null,"averageCommission":null,"averageConfirmationTime":null,"averageCancellationRate":null,"minimumCommission":null,"maximumCommission":null,"commissionRates":[],"trackingLink":"https://tatrck.com/h/0Hu30z9R0ouT","createdAt":"2023-12-13T18:40:35.187Z","updatedAt":"2024-09-03T17:07:23.247Z"},{"merchantId":208414,"name":"Camden Rimini IT","imageUri":"https://monetizeamex.com/v3/120x60/fac9f9e2c33d1899f5728ddd2b6ee881.png","currencyCode":"EUR","defaultDomain":"camdenrimini.com","domains":["camdenrimini.com"],"categoryId":40,"description":null,"isActive":true,"countryCodes":["IT"],"averageBasketValue":null,"averageCommission":null,"averageConfirmationTime":null,"averageCancellationRate":null,"minimumCommission":null,"maximumCommission":null,"commissionRates":[],"trackingLink":"https://tatrck.com/h/0Hu30z9R0ouU","createdAt":"2023-12-13T18:40:34.798Z","updatedAt":"2024-09-03T17:09:45.120Z"},{"merchantId":208415,"name":"CuddleCo UK","imageUri":"https://monetizeamex.com/v3/120x60/7d6342234f015ac716106c15410f5be8.png","currencyCode":"EUR","defaultDomain":"cuddleco.co.uk","domains":["cuddleco.co.uk"],"categoryId":34,"description":null,"isActive":true,"countryCodes":["GB"],"averageBasketValue":492.77,"averageCommission":14.77,"averageConfirmationTime":null,"averageCancellationRate":16.7,"minimumCommission":0.78,"maximumCommission":23.82,"commissionRates":[],"trackingLink":"https://tatrck.com/h/0Hu30z9R0ouV","createdAt":"2023-12-13T18:40:35.286Z","updatedAt":"2024-09-03T17:09:43.243Z"},{"merchantId":208416,"name":"Doona UK","imageUri":"https://monetizeamex.com/v3/120x60/ae07a37021171e9dfe9cb3ae9a627ed2.png","currencyCode":"EUR","defaultDomain":"doona.shop","domains":["doona.shop"],"categoryId":17,"description":null,"isActive":true,"countryCodes":["GB"],"averageBasketValue":239,"averageCommission":7.17,"averageConfirmationTime":58,"averageCancellationRate":null,"minimumCommission":2.76,"maximumCommission":2.76,"commissionRates":[],"trackingLink":"https://tatrck.com/h/0Hu30z9R0ouW","createdAt":"2023-12-13T18:40:35.788Z","updatedAt":"2024-09-03T17:14:20.667Z"},{"merchantId":208417,"name":"Muscat PL","imageUri":"https://kqdxc4m5.de/logos_v2/120x60/682c5f1314784cb3a3f2b295dd63f18b.gif","currencyCode":"EUR","defaultDomain":"muscat.pl","domains":["muscat.pl"],"categoryId":40,"description":null,"isActive":true,"countryCodes":["PL"],"averageBasketValue":85.9,"averageCommission":3.91,"averageConfirmationTime":null,"averageCancellationRate":null,"minimumCommission":null,"maximumCommission":null,"commissionRates":[{"fixedCommission":3.45,"percentageCommission":null},{"fixedCommission":3.45,"percentageCommission":null}],"trackingLink":"https://tatrck.com/h/0Hu30z9R0ouX","createdAt":"2023-12-13T18:40:35.693Z","updatedAt":"2024-09-03T17:09:45.125Z"},{"merchantId":208419,"name":"Next Base UK","imageUri":"https://monetizeamex.com/v3/120x60/93510f6fbb45f13ed6c9d88ce44b7121.png","currencyCode":"EUR","defaultDomain":"nextbase.co.uk","domains":["nextbase.co.uk"],"categoryId":59,"description":null,"isActive":true,"countryCodes":["GB"],"averageBasketValue":11.66,"averageCommission":0.34,"averageConfirmationTime":null,"averageCancellationRate":null,"minimumCommission":0.34,"maximumCommission":0.34,"commissionRates":[],"trackingLink":"https://tatrck.com/h/0Hu30z9R0ouZ","createdAt":"2023-12-13T18:40:37.394Z","updatedAt":"2024-09-03T17:08:54.305Z"},{"merchantId":208422,"name":"Vertellis DE","imageUri":"https://monetizeamex.com/v3/120x60/6ab06aed6fd8440c96a9f439987c6e07.png","currencyCode":"EUR","defaultDomain":"vertellis.de","domains":["vertellis.de"],"categoryId":68,"description":null,"isActive":true,"countryCodes":["DE"],"averageBasketValue":46.06,"averageCommission":5.52,"averageConfirmationTime":null,"averageCancellationRate":null,"minimumCommission":11.87,"maximumCommission":11.87,"commissionRates":[],"trackingLink":"https://tatrck.com/h/0Hu30z9R0ouc","createdAt":"2023-12-13T18:40:37.471Z","updatedAt":"2024-09-03T17:09:34.479Z"},{"merchantId":208423,"name":"Vertellis FR","imageUri":"https://monetizeamex.com/v3/120x60/e6d58b4b002164712d88b1eb4b9a7ddb.png","currencyCode":"EUR","defaultDomain":"vertellis.fr","domains":["vertellis.fr"],"categoryId":68,"description":null,"isActive":true,"countryCodes":["FR"],"averageBasketValue":39.99,"averageCommission":4.8,"averageConfirmationTime":null,"averageCancellationRate":null,"minimumCommission":4.8,"maximumCommission":4.8,"commissionRates":[],"trackingLink":"https://tatrck.com/h/0Hu30z9R0oud","createdAt":"2023-12-13T18:40:37.882Z","updatedAt":"2024-09-03T17:07:47.492Z"},{"merchantId":208429,"name":"KOHO Financial CA","imageUri":"https://kqdxc4m5.de/logos_v2/120x60/2ed9c3a9072685242d28308d8c328bf2.gif","currencyCode":"EUR","defaultDomain":"koho.ca","domains":["koho.ca"],"categoryId":66,"description":"KOHO is a free mobile app created to help Canadians budget, spend and save smarter. KOHO offers an everyday spending & savings account, a reloadable prepaid MasterCard, and innovative app that all work together to make day-to-day finances smart and stress-free.\r\n\r\nKOHO comes with a colourful two-tone card (choose from 4 options), you can track your spending with instant notifications, pay bills, create savings goals, and access helpful financial tools all within the KOHO app.  \r\n\r\nNo bank fees, No interest charges, and No confusing bank jargon.","isActive":true,"countryCodes":["CA"],"averageBasketValue":0.35,"averageCommission":1.83,"averageConfirmationTime":null,"averageCancellationRate":68.2,"minimumCommission":12.91,"maximumCommission":13.41,"commissionRates":[],"trackingLink":"https://tatrck.com/h/0Hu30z9R0ouj","createdAt":"2023-12-13T18:40:39.489Z","updatedAt":"2024-08-31T05:53:16.026Z"},{"merchantId":208436,"name":"Finanzguru DE","imageUri":"https://monetizeamex.com/v3/120x60/0967f85e89535a8bcf6dd03ae8fd77d3.png","currencyCode":"EUR","defaultDomain":"finanzguru.de","domains":["finanzguru.de"],"categoryId":20,"description":null,"isActive":true,"countryCodes":["DE"],"averageBasketValue":null,"averageCommission":6,"averageConfirmationTime":null,"averageCancellationRate":null,"minimumCommission":4.8,"maximumCommission":7.2,"commissionRates":[],"trackingLink":"https://tatrck.com/h/0Hu30z9R0ouq","createdAt":"2023-12-13T18:40:41.470Z","updatedAt":"2024-09-03T17:07:32.054Z"},{"merchantId":208438,"name":"Smavesto","imageUri":"https://monetizeamex.com/v3/120x60/3e62a96987131c2b3d74dc1ca2a18b28.png","currencyCode":"EUR","defaultDomain":"smavesto.de","domains":["smavesto.de"],"categoryId":20,"description":null,"isActive":true,"countryCodes":["DE"],"averageBasketValue":null,"averageCommission":48,"averageConfirmationTime":null,"averageCancellationRate":null,"minimumCommission":48,"maximumCommission":48,"commissionRates":[],"trackingLink":"https://tatrck.com/h/0Hu30z9R0ous","createdAt":"2023-12-13T18:40:41.600Z","updatedAt":"2024-08-21T11:47:11.596Z"},{"merchantId":208443,"name":"AttractionTickets.com UK GB","imageUri":"https://monetizeamex.com/v3/120x60/f9c107f10e61bbc5530d724ce89c4b27.png","currencyCode":"EUR","defaultDomain":"attractiontickets.com","domains":["attractiontickets.com"],"categoryId":63,"description":null,"isActive":true,"countryCodes":["GB"],"averageBasketValue":852.65,"averageCommission":5.83,"averageConfirmationTime":null,"averageCancellationRate":null,"minimumCommission":0.72,"maximumCommission":28.53,"commissionRates":[],"trackingLink":"https://tatrck.com/h/0Hu30z9R0oux","createdAt":"2023-12-13T18:40:43.771Z","updatedAt":"2024-09-03T05:38:03.280Z"},{"merchantId":208456,"name":"Oppo India [CPS] IN","imageUri":"https://monetizeamex.com/v3/120x60/1129793747f0866e6d75072e17aa3dea.png","currencyCode":"EUR","defaultDomain":"oppo.com","domains":["oppo.com"],"categoryId":72,"description":null,"isActive":true,"countryCodes":["IN","ID"],"averageBasketValue":4.59,"averageCommission":0,"averageConfirmationTime":null,"averageCancellationRate":null,"minimumCommission":null,"maximumCommission":null,"commissionRates":[{"fixedCommission":null,"percentageCommission":0},{"fixedCommission":null,"percentageCommission":0.51},{"fixedCommission":null,"percentageCommission":0.054},{"fixedCommission":null,"percentageCommission":0.252}],"trackingLink":"https://tatrck.com/h/0Hu30z9R0ov8","createdAt":"2023-12-13T18:40:47.122Z","updatedAt":"2024-08-21T11:45:25.756Z"},{"merchantId":208464,"name":"DriveNow Australia","imageUri":"https://kqdxc4m5.de/logos_v2/120x60/fa511ba397049e69dbc3c88a13235435.gif","currencyCode":"EUR","defaultDomain":"drivenow.com.au","domains":["drivenow.com.au"],"categoryId":63,"description":null,"isActive":true,"countryCodes":["AU"],"averageBasketValue":null,"averageCommission":null,"averageConfirmationTime":null,"averageCancellationRate":null,"minimumCommission":null,"maximumCommission":null,"commissionRates":[],"trackingLink":"https://tatrck.com/h/0Hu30z9R0ovG","createdAt":"2023-12-13T18:40:48.419Z","updatedAt":"2024-08-21T11:39:09.945Z"},{"merchantId":208465,"name":"English4Today","imageUri":"https://monetizeamex.com/v3/120x60/815229bb37c38c8311ceadd0a6b5d0f8.png","currencyCode":"EUR","defaultDomain":"english4today.com","domains":["english4today.com"],"categoryId":44,"description":null,"isActive":true,"countryCodes":["US"],"averageBasketValue":null,"averageCommission":null,"averageConfirmationTime":null,"averageCancellationRate":null,"minimumCommission":null,"maximumCommission":null,"commissionRates":[{"fixedCommission":null,"percentageCommission":12}],"trackingLink":"https://tatrck.com/h/0Hu30z9R0ovH","createdAt":"2023-12-13T18:40:49.076Z","updatedAt":"2024-08-21T11:33:26.950Z"},{"merchantId":208471,"name":"Wyzant","imageUri":"https://monetizeamex.com/v3/120x60/9f01388ab620eefedcb9872bc8f27046.png","currencyCode":"EUR","defaultDomain":"wyzant.com","domains":["wyzant.com"],"categoryId":44,"description":null,"isActive":true,"countryCodes":["US"],"averageBasketValue":12.78,"averageCommission":0.76,"averageConfirmationTime":null,"averageCancellationRate":null,"minimumCommission":1.43,"maximumCommission":9.17,"commissionRates":[],"trackingLink":"https://tatrck.com/h/0Hu30z9R0ovN","createdAt":"2023-12-13T18:40:51.411Z","updatedAt":"2024-08-30T05:58:15.141Z"},{"merchantId":208472,"name":"ZenBusiness","imageUri":"https://monetizeamex.com/v3/120x60/59f03e0f65d856006885309678f9e249.png","currencyCode":"EUR","defaultDomain":"zenbusiness.com","domains":["zenbusiness.com"],"categoryId":41,"description":null,"isActive":true,"countryCodes":["US"],"averageBasketValue":152.06,"averageCommission":46.65,"averageConfirmationTime":null,"averageCancellationRate":null,"minimumCommission":29.43,"maximumCommission":71.93,"commissionRates":[{"fixedCommission":60,"percentageCommission":null},{"fixedCommission":36,"percentageCommission":null},{"fixedCommission":84,"percentageCommission":null},{"fixedCommission":48,"percentageCommission":null}],"trackingLink":"https://tatrck.com/h/0Hu30z9R0ovO","createdAt":"2023-12-13T18:40:50.669Z","updatedAt":"2024-09-03T05:49:01.682Z"},{"merchantId":208496,"name":"304 Clothing UK","imageUri":"https://monetizeamex.com/v3/120x60/c4efa1794269bede954d70bde7ae20c1.png","currencyCode":"EUR","defaultDomain":"304clothing.com","domains":["304clothing.com"],"categoryId":40,"description":null,"isActive":true,"countryCodes":["GB"],"averageBasketValue":51.09,"averageCommission":3.06,"averageConfirmationTime":null,"averageCancellationRate":null,"minimumCommission":1.48,"maximumCommission":1.48,"commissionRates":[],"trackingLink":"https://tatrck.com/h/0Hu30z9R0ovm","createdAt":"2023-12-13T18:40:57.371Z","updatedAt":"2024-09-03T17:07:31.856Z"},{"merchantId":208507,"name":"Jarder Garden Furniture UK","imageUri":"https://monetizeamex.com/v3/120x60/56a2efaefdc949f680312ec2f3faa3c0.png","currencyCode":"EUR","defaultDomain":"jarder.co.uk","domains":["jarder.co.uk"],"categoryId":74,"description":null,"isActive":true,"countryCodes":["GB"],"averageBasketValue":36.24,"averageCommission":1.29,"averageConfirmationTime":null,"averageCancellationRate":null,"minimumCommission":0.36,"maximumCommission":7.84,"commissionRates":[],"trackingLink":"https://tatrck.com/h/0Hu30z9R0ovx","createdAt":"2023-12-13T18:41:00.765Z","updatedAt":"2024-09-01T05:54:09.132Z"},{"merchantId":208512,"name":"TestJeGezondheid NL","imageUri":"https://monetizeamex.com/v3/120x60/d815c5624d930de7201d663d2e99745c.png","currencyCode":"EUR","defaultDomain":"testjegezondheid.nl","domains":["testjegezondheid.nl"],"categoryId":35,"description":null,"isActive":true,"countryCodes":["NL"],"averageBasketValue":102.18,"averageCommission":4.62,"averageConfirmationTime":4,"averageCancellationRate":null,"minimumCommission":4.62,"maximumCommission":4.62,"commissionRates":[],"trackingLink":"https://tatrck.com/h/0Hu30z9R0ow0","createdAt":"2023-12-13T18:41:03.180Z","updatedAt":"2024-09-02T05:50:03.819Z"},{"merchantId":208534,"name":"LensOnline NL - FamilyBlend NL","imageUri":"https://monetizeamex.com/v3/120x60/90ebd85ac3acd3c9732363ee1c6a4ab0.png","currencyCode":"EUR","defaultDomain":"lensonline.nl","domains":["lensonline.nl"],"categoryId":50,"description":"Teveel betalen voor Internet, TV en Bellen? Bij Online.nl krijg je meer voor minder! Vergelijk en kies voor snel internet, meer televisie en voordelig bellen.","isActive":true,"countryCodes":["NL"],"averageBasketValue":123.04,"averageCommission":1.74,"averageConfirmationTime":58,"averageCancellationRate":11.1,"minimumCommission":0.6,"maximumCommission":6.49,"commissionRates":[{"fixedCommission":null,"percentageCommission":0.6},{"fixedCommission":null,"percentageCommission":2.4},{"fixedCommission":null,"percentageCommission":1.2}],"trackingLink":"https://tatrck.com/h/0Hu30z9R0owM","createdAt":"2023-12-13T18:41:06.471Z","updatedAt":"2024-09-03T17:08:08.609Z"},{"merchantId":208540,"name":"Invisa Hotels ES","imageUri":"https://kqdxc4m5.de/logos_v2/120x60/a7b24d6bd9a78b0505bc33b8eee4b11d.gif","currencyCode":"EUR","defaultDomain":"invisahoteles.com","domains":["invisahoteles.com"],"categoryId":63,"description":null,"isActive":true,"countryCodes":[],"averageBasketValue":401.56,"averageCommission":9.63,"averageConfirmationTime":null,"averageCancellationRate":null,"minimumCommission":null,"maximumCommission":null,"commissionRates":[],"trackingLink":"https://tatrck.com/h/0Hu30z9R0owS","createdAt":"2023-12-13T18:41:09.566Z","updatedAt":"2024-08-21T11:44:16.240Z"},{"merchantId":208541,"name":"Life Wellness Healthcare - AirPhysio Lung Expansion and Mucus Clearing Health Device UK","imageUri":"https://monetizeamex.com/v3/120x60/3a70879d7b263be75bf3b3217a95d4f3.png","currencyCode":"EUR","defaultDomain":"lifewellnesshealthcare.co.uk","domains":["lifewellnesshealthcare.co.uk"],"categoryId":35,"description":null,"isActive":true,"countryCodes":["GB"],"averageBasketValue":null,"averageCommission":null,"averageConfirmationTime":null,"averageCancellationRate":null,"minimumCommission":null,"maximumCommission":null,"commissionRates":[],"trackingLink":"https://tatrck.com/h/0Hu30z9R0owT","createdAt":"2023-12-13T18:41:07.586Z","updatedAt":"2024-08-21T11:43:45.284Z"},{"merchantId":208544,"name":"Naturecan AU","imageUri":"https://monetizeamex.com/v3/120x60/1dc984eb2d4f057e89ace899be1ed732.png","currencyCode":"EUR","defaultDomain":"naturecan.com.au","domains":["naturecan.com.au"],"categoryId":35,"description":null,"isActive":true,"countryCodes":["AU"],"averageBasketValue":50.42,"averageCommission":3.34,"averageConfirmationTime":null,"averageCancellationRate":null,"minimumCommission":1.96,"maximumCommission":1.96,"commissionRates":[],"trackingLink":"https://tatrck.com/h/0Hu30z9R0owW","createdAt":"2023-12-13T18:41:10.287Z","updatedAt":"2024-08-26T09:01:18.534Z"},{"merchantId":208565,"name":"DAO Lab US","imageUri":"https://kqdxc4m5.de/logos_v2/120x60/6c2b7f006c35e21da1e8a93846cd9b42.gif","currencyCode":"EUR","defaultDomain":"mydaolabs.com","domains":["mydaolabs.com"],"categoryId":35,"description":null,"isActive":true,"countryCodes":["US"],"averageBasketValue":null,"averageCommission":null,"averageConfirmationTime":null,"averageCancellationRate":null,"minimumCommission":null,"maximumCommission":null,"commissionRates":[{"fixedCommission":null,"percentageCommission":4.2}],"trackingLink":"https://tatrck.com/h/0Hu30z9R0owr","createdAt":"2023-12-13T18:41:16.373Z","updatedAt":"2024-08-21T11:40:14.573Z"},{"merchantId":208568,"name":"Ragen Jewels US","imageUri":"https://kqdxc4m5.de/logos_v2/120x60/287259de72a0df57448976205c716ed1.gif","currencyCode":"EUR","defaultDomain":"ragenjewels.com","domains":["ragenjewels.com"],"categoryId":40,"description":null,"isActive":true,"countryCodes":["US"],"averageBasketValue":123.54,"averageCommission":5.19,"averageConfirmationTime":30,"averageCancellationRate":null,"minimumCommission":2.41,"maximumCommission":7.26,"commissionRates":[{"fixedCommission":null,"percentageCommission":4.2}],"trackingLink":"https://tatrck.com/h/0Hu30z9R0owu","createdAt":"2023-12-13T18:41:16.887Z","updatedAt":"2024-08-21T11:30:16.437Z"},{"merchantId":208573,"name":"Camilla US","imageUri":"https://monetizeamex.com/v3/120x60/e561206badfe91d5fba5e737db2504a3.png","currencyCode":"EUR","defaultDomain":"camilla.com","domains":["camilla.com"],"categoryId":40,"description":null,"isActive":true,"countryCodes":["US"],"averageBasketValue":320.11,"averageCommission":5.16,"averageConfirmationTime":null,"averageCancellationRate":9.1,"minimumCommission":26.88,"maximumCommission":26.88,"commissionRates":[{"fixedCommission":null,"percentageCommission":0.24},{"fixedCommission":null,"percentageCommission":1.44}],"trackingLink":"https://tatrck.com/h/0Hu30z9R0owz","createdAt":"2023-12-13T18:41:18.084Z","updatedAt":"2024-09-02T05:52:29.236Z"},{"merchantId":208575,"name":"Kings Warehouse","imageUri":"https://kqdxc4m5.de/logos_v2/120x60/ab1bace55ef9d857a56a7622f99f75a4.gif","currencyCode":"EUR","defaultDomain":"kingswarehouse.com.au","domains":["kingswarehouse.com.au"],"categoryId":50,"description":null,"isActive":true,"countryCodes":["AU"],"averageBasketValue":126.17,"averageCommission":6.05,"averageConfirmationTime":58,"averageCancellationRate":null,"minimumCommission":0.63,"maximumCommission":1.72,"commissionRates":[{"fixedCommission":null,"percentageCommission":4.8}],"trackingLink":"https://tatrck.com/h/0Hu30z9R0ow_","createdAt":"2023-12-13T18:41:18.668Z","updatedAt":"2024-09-03T17:03:58.628Z"},{"merchantId":208579,"name":"Lakme [CPS] IN","imageUri":"https://monetizeamex.com/v3/120x60/901fd845ca9ed33900dfc1cd663436cc.png","currencyCode":"EUR","defaultDomain":"lakmeindia.com","domains":["lakmeindia.com"],"categoryId":28,"description":null,"isActive":true,"countryCodes":["IN"],"averageBasketValue":13.05,"averageCommission":0.54,"averageConfirmationTime":null,"averageCancellationRate":null,"minimumCommission":0.27,"maximumCommission":0.27,"commissionRates":[{"fixedCommission":null,"percentageCommission":6.3}],"trackingLink":"https://tatrck.com/h/0Hu30z9R0ox3","createdAt":"2023-12-13T18:41:19.681Z","updatedAt":"2024-08-21T11:34:09.955Z"},{"merchantId":208599,"name":"Carbotti IT","imageUri":"https://monetizeamex.com/v3/120x60/81e1fc0579d69b763246f9d191b590f2.png","currencyCode":"EUR","defaultDomain":"carbotti.it","domains":["carbotti.it"],"categoryId":40,"description":null,"isActive":true,"countryCodes":["GB"],"averageBasketValue":null,"averageCommission":null,"averageConfirmationTime":null,"averageCancellationRate":null,"minimumCommission":null,"maximumCommission":null,"commissionRates":[],"trackingLink":"https://tatrck.com/h/0Hu30z9R0oxN","createdAt":"2023-12-13T18:41:21.890Z","updatedAt":"2024-08-28T06:03:02.443Z"},{"merchantId":208859,"name":"Kaspersky BE","imageUri":"https://monetizeamex.com/v3/120x60/a42703b3d992855257c8ef4aee6dc161.png","currencyCode":"EUR","defaultDomain":"kaspersky.be","domains":["kaspersky.be"],"categoryId":58,"description":null,"isActive":true,"countryCodes":["BE"],"averageBasketValue":29.91,"averageCommission":3.58,"averageConfirmationTime":null,"averageCancellationRate":null,"minimumCommission":3.58,"maximumCommission":3.58,"commissionRates":[{"fixedCommission":null,"percentageCommission":12}],"trackingLink":"https://tatrck.com/h/0Hu30z9R0o_R","createdAt":"2023-12-13T18:41:36.279Z","updatedAt":"2024-09-03T17:08:12.558Z"},{"merchantId":208882,"name":"Ever Pretty UK","imageUri":"https://kqdxc4m5.de/logos_v2/120x60/3492e5f86f3efb81a749ade3a0580ff4.gif","currencyCode":"EUR","defaultDomain":"ever-pretty.co.uk","domains":["ever-pretty.co.uk"],"categoryId":40,"description":null,"isActive":true,"countryCodes":["GB"],"averageBasketValue":129.82,"averageCommission":6.22,"averageConfirmationTime":null,"averageCancellationRate":null,"minimumCommission":2.04,"maximumCommission":6.24,"commissionRates":[],"trackingLink":"https://tatrck.com/h/0Hu30z9R0o_o","createdAt":"2023-12-13T18:41:41.369Z","updatedAt":"2024-08-23T05:31:08.125Z"},{"merchantId":208902,"name":"Trusted Health Products US","imageUri":"https://monetizeamex.com/v3/120x60/8d3f1e032dad8c8c80dcd61d416c88b1.png","currencyCode":"EUR","defaultDomain":"trustedhealthproducts.com","domains":["trustedhealthproducts.com"],"categoryId":68,"description":null,"isActive":true,"countryCodes":["US"],"averageBasketValue":150.24,"averageCommission":13.51,"averageConfirmationTime":null,"averageCancellationRate":null,"minimumCommission":13.51,"maximumCommission":13.51,"commissionRates":[{"fixedCommission":null,"percentageCommission":9}],"trackingLink":"https://tatrck.com/h/0Hu30z9R0p06","createdAt":"2023-12-13T18:41:45.692Z","updatedAt":"2024-08-23T05:31:08.381Z"},{"merchantId":208904,"name":"MomMe Baby Natural Care PL","imageUri":"https://kqdxc4m5.de/logos_v2/120x60/4652ea6c3fe6661e901db6d13f5fc250.gif","currencyCode":"EUR","defaultDomain":"mommecosmetics.com","domains":["mommecosmetics.com"],"categoryId":28,"description":null,"isActive":true,"countryCodes":["PL"],"averageBasketValue":null,"averageCommission":null,"averageConfirmationTime":null,"averageCancellationRate":null,"minimumCommission":null,"maximumCommission":null,"commissionRates":[],"trackingLink":"https://tatrck.com/h/0Hu30z9R0p08","createdAt":"2023-12-13T18:41:45.767Z","updatedAt":"2024-08-23T05:29:30.579Z"},{"merchantId":208909,"name":"Hawalili WW US","imageUri":"https://kqdxc4m5.de/logos_v2/120x60/95a67961de1c9f6b5516d11b54a9137c.gif","currencyCode":"EUR","defaultDomain":"hawalili.com","domains":["hawalili.com"],"categoryId":40,"description":null,"isActive":true,"countryCodes":["US","AT"],"averageBasketValue":9.26,"averageCommission":0.66,"averageConfirmationTime":null,"averageCancellationRate":null,"minimumCommission":null,"maximumCommission":null,"commissionRates":[{"fixedCommission":null,"percentageCommission":6},{"fixedCommission":null,"percentageCommission":7.199999999999999}],"trackingLink":"https://tatrck.com/h/0Hu30z9R0p0D","createdAt":"2023-12-13T18:41:46.474Z","updatedAt":"2024-08-23T15:02:11.364Z"},{"merchantId":208928,"name":"Mobile Reborn UK","imageUri":"https://monetizeamex.com/v3/120x60/dc24386e630f55eaf4c3c4bac05e986f.png","currencyCode":"EUR","defaultDomain":"mobilereborn.co.uk","domains":["mobilereborn.co.uk"],"categoryId":72,"description":null,"isActive":true,"countryCodes":["GB"],"averageBasketValue":1.05,"averageCommission":0.03,"averageConfirmationTime":null,"averageCancellationRate":null,"minimumCommission":null,"maximumCommission":null,"commissionRates":[{"fixedCommission":null,"percentageCommission":3}],"trackingLink":"https://tatrck.com/h/0Hu30z9R0p0W","createdAt":"2023-12-13T18:41:50.665Z","updatedAt":"2024-09-03T17:07:46.766Z"},{"merchantId":208929,"name":"Wildes Land DE","imageUri":"https://monetizeamex.com/v3/120x60/bddc0883259a13408096698055fbb419.png","currencyCode":"EUR","defaultDomain":"wildes-land.de","domains":["wildes-land.de"],"categoryId":61,"description":null,"isActive":true,"countryCodes":["DE"],"averageBasketValue":60.04,"averageCommission":0.84,"averageConfirmationTime":null,"averageCancellationRate":2.3,"minimumCommission":0.1,"maximumCommission":9.77,"commissionRates":[],"trackingLink":"https://tatrck.com/h/0Hu30z9R0p0X","createdAt":"2023-12-13T18:41:50.402Z","updatedAt":"2024-09-03T17:07:08.098Z"},{"merchantId":208931,"name":"Cameo","imageUri":"https://monetizeamex.com/v3/120x60/0f8ce28c138dddcb33481e879844e008.png","currencyCode":"EUR","defaultDomain":"cameo.com","domains":["cameo.com"],"categoryId":53,"description":null,"isActive":true,"countryCodes":["US"],"averageBasketValue":54.88,"averageCommission":0.52,"averageConfirmationTime":null,"averageCancellationRate":null,"minimumCommission":0,"maximumCommission":1.57,"commissionRates":[{"fixedCommission":null,"percentageCommission":0.96}],"trackingLink":"https://tatrck.com/h/0Hu30z9R0p0Z","createdAt":"2023-12-13T18:41:50.479Z","updatedAt":"2024-09-03T05:52:32.491Z"},{"merchantId":208938,"name":"Be.green","imageUri":"https://monetizeamex.com/v3/120x60/06f316ed0f05c88261969a61b6dd4759.png","currencyCode":"EUR","defaultDomain":"be.green","domains":["be.green"],"categoryId":21,"description":null,"isActive":true,"countryCodes":["ES","IT","DE"],"averageBasketValue":117.77,"averageCommission":6.81,"averageConfirmationTime":null,"averageCancellationRate":null,"minimumCommission":3.72,"maximumCommission":3.72,"commissionRates":[{"fixedCommission":null,"percentageCommission":6},{"fixedCommission":null,"percentageCommission":6},{"fixedCommission":null,"percentageCommission":6}],"trackingLink":"https://tatrck.com/h/0Hu30z9R0p0g","createdAt":"2023-12-13T18:41:52.171Z","updatedAt":"2024-09-01T05:52:29.673Z"},{"merchantId":208961,"name":"Ramsdens_Jewellery","imageUri":"https://kqdxc4m5.de/logos_v2/120x60/358b7d83ef1fdaeb81f782e50c4b4388.gif","currencyCode":"EUR","defaultDomain":"ramsdensjewellery.co.uk","domains":["ramsdensjewellery.co.uk"],"categoryId":21,"description":null,"isActive":true,"countryCodes":[],"averageBasketValue":645.54,"averageCommission":1.33,"averageConfirmationTime":null,"averageCancellationRate":3.6,"minimumCommission":0.1,"maximumCommission":7.05,"commissionRates":[{"fixedCommission":null,"percentageCommission":0.6}],"trackingLink":"https://tatrck.com/h/0Hu30z9R0p11","createdAt":"2023-12-13T18:41:57.179Z","updatedAt":"2024-08-31T05:29:09.119Z"},{"merchantId":208970,"name":"The Protein Works IE","imageUri":"https://monetizeamex.com/v3/120x60/d498af84d6258fdecbb7333254a3804b.png","currencyCode":"EUR","defaultDomain":"ie.theproteinworks.com","domains":["ie.theproteinworks.com"],"categoryId":68,"description":null,"isActive":true,"countryCodes":["IE"],"averageBasketValue":34.8,"averageCommission":0.92,"averageConfirmationTime":2,"averageCancellationRate":24,"minimumCommission":0.16,"maximumCommission":4.82,"commissionRates":[{"fixedCommission":null,"percentageCommission":1.2}],"trackingLink":"https://tatrck.com/h/0Hu30z9R0p1A","createdAt":"2023-12-13T18:41:58.289Z","updatedAt":"2024-08-21T11:35:41.004Z"},{"merchantId":208971,"name":"The Protein Works FR","imageUri":"https://monetizeamex.com/v3/120x60/dd1e7d0fbbaf99aa1695f6ac9b3b564e.png","currencyCode":"EUR","defaultDomain":"fr.theproteinworks.com","domains":["fr.theproteinworks.com"],"categoryId":68,"description":null,"isActive":true,"countryCodes":["FR"],"averageBasketValue":45.5,"averageCommission":1.57,"averageConfirmationTime":5,"averageCancellationRate":32.3,"minimumCommission":0.15,"maximumCommission":4.68,"commissionRates":[{"fixedCommission":null,"percentageCommission":1.2}],"trackingLink":"https://tatrck.com/h/0Hu30z9R0p1B","createdAt":"2023-12-13T18:41:59.068Z","updatedAt":"2024-08-31T05:49:31.336Z"},{"merchantId":208973,"name":"Sunjoy Group US","imageUri":"https://kqdxc4m5.de/logos_v2/120x60/417da4518e592c4f040a85b78f058b2e.gif","currencyCode":"EUR","defaultDomain":"sunjoyshop.com","domains":["sunjoyshop.com"],"categoryId":55,"description":null,"isActive":true,"countryCodes":["US"],"averageBasketValue":2,"averageCommission":63.12,"averageConfirmationTime":null,"averageCancellationRate":12.5,"minimumCommission":0.72,"maximumCommission":0.72,"commissionRates":[{"fixedCommission":null,"percentageCommission":4.8}],"trackingLink":"https://tatrck.com/h/0Hu30z9R0p1D","createdAt":"2023-12-13T18:41:59.078Z","updatedAt":"2024-09-03T17:14:41.136Z"},{"merchantId":208980,"name":"DeFacto UK","imageUri":"https://monetizeamex.com/v3/120x60/7061d20f1a5bd4bb69fdc4c2172fa7e8.png","currencyCode":"EUR","defaultDomain":"defacto.com","domains":["defacto.com"],"categoryId":40,"description":null,"isActive":true,"countryCodes":["DE"],"averageBasketValue":60.03,"averageCommission":4.15,"averageConfirmationTime":null,"averageCancellationRate":null,"minimumCommission":10.93,"maximumCommission":10.93,"commissionRates":[],"trackingLink":"https://tatrck.com/h/0Hu30z9R0p1K","createdAt":"2023-12-13T18:42:00.958Z","updatedAt":"2024-09-03T17:09:17.789Z"},{"merchantId":208981,"name":"FlexiSpot UK","imageUri":"https://kqdxc4m5.de/logos_v2/120x60/919834b055383bfca8d8cb7e222974d3.gif","currencyCode":"EUR","defaultDomain":"flexispot.co.uk","domains":["flexispot.co.uk"],"categoryId":34,"description":null,"isActive":true,"countryCodes":["GB"],"averageBasketValue":330,"averageCommission":7.92,"averageConfirmationTime":null,"averageCancellationRate":7.1,"minimumCommission":1.63,"maximumCommission":9.56,"commissionRates":[],"trackingLink":"https://tatrck.com/h/0Hu30z9R0p1L","createdAt":"2023-12-13T18:42:01.343Z","updatedAt":"2024-09-03T17:09:25.374Z"},{"merchantId":208982,"name":"Shrine UK","imageUri":"https://monetizeamex.com/v3/120x60/4bf1cb35b8966783f4917468eccf9df0.png","currencyCode":"EUR","defaultDomain":"thegypsyshrine.com","domains":["thegypsyshrine.com"],"categoryId":40,"description":null,"isActive":true,"countryCodes":["GB"],"averageBasketValue":null,"averageCommission":null,"averageConfirmationTime":null,"averageCancellationRate":null,"minimumCommission":null,"maximumCommission":null,"commissionRates":[{"fixedCommission":null,"percentageCommission":4.8},{"fixedCommission":null,"percentageCommission":7.199999999999999},{"fixedCommission":null,"percentageCommission":1.2}],"trackingLink":"https://tatrck.com/h/0Hu30z9R0p1M","createdAt":"2023-12-13T18:42:01.067Z","updatedAt":"2024-09-03T17:08:49.318Z"},{"merchantId":209151,"name":"dekoria.pl PL","imageUri":"https://monetizeamex.com/v3/120x60/c3a6848a4b9c4547ea53e6f0d819079b.png","currencyCode":"EUR","defaultDomain":"dekoria.pl","domains":["dekoria.pl"],"categoryId":74,"description":null,"isActive":true,"countryCodes":["PL"],"averageBasketValue":122.24,"averageCommission":3.57,"averageConfirmationTime":null,"averageCancellationRate":null,"minimumCommission":0.48,"maximumCommission":7.95,"commissionRates":[],"trackingLink":"https://tatrck.com/h/0Hu30z9R0p3_","createdAt":"2023-12-13T18:42:34.294Z","updatedAt":"2024-09-03T17:09:26.778Z"},{"merchantId":209200,"name":"expondo.ch CH","imageUri":"https://monetizeamex.com/v3/120x60/5b623e6d33c3f0ca522d36dabee6cd50.png","currencyCode":"EUR","defaultDomain":"expondo.ch","domains":["expondo.ch"],"categoryId":72,"description":null,"isActive":true,"countryCodes":["CH"],"averageBasketValue":275.31,"averageCommission":5.71,"averageConfirmationTime":null,"averageCancellationRate":5,"minimumCommission":1.25,"maximumCommission":40.48,"commissionRates":[],"trackingLink":"https://tatrck.com/h/0Hu30z9R0p4m","createdAt":"2023-12-13T18:42:43.172Z","updatedAt":"2024-09-03T05:43:37.182Z"},{"merchantId":209272,"name":"ielm.de DE","imageUri":"https://monetizeamex.com/v3/120x60/8d4b5b53adcbb3cc0bbe30b14986233e.png","currencyCode":"EUR","defaultDomain":"ielm.de","domains":["ielm.de"],"categoryId":40,"description":null,"isActive":true,"countryCodes":["DE"],"averageBasketValue":76.36,"averageCommission":1.6,"averageConfirmationTime":null,"averageCancellationRate":null,"minimumCommission":1.05,"maximumCommission":1.97,"commissionRates":[],"trackingLink":"https://tatrck.com/h/0Hu30z9R0p5u","createdAt":"2023-12-13T18:42:54.183Z","updatedAt":"2024-08-21T11:39:07.602Z"},{"merchantId":209289,"name":"isdin.com US","imageUri":"https://monetizeamex.com/v3/120x60/d4f198a7858ac3027b7920e1f2b91595.png","currencyCode":"EUR","defaultDomain":"isdin.com","domains":["isdin.com"],"categoryId":27,"description":null,"isActive":true,"countryCodes":["US"],"averageBasketValue":74.56,"averageCommission":7.78,"averageConfirmationTime":null,"averageCancellationRate":50,"minimumCommission":11.02,"maximumCommission":11.02,"commissionRates":[{"fixedCommission":null,"percentageCommission":6},{"fixedCommission":null,"percentageCommission":15}],"trackingLink":"https://tatrck.com/h/0Hu30z9R0p69","createdAt":"2023-12-13T18:42:57.604Z","updatedAt":"2024-09-03T17:08:10.501Z"}]}