{"meta":{"next":129107},"data":[{"merchantId":128615,"name":"Billini AU","imageUri":"https://monetizeamex.com/v3/120x60/315219af7c67667bf11597cd66c5cb43.png","currencyCode":"EUR","defaultDomain":"billini.com","domains":["billini.com"],"categoryId":40,"description":null,"isActive":true,"countryCodes":["AU"],"averageBasketValue":51.81,"averageCommission":1.69,"averageConfirmationTime":56,"averageCancellationRate":2.1,"minimumCommission":0.47,"maximumCommission":6.02,"commissionRates":[],"trackingLink":"https://tatrck.com/h/0Hu30z9R0VPd","createdAt":"2023-12-13T12:21:47.371Z","updatedAt":"2024-09-03T05:43:10.385Z"},{"merchantId":128635,"name":"Edible Blooms AU","imageUri":"https://monetizeamex.com/v3/120x60/f25018924dc24ae6a0f4e997674f3b8b.png","currencyCode":"EUR","defaultDomain":"edibleblooms.com.au","domains":["edibleblooms.com.au"],"categoryId":47,"description":null,"isActive":true,"countryCodes":["AU"],"averageBasketValue":105.06,"averageCommission":8.82,"averageConfirmationTime":null,"averageCancellationRate":null,"minimumCommission":4.05,"maximumCommission":5.57,"commissionRates":[],"trackingLink":"https://tatrck.com/h/0Hu30z9R0VPx","createdAt":"2023-12-13T12:21:56.480Z","updatedAt":"2024-08-15T08:53:20.286Z"},{"merchantId":128670,"name":"Printable Heaven UK","imageUri":"https://monetizeamex.com/v3/120x60/ccfc2b6ea584844580df37497f8fccd2.png","currencyCode":"EUR","defaultDomain":"printableheaven.com","domains":["printableheaven.com"],"categoryId":70,"description":null,"isActive":true,"countryCodes":["GB"],"averageBasketValue":20.6,"averageCommission":1.23,"averageConfirmationTime":null,"averageCancellationRate":null,"minimumCommission":0.46,"maximumCommission":3.3,"commissionRates":[{"fixedCommission":null,"percentageCommission":6}],"trackingLink":"https://tatrck.com/h/0Hu30z9R0VQU","createdAt":"2023-12-13T12:22:09.850Z","updatedAt":"2024-08-29T05:20:18.313Z"},{"merchantId":128716,"name":"All4cycling","imageUri":"https://monetizeamex.com/v3/120x60/6628814ba4962f9e28867a3928b24872.png","currencyCode":"EUR","defaultDomain":"all4cycling.com","domains":["all4cycling.com"],"categoryId":55,"description":"Bei All4cycling bekommen Sie alles rund ums Radfahren. Neben der Radbekleidung für Damen und Herren finden Sie Zubehör wie Fahrradhelme, Fahrradschuhe, Brillen und Fahrradtaschen und auch Ersatzteile für Ihr Bike.","isActive":true,"countryCodes":["DE","ES","IT"],"averageBasketValue":null,"averageCommission":null,"averageConfirmationTime":null,"averageCancellationRate":null,"minimumCommission":null,"maximumCommission":null,"commissionRates":[{"fixedCommission":null,"percentageCommission":3.2279999999999998},{"fixedCommission":null,"percentageCommission":3.2279999999999998},{"fixedCommission":null,"percentageCommission":3.2279999999999998}],"trackingLink":"https://tatrck.com/h/0Hu30z9R0VRC","createdAt":"2023-12-13T12:22:25.684Z","updatedAt":"2024-09-03T17:13:58.444Z"},{"merchantId":128727,"name":"CapTrader DE","imageUri":"https://monetizeamex.com/v3/120x60/6b2b5061d13e80b8eecb839667d16c51.png","currencyCode":"EUR","defaultDomain":"captrader.com","domains":["captrader.com","captrader.de"],"categoryId":20,"description":"CapTrader ist ein internationaler Online Broker für den Handel mit Wertpapieren wie Aktien, ETFs,  Futures, Optionen und Anleihen.","isActive":true,"countryCodes":["DE"],"averageBasketValue":1,"averageCommission":60,"averageConfirmationTime":null,"averageCancellationRate":null,"minimumCommission":60,"maximumCommission":60,"commissionRates":[{"fixedCommission":12,"percentageCommission":null},{"fixedCommission":60,"percentageCommission":null}],"trackingLink":"https://tatrck.com/h/0Hu30z9R0VRN","createdAt":"2023-12-13T12:22:30.082Z","updatedAt":"2024-09-03T17:08:30.959Z"},{"merchantId":128769,"name":"Pogo Design NL","imageUri":"https://monetizeamex.com/v3/120x60/1889e27941227c188b24e928b7705fe2.png","currencyCode":"EUR","defaultDomain":"pogo-designshop.nl","domains":["pogo-design.com","pogo-design.nl","pogo-designshop.nl"],"categoryId":74,"description":null,"isActive":true,"countryCodes":["NL"],"averageBasketValue":49,"averageCommission":2.47,"averageConfirmationTime":null,"averageCancellationRate":null,"minimumCommission":null,"maximumCommission":null,"commissionRates":[{"fixedCommission":null,"percentageCommission":5.04}],"trackingLink":"https://tatrck.com/h/0Hu30z9R0VS1","createdAt":"2023-12-13T12:22:47.586Z","updatedAt":"2024-09-03T17:08:49.985Z"},{"merchantId":128778,"name":"Schecker NL","imageUri":"https://monetizeamex.com/v3/120x60/3f8a72d429dc3a823168a091580f6a16.png","currencyCode":"EUR","defaultDomain":"schecker.nl","domains":["schecker.nl"],"categoryId":21,"description":null,"isActive":true,"countryCodes":["NL"],"averageBasketValue":13.44,"averageCommission":0.64,"averageConfirmationTime":2,"averageCancellationRate":null,"minimumCommission":null,"maximumCommission":null,"commissionRates":[{"fixedCommission":null,"percentageCommission":4.8}],"trackingLink":"https://tatrck.com/h/0Hu30z9R0VSA","createdAt":"2023-12-13T12:22:51.777Z","updatedAt":"2024-09-03T17:06:44.178Z"},{"merchantId":128783,"name":"Tirendo PL","imageUri":"https://monetizeamex.com/v3/120x60/64c0887f26142fa2233aff0fbb0e47c0.png","currencyCode":"EUR","defaultDomain":"tirendo.pl","domains":["tirendo.pl"],"categoryId":50,"description":null,"isActive":true,"countryCodes":["PL"],"averageBasketValue":null,"averageCommission":null,"averageConfirmationTime":null,"averageCancellationRate":null,"minimumCommission":null,"maximumCommission":null,"commissionRates":[{"fixedCommission":null,"percentageCommission":1.7999999999999998}],"trackingLink":"https://tatrck.com/h/0Hu30z9R0VSF","createdAt":"2023-12-13T12:22:53.182Z","updatedAt":"2024-09-03T17:13:24.247Z"},{"merchantId":128795,"name":"ioro DE","imageUri":"https://monetizeamex.com/v3/120x60/bfafbbcc2ea0583b981c414ac4d6334b.png","currencyCode":"EUR","defaultDomain":"goettgen.de","domains":["goettgen.de","goettgen.net","ioro.de"],"categoryId":77,"description":"Im Onlineshop Ioro erwartet Sie ein besonders ausgewähltes Angebot an exklusivem Schmuck und edlen Uhren für Damen, Herren und auch Kinder von namhaften Marken wie Breil, Dugena, Ice Watch, Engelsrufer und andere.","isActive":true,"countryCodes":["DE"],"averageBasketValue":378.92,"averageCommission":27.28,"averageConfirmationTime":null,"averageCancellationRate":25,"minimumCommission":33.46,"maximumCommission":33.46,"commissionRates":[{"fixedCommission":null,"percentageCommission":7.199999999999999}],"trackingLink":"https://tatrck.com/h/0Hu30z9R0VSR","createdAt":"2023-12-13T12:22:59.481Z","updatedAt":"2024-09-03T17:13:30.454Z"},{"merchantId":128804,"name":"Stoffe DE","imageUri":"https://monetizeamex.com/v3/120x60/df902c84f274671288a94799ef3ff10a.png","currencyCode":"EUR","defaultDomain":"stoffe.de","domains":["stoffe.de"],"categoryId":34,"description":"Bei stoffe.de finden Sie über 6.000 hochwertige Stoffe als Meterware und ein riesiges Sortiment an Kurzwaren. Sie können pro Monat bis zu 5 kostenlose Handmuster der Stoffe bestellen, um sich vorab von der Qualität der Stoffe zu überzeugen. Mit dem Nähservice bietet stoffe.de seinen Kunden darüber hinaus die Möglichkeit, alle Stoffe von professionellen Näherinnen weiterverarbeiten zu lassen.","isActive":true,"countryCodes":["DE"],"averageBasketValue":42.24,"averageCommission":0.94,"averageConfirmationTime":59,"averageCancellationRate":null,"minimumCommission":0.12,"maximumCommission":1.8,"commissionRates":[{"fixedCommission":null,"percentageCommission":3.5999999999999996},{"fixedCommission":null,"percentageCommission":1.7999999999999998},{"fixedCommission":null,"percentageCommission":3}],"trackingLink":"https://tatrck.com/h/0Hu30z9R0VSa","createdAt":"2023-12-13T12:23:03.870Z","updatedAt":"2024-09-03T17:08:20.457Z"},{"merchantId":128817,"name":"Boden AT","imageUri":"https://monetizeamex.com/v3/120x60/e7ea6b5fcc8c64d7008830e8636cc9a0.png","currencyCode":"EUR","defaultDomain":"bodendirect.at","domains":["bodendirect.at"],"categoryId":40,"description":"Bei Boden Moden bekommst Du die neueste Mode für Damen, Herren, Kinder und Babys aus England. Die Mode zeichnet sich durch Top-Qualität und Top-Modedesign aus. Du kannst bequem die klassische, aber nicht altmodische, edle und gleichzeitig fröhliche und bunte Mode bestellen.","isActive":true,"countryCodes":["AT"],"averageBasketValue":218.02,"averageCommission":10.46,"averageConfirmationTime":60,"averageCancellationRate":0.9,"minimumCommission":0.8,"maximumCommission":66.04,"commissionRates":[],"trackingLink":"https://tatrck.com/h/0Hu30z9R0VSn","createdAt":"2023-12-13T12:23:07.468Z","updatedAt":"2024-09-03T05:54:06.415Z"},{"merchantId":128818,"name":"Hansaton Hörsysteme AT","imageUri":"https://monetizeamex.com/v3/120x60/363a6f1fbbae49e108c03c3e8d497d7d.png","currencyCode":"EUR","defaultDomain":"hansaton.at","domains":["hansaton.at"],"categoryId":68,"description":"Hörgeräte helfen Menschen mit Hörminderung und Hörschwäche, die Umwelt wieder in gewohnter Weise wahrzunehmen. Entdecken Sie Hörsysteme, Gehörschutz und vieles mehr.","isActive":true,"countryCodes":["AT"],"averageBasketValue":null,"averageCommission":null,"averageConfirmationTime":null,"averageCancellationRate":null,"minimumCommission":null,"maximumCommission":null,"commissionRates":[],"trackingLink":"https://tatrck.com/h/0Hu30z9R0VSo","createdAt":"2023-12-13T12:23:07.475Z","updatedAt":"2024-09-03T17:09:22.769Z"},{"merchantId":128852,"name":"Guoman Hotels US","imageUri":"https://monetizeamex.com/v3/120x60/cd2f90fecdf1d721776367135bd1a0b8.png","currencyCode":"EUR","defaultDomain":"guoman.com","domains":["guoman.com"],"categoryId":45,"description":null,"isActive":true,"countryCodes":["GB"],"averageBasketValue":null,"averageCommission":null,"averageConfirmationTime":null,"averageCancellationRate":null,"minimumCommission":null,"maximumCommission":null,"commissionRates":[{"fixedCommission":null,"percentageCommission":2.4}],"trackingLink":"https://tatrck.com/h/0Hu30z9R0VTK","createdAt":"2023-12-13T12:23:20.691Z","updatedAt":"2024-09-03T17:09:33.956Z"},{"merchantId":128859,"name":"Key West Aloe US","imageUri":"https://monetizeamex.com/v3/120x60/dd365ffc38f61d31bbb4b814d226e249.png","currencyCode":"EUR","defaultDomain":"keywestaloe.com","domains":["keywestaloe.com"],"categoryId":27,"description":null,"isActive":true,"countryCodes":["US"],"averageBasketValue":null,"averageCommission":null,"averageConfirmationTime":null,"averageCancellationRate":null,"minimumCommission":null,"maximumCommission":null,"commissionRates":[{"fixedCommission":null,"percentageCommission":0.96},{"fixedCommission":null,"percentageCommission":4.8},{"fixedCommission":null,"percentageCommission":2.4},{"fixedCommission":null,"percentageCommission":6}],"trackingLink":"https://tatrck.com/h/0Hu30z9R0VTR","createdAt":"2023-12-13T12:23:22.805Z","updatedAt":"2024-08-23T15:01:47.063Z"},{"merchantId":128877,"name":"ParisCityVision US","imageUri":"https://monetizeamex.com/v3/120x60/7e8e9b44642665b550794ded0aecc755.png","currencyCode":"EUR","defaultDomain":"pariscityvision.com","domains":["pariscityvision.com"],"categoryId":63,"description":null,"isActive":true,"countryCodes":["DE","FR","US","ES"],"averageBasketValue":173.15,"averageCommission":5.19,"averageConfirmationTime":null,"averageCancellationRate":null,"minimumCommission":1.45,"maximumCommission":3.75,"commissionRates":[],"trackingLink":"https://tatrck.com/h/0Hu30z9R0VTj","createdAt":"2023-12-13T12:23:32.284Z","updatedAt":"2024-08-28T05:58:02.693Z"},{"merchantId":128906,"name":"Vegas","imageUri":"https://monetizeamex.com/v3/120x60/db5fb60b4ec81805db6e4246d7d227ca.png","currencyCode":"EUR","defaultDomain":"vegas.com","domains":["vegas.com"],"categoryId":63,"description":null,"isActive":true,"countryCodes":["US","GB"],"averageBasketValue":286.83,"averageCommission":7.97,"averageConfirmationTime":null,"averageCancellationRate":0.9,"minimumCommission":1.92,"maximumCommission":38.8,"commissionRates":[{"fixedCommission":null,"percentageCommission":0.48},{"fixedCommission":null,"percentageCommission":2.88}],"trackingLink":"https://tatrck.com/h/0Hu30z9R0VUA","createdAt":"2023-12-13T12:23:43.685Z","updatedAt":"2024-09-03T11:02:02.377Z"},{"merchantId":128916,"name":"Rychla pujcka Via SMS CZ","imageUri":"https://monetizeamex.com/v3/120x60/1942f7378cdc2d626c4e8b866502ab20.png","currencyCode":"EUR","defaultDomain":"viasms.cz","domains":["viasms.cz"],"categoryId":66,"description":null,"isActive":true,"countryCodes":["CZ"],"averageBasketValue":null,"averageCommission":null,"averageConfirmationTime":null,"averageCancellationRate":null,"minimumCommission":null,"maximumCommission":null,"commissionRates":[],"trackingLink":"https://tatrck.com/h/0Hu30z9R0VUK","createdAt":"2023-12-13T12:23:46.968Z","updatedAt":"2024-08-27T05:51:41.026Z"},{"merchantId":128932,"name":"EMP FR","imageUri":"https://monetizeamex.com/v3/120x60/8be17bf278fe020a9dd3013494dcb981.png","currencyCode":"EUR","defaultDomain":"emp-online.fr","domains":["emp-online.fr"],"categoryId":53,"description":null,"isActive":true,"countryCodes":[],"averageBasketValue":169.12,"averageCommission":5.02,"averageConfirmationTime":null,"averageCancellationRate":2.8,"minimumCommission":0.34,"maximumCommission":31.88,"commissionRates":[{"fixedCommission":null,"percentageCommission":2.4}],"trackingLink":"https://tatrck.com/h/0Hu30z9R0VUa","createdAt":"2023-12-13T12:23:52.688Z","updatedAt":"2024-09-03T17:07:23.976Z"},{"merchantId":128933,"name":"EMP UK","imageUri":"https://monetizeamex.com/v3/120x60/4d814e26024d8af7fe23299b9e174362.png","currencyCode":"EUR","defaultDomain":"emp.co.uk","domains":["emp.co.uk","emp.ie","emp-online.co.uk"],"categoryId":77,"description":null,"isActive":true,"countryCodes":["GB"],"averageBasketValue":54.09,"averageCommission":1.41,"averageConfirmationTime":null,"averageCancellationRate":null,"minimumCommission":0.32,"maximumCommission":2.85,"commissionRates":[{"fixedCommission":null,"percentageCommission":2.4},{"fixedCommission":null,"percentageCommission":4.2}],"trackingLink":"https://tatrck.com/h/0Hu30z9R0VUb","createdAt":"2023-12-13T12:23:55.711Z","updatedAt":"2024-09-03T17:07:22.969Z"},{"merchantId":128934,"name":"EMP IT","imageUri":"https://monetizeamex.com/v3/120x60/1563cccdc838e6db4eb3e3bd62752b02.png","currencyCode":"EUR","defaultDomain":"emp-online.it","domains":["emp-online.it"],"categoryId":21,"description":null,"isActive":true,"countryCodes":[],"averageBasketValue":175.88,"averageCommission":5.28,"averageConfirmationTime":null,"averageCancellationRate":2.3,"minimumCommission":0.39,"maximumCommission":23.73,"commissionRates":[{"fixedCommission":null,"percentageCommission":2.4}],"trackingLink":"https://tatrck.com/h/0Hu30z9R0VUc","createdAt":"2023-12-13T12:23:56.101Z","updatedAt":"2024-09-03T17:14:28.569Z"},{"merchantId":128951,"name":"Perfumenvio ES","imageUri":"https://monetizeamex.com/v3/120x60/d569b97812885ed97d1a3d65587b83a1.png","currencyCode":"EUR","defaultDomain":"perfumenvio.com","domains":["perfumenvio.com"],"categoryId":28,"description":null,"isActive":true,"countryCodes":["ES"],"averageBasketValue":null,"averageCommission":null,"averageConfirmationTime":null,"averageCancellationRate":null,"minimumCommission":null,"maximumCommission":null,"commissionRates":[],"trackingLink":"https://tatrck.com/h/0Hu30z9R0VUt","createdAt":"2023-12-13T12:24:00.071Z","updatedAt":"2024-08-26T09:01:41.523Z"},{"merchantId":128954,"name":"Ski-Lifts UK","imageUri":"https://monetizeamex.com/v3/120x60/c99c8a1b9bf877af97d791d3cfc8c522.png","currencyCode":"EUR","defaultDomain":"ski-lifts.com","domains":["ski-lifts.com","ski-lifts.co.uk"],"categoryId":63,"description":null,"isActive":true,"countryCodes":["GB"],"averageBasketValue":496.78,"averageCommission":0,"averageConfirmationTime":3,"averageCancellationRate":50,"minimumCommission":0,"maximumCommission":0,"commissionRates":[{"fixedCommission":0,"percentageCommission":null}],"trackingLink":"https://tatrck.com/h/0Hu30z9R0VUw","createdAt":"2023-12-13T12:24:01.142Z","updatedAt":"2024-08-21T11:34:36.285Z"},{"merchantId":128959,"name":"Time Out UK","imageUri":"https://monetizeamex.com/v3/120x60/6def8cbd7a6fdbd64cfb4e201c10bd09.png","currencyCode":"EUR","defaultDomain":"timeout.com","domains":["timeout.com","timeout.co.uk"],"categoryId":21,"description":null,"isActive":true,"countryCodes":["GB"],"averageBasketValue":null,"averageCommission":null,"averageConfirmationTime":null,"averageCancellationRate":null,"minimumCommission":null,"maximumCommission":null,"commissionRates":[{"fixedCommission":null,"percentageCommission":3},{"fixedCommission":null,"percentageCommission":6}],"trackingLink":"https://tatrck.com/h/0Hu30z9R0VU_","createdAt":"2023-12-13T12:24:03.871Z","updatedAt":"2024-09-03T17:07:05.447Z"},{"merchantId":128986,"name":"Outfittery DE","imageUri":"https://monetizeamex.com/v3/120x60/50035b7d4250a202eb71f6ccda5d4f93.png","currencyCode":"EUR","defaultDomain":"outfittery.de","domains":["outfittery.de"],"categoryId":21,"description":"Outfittery ist ein Internet-Geschäftsmodell für Männermode der besonderen Art: die persönliche Styleberaterin schickt die passenden Klamotten zur Ansicht. Entdecke hochwertige Freizeitmode, klassisch, elegant, sportlich und modisch.","isActive":true,"countryCodes":["DE"],"averageBasketValue":2.22,"averageCommission":7.06,"averageConfirmationTime":28,"averageCancellationRate":0.6,"minimumCommission":2.31,"maximumCommission":9,"commissionRates":[{"fixedCommission":0.6,"percentageCommission":null},{"fixedCommission":9,"percentageCommission":null},{"fixedCommission":3,"percentageCommission":null}],"trackingLink":"https://tatrck.com/h/0Hu30z9R0VVQ","createdAt":"2023-12-13T12:24:11.275Z","updatedAt":"2024-09-03T17:09:34.599Z"},{"merchantId":128987,"name":"Planet Puzzles DE","imageUri":"https://monetizeamex.com/v3/120x60/3d0c5737c729164a999cc44591ae11f4.png","currencyCode":"EUR","defaultDomain":"planet-puzzles.de","domains":["planet-puzzles.de"],"categoryId":21,"description":"Bei Planet Puzzles finden sie alles rund um Puzzles. Angeboten werden Puzzles in jeder erdenklichen Größe und mit vielen Motiven und das passende Zubehör gibts auch noch wie Puzzleteppiche, Kleber oder Puzzleplatten.","isActive":true,"countryCodes":["DE"],"averageBasketValue":null,"averageCommission":1.8,"averageConfirmationTime":6,"averageCancellationRate":null,"minimumCommission":1.88,"maximumCommission":1.88,"commissionRates":[{"fixedCommission":null,"percentageCommission":4.2}],"trackingLink":"https://tatrck.com/h/0Hu30z9R0VVR","createdAt":"2023-12-13T12:24:11.383Z","updatedAt":"2024-08-22T11:06:20.200Z"},{"merchantId":128988,"name":"Plus de bulles FR","imageUri":"https://monetizeamex.com/v3/120x60/e3c422684d60b1aa61d66e9eac65cc43.png","currencyCode":"EUR","defaultDomain":"plus-de-bulles.com","domains":["plus-de-bulles.com","plus-de-bulles.fr"],"categoryId":50,"description":null,"isActive":true,"countryCodes":["FR"],"averageBasketValue":null,"averageCommission":3.13,"averageConfirmationTime":null,"averageCancellationRate":null,"minimumCommission":0.73,"maximumCommission":0.73,"commissionRates":[],"trackingLink":"https://tatrck.com/h/0Hu30z9R0VVS","createdAt":"2023-12-13T12:24:11.785Z","updatedAt":"2024-08-25T05:32:27.155Z"},{"merchantId":128999,"name":"Artfinder UK","imageUri":"https://monetizeamex.com/v3/120x60/c9e0ac11e60e73de73452b2ea3d05af9.png","currencyCode":"EUR","defaultDomain":"artfinder.com","domains":["artfinder.com"],"categoryId":82,"description":null,"isActive":true,"countryCodes":["GB"],"averageBasketValue":937.27,"averageCommission":39.36,"averageConfirmationTime":null,"averageCancellationRate":14.3,"minimumCommission":1.51,"maximumCommission":95.04,"commissionRates":[],"trackingLink":"https://tatrck.com/h/0Hu30z9R0VVd","createdAt":"2023-12-13T12:24:17.084Z","updatedAt":"2024-08-28T05:49:59.982Z"},{"merchantId":129026,"name":"Moto24 DE","imageUri":"https://monetizeamex.com/v3/120x60/3c41360e618c15d7853940be8b67c2b9.png","currencyCode":"EUR","defaultDomain":"moto24.de","domains":["moto24.de"],"categoryId":59,"description":"Im moto24 – Motorrad Shop finden Sie alles rund um das Motorrad.  Motorradbekleidung, Motorradstiefel und Motorradhelme für Sie und Ihn sowie Anbau-, Verschleiß u. Ersatzteile für Ihr Motorrad.","isActive":true,"countryCodes":["DE"],"averageBasketValue":175.7,"averageCommission":3.69,"averageConfirmationTime":null,"averageCancellationRate":6.7,"minimumCommission":0.77,"maximumCommission":1.59,"commissionRates":[{"fixedCommission":null,"percentageCommission":2.1}],"trackingLink":"https://tatrck.com/h/0Hu30z9R0VW2","createdAt":"2023-12-13T12:24:26.275Z","updatedAt":"2024-09-03T17:05:14.880Z"},{"merchantId":129038,"name":"Sunglasses2u UK","imageUri":"https://monetizeamex.com/v3/120x60/596214f73ef19b5e6afb0ee886834581.png","currencyCode":"EUR","defaultDomain":"sunglasses2u.com","domains":["sunglasses2u.com"],"categoryId":40,"description":null,"isActive":true,"countryCodes":["GB"],"averageBasketValue":null,"averageCommission":null,"averageConfirmationTime":null,"averageCancellationRate":null,"minimumCommission":null,"maximumCommission":null,"commissionRates":[],"trackingLink":"https://tatrck.com/h/0Hu30z9R0VWE","createdAt":"2023-12-13T12:24:33.235Z","updatedAt":"2024-08-15T08:53:31.410Z"},{"merchantId":129039,"name":"Super Smart FR","imageUri":"https://monetizeamex.com/v3/120x60/f4f645fd060e6d10280f49846a85640a.png","currencyCode":"EUR","defaultDomain":"supersmart.com","domains":["supersmart.com"],"categoryId":35,"description":null,"isActive":true,"countryCodes":["DE","US","ES","FR","GB","IT","NL"],"averageBasketValue":66.14,"averageCommission":2.68,"averageConfirmationTime":1,"averageCancellationRate":2.7000000000000006,"minimumCommission":1.24,"maximumCommission":7.98,"commissionRates":[{"fixedCommission":null,"percentageCommission":5.76},{"fixedCommission":null,"percentageCommission":2.4}],"trackingLink":"https://tatrck.com/h/0Hu30z9R0VWF","createdAt":"2023-12-13T12:24:32.104Z","updatedAt":"2024-09-03T17:06:43.765Z"},{"merchantId":129064,"name":"Corncott UK","imageUri":"https://monetizeamex.com/v3/120x60/e960b4cbefc45fd3d9fb3202ed674e4b.png","currencyCode":"EUR","defaultDomain":"corncott.com","domains":["corncott.com"],"categoryId":63,"description":null,"isActive":true,"countryCodes":["GB"],"averageBasketValue":721.41,"averageCommission":21.64,"averageConfirmationTime":null,"averageCancellationRate":null,"minimumCommission":19.8,"maximumCommission":21.81,"commissionRates":[{"fixedCommission":null,"percentageCommission":3}],"trackingLink":"https://tatrck.com/h/0Hu30z9R0VWe","createdAt":"2023-12-13T12:24:40.467Z","updatedAt":"2024-08-21T11:26:58.200Z"},{"merchantId":129065,"name":"Crafters Companion Limited UK","imageUri":"https://monetizeamex.com/v3/120x60/cf435f2579b211ba9b17c2bf1f142d72.png","currencyCode":"EUR","defaultDomain":"crafterscompanion.co.uk","domains":["crafterscompanion.co.uk"],"categoryId":70,"description":null,"isActive":true,"countryCodes":["GB"],"averageBasketValue":43.8,"averageCommission":1.31,"averageConfirmationTime":58,"averageCancellationRate":3,"minimumCommission":0.15,"maximumCommission":4.24,"commissionRates":[{"fixedCommission":null,"percentageCommission":6},{"fixedCommission":null,"percentageCommission":3}],"trackingLink":"https://tatrck.com/h/0Hu30z9R0VWf","createdAt":"2023-12-13T12:24:40.702Z","updatedAt":"2024-09-03T17:09:22.449Z"},{"merchantId":129081,"name":"Lights 4 Living UK","imageUri":"https://monetizeamex.com/v3/120x60/9851c6621add17267abca2ef96e70b12.png","currencyCode":"EUR","defaultDomain":"lights4living.com","domains":["lights4living.com","lights4living.co.uk"],"categoryId":74,"description":null,"isActive":true,"countryCodes":["GB"],"averageBasketValue":null,"averageCommission":null,"averageConfirmationTime":null,"averageCancellationRate":null,"minimumCommission":null,"maximumCommission":null,"commissionRates":[{"fixedCommission":null,"percentageCommission":2.4},{"fixedCommission":null,"percentageCommission":1.2}],"trackingLink":"https://tatrck.com/h/0Hu30z9R0VWv","createdAt":"2023-12-13T12:24:47.374Z","updatedAt":"2024-09-03T17:08:19.807Z"},{"merchantId":129084,"name":"Offspring UK","imageUri":"https://monetizeamex.com/v3/120x60/3915c7f2d477fa9f5a16ff46bfff4b0d.png","currencyCode":"EUR","defaultDomain":"offspring.co.uk","domains":["offspring.co.uk"],"categoryId":77,"description":null,"isActive":true,"countryCodes":["GB"],"averageBasketValue":109.25,"averageCommission":1.89,"averageConfirmationTime":57,"averageCancellationRate":1.2,"minimumCommission":0.21,"maximumCommission":4.84,"commissionRates":[{"fixedCommission":null,"percentageCommission":1.44}],"trackingLink":"https://tatrck.com/h/0Hu30z9R0VWy","createdAt":"2023-12-13T12:24:48.373Z","updatedAt":"2024-09-03T17:03:27.826Z"},{"merchantId":129085,"name":"Photobox IE","imageUri":"https://monetizeamex.com/v3/120x60/9c99b633cae209aa061650d7ce315c21.png","currencyCode":"EUR","defaultDomain":"photobox.ie","domains":["photobox.ie"],"categoryId":80,"description":null,"isActive":true,"countryCodes":["IE"],"averageBasketValue":50.31,"averageCommission":0.3,"averageConfirmationTime":null,"averageCancellationRate":null,"minimumCommission":0.04,"maximumCommission":0.55,"commissionRates":[{"fixedCommission":null,"percentageCommission":0.6}],"trackingLink":"https://tatrck.com/h/0Hu30z9R0VWz","createdAt":"2023-12-13T12:24:50.375Z","updatedAt":"2024-09-03T17:07:07.053Z"},{"merchantId":129090,"name":"ThBaker UK","imageUri":"https://monetizeamex.com/v3/120x60/adf3326a2569cdf0b8b53fb254a4f41a.png","currencyCode":"EUR","defaultDomain":"thbaker.co.uk","domains":["thbaker.co.uk"],"categoryId":73,"description":null,"isActive":true,"countryCodes":["GB"],"averageBasketValue":23.71,"averageCommission":0.41,"averageConfirmationTime":null,"averageCancellationRate":null,"minimumCommission":0.32,"maximumCommission":0.32,"commissionRates":[],"trackingLink":"https://tatrck.com/h/0Hu30z9R0VX2","createdAt":"2023-12-13T12:24:50.469Z","updatedAt":"2024-09-03T17:08:36.958Z"},{"merchantId":129092,"name":"usc UK","imageUri":"https://monetizeamex.com/v3/120x60/b0f36096713dcfe2adf68ae35f40983d.png","currencyCode":"EUR","defaultDomain":"usc.co.uk","domains":["usc.co.uk"],"categoryId":40,"description":null,"isActive":true,"countryCodes":["GB"],"averageBasketValue":105.95,"averageCommission":1.3,"averageConfirmationTime":null,"averageCancellationRate":4.8,"minimumCommission":0.14,"maximumCommission":9.72,"commissionRates":[{"fixedCommission":null,"percentageCommission":3}],"trackingLink":"https://tatrck.com/h/0Hu30z9R0VX4","createdAt":"2023-12-13T12:24:51.278Z","updatedAt":"2024-09-02T05:48:50.625Z"},{"merchantId":129093,"name":"YouGarden UK","imageUri":"https://monetizeamex.com/v3/120x60/80156f26dec26753aa264eedb0041610.png","currencyCode":"EUR","defaultDomain":"yougarden.com","domains":["yougarden.com","yougarden.co.uk"],"categoryId":21,"description":null,"isActive":true,"countryCodes":["GB"],"averageBasketValue":32.19,"averageCommission":0.82,"averageConfirmationTime":58,"averageCancellationRate":6,"minimumCommission":0.07,"maximumCommission":2.33,"commissionRates":[{"fixedCommission":null,"percentageCommission":3},{"fixedCommission":null,"percentageCommission":3.5999999999999996},{"fixedCommission":null,"percentageCommission":4.8},{"fixedCommission":null,"percentageCommission":6},{"fixedCommission":null,"percentageCommission":1.7999999999999998}],"trackingLink":"https://tatrck.com/h/0Hu30z9R0VX5","createdAt":"2023-12-13T12:24:51.787Z","updatedAt":"2024-09-03T17:06:05.784Z"},{"merchantId":129094,"name":"Affliction Holdings US","imageUri":"https://monetizeamex.com/v3/120x60/918561d774e3d3871a42bc18f2fb878c.png","currencyCode":"EUR","defaultDomain":"afflictionclothing.com","domains":["afflictionclothing.com"],"categoryId":40,"description":null,"isActive":true,"countryCodes":["US"],"averageBasketValue":75.38,"averageCommission":2.31,"averageConfirmationTime":null,"averageCancellationRate":null,"minimumCommission":2.46,"maximumCommission":2.46,"commissionRates":[],"trackingLink":"https://tatrck.com/h/0Hu30z9R0VX6","createdAt":"2023-12-13T12:24:52.182Z","updatedAt":"2024-09-03T17:03:48.572Z"},{"merchantId":129098,"name":"Das Keyboard","imageUri":"https://monetizeamex.com/v3/120x60/f7d1123631b2a37eedf676e20ef0c1c6.png","currencyCode":"EUR","defaultDomain":"shop.daskeyboard.com","domains":["shop.daskeyboard.com"],"categoryId":72,"description":null,"isActive":true,"countryCodes":["US"],"averageBasketValue":null,"averageCommission":null,"averageConfirmationTime":null,"averageCancellationRate":null,"minimumCommission":null,"maximumCommission":null,"commissionRates":[],"trackingLink":"https://tatrck.com/h/0Hu30z9R0VXA","createdAt":"2023-12-13T12:24:53.874Z","updatedAt":"2024-08-27T18:01:17.312Z"},{"merchantId":129103,"name":"Fracture US","imageUri":"https://monetizeamex.com/v3/120x60/b5a99896b56fd9c16d584493bc127ff5.png","currencyCode":"EUR","defaultDomain":"fractureme.com","domains":["fractureme.com"],"categoryId":50,"description":null,"isActive":true,"countryCodes":["US"],"averageBasketValue":136.76,"averageCommission":null,"averageConfirmationTime":57,"averageCancellationRate":null,"minimumCommission":null,"maximumCommission":null,"commissionRates":[{"fixedCommission":null,"percentageCommission":0.6}],"trackingLink":"https://tatrck.com/h/0Hu30z9R0VXF","createdAt":"2023-12-13T12:24:55.766Z","updatedAt":"2024-09-03T05:53:48.778Z"}]}