{"meta":{"next":136237},"data":[{"merchantId":135747,"name":"TireBuyer US","imageUri":"https://monetizeamex.com/v3/120x60/afb6f5dde15cb46a752104ca0a4a67c6.png","currencyCode":"EUR","defaultDomain":"tirebuyer.com","domains":["tirebuyer.com"],"categoryId":50,"description":null,"isActive":true,"countryCodes":["US"],"averageBasketValue":543.85,"averageCommission":5.22,"averageConfirmationTime":null,"averageCancellationRate":null,"minimumCommission":4.77,"maximumCommission":4.77,"commissionRates":[{"fixedCommission":null,"percentageCommission":0.96}],"trackingLink":"https://tatrck.com/h/0Hu30z9R0X93","createdAt":"2023-12-13T13:04:23.793Z","updatedAt":"2024-09-03T05:52:17.550Z"},{"merchantId":135767,"name":"Ampoule pas cher FR","imageUri":"https://monetizeamex.com/v3/120x60/2b102fd6b75106ff18a114a005975e06.png","currencyCode":"EUR","defaultDomain":"ampoulepascher.fr","domains":["ampoulepascher.fr"],"categoryId":74,"description":null,"isActive":true,"countryCodes":["FR"],"averageBasketValue":18.69,"averageCommission":1.12,"averageConfirmationTime":28,"averageCancellationRate":null,"minimumCommission":null,"maximumCommission":null,"commissionRates":[{"fixedCommission":null,"percentageCommission":6}],"trackingLink":"https://tatrck.com/h/0Hu30z9R0X9N","createdAt":"2023-12-13T13:04:30.700Z","updatedAt":"2024-09-03T17:08:09.757Z"},{"merchantId":135778,"name":"Bbqengourmet NL","imageUri":"https://monetizeamex.com/v3/120x60/c508ed25ba211739bd2d47c859a8e27a.png","currencyCode":"EUR","defaultDomain":"bbqengourmet.nl","domains":["bbqengourmet.nl"],"categoryId":72,"description":null,"isActive":true,"countryCodes":["NL"],"averageBasketValue":351.77,"averageCommission":4.57,"averageConfirmationTime":4,"averageCancellationRate":null,"minimumCommission":4.98,"maximumCommission":4.98,"commissionRates":[],"trackingLink":"https://tatrck.com/h/0Hu30z9R0X9Y","createdAt":"2023-12-13T13:04:34.292Z","updatedAt":"2024-08-21T11:39:54.837Z"},{"merchantId":135781,"name":"Bellewaerdepark.be FR","imageUri":"https://monetizeamex.com/v3/120x60/b1bf1fee573409d7d9d9bd29bc0c822c.png","currencyCode":"EUR","defaultDomain":"bellewaerde.be","domains":["bellewaerde.be"],"categoryId":63,"description":null,"isActive":true,"countryCodes":["BE","FR"],"averageBasketValue":123.28,"averageCommission":3.88,"averageConfirmationTime":null,"averageCancellationRate":null,"minimumCommission":0.34,"maximumCommission":17.01,"commissionRates":[],"trackingLink":"https://tatrck.com/h/0Hu30z9R0X9b","createdAt":"2023-12-13T13:04:35.577Z","updatedAt":"2024-09-02T05:10:05.198Z"},{"merchantId":135799,"name":"Braceletsdemontres FR","imageUri":"https://monetizeamex.com/v3/120x60/f124d5e23710d65f50a8c4e07e7f29c4.png","currencyCode":"EUR","defaultDomain":"braceletsdemontres.com","domains":["braceletsdemontres.com"],"categoryId":40,"description":null,"isActive":true,"countryCodes":["FR"],"averageBasketValue":37.07,"averageCommission":0.76,"averageConfirmationTime":null,"averageCancellationRate":null,"minimumCommission":0.45,"maximumCommission":2,"commissionRates":[],"trackingLink":"https://tatrck.com/h/0Hu30z9R0X9t","createdAt":"2023-12-13T13:04:42.355Z","updatedAt":"2024-08-26T09:01:09.627Z"},{"merchantId":135807,"name":"Casumo EE","imageUri":"https://monetizeamex.com/v3/120x60/eb02e1d7f6c452fc19b341cf487d185c.png","currencyCode":"EUR","defaultDomain":"casumo.com","domains":["casumo.com"],"categoryId":81,"description":null,"isActive":true,"countryCodes":["EE"],"averageBasketValue":null,"averageCommission":null,"averageConfirmationTime":null,"averageCancellationRate":null,"minimumCommission":null,"maximumCommission":null,"commissionRates":[],"trackingLink":"https://tatrck.com/h/0Hu30z9R0X9_","createdAt":"2023-12-13T13:04:45.581Z","updatedAt":"2024-08-21T11:26:08.128Z"},{"merchantId":135827,"name":"DanSmoke EE","imageUri":"https://monetizeamex.com/v3/120x60/3980439f8b8192f4d9189a953c766532.png","currencyCode":"EUR","defaultDomain":"dansmoke.com","domains":["dansmoke.com","dansmoke.fi"],"categoryId":41,"description":null,"isActive":true,"countryCodes":["EE"],"averageBasketValue":null,"averageCommission":null,"averageConfirmationTime":null,"averageCancellationRate":null,"minimumCommission":null,"maximumCommission":null,"commissionRates":[],"trackingLink":"https://tatrck.com/h/0Hu30z9R0XAJ","createdAt":"2023-12-13T13:04:53.174Z","updatedAt":"2024-08-21T11:28:24.403Z"},{"merchantId":135831,"name":"Devossenburcht NL","imageUri":"https://monetizeamex.com/v3/120x60/4cec4593eb435edd2ff8d0f0e7e14a9c.png","currencyCode":"EUR","defaultDomain":"devossenburcht.nl","domains":["devossenburcht.nl"],"categoryId":63,"description":null,"isActive":true,"countryCodes":["NL"],"averageBasketValue":null,"averageCommission":null,"averageConfirmationTime":null,"averageCancellationRate":null,"minimumCommission":null,"maximumCommission":null,"commissionRates":[],"trackingLink":"https://tatrck.com/h/0Hu30z9R0XAN","createdAt":"2023-12-13T13:04:55.179Z","updatedAt":"2024-08-21T11:31:35.719Z"},{"merchantId":135840,"name":"E-Zegarki PL","imageUri":"https://monetizeamex.com/v3/120x60/768b7e379a1e8b396de2abd74ebfba1f.png","currencyCode":"EUR","defaultDomain":"e-zegarki.pl","domains":["e-zegarki.pl"],"categoryId":40,"description":null,"isActive":true,"countryCodes":["PL"],"averageBasketValue":null,"averageCommission":null,"averageConfirmationTime":null,"averageCancellationRate":null,"minimumCommission":null,"maximumCommission":null,"commissionRates":[{"fixedCommission":null,"percentageCommission":2.25}],"trackingLink":"https://tatrck.com/h/0Hu30z9R0XAW","createdAt":"2023-12-13T13:04:58.772Z","updatedAt":"2024-08-21T11:46:17.449Z"},{"merchantId":135851,"name":"Eresin UK","imageUri":"https://monetizeamex.com/v3/120x60/f29ac462b8a354d45d049c3e9db6a6c6.png","currencyCode":"EUR","defaultDomain":"eresin.com.tr","domains":["eresin.com.tr"],"categoryId":45,"description":null,"isActive":true,"countryCodes":[],"averageBasketValue":null,"averageCommission":null,"averageConfirmationTime":null,"averageCancellationRate":null,"minimumCommission":null,"maximumCommission":null,"commissionRates":[],"trackingLink":"https://tatrck.com/h/0Hu30z9R0XAh","createdAt":"2023-12-13T13:05:01.169Z","updatedAt":"2024-08-21T11:39:06.838Z"},{"merchantId":135903,"name":"Kumiukko FI","imageUri":"https://monetizeamex.com/v3/120x60/ae201a3a9a118d5e4c94bda5f7b031fe.png","currencyCode":"EUR","defaultDomain":"kumiukko.fi","domains":["kumiukko.fi"],"categoryId":73,"description":null,"isActive":true,"countryCodes":["FI"],"averageBasketValue":47.22,"averageCommission":2.55,"averageConfirmationTime":null,"averageCancellationRate":null,"minimumCommission":3.39,"maximumCommission":4.3,"commissionRates":[],"trackingLink":"https://tatrck.com/h/0Hu30z9R0XBV","createdAt":"2023-12-13T13:05:20.374Z","updatedAt":"2024-08-21T11:36:57.841Z"},{"merchantId":135933,"name":"Neumáticos Pneus Online ES","imageUri":"https://monetizeamex.com/v3/120x60/b622de7ffd3c7e6662e9ef3b7d2bf437.png","currencyCode":"EUR","defaultDomain":"neumaticos-pneus-online.es","domains":["neumaticos-pneus-online.es"],"categoryId":59,"description":null,"isActive":true,"countryCodes":["ES"],"averageBasketValue":245.45,"averageCommission":4.5,"averageConfirmationTime":null,"averageCancellationRate":null,"minimumCommission":6.59,"maximumCommission":6.59,"commissionRates":[],"trackingLink":"https://tatrck.com/h/0Hu30z9R0XBz","createdAt":"2023-12-13T13:05:34.073Z","updatedAt":"2024-08-26T09:01:15.661Z"},{"merchantId":135950,"name":"Petitzebre FR","imageUri":"https://monetizeamex.com/v3/120x60/c8672077eb2d795a468f8440f0b1c0fd.png","currencyCode":"EUR","defaultDomain":"petitzebre.com","domains":["petitzebre.com"],"categoryId":77,"description":null,"isActive":true,"countryCodes":["FR"],"averageBasketValue":null,"averageCommission":null,"averageConfirmationTime":null,"averageCancellationRate":null,"minimumCommission":null,"maximumCommission":null,"commissionRates":[],"trackingLink":"https://tatrck.com/h/0Hu30z9R0XCE","createdAt":"2023-12-13T13:05:41.371Z","updatedAt":"2024-09-03T17:09:16.318Z"},{"merchantId":135962,"name":"reifen-pneus-online CH","imageUri":"https://monetizeamex.com/v3/120x60/fdc05d4a98f55f2e716c4a4bb6690323.png","currencyCode":"EUR","defaultDomain":"reifen-pneus-online.ch","domains":["reifen-pneus-online.ch"],"categoryId":3,"description":"Pneus Online ist einer der größten Reifenhändler im Internet. Egal ob Sommerreifen, Winterreifen, Autofelgen und weiteres Zubehör, bei Pneus Online findet jeder Autoliebhaber das Richtige für sein Auto. Mit der Suche im Reifenkatalog können Sie schnell und einfach die richtigen Reifen und Felgen für ihren Autotypen finden.","isActive":true,"countryCodes":["CH"],"averageBasketValue":436.52,"averageCommission":7.64,"averageConfirmationTime":null,"averageCancellationRate":null,"minimumCommission":3.09,"maximumCommission":3.09,"commissionRates":[],"trackingLink":"https://tatrck.com/h/0Hu30z9R0XCQ","createdAt":"2023-12-13T13:05:51.181Z","updatedAt":"2024-08-24T05:27:34.885Z"},{"merchantId":135978,"name":"Shopiteca ES","imageUri":"https://monetizeamex.com/v3/120x60/53c3aef5d6eaf31939417af4e1f7c137.png","currencyCode":"EUR","defaultDomain":"shopiteca.com","domains":["shopiteca.com"],"categoryId":77,"description":null,"isActive":true,"countryCodes":["ES"],"averageBasketValue":null,"averageCommission":null,"averageConfirmationTime":null,"averageCancellationRate":null,"minimumCommission":null,"maximumCommission":null,"commissionRates":[],"trackingLink":"https://tatrck.com/h/0Hu30z9R0XCg","createdAt":"2023-12-13T13:05:56.801Z","updatedAt":"2024-08-26T09:01:13.080Z"},{"merchantId":135980,"name":"Skinlight NL","imageUri":"https://monetizeamex.com/v3/120x60/0cc510bf12d4f9527386d629cf005cd9.png","currencyCode":"EUR","defaultDomain":"skinlightcreme.nl","domains":["skinlightcreme.nl"],"categoryId":28,"description":null,"isActive":true,"countryCodes":["NL"],"averageBasketValue":null,"averageCommission":null,"averageConfirmationTime":null,"averageCancellationRate":null,"minimumCommission":null,"maximumCommission":null,"commissionRates":[],"trackingLink":"https://tatrck.com/h/0Hu30z9R0XCi","createdAt":"2023-12-13T13:05:57.775Z","updatedAt":"2024-08-21T11:39:32.582Z"},{"merchantId":135995,"name":"TFBank EE","imageUri":"https://monetizeamex.com/v3/120x60/109d78b98facd1fe84c33ad99ab7484d.png","currencyCode":"EUR","defaultDomain":"tfbank.ee","domains":["tfbank.ee"],"categoryId":66,"description":null,"isActive":true,"countryCodes":["EE"],"averageBasketValue":null,"averageCommission":null,"averageConfirmationTime":null,"averageCancellationRate":null,"minimumCommission":null,"maximumCommission":null,"commissionRates":[],"trackingLink":"https://tatrck.com/h/0Hu30z9R0XCx","createdAt":"2023-12-13T13:06:02.905Z","updatedAt":"2024-08-21T11:26:05.028Z"},{"merchantId":136003,"name":"Trivago BE","imageUri":"https://monetizeamex.com/v3/120x60/6a268ecc27f5fdf161fd0597e39d36a7.png","currencyCode":"EUR","defaultDomain":"trivago.be","domains":["trivago.be"],"categoryId":63,"description":null,"isActive":true,"countryCodes":["BE","NL","FR"],"averageBasketValue":1.29,"averageCommission":0.83,"averageConfirmationTime":30,"averageCancellationRate":null,"minimumCommission":0.01,"maximumCommission":20.5,"commissionRates":[],"trackingLink":"https://tatrck.com/h/0Hu30z9R0XD3","createdAt":"2023-12-13T13:06:05.800Z","updatedAt":"2024-08-31T05:09:06.087Z"},{"merchantId":136018,"name":"Vivara FR","imageUri":"https://monetizeamex.com/v3/120x60/14f019f5eb1f74fc6e46cf8ab6b7832d.png","currencyCode":"EUR","defaultDomain":"vivara.fr","domains":["vivara.fr"],"categoryId":74,"description":null,"isActive":true,"countryCodes":["FR"],"averageBasketValue":119.49,"averageCommission":4.5,"averageConfirmationTime":58,"averageCancellationRate":null,"minimumCommission":null,"maximumCommission":null,"commissionRates":[],"trackingLink":"https://tatrck.com/h/0Hu30z9R0XDI","createdAt":"2023-12-13T13:06:10.684Z","updatedAt":"2024-08-21T11:29:45.586Z"},{"merchantId":136027,"name":"Xflirt FR","imageUri":"https://monetizeamex.com/v3/120x60/2c3a90d405c464b421f88c7c050a9b24.png","currencyCode":"EUR","defaultDomain":"xflirt.com","domains":["xflirt.com","xflirt.fr"],"categoryId":16,"description":null,"isActive":true,"countryCodes":["FR"],"averageBasketValue":null,"averageCommission":null,"averageConfirmationTime":null,"averageCancellationRate":null,"minimumCommission":null,"maximumCommission":null,"commissionRates":[],"trackingLink":"https://tatrck.com/h/0Hu30z9R0XDR","createdAt":"2023-12-13T13:06:12.768Z","updatedAt":"2024-08-21T11:31:07.325Z"},{"merchantId":136084,"name":"Baggu US","imageUri":"https://monetizeamex.com/v3/120x60/b6cbe0dd85cdecc84c7715bca93edee5.png","currencyCode":"EUR","defaultDomain":"baggu.com","domains":["baggu.com"],"categoryId":40,"description":null,"isActive":true,"countryCodes":["US"],"averageBasketValue":56.49,"averageCommission":1.77,"averageConfirmationTime":null,"averageCancellationRate":null,"minimumCommission":0.44,"maximumCommission":6.77,"commissionRates":[{"fixedCommission":null,"percentageCommission":3.84},{"fixedCommission":null,"percentageCommission":2.4}],"trackingLink":"https://tatrck.com/h/0Hu30z9R0XEK","createdAt":"2023-12-13T13:06:33.377Z","updatedAt":"2024-09-03T05:53:51.834Z"},{"merchantId":136091,"name":"NakedWines UK","imageUri":"https://monetizeamex.com/v3/120x60/2bcfb3a7a731e312aa5aa0c878679915.png","currencyCode":"EUR","defaultDomain":"nakedwines.com","domains":["nakedwines.com"],"categoryId":4,"description":null,"isActive":true,"countryCodes":["GB"],"averageBasketValue":107.26,"averageCommission":1.5,"averageConfirmationTime":58,"averageCancellationRate":14.1,"minimumCommission":1.99,"maximumCommission":7.14,"commissionRates":[],"trackingLink":"https://tatrck.com/h/0Hu30z9R0XER","createdAt":"2023-12-13T13:06:35.974Z","updatedAt":"2024-09-03T17:03:31.731Z"},{"merchantId":136094,"name":"Agadon UK","imageUri":"https://monetizeamex.com/v3/120x60/95db56270545f1f7d63de9b128d24418.png","currencyCode":"EUR","defaultDomain":"agadondesignerradiators.co.uk","domains":["agadondesignerradiators.co.uk"],"categoryId":72,"description":null,"isActive":true,"countryCodes":["GB"],"averageBasketValue":null,"averageCommission":null,"averageConfirmationTime":null,"averageCancellationRate":null,"minimumCommission":null,"maximumCommission":null,"commissionRates":[{"fixedCommission":null,"percentageCommission":3}],"trackingLink":"https://tatrck.com/h/0Hu30z9R0XEU","createdAt":"2023-12-13T13:06:37.271Z","updatedAt":"2024-08-21T11:26:56.646Z"},{"merchantId":136105,"name":"Nutrisystem US","imageUri":"https://monetizeamex.com/v3/120x60/322f73bc1619de218c9ecaf8725451af.png","currencyCode":"EUR","defaultDomain":"nutrisystem.com","domains":["nutrisystem.com"],"categoryId":68,"description":null,"isActive":true,"countryCodes":["US"],"averageBasketValue":31.45,"averageCommission":1.05,"averageConfirmationTime":null,"averageCancellationRate":null,"minimumCommission":0.12,"maximumCommission":7.16,"commissionRates":[{"fixedCommission":72,"percentageCommission":null},{"fixedCommission":null,"percentageCommission":1.44},{"fixedCommission":null,"percentageCommission":1.92},{"fixedCommission":null,"percentageCommission":3.36}],"trackingLink":"https://tatrck.com/h/0Hu30z9R0XEf","createdAt":"2023-12-13T13:06:43.785Z","updatedAt":"2024-09-03T05:54:04.650Z"},{"merchantId":136110,"name":"Black Obelisk Software - blackobelisksoftware.com US","imageUri":"https://monetizeamex.com/v3/120x60/1dc0138ced0bb6e781e25f90b0f1a7f9.png","currencyCode":"EUR","defaultDomain":"blackobelisksoftware.com","domains":["blackobelisksoftware.com"],"categoryId":43,"description":null,"isActive":true,"countryCodes":[],"averageBasketValue":null,"averageCommission":null,"averageConfirmationTime":null,"averageCancellationRate":null,"minimumCommission":null,"maximumCommission":null,"commissionRates":[{"fixedCommission":null,"percentageCommission":30}],"trackingLink":"https://tatrck.com/h/0Hu30z9R0XEk","createdAt":"2023-12-13T13:06:45.881Z","updatedAt":"2024-08-15T08:56:39.457Z"},{"merchantId":136115,"name":"FX-BIT - fx-bit.com US","imageUri":"https://monetizeamex.com/v3/120x60/d5cbe86a072fda0e79714e377aaa1880.png","currencyCode":"EUR","defaultDomain":"fxs.expert","domains":["earnforex.com","fx-bit.com","fxs.expert"],"categoryId":66,"description":null,"isActive":true,"countryCodes":[],"averageBasketValue":null,"averageCommission":null,"averageConfirmationTime":null,"averageCancellationRate":null,"minimumCommission":null,"maximumCommission":null,"commissionRates":[{"fixedCommission":null,"percentageCommission":9}],"trackingLink":"https://tatrck.com/h/0Hu30z9R0XEp","createdAt":"2023-12-13T13:06:46.666Z","updatedAt":"2024-09-02T05:33:51.278Z"},{"merchantId":136122,"name":"Wilcom International Pty Ltd - wilcom.com US","imageUri":"https://monetizeamex.com/v3/120x60/d456bc51101a049dd00c3984a9559f51.png","currencyCode":"EUR","defaultDomain":"wilcom.com","domains":["wilcom.com"],"categoryId":49,"description":null,"isActive":true,"countryCodes":[],"averageBasketValue":null,"averageCommission":null,"averageConfirmationTime":null,"averageCancellationRate":null,"minimumCommission":null,"maximumCommission":null,"commissionRates":[{"fixedCommission":null,"percentageCommission":12}],"trackingLink":"https://tatrck.com/h/0Hu30z9R0XEw","createdAt":"2023-12-13T13:06:49.485Z","updatedAt":"2024-08-15T08:56:39.366Z"},{"merchantId":136139,"name":"Ma Carte Cadeau FR","imageUri":"https://monetizeamex.com/v3/120x60/b32ab334d28474e503c26d5a1ce114d5.png","currencyCode":"EUR","defaultDomain":"ma-carte-cadeau.com","domains":["ma-carte-cadeau.com"],"categoryId":47,"description":null,"isActive":true,"countryCodes":["FR","MA"],"averageBasketValue":null,"averageCommission":0.51,"averageConfirmationTime":6,"averageCancellationRate":null,"minimumCommission":0.33,"maximumCommission":2.22,"commissionRates":[],"trackingLink":"https://tatrck.com/h/0Hu30z9R0XFB","createdAt":"2023-12-13T13:06:56.976Z","updatedAt":"2024-09-03T05:30:06.538Z"},{"merchantId":136142,"name":"Panorabanques FR","imageUri":"https://monetizeamex.com/v3/120x60/76f951e227d6d4973e0ef1dbf85043d2.png","currencyCode":"EUR","defaultDomain":"panorabanques.com","domains":["panorabanques.com","panorabanques.fr"],"categoryId":12,"description":null,"isActive":true,"countryCodes":["FR"],"averageBasketValue":null,"averageCommission":null,"averageConfirmationTime":null,"averageCancellationRate":null,"minimumCommission":null,"maximumCommission":null,"commissionRates":[],"trackingLink":"https://tatrck.com/h/0Hu30z9R0XFE","createdAt":"2023-12-13T13:06:58.896Z","updatedAt":"2024-08-21T07:01:03.374Z"},{"merchantId":136158,"name":"Manandshaving NL","imageUri":"https://monetizeamex.com/v3/120x60/4820f8a67c50ad1cadfda5e843638937.png","currencyCode":"EUR","defaultDomain":"manandshaving.nl","domains":["manandshaving.nl"],"categoryId":28,"description":null,"isActive":true,"countryCodes":["NL"],"averageBasketValue":50.49,"averageCommission":1.8,"averageConfirmationTime":1,"averageCancellationRate":null,"minimumCommission":0.64,"maximumCommission":1.92,"commissionRates":[],"trackingLink":"https://tatrck.com/h/0Hu30z9R0XFU","createdAt":"2023-12-13T13:07:03.569Z","updatedAt":"2024-08-21T11:29:50.676Z"},{"merchantId":136159,"name":"Muchachomalo NL","imageUri":"https://monetizeamex.com/v3/120x60/cb1285b0cde15d811456fd6518953768.png","currencyCode":"EUR","defaultDomain":"muchachomalo.com","domains":["muchachomalo.com","muchachomalo.nl"],"categoryId":40,"description":null,"isActive":true,"countryCodes":["NL"],"averageBasketValue":61.37,"averageCommission":3.68,"averageConfirmationTime":33,"averageCancellationRate":0.3,"minimumCommission":0.3,"maximumCommission":15.59,"commissionRates":[{"fixedCommission":null,"percentageCommission":6}],"trackingLink":"https://tatrck.com/h/0Hu30z9R0XFV","createdAt":"2023-12-13T13:07:04.665Z","updatedAt":"2024-09-03T17:07:47.754Z"},{"merchantId":136163,"name":"TheBagStore NL","imageUri":"https://monetizeamex.com/v3/120x60/611c3b63f4a23488a30bb1cc86afd303.png","currencyCode":"EUR","defaultDomain":"thebagstore.nl","domains":["thebagstore.nl"],"categoryId":40,"description":null,"isActive":true,"countryCodes":["NL"],"averageBasketValue":44.07,"averageCommission":1.48,"averageConfirmationTime":30,"averageCancellationRate":10.2,"minimumCommission":0.22,"maximumCommission":3.75,"commissionRates":[],"trackingLink":"https://tatrck.com/h/0Hu30z9R0XFZ","createdAt":"2023-12-13T13:07:05.971Z","updatedAt":"2024-08-21T11:26:10.211Z"},{"merchantId":136185,"name":"Gotham Cigars US","imageUri":"https://monetizeamex.com/v3/120x60/a38ef05abec84a630265effe5d9b6edf.png","currencyCode":"EUR","defaultDomain":"gothamcigars.com","domains":["gothamcigars.com"],"categoryId":50,"description":null,"isActive":true,"countryCodes":["US"],"averageBasketValue":26.37,"averageCommission":0.48,"averageConfirmationTime":1,"averageCancellationRate":null,"minimumCommission":0.24,"maximumCommission":26.5,"commissionRates":[{"fixedCommission":null,"percentageCommission":0.96},{"fixedCommission":null,"percentageCommission":1.2}],"trackingLink":"https://tatrck.com/h/0Hu30z9R0XFv","createdAt":"2023-12-13T13:07:16.069Z","updatedAt":"2024-09-03T05:51:20.418Z"},{"merchantId":136192,"name":"Jos. A. Bank US","imageUri":"https://monetizeamex.com/v3/120x60/a8d6d3fe8ca612a900cb55da5e1e6c4b.png","currencyCode":"EUR","defaultDomain":"josbank.com","domains":["josbank.com"],"categoryId":40,"description":null,"isActive":true,"countryCodes":["US"],"averageBasketValue":116.91,"averageCommission":1.51,"averageConfirmationTime":null,"averageCancellationRate":31.1,"minimumCommission":0.02,"maximumCommission":15.28,"commissionRates":[],"trackingLink":"https://tatrck.com/h/0Hu30z9R0XG0","createdAt":"2023-12-13T13:07:18.687Z","updatedAt":"2024-09-03T17:03:35.713Z"},{"merchantId":136194,"name":"KelbyOne US","imageUri":"https://monetizeamex.com/v3/120x60/acae750cd80584abe894ce43d5dfae22.png","currencyCode":"EUR","defaultDomain":"kelbyone.com","domains":["kelbyone.com"],"categoryId":44,"description":"Bygg bedriften din på nett med vår komplette websideløsning. Registrer domenet ditt i dag! Inneholder personlig e-post, SSL, 24/7 support med mer.","isActive":true,"countryCodes":["US"],"averageBasketValue":8.63,"averageCommission":2.07,"averageConfirmationTime":null,"averageCancellationRate":null,"minimumCommission":4.14,"maximumCommission":4.14,"commissionRates":[{"fixedCommission":null,"percentageCommission":24},{"fixedCommission":null,"percentageCommission":7.199999999999999},{"fixedCommission":2.4,"percentageCommission":null},{"fixedCommission":null,"percentageCommission":12},{"fixedCommission":null,"percentageCommission":2.4}],"trackingLink":"https://tatrck.com/h/0Hu30z9R0XG2","createdAt":"2023-12-13T13:07:19.466Z","updatedAt":"2024-08-23T15:01:45.401Z"},{"merchantId":136195,"name":"Lifeline Skin Care US","imageUri":"https://monetizeamex.com/v3/120x60/36e2bfcb6e3d88f46bc1c68095fe2f3a.png","currencyCode":"EUR","defaultDomain":"lifelineskincare.com","domains":["lifelineskincare.com"],"categoryId":28,"description":null,"isActive":true,"countryCodes":["US"],"averageBasketValue":124.42,"averageCommission":8.71,"averageConfirmationTime":null,"averageCancellationRate":null,"minimumCommission":4.9,"maximumCommission":4.9,"commissionRates":[{"fixedCommission":null,"percentageCommission":6},{"fixedCommission":null,"percentageCommission":4.8}],"trackingLink":"https://tatrck.com/h/0Hu30z9R0XG3","createdAt":"2023-12-13T13:07:21.085Z","updatedAt":"2024-08-23T15:01:32.539Z"},{"merchantId":136212,"name":"Sunny Sports US","imageUri":"https://monetizeamex.com/v3/120x60/35ff04cefa5eb44709f76e30ba25802b.png","currencyCode":"EUR","defaultDomain":"sunnysports.com","domains":["sunnysports.com"],"categoryId":55,"description":null,"isActive":true,"countryCodes":["US"],"averageBasketValue":62.04,"averageCommission":1.86,"averageConfirmationTime":58,"averageCancellationRate":20,"minimumCommission":0.87,"maximumCommission":3.18,"commissionRates":[{"fixedCommission":null,"percentageCommission":3.84}],"trackingLink":"https://tatrck.com/h/0Hu30z9R0XGK","createdAt":"2023-12-13T13:07:27.520Z","updatedAt":"2024-08-23T15:01:28.793Z"},{"merchantId":136214,"name":"T-Mobile US","imageUri":"https://monetizeamex.com/v3/120x60/87cedacf10c7f771843cc5cbcb85bc7e.png","currencyCode":"EUR","defaultDomain":"t-mobile.com","domains":["t-mobile.com","tmobile.com"],"categoryId":58,"description":null,"isActive":true,"countryCodes":["US"],"averageBasketValue":null,"averageCommission":null,"averageConfirmationTime":null,"averageCancellationRate":null,"minimumCommission":null,"maximumCommission":null,"commissionRates":[],"trackingLink":"https://tatrck.com/h/0Hu30z9R0XGM","createdAt":"2023-12-13T13:07:28.286Z","updatedAt":"2024-08-26T09:02:02.029Z"},{"merchantId":136218,"name":"TransUnion US","imageUri":"https://monetizeamex.com/v3/120x60/e4ee4b555cad780bb760498c1406d4d2.png","currencyCode":"EUR","defaultDomain":"transunion.com","domains":["transunion.com"],"categoryId":66,"description":null,"isActive":true,"countryCodes":["US"],"averageBasketValue":24.72,"averageCommission":29.28,"averageConfirmationTime":36,"averageCancellationRate":1,"minimumCommission":25.62,"maximumCommission":30.4,"commissionRates":[],"trackingLink":"https://tatrck.com/h/0Hu30z9R0XGQ","createdAt":"2023-12-13T13:07:31.870Z","updatedAt":"2024-09-03T05:53:52.120Z"},{"merchantId":136227,"name":"Windsor Vineyards US","imageUri":"https://monetizeamex.com/v3/120x60/3bbb00b723210c8be43f0a77c699a235.png","currencyCode":"EUR","defaultDomain":"windsorvineyards.com","domains":["windsorvineyards.com"],"categoryId":4,"description":null,"isActive":true,"countryCodes":["US"],"averageBasketValue":null,"averageCommission":null,"averageConfirmationTime":null,"averageCancellationRate":null,"minimumCommission":null,"maximumCommission":null,"commissionRates":[],"trackingLink":"https://tatrck.com/h/0Hu30z9R0XGZ","createdAt":"2023-12-13T13:07:33.484Z","updatedAt":"2024-08-26T09:01:28.840Z"}]}