{"meta":{"next":220847},"data":[{"merchantId":219851,"name":"Further Food US","imageUri":"https://kqdxc4m5.de/logos_v2/120x60/5b19959af90a47e0df904a0f36b0c4ba.gif","currencyCode":"EUR","defaultDomain":"furtherfood.com","domains":["furtherfood.com"],"categoryId":68,"description":null,"isActive":true,"countryCodes":["US"],"averageBasketValue":71.95,"averageCommission":3.45,"averageConfirmationTime":null,"averageCancellationRate":null,"minimumCommission":null,"maximumCommission":null,"commissionRates":[{"fixedCommission":null,"percentageCommission":3.84}],"trackingLink":"https://tatrck.com/h/0Hu30z9R0rhB","createdAt":"2023-12-13T19:13:05.475Z","updatedAt":"2024-09-03T17:03:49.158Z"},{"merchantId":219852,"name":"Snap Supplements US","imageUri":"https://monetizeamex.com/v3/120x60/84c676d54e6d4129232117d95ca0f6e4.png","currencyCode":"EUR","defaultDomain":"snapsupplements.com","domains":["snapsupplements.com"],"categoryId":35,"description":null,"isActive":true,"countryCodes":["US"],"averageBasketValue":54.08,"averageCommission":3.89,"averageConfirmationTime":null,"averageCancellationRate":null,"minimumCommission":null,"maximumCommission":null,"commissionRates":[{"fixedCommission":6,"percentageCommission":null}],"trackingLink":"https://tatrck.com/h/0Hu30z9R0rhC","createdAt":"2023-12-13T19:13:04.198Z","updatedAt":"2024-08-29T05:51:07.845Z"},{"merchantId":219854,"name":"BriteCo US","imageUri":"https://monetizeamex.com/v3/120x60/2a5db2edc7fb601ee55de889ef4691f2.png","currencyCode":"EUR","defaultDomain":"brite.co","domains":["brite.co"],"categoryId":56,"description":null,"isActive":true,"countryCodes":["US"],"averageBasketValue":null,"averageCommission":1.02,"averageConfirmationTime":7,"averageCancellationRate":16.7,"minimumCommission":0.97,"maximumCommission":1.02,"commissionRates":[{"fixedCommission":1.2,"percentageCommission":null}],"trackingLink":"https://tatrck.com/h/0Hu30z9R0rhE","createdAt":"2023-12-13T19:13:06.794Z","updatedAt":"2024-09-01T05:33:05.590Z"},{"merchantId":219856,"name":"Gooseberry Intimates Ltd US","imageUri":"https://monetizeamex.com/v3/120x60/dfc9ed4f26be7bae19f5ca19439561c6.png","currencyCode":"EUR","defaultDomain":"gooseberryintimates.com","domains":["gooseberryintimates.com"],"categoryId":40,"description":null,"isActive":true,"countryCodes":["US"],"averageBasketValue":107.87,"averageCommission":6.44,"averageConfirmationTime":6,"averageCancellationRate":null,"minimumCommission":2.74,"maximumCommission":19.63,"commissionRates":[{"fixedCommission":null,"percentageCommission":4.8},{"fixedCommission":null,"percentageCommission":6}],"trackingLink":"https://tatrck.com/h/0Hu30z9R0rhG","createdAt":"2023-12-13T19:13:06.316Z","updatedAt":"2024-09-03T05:49:01.625Z"},{"merchantId":219858,"name":"Green Unicorn Farms US","imageUri":"https://monetizeamex.com/v3/120x60/0614ae4d3799fffc51a337b7c1b781f0.png","currencyCode":"EUR","defaultDomain":"greenunicornfarms.com","domains":["greenunicornfarms.com"],"categoryId":34,"description":null,"isActive":true,"countryCodes":["US"],"averageBasketValue":65.68,"averageCommission":5.74,"averageConfirmationTime":49,"averageCancellationRate":null,"minimumCommission":null,"maximumCommission":null,"commissionRates":[{"fixedCommission":null,"percentageCommission":9}],"trackingLink":"https://tatrck.com/h/0Hu30z9R0rhI","createdAt":"2023-12-13T19:13:07.080Z","updatedAt":"2024-09-03T05:32:09.191Z"},{"merchantId":219861,"name":"Hemp Therapies US","imageUri":"https://monetizeamex.com/v3/120x60/037bd22f472e1a234c0cd428059dd240.png","currencyCode":"EUR","defaultDomain":"hemp-therapies.com","domains":["hemp-therapies.com"],"categoryId":35,"description":null,"isActive":true,"countryCodes":["US"],"averageBasketValue":null,"averageCommission":null,"averageConfirmationTime":null,"averageCancellationRate":null,"minimumCommission":null,"maximumCommission":null,"commissionRates":[{"fixedCommission":null,"percentageCommission":12}],"trackingLink":"https://tatrck.com/h/0Hu30z9R0rhL","createdAt":"2023-12-13T19:13:07.688Z","updatedAt":"2024-08-21T11:33:26.003Z"},{"merchantId":219863,"name":"IDRESE FOOTWEAR US","imageUri":"https://monetizeamex.com/v3/120x60/313bc096a8708980e4158770446c83de.png","currencyCode":"EUR","defaultDomain":"idrese.com","domains":["idrese.com"],"categoryId":40,"description":null,"isActive":true,"countryCodes":["US"],"averageBasketValue":null,"averageCommission":null,"averageConfirmationTime":null,"averageCancellationRate":null,"minimumCommission":null,"maximumCommission":null,"commissionRates":[{"fixedCommission":9,"percentageCommission":null}],"trackingLink":"https://tatrck.com/h/0Hu30z9R0rhN","createdAt":"2023-12-13T19:13:08.379Z","updatedAt":"2024-08-21T11:30:29.211Z"},{"merchantId":219868,"name":"King Kong Apparel US","imageUri":"https://monetizeamex.com/v3/120x60/e53180b9954f8b52c0c135191f474c67.png","currencyCode":"EUR","defaultDomain":"kingkongapparel.com","domains":["kingkongapparel.com"],"categoryId":63,"description":null,"isActive":true,"countryCodes":["US"],"averageBasketValue":153.89,"averageCommission":9.22,"averageConfirmationTime":4,"averageCancellationRate":null,"minimumCommission":9.31,"maximumCommission":9.31,"commissionRates":[{"fixedCommission":null,"percentageCommission":6}],"trackingLink":"https://tatrck.com/h/0Hu30z9R0rhS","createdAt":"2023-12-13T19:13:09.788Z","updatedAt":"2024-08-21T11:30:34.630Z"},{"merchantId":219875,"name":"Miaou US","imageUri":"https://monetizeamex.com/v3/120x60/8333a2e11b220468ac8b1696bf50d768.png","currencyCode":"EUR","defaultDomain":"miaou.com","domains":["miaou.com"],"categoryId":40,"description":null,"isActive":true,"countryCodes":["US"],"averageBasketValue":54.7,"averageCommission":0.45,"averageConfirmationTime":null,"averageCancellationRate":null,"minimumCommission":0.61,"maximumCommission":1,"commissionRates":[{"fixedCommission":null,"percentageCommission":0.6}],"trackingLink":"https://tatrck.com/h/0Hu30z9R0rhZ","createdAt":"2023-12-13T19:13:10.888Z","updatedAt":"2024-08-21T11:30:16.472Z"},{"merchantId":219876,"name":"Michele Lopriore US","imageUri":"https://kqdxc4m5.de/logos_v2/120x60/0b85166871beffeecbec4187f899253f.gif","currencyCode":"EUR","defaultDomain":"michelelopriore.com","domains":["michelelopriore.com"],"categoryId":40,"description":null,"isActive":true,"countryCodes":["US"],"averageBasketValue":170.41,"averageCommission":10.22,"averageConfirmationTime":1,"averageCancellationRate":null,"minimumCommission":10.21,"maximumCommission":10.22,"commissionRates":[{"fixedCommission":null,"percentageCommission":6},{"fixedCommission":null,"percentageCommission":4.8}],"trackingLink":"https://tatrck.com/h/0Hu30z9R0rha","createdAt":"2023-12-13T19:13:11.068Z","updatedAt":"2024-08-21T11:29:47.288Z"},{"merchantId":219883,"name":"Pet Releaf US","imageUri":"https://monetizeamex.com/v3/120x60/8214863ea66fad489c181bcdfe9a80ff.png","currencyCode":"EUR","defaultDomain":"petreleaf.com","domains":["petreleaf.com"],"categoryId":68,"description":null,"isActive":true,"countryCodes":["US"],"averageBasketValue":32.5,"averageCommission":1.27,"averageConfirmationTime":null,"averageCancellationRate":null,"minimumCommission":0.13,"maximumCommission":0.89,"commissionRates":[{"fixedCommission":null,"percentageCommission":1.7999999999999998}],"trackingLink":"https://tatrck.com/h/0Hu30z9R0rhh","createdAt":"2023-12-13T19:13:14.378Z","updatedAt":"2024-08-30T11:01:02.599Z"},{"merchantId":219887,"name":"Revolution Cooking US","imageUri":"https://kqdxc4m5.de/logos_v2/120x60/3aa4115f0edde4c0f693e44f20219fc7.gif","currencyCode":"EUR","defaultDomain":"revcook.com","domains":["revcook.com"],"categoryId":72,"description":null,"isActive":true,"countryCodes":["US"],"averageBasketValue":224.57,"averageCommission":5.36,"averageConfirmationTime":null,"averageCancellationRate":null,"minimumCommission":1.43,"maximumCommission":1.43,"commissionRates":[{"fixedCommission":null,"percentageCommission":2.4},{"fixedCommission":24,"percentageCommission":null},{"fixedCommission":null,"percentageCommission":1.92},{"fixedCommission":9.6,"percentageCommission":null}],"trackingLink":"https://tatrck.com/h/0Hu30z9R0rhl","createdAt":"2023-12-13T19:13:13.471Z","updatedAt":"2024-08-21T11:43:08.369Z"},{"merchantId":219890,"name":"Sugar and Kush US","imageUri":"https://monetizeamex.com/v3/120x60/6d42472a35f73bdfd6728c8ab57c21a5.png","currencyCode":"EUR","defaultDomain":"sugarandkush.com","domains":["sugarandkush.com"],"categoryId":68,"description":null,"isActive":true,"countryCodes":["US"],"averageBasketValue":72.29,"averageCommission":8.67,"averageConfirmationTime":58,"averageCancellationRate":null,"minimumCommission":9.21,"maximumCommission":9.21,"commissionRates":[{"fixedCommission":null,"percentageCommission":12}],"trackingLink":"https://tatrck.com/h/0Hu30z9R0rho","createdAt":"2023-12-13T19:13:16.172Z","updatedAt":"2024-08-21T11:39:22.252Z"},{"merchantId":219893,"name":"The James Brand US","imageUri":"https://monetizeamex.com/v3/120x60/78ab0dc8b904d02a17544155031efdf2.png","currencyCode":"EUR","defaultDomain":"thejamesbrand.com","domains":["thejamesbrand.com"],"categoryId":55,"description":null,"isActive":true,"countryCodes":["US"],"averageBasketValue":99.18,"averageCommission":4.16,"averageConfirmationTime":10,"averageCancellationRate":null,"minimumCommission":5.5,"maximumCommission":5.5,"commissionRates":[{"fixedCommission":null,"percentageCommission":4.2}],"trackingLink":"https://tatrck.com/h/0Hu30z9R0rhr","createdAt":"2023-12-13T19:13:16.276Z","updatedAt":"2024-08-21T11:28:55.768Z"},{"merchantId":219894,"name":"The Tuttle Twins US","imageUri":"https://monetizeamex.com/v3/120x60/e347ad27388a433dc8c06001494f1cfa.png","currencyCode":"EUR","defaultDomain":"tuttletwins.com","domains":["tuttletwins.com"],"categoryId":26,"description":null,"isActive":true,"countryCodes":["US"],"averageBasketValue":80.66,"averageCommission":1.44,"averageConfirmationTime":null,"averageCancellationRate":null,"minimumCommission":0.05,"maximumCommission":3.02,"commissionRates":[{"fixedCommission":null,"percentageCommission":1.7999999999999998}],"trackingLink":"https://tatrck.com/h/0Hu30z9R0rhs","createdAt":"2023-12-13T19:13:16.795Z","updatedAt":"2024-08-23T05:37:35.545Z"},{"merchantId":219895,"name":"Top Choice Electronics US","imageUri":"https://monetizeamex.com/v3/120x60/c8bca8109a493bd9f6e1c4c70b023142.png","currencyCode":"EUR","defaultDomain":"topchoices.ca","domains":["topchoices.ca"],"categoryId":72,"description":null,"isActive":true,"countryCodes":["US"],"averageBasketValue":1,"averageCommission":47.69,"averageConfirmationTime":null,"averageCancellationRate":null,"minimumCommission":47.69,"maximumCommission":47.69,"commissionRates":[{"fixedCommission":null,"percentageCommission":3}],"trackingLink":"https://tatrck.com/h/0Hu30z9R0rht","createdAt":"2023-12-13T19:13:17.170Z","updatedAt":"2024-08-21T11:43:51.161Z"},{"merchantId":219896,"name":"Ultrahuman Healthcare Pvt Ltd US","imageUri":"https://kqdxc4m5.de/logos_v2/120x60/b2c3e4a9abcbb286abc84e6a32201cd6.gif","currencyCode":"EUR","defaultDomain":"ultrahuman.com","domains":["ultrahuman.com"],"categoryId":68,"description":null,"isActive":true,"countryCodes":[],"averageBasketValue":286.03,"averageCommission":12.01,"averageConfirmationTime":null,"averageCancellationRate":null,"minimumCommission":11.35,"maximumCommission":12.66,"commissionRates":[{"fixedCommission":null,"percentageCommission":4.2}],"trackingLink":"https://tatrck.com/h/0Hu30z9R0rhu","createdAt":"2023-12-13T19:13:17.573Z","updatedAt":"2024-08-21T11:45:34.069Z"},{"merchantId":219897,"name":"Vesync Co.,Ltd US","imageUri":"https://monetizeamex.com/v3/120x60/278a07d8b8ee102b4ec522479a45247a.png","currencyCode":"EUR","defaultDomain":"us.vesync.com","domains":["us.vesync.com"],"categoryId":64,"description":null,"isActive":true,"countryCodes":["US"],"averageBasketValue":49.54,"averageCommission":2.37,"averageConfirmationTime":null,"averageCancellationRate":null,"minimumCommission":0.91,"maximumCommission":7.35,"commissionRates":[{"fixedCommission":null,"percentageCommission":4.8}],"trackingLink":"https://tatrck.com/h/0Hu30z9R0rhv","createdAt":"2023-12-13T19:13:17.286Z","updatedAt":"2024-08-21T11:32:47.954Z"},{"merchantId":219899,"name":"Voogmechic US","imageUri":"https://monetizeamex.com/v3/120x60/3da97664478bf69b6cc25b986008b291.png","currencyCode":"EUR","defaultDomain":"voogmechic.com","domains":["voogmechic.com"],"categoryId":73,"description":null,"isActive":true,"countryCodes":["US"],"averageBasketValue":61.89,"averageCommission":6.31,"averageConfirmationTime":21,"averageCancellationRate":20,"minimumCommission":4.29,"maximumCommission":5.16,"commissionRates":[{"fixedCommission":null,"percentageCommission":6}],"trackingLink":"https://tatrck.com/h/0Hu30z9R0rhx","createdAt":"2023-12-13T19:13:18.074Z","updatedAt":"2024-09-03T05:32:08.523Z"},{"merchantId":219900,"name":"RealCozy","imageUri":"https://monetizeamex.com/v3/120x60/aaee749650d38debbdbd35bcf516cd67.png","currencyCode":"EUR","defaultDomain":"realcozy.co","domains":["realcozy.co"],"categoryId":34,"description":null,"isActive":true,"countryCodes":["US"],"averageBasketValue":1,"averageCommission":26.48,"averageConfirmationTime":58,"averageCancellationRate":null,"minimumCommission":null,"maximumCommission":null,"commissionRates":[{"fixedCommission":null,"percentageCommission":1.7999999999999998}],"trackingLink":"https://tatrck.com/h/0Hu30z9R0rhy","createdAt":"2023-12-13T19:13:18.584Z","updatedAt":"2024-08-21T11:46:12.205Z"},{"merchantId":219901,"name":"Western Aloha Inc. US","imageUri":"https://monetizeamex.com/v3/120x60/0f0ddde857eb17c5a292ca137cb957fc.png","currencyCode":"EUR","defaultDomain":"westernaloha.com","domains":["westernaloha.com"],"categoryId":40,"description":null,"isActive":true,"countryCodes":["US"],"averageBasketValue":121.57,"averageCommission":1.45,"averageConfirmationTime":null,"averageCancellationRate":null,"minimumCommission":0.6,"maximumCommission":0.78,"commissionRates":[{"fixedCommission":null,"percentageCommission":4.8}],"trackingLink":"https://tatrck.com/h/0Hu30z9R0rhz","createdAt":"2023-12-13T19:13:18.567Z","updatedAt":"2024-08-21T11:39:24.507Z"},{"merchantId":219902,"name":"Zoey Sleep US","imageUri":"https://monetizeamex.com/v3/120x60/e9de58abb51fbc1c5e889637e1fbad97.png","currencyCode":"EUR","defaultDomain":"zoeysleep.com","domains":["zoeysleep.com"],"categoryId":74,"description":null,"isActive":true,"countryCodes":["US"],"averageBasketValue":316.65,"averageCommission":15.19,"averageConfirmationTime":2,"averageCancellationRate":null,"minimumCommission":2.58,"maximumCommission":2.58,"commissionRates":[{"fixedCommission":null,"percentageCommission":4.8}],"trackingLink":"https://tatrck.com/h/0Hu30z9R0rh-","createdAt":"2023-12-13T19:13:19.081Z","updatedAt":"2024-08-21T11:42:48.781Z"},{"merchantId":219903,"name":"hellowater US","imageUri":"https://monetizeamex.com/v3/120x60/d0d58c535a73da75d34b6dfdda388e6f.png","currencyCode":"EUR","defaultDomain":"hellowater.com","domains":["hellowater.com"],"categoryId":4,"description":null,"isActive":true,"countryCodes":["US"],"averageBasketValue":82.84,"averageCommission":4.96,"averageConfirmationTime":19,"averageCancellationRate":null,"minimumCommission":5.62,"maximumCommission":5.62,"commissionRates":[{"fixedCommission":null,"percentageCommission":6}],"trackingLink":"https://tatrck.com/h/0Hu30z9R0rh_","createdAt":"2023-12-13T19:13:19.292Z","updatedAt":"2024-08-21T11:30:28.744Z"},{"merchantId":219905,"name":"Ami Iyok ES","imageUri":"https://monetizeamex.com/v3/120x60/d03c0b26270b6e39f224abcc50d1479b.png","currencyCode":"EUR","defaultDomain":"ami-iyok.com","domains":["ami-iyok.com"],"categoryId":28,"description":null,"isActive":true,"countryCodes":["ES"],"averageBasketValue":48.29,"averageCommission":3.47,"averageConfirmationTime":6,"averageCancellationRate":null,"minimumCommission":6.64,"maximumCommission":6.64,"commissionRates":[],"trackingLink":"https://tatrck.com/h/0Hu30z9R0ri1","createdAt":"2023-12-13T19:13:19.518Z","updatedAt":"2024-09-03T17:09:21.955Z"},{"merchantId":219908,"name":"B Calm Ltd UK","imageUri":"https://monetizeamex.com/v3/120x60/32c3f950671a7c3ca49985663f2ce296.png","currencyCode":"EUR","defaultDomain":"bcalm.co.uk","domains":["bcalm.co.uk"],"categoryId":74,"description":null,"isActive":true,"countryCodes":["GB"],"averageBasketValue":null,"averageCommission":null,"averageConfirmationTime":null,"averageCancellationRate":null,"minimumCommission":null,"maximumCommission":null,"commissionRates":[],"trackingLink":"https://tatrck.com/h/0Hu30z9R0ri4","createdAt":"2023-12-13T19:13:20.279Z","updatedAt":"2024-09-03T17:07:01.984Z"},{"merchantId":219910,"name":"Colourwarehouse UK","imageUri":"https://monetizeamex.com/v3/120x60/c6462190fd529f31d80ffabbb4980256.png","currencyCode":"EUR","defaultDomain":"colourwarehouse.com","domains":["colourwarehouse.com"],"categoryId":28,"description":null,"isActive":true,"countryCodes":[],"averageBasketValue":19.12,"averageCommission":0.8,"averageConfirmationTime":null,"averageCancellationRate":null,"minimumCommission":null,"maximumCommission":null,"commissionRates":[{"fixedCommission":null,"percentageCommission":6},{"fixedCommission":0,"percentageCommission":null},{"fixedCommission":null,"percentageCommission":4.2}],"trackingLink":"https://tatrck.com/h/0Hu30z9R0ri6","createdAt":"2023-12-13T19:13:20.386Z","updatedAt":"2024-09-03T17:08:45.511Z"},{"merchantId":219913,"name":"EPCs, Gas Safety Certificates and Electrical Check UK","imageUri":"https://monetizeamex.com/v3/120x60/9032c303c1c619de27aaadf89610defd.png","currencyCode":"EUR","defaultDomain":"energyperformancecertificates.co.uk","domains":["energyperformancecertificates.co.uk"],"categoryId":50,"description":null,"isActive":true,"countryCodes":["GB"],"averageBasketValue":92.87,"averageCommission":5.56,"averageConfirmationTime":null,"averageCancellationRate":null,"minimumCommission":3.81,"maximumCommission":3.81,"commissionRates":[],"trackingLink":"https://tatrck.com/h/0Hu30z9R0ri9","createdAt":"2023-12-13T19:13:21.194Z","updatedAt":"2024-09-03T17:14:25.939Z"},{"merchantId":219918,"name":"Heat Holders UK","imageUri":"https://monetizeamex.com/v3/120x60/839874a319e4d507524e4d74deeb6807.png","currencyCode":"EUR","defaultDomain":"heatholders.co.uk","domains":["heatholders.co.uk"],"categoryId":40,"description":null,"isActive":true,"countryCodes":["GB"],"averageBasketValue":34.13,"averageCommission":2.04,"averageConfirmationTime":null,"averageCancellationRate":11.1,"minimumCommission":0.51,"maximumCommission":0.51,"commissionRates":[],"trackingLink":"https://tatrck.com/h/0Hu30z9R0riE","createdAt":"2023-12-13T19:13:22.085Z","updatedAt":"2024-09-03T17:13:24.249Z"},{"merchantId":219924,"name":"Medical Travel Compared UK","imageUri":"https://monetizeamex.com/v3/120x60/1fe5bc6c5bdb0e4c21f7629845a32622.png","currencyCode":"EUR","defaultDomain":"medicaltravelcompared.co.uk","domains":["medicaltravelcompared.co.uk"],"categoryId":56,"description":null,"isActive":true,"countryCodes":["GB"],"averageBasketValue":163.47,"averageCommission":9.8,"averageConfirmationTime":15,"averageCancellationRate":6.9,"minimumCommission":0.69,"maximumCommission":67.27,"commissionRates":[],"trackingLink":"https://tatrck.com/h/0Hu30z9R0riK","createdAt":"2023-12-13T19:13:23.775Z","updatedAt":"2024-09-03T17:08:12.985Z"},{"merchantId":219940,"name":"Sportdirect.ca (Canada) CA","imageUri":"https://monetizeamex.com/v3/120x60/6de8ebf1db9d8f9456c30f6b042c786f.png","currencyCode":"EUR","defaultDomain":"sportdirect.ca","domains":["sportdirect.ca"],"categoryId":55,"description":null,"isActive":true,"countryCodes":["CA"],"averageBasketValue":1,"averageCommission":88.74,"averageConfirmationTime":null,"averageCancellationRate":null,"minimumCommission":172.65,"maximumCommission":172.65,"commissionRates":[],"trackingLink":"https://tatrck.com/h/0Hu30z9R0ria","createdAt":"2023-12-13T19:13:27.576Z","updatedAt":"2024-09-03T17:13:30.462Z"},{"merchantId":219941,"name":"Ultimate Travel Club UK","imageUri":"https://monetizeamex.com/v3/120x60/1f6c26d634c63a1e730a80910808a6e4.png","currencyCode":"EUR","defaultDomain":"utc.travel","domains":["utc.travel"],"categoryId":71,"description":null,"isActive":true,"countryCodes":["GB"],"averageBasketValue":null,"averageCommission":null,"averageConfirmationTime":null,"averageCancellationRate":null,"minimumCommission":null,"maximumCommission":null,"commissionRates":[],"trackingLink":"https://tatrck.com/h/0Hu30z9R0rib","createdAt":"2023-12-13T19:13:27.868Z","updatedAt":"2024-09-03T17:04:09.997Z"},{"merchantId":219959,"name":"JustCanvasItUS","imageUri":"https://monetizeamex.com/v3/120x60/81a1e0ab3a6185396fa950502962c689.png","currencyCode":"EUR","defaultDomain":"justcanvasit.com","domains":["justcanvasit.com"],"categoryId":82,"description":null,"isActive":true,"countryCodes":["US"],"averageBasketValue":null,"averageCommission":null,"averageConfirmationTime":null,"averageCancellationRate":null,"minimumCommission":null,"maximumCommission":null,"commissionRates":[],"trackingLink":"https://tatrck.com/h/0Hu30z9R0rit","createdAt":"2023-12-13T19:13:30.077Z","updatedAt":"2024-09-03T17:08:48.169Z"},{"merchantId":219960,"name":"Kudd.ly UK","imageUri":"https://monetizeamex.com/v3/120x60/e51b4bf3c614027345e45c945db59782.png","currencyCode":"EUR","defaultDomain":"kudd.ly","domains":["kudd.ly"],"categoryId":34,"description":null,"isActive":true,"countryCodes":["GB"],"averageBasketValue":68.89,"averageCommission":3.18,"averageConfirmationTime":null,"averageCancellationRate":null,"minimumCommission":0.97,"maximumCommission":5.13,"commissionRates":[],"trackingLink":"https://tatrck.com/h/0Hu30z9R0riu","createdAt":"2023-12-13T19:13:31.668Z","updatedAt":"2024-09-03T17:06:58.756Z"},{"merchantId":219963,"name":"Sonova SE/DK FI","imageUri":"https://monetizeamex.com/v3/120x60/3fede73eca731ce9acb27ed30e575234.png","currencyCode":"EUR","defaultDomain":"audionova.dk","domains":["audionova.dk"],"categoryId":72,"description":null,"isActive":true,"countryCodes":["DK","FI","SE"],"averageBasketValue":null,"averageCommission":null,"averageConfirmationTime":null,"averageCancellationRate":null,"minimumCommission":null,"maximumCommission":null,"commissionRates":[],"trackingLink":"https://tatrck.com/h/0Hu30z9R0rix","createdAt":"2023-12-13T19:13:31.084Z","updatedAt":"2024-09-03T17:09:31.050Z"},{"merchantId":219964,"name":"Stuff Enough NL- BE NL","imageUri":"https://monetizeamex.com/v3/120x60/c7c1dc47a4c07e57ac265ccd9e960ce4.png","currencyCode":"EUR","defaultDomain":"stuffenough.be","domains":["stuffenough.be"],"categoryId":72,"description":null,"isActive":true,"countryCodes":["BE","NL"],"averageBasketValue":108.92,"averageCommission":7.18,"averageConfirmationTime":28,"averageCancellationRate":13.3,"minimumCommission":0.54,"maximumCommission":0.54,"commissionRates":[],"trackingLink":"https://tatrck.com/h/0Hu30z9R0riy","createdAt":"2023-12-13T19:13:31.102Z","updatedAt":"2024-09-03T17:07:58.667Z"},{"merchantId":219976,"name":"DECORAMI DE","imageUri":"https://monetizeamex.com/v3/120x60/1c66f8901efd71f2bc81d604a0e8f904.png","currencyCode":"EUR","defaultDomain":"decorami.de","domains":["decorami.de"],"categoryId":70,"description":null,"isActive":true,"countryCodes":["DE"],"averageBasketValue":37.36,"averageCommission":2.13,"averageConfirmationTime":28,"averageCancellationRate":4.6,"minimumCommission":0.34,"maximumCommission":6.9,"commissionRates":[],"trackingLink":"https://tatrck.com/h/0Hu30z9R0rj8","createdAt":"2023-12-13T19:13:32.882Z","updatedAt":"2024-09-03T17:07:35.586Z"},{"merchantId":219993,"name":"НА СВЯЗИ BY","imageUri":"https://kqdxc4m5.de/logos_v2/120x60/438f1a2bfd41212db9be27c78567b1db.gif","currencyCode":"EUR","defaultDomain":"nsv.by","domains":["nsv.by"],"categoryId":72,"description":null,"isActive":true,"countryCodes":["BY"],"averageBasketValue":269.61,"averageCommission":6.79,"averageConfirmationTime":null,"averageCancellationRate":5.9,"minimumCommission":0.45,"maximumCommission":17.77,"commissionRates":[{"fixedCommission":null,"percentageCommission":1.7999999999999998},{"fixedCommission":null,"percentageCommission":2.52}],"trackingLink":"https://tatrck.com/h/0Hu30z9R0rjP","createdAt":"2023-12-13T19:13:36.566Z","updatedAt":"2024-08-23T05:46:19.488Z"},{"merchantId":219994,"name":"Youneedit PL","imageUri":"https://monetizeamex.com/v3/120x60/70b5e3c1aa38ff5cd8f040f5cbdd3bec.png","currencyCode":"EUR","defaultDomain":"youneedit.pl","domains":["youneedit.pl"],"categoryId":40,"description":null,"isActive":true,"countryCodes":["PL"],"averageBasketValue":557.77,"averageCommission":1.81,"averageConfirmationTime":null,"averageCancellationRate":18.8,"minimumCommission":1.23,"maximumCommission":1.23,"commissionRates":[],"trackingLink":"https://tatrck.com/h/0Hu30z9R0rjQ","createdAt":"2023-12-13T19:13:36.684Z","updatedAt":"2024-09-03T05:51:05.061Z"},{"merchantId":219998,"name":"Moco Museum NL","imageUri":"https://monetizeamex.com/v3/120x60/d9d1a4caf1eb07fc0ab19baf29b18978.png","currencyCode":"EUR","defaultDomain":"mocomuseum.com","domains":["mocomuseum.com"],"categoryId":82,"description":null,"isActive":true,"countryCodes":["GB"],"averageBasketValue":35.76,"averageCommission":2.39,"averageConfirmationTime":18,"averageCancellationRate":null,"minimumCommission":1.26,"maximumCommission":8.35,"commissionRates":[],"trackingLink":"https://tatrck.com/h/0Hu30z9R0rjU","createdAt":"2023-12-13T19:13:37.588Z","updatedAt":"2024-09-03T17:09:21.880Z"},{"merchantId":220000,"name":"Neopulse FR","imageUri":"https://monetizeamex.com/v3/120x60/1a43674a9940a8bc452170f7351171aa.png","currencyCode":"EUR","defaultDomain":"neopulse.fr","domains":["neopulse.fr"],"categoryId":27,"description":null,"isActive":true,"countryCodes":["FR"],"averageBasketValue":65.95,"averageCommission":3.74,"averageConfirmationTime":null,"averageCancellationRate":5.3,"minimumCommission":2.1,"maximumCommission":5.53,"commissionRates":[],"trackingLink":"https://tatrck.com/h/0Hu30z9R0rjW","createdAt":"2023-12-13T19:13:37.868Z","updatedAt":"2024-09-03T17:07:29.264Z"},{"merchantId":220007,"name":"Holford Direct UK","imageUri":"https://kqdxc4m5.de/logos_v2/120x60/0b7a23588786b0dcd9e20dcec70dacf2.gif","currencyCode":"EUR","defaultDomain":"holfordirect.com","domains":["holfordirect.com"],"categoryId":68,"description":null,"isActive":true,"countryCodes":["GB"],"averageBasketValue":null,"averageCommission":null,"averageConfirmationTime":null,"averageCancellationRate":null,"minimumCommission":null,"maximumCommission":null,"commissionRates":[],"trackingLink":"https://tatrck.com/h/0Hu30z9R0rjd","createdAt":"2023-12-13T19:13:38.775Z","updatedAt":"2024-09-03T17:13:21.856Z"},{"merchantId":220011,"name":"Marie Fresh Cosmetics UA","imageUri":"https://kqdxc4m5.de/logos_v2/120x60/dc9d8aecaa9c15c7540f4106f5aaf89f.gif","currencyCode":"EUR","defaultDomain":"mariefreshcosmetics.com","domains":["mariefreshcosmetics.com"],"categoryId":28,"description":null,"isActive":true,"countryCodes":["DM","UA"],"averageBasketValue":31.83,"averageCommission":0.37,"averageConfirmationTime":null,"averageCancellationRate":null,"minimumCommission":null,"maximumCommission":null,"commissionRates":[{"fixedCommission":null,"percentageCommission":7.14},{"fixedCommission":null,"percentageCommission":2.94},{"fixedCommission":null,"percentageCommission":1.2}],"trackingLink":"https://tatrck.com/h/0Hu30z9R0rjh","createdAt":"2023-12-13T19:13:39.583Z","updatedAt":"2024-08-29T15:01:53.917Z"},{"merchantId":220026,"name":"Assu 2000 - Auto FR","imageUri":"https://monetizeamex.com/v3/120x60/16812349f000f0db274ea24441a8f594.png","currencyCode":"EUR","defaultDomain":"assu2000.fr","domains":["assu2000.fr"],"categoryId":56,"description":null,"isActive":true,"countryCodes":["FR"],"averageBasketValue":null,"averageCommission":0.76,"averageConfirmationTime":null,"averageCancellationRate":null,"minimumCommission":27,"maximumCommission":27,"commissionRates":[],"trackingLink":"https://tatrck.com/h/0Hu30z9R0rjw","createdAt":"2023-12-13T19:13:41.679Z","updatedAt":"2024-09-03T05:33:03.496Z"},{"merchantId":220035,"name":"Bollé FR CPA FR","imageUri":"https://monetizeamex.com/v3/120x60/ecddd580ea6b2e4c048833fb0c9ef7bd.png","currencyCode":"EUR","defaultDomain":"bolle.com","domains":["bolle.com"],"categoryId":40,"description":null,"isActive":true,"countryCodes":["US"],"averageBasketValue":140.61,"averageCommission":3.97,"averageConfirmationTime":null,"averageCancellationRate":null,"minimumCommission":6.23,"maximumCommission":6.23,"commissionRates":[{"fixedCommission":null,"percentageCommission":3.84}],"trackingLink":"https://tatrck.com/h/0Hu30z9R0rk3","createdAt":"2023-12-13T19:13:45.095Z","updatedAt":"2024-08-27T05:54:04.143Z"},{"merchantId":220043,"name":"E Liquide CBD FR","imageUri":"https://monetizeamex.com/v3/120x60/f5dd0a4d3f75063e7bf90e2320183e25.png","currencyCode":"EUR","defaultDomain":"e-liquide-cbd.info","domains":["e-liquide-cbd.info"],"categoryId":28,"description":null,"isActive":true,"countryCodes":["FR"],"averageBasketValue":null,"averageCommission":null,"averageConfirmationTime":null,"averageCancellationRate":null,"minimumCommission":null,"maximumCommission":null,"commissionRates":[],"trackingLink":"https://tatrck.com/h/0Hu30z9R0rkB","createdAt":"2023-12-13T19:13:46.179Z","updatedAt":"2024-08-22T11:06:06.917Z"},{"merchantId":220051,"name":"Franssen-Loisirs FR","imageUri":"https://monetizeamex.com/v3/120x60/c65fafcd6bb40147e6587d122de3fd2c.png","currencyCode":"EUR","defaultDomain":"franssen-loisirs.fr","domains":["franssen-loisirs.fr"],"categoryId":3,"description":null,"isActive":true,"countryCodes":["FR"],"averageBasketValue":null,"averageCommission":11.5,"averageConfirmationTime":null,"averageCancellationRate":null,"minimumCommission":9.83,"maximumCommission":9.83,"commissionRates":[],"trackingLink":"https://tatrck.com/h/0Hu30z9R0rkJ","createdAt":"2023-12-13T19:13:47.204Z","updatedAt":"2024-08-22T11:06:04.958Z"},{"merchantId":220053,"name":"Guard Industrie CPA FR","imageUri":"https://kqdxc4m5.de/logos_v2/120x60/b84507ce174ae3272112c9cd58bbbbb5.gif","currencyCode":"EUR","defaultDomain":"guardindustrie.com","domains":["guardindustrie.com"],"categoryId":72,"description":null,"isActive":true,"countryCodes":["FR"],"averageBasketValue":null,"averageCommission":3.78,"averageConfirmationTime":null,"averageCancellationRate":null,"minimumCommission":1.89,"maximumCommission":14.22,"commissionRates":[],"trackingLink":"https://tatrck.com/h/0Hu30z9R0rkL","createdAt":"2023-12-13T19:13:47.672Z","updatedAt":"2024-08-30T05:36:08.615Z"},{"merchantId":220058,"name":"Jacquie & Michel Store FR","imageUri":"https://monetizeamex.com/v3/120x60/57514e80ba4130391c45d3955b570d94.png","currencyCode":"EUR","defaultDomain":"jacquieetmichelstore.com","domains":["jacquieetmichelstore.com"],"categoryId":60,"description":null,"isActive":true,"countryCodes":["FR"],"averageBasketValue":null,"averageCommission":1.56,"averageConfirmationTime":null,"averageCancellationRate":null,"minimumCommission":1.09,"maximumCommission":1.68,"commissionRates":[],"trackingLink":"https://tatrck.com/h/0Hu30z9R0rkQ","createdAt":"2023-12-13T19:13:49.085Z","updatedAt":"2024-09-03T05:33:05.500Z"},{"merchantId":220059,"name":"La Belle Vie CPA","imageUri":"https://monetizeamex.com/v3/120x60/8f895cfeaa1dbd266eb47df5e4342170.png","currencyCode":"EUR","defaultDomain":"labellevie.com","domains":["labellevie.com"],"categoryId":13,"description":null,"isActive":true,"countryCodes":["FR"],"averageBasketValue":null,"averageCommission":2.22,"averageConfirmationTime":null,"averageCancellationRate":null,"minimumCommission":0.03,"maximumCommission":8.23,"commissionRates":[],"trackingLink":"https://tatrck.com/h/0Hu30z9R0rkR","createdAt":"2023-12-13T19:13:49.104Z","updatedAt":"2024-09-01T05:33:05.601Z"},{"merchantId":220060,"name":"Lance24h BR","imageUri":"https://monetizeamex.com/v3/120x60/ef2bb0b150f60590bae7c6180335c3da.png","currencyCode":"EUR","defaultDomain":"lance24h.com.br","domains":["lance24h.com.br"],"categoryId":21,"description":null,"isActive":true,"countryCodes":["BR"],"averageBasketValue":26.1,"averageCommission":1.33,"averageConfirmationTime":null,"averageCancellationRate":null,"minimumCommission":2.66,"maximumCommission":2.66,"commissionRates":[{"fixedCommission":null,"percentageCommission":4.62}],"trackingLink":"https://tatrck.com/h/0Hu30z9R0rkS","createdAt":"2023-12-13T19:13:49.678Z","updatedAt":"2024-08-21T11:41:33.561Z"},{"merchantId":220061,"name":"Laudate - CPA FR","imageUri":"https://monetizeamex.com/v3/120x60/881f756b607f67eb102dcb65c03dea5c.png","currencyCode":"EUR","defaultDomain":"laudate.fr","domains":["laudate.fr"],"categoryId":73,"description":null,"isActive":true,"countryCodes":["FR"],"averageBasketValue":254.17,"averageCommission":13.72,"averageConfirmationTime":28,"averageCancellationRate":null,"minimumCommission":null,"maximumCommission":null,"commissionRates":[],"trackingLink":"https://tatrck.com/h/0Hu30z9R0rkT","createdAt":"2023-12-13T19:13:51.469Z","updatedAt":"2024-09-03T17:14:56.843Z"},{"merchantId":220063,"name":"Le Site de La Pièce FR","imageUri":"https://monetizeamex.com/v3/120x60/30efe7ec05c16a42204248a5bd991e35.png","currencyCode":"EUR","defaultDomain":"lesitedelapiece.com","domains":["lesitedelapiece.com"],"categoryId":72,"description":null,"isActive":true,"countryCodes":["FR"],"averageBasketValue":null,"averageCommission":1.03,"averageConfirmationTime":4,"averageCancellationRate":1.7,"minimumCommission":0.03,"maximumCommission":3.5,"commissionRates":[],"trackingLink":"https://tatrck.com/h/0Hu30z9R0rkV","createdAt":"2023-12-13T19:13:50.366Z","updatedAt":"2024-09-03T05:47:14.362Z"},{"merchantId":220073,"name":"Nature et CBD FR","imageUri":"https://monetizeamex.com/v3/120x60/7a5ab3f153c5fcdf03be59accbd7dca9.png","currencyCode":"EUR","defaultDomain":"nature-et-cbd.com","domains":["nature-et-cbd.com"],"categoryId":28,"description":null,"isActive":true,"countryCodes":["FR"],"averageBasketValue":null,"averageCommission":0.36,"averageConfirmationTime":null,"averageCancellationRate":null,"minimumCommission":null,"maximumCommission":null,"commissionRates":[],"trackingLink":"https://tatrck.com/h/0Hu30z9R0rkf","createdAt":"2023-12-13T19:13:52.472Z","updatedAt":"2024-08-22T11:06:12.010Z"},{"merchantId":220079,"name":"Puravida BR","imageUri":"https://monetizeamex.com/v3/120x60/788db65326d7a146d249852a2efccc7d.png","currencyCode":"EUR","defaultDomain":"puravida.com.br","domains":["puravida.com.br"],"categoryId":35,"description":null,"isActive":true,"countryCodes":["BR"],"averageBasketValue":59.75,"averageCommission":2.75,"averageConfirmationTime":null,"averageCancellationRate":null,"minimumCommission":0.37,"maximumCommission":7.71,"commissionRates":[{"fixedCommission":null,"percentageCommission":4.614}],"trackingLink":"https://tatrck.com/h/0Hu30z9R0rkl","createdAt":"2023-12-13T19:13:54.066Z","updatedAt":"2024-08-30T05:57:29.800Z"},{"merchantId":220081,"name":"Seko FR","imageUri":"https://kqdxc4m5.de/logos_v2/120x60/87ac287ca469e85ec81cae7fe61bdf1e.gif","currencyCode":"EUR","defaultDomain":"seko-humidite.com","domains":["seko-humidite.com"],"categoryId":74,"description":null,"isActive":true,"countryCodes":["FR"],"averageBasketValue":null,"averageCommission":2.68,"averageConfirmationTime":null,"averageCancellationRate":null,"minimumCommission":3.02,"maximumCommission":3.02,"commissionRates":[],"trackingLink":"https://tatrck.com/h/0Hu30z9R0rkn","createdAt":"2023-12-13T19:13:54.683Z","updatedAt":"2024-08-22T11:06:06.880Z"},{"merchantId":220097,"name":"Everton Online Store","imageUri":"https://monetizeamex.com/v3/120x60/321a4b1cc5ffe62b2c91c0ede2e27355.png","currencyCode":"EUR","defaultDomain":"evertondirect.evertonfc.com","domains":["evertondirect.evertonfc.com"],"categoryId":55,"description":null,"isActive":true,"countryCodes":["GB"],"averageBasketValue":48.15,"averageCommission":0.57,"averageConfirmationTime":58,"averageCancellationRate":null,"minimumCommission":0.26,"maximumCommission":2.62,"commissionRates":[],"trackingLink":"https://tatrck.com/h/0Hu30z9R0rl1","createdAt":"2023-12-13T19:13:57.584Z","updatedAt":"2024-08-31T05:29:08.972Z"},{"merchantId":220099,"name":"British & Irish Lions","imageUri":"https://monetizeamex.com/v3/120x60/3e07c6a193bd44cecf4b7e543281cb37.png","currencyCode":"EUR","defaultDomain":"store.lionsrugby.com","domains":["store.lionsrugby.com"],"categoryId":55,"description":null,"isActive":true,"countryCodes":["GB"],"averageBasketValue":null,"averageCommission":null,"averageConfirmationTime":null,"averageCancellationRate":null,"minimumCommission":null,"maximumCommission":null,"commissionRates":[],"trackingLink":"https://tatrck.com/h/0Hu30z9R0rl3","createdAt":"2023-12-13T19:13:57.578Z","updatedAt":"2024-08-15T09:12:06.713Z"},{"merchantId":220104,"name":"Kiehls UAE","imageUri":"https://monetizeamex.com/v3/120x60/93e7db41f84e313df60195979b237bf9.png","currencyCode":"EUR","defaultDomain":"kiehls.ae","domains":["kiehls.ae"],"categoryId":28,"description":null,"isActive":true,"countryCodes":["UA"],"averageBasketValue":48.25,"averageCommission":1.62,"averageConfirmationTime":2,"averageCancellationRate":5.4,"minimumCommission":1.98,"maximumCommission":6.78,"commissionRates":[],"trackingLink":"https://tatrck.com/h/0Hu30z9R0rl8","createdAt":"2023-12-13T19:13:58.586Z","updatedAt":"2024-08-31T05:56:01.405Z"},{"merchantId":220108,"name":"Colchones y camas What the Sleep! ES","imageUri":"https://monetizeamex.com/v3/120x60/c35f2d250881480f53cc0a5872fe7ea5.png","currencyCode":"EUR","defaultDomain":"whatthesleep.shop","domains":["whatthesleep.shop"],"categoryId":74,"description":null,"isActive":true,"countryCodes":["ES"],"averageBasketValue":286.5,"averageCommission":10.31,"averageConfirmationTime":null,"averageCancellationRate":null,"minimumCommission":8.75,"maximumCommission":8.75,"commissionRates":[],"trackingLink":"https://tatrck.com/h/0Hu30z9R0rlC","createdAt":"2023-12-13T19:14:00.452Z","updatedAt":"2024-09-03T17:08:34.164Z"},{"merchantId":220126,"name":"STRAFFR DE","imageUri":"https://monetizeamex.com/v3/120x60/22f9c354569e20b5ff671fda3cea394d.png","currencyCode":"EUR","defaultDomain":"straffr.com","domains":["straffr.com"],"categoryId":68,"description":null,"isActive":true,"countryCodes":["DE"],"averageBasketValue":null,"averageCommission":null,"averageConfirmationTime":null,"averageCancellationRate":null,"minimumCommission":null,"maximumCommission":null,"commissionRates":[],"trackingLink":"https://tatrck.com/h/0Hu30z9R0rlU","createdAt":"2023-12-13T19:14:03.489Z","updatedAt":"2024-09-03T17:07:48.798Z"},{"merchantId":220127,"name":"ARMRA US","imageUri":"https://monetizeamex.com/v3/120x60/f33d223e5aaedd68c92fdeec125da56c.png","currencyCode":"EUR","defaultDomain":"tryarmra.com","domains":["tryarmra.com"],"categoryId":68,"description":null,"isActive":true,"countryCodes":["US"],"averageBasketValue":91.52,"averageCommission":0.34,"averageConfirmationTime":null,"averageCancellationRate":null,"minimumCommission":0.34,"maximumCommission":0.36,"commissionRates":[],"trackingLink":"https://tatrck.com/h/0Hu30z9R0rlV","createdAt":"2023-12-13T19:14:03.978Z","updatedAt":"2024-09-02T05:47:13.823Z"},{"merchantId":220132,"name":"Deux Mains LLC US","imageUri":"https://monetizeamex.com/v3/120x60/6a7fccd3b3768951929158fc28c3b899.png","currencyCode":"EUR","defaultDomain":"deuxmains.com","domains":["deuxmains.com"],"categoryId":40,"description":null,"isActive":true,"countryCodes":["US"],"averageBasketValue":null,"averageCommission":null,"averageConfirmationTime":null,"averageCancellationRate":null,"minimumCommission":null,"maximumCommission":null,"commissionRates":[{"fixedCommission":null,"percentageCommission":3}],"trackingLink":"https://tatrck.com/h/0Hu30z9R0rla","createdAt":"2023-12-13T19:14:05.483Z","updatedAt":"2024-08-21T11:29:45.808Z"},{"merchantId":220134,"name":"Good Ranchers US","imageUri":"https://monetizeamex.com/v3/120x60/fe0cf061ce3ce7ae30bd641fc9323c07.png","currencyCode":"EUR","defaultDomain":"goodranchers.com","domains":["goodranchers.com"],"categoryId":14,"description":null,"isActive":true,"countryCodes":["US"],"averageBasketValue":180.49,"averageCommission":3.24,"averageConfirmationTime":1,"averageCancellationRate":null,"minimumCommission":2.6,"maximumCommission":2.6,"commissionRates":[{"fixedCommission":null,"percentageCommission":1.7999999999999998}],"trackingLink":"https://tatrck.com/h/0Hu30z9R0rlc","createdAt":"2023-12-13T19:14:05.581Z","updatedAt":"2024-08-21T11:31:14.308Z"},{"merchantId":220136,"name":"IMPRESSWIT LIMITED US","imageUri":"https://kqdxc4m5.de/logos_v2/120x60/88ec96b1c4d441b65bc16cff32277308.gif","currencyCode":"EUR","defaultDomain":"incerunmen.com","domains":["incerunmen.com"],"categoryId":40,"description":"INCERUNMEN is a fast fashion website at Mens Clothing, including Clothing, Shoes, Underwear, etc. Our team of professional buyers identify all the latest fashion trends each year and examine every design detail of product. To ensure the beauty and comfort of the product, we work with emerging designers and brands worldwide, and present they design of creative on incerunmen.com","isActive":true,"countryCodes":["US"],"averageBasketValue":67.18,"averageCommission":5.28,"averageConfirmationTime":5,"averageCancellationRate":null,"minimumCommission":null,"maximumCommission":null,"commissionRates":[{"fixedCommission":null,"percentageCommission":6}],"trackingLink":"https://tatrck.com/h/0Hu30z9R0rle","createdAt":"2023-12-13T19:14:05.978Z","updatedAt":"2024-08-21T11:44:17.866Z"},{"merchantId":220138,"name":"LogOX US","imageUri":"https://monetizeamex.com/v3/120x60/3c7884499a1262890ec6304d297e93c9.png","currencyCode":"EUR","defaultDomain":"thelogox.com","domains":["thelogox.com"],"categoryId":75,"description":null,"isActive":true,"countryCodes":["US"],"averageBasketValue":194.86,"averageCommission":9.31,"averageConfirmationTime":null,"averageCancellationRate":null,"minimumCommission":6.95,"maximumCommission":14.33,"commissionRates":[{"fixedCommission":null,"percentageCommission":4.8}],"trackingLink":"https://tatrck.com/h/0Hu30z9R0rlg","createdAt":"2023-12-13T19:14:06.674Z","updatedAt":"2024-08-21T11:41:19.740Z"},{"merchantId":220140,"name":"Prospect Farms US","imageUri":"https://monetizeamex.com/v3/120x60/891aabee4b9af9ffc4cdeee8875ba9ed.png","currencyCode":"EUR","defaultDomain":"prospectfarms.com","domains":["prospectfarms.com"],"categoryId":28,"description":null,"isActive":true,"countryCodes":["US"],"averageBasketValue":null,"averageCommission":null,"averageConfirmationTime":null,"averageCancellationRate":null,"minimumCommission":null,"maximumCommission":null,"commissionRates":[{"fixedCommission":null,"percentageCommission":1.7999999999999998}],"trackingLink":"https://tatrck.com/h/0Hu30z9R0rli","createdAt":"2023-12-13T19:14:08.471Z","updatedAt":"2024-08-21T11:28:56.294Z"},{"merchantId":220147,"name":"Opera","imageUri":"https://monetizeamex.com/v3/120x60/bad76f4d88fa72a01213c824e7ac0b77.png","currencyCode":"EUR","defaultDomain":"opera.com","domains":["opera.com"],"categoryId":37,"description":null,"isActive":true,"countryCodes":[],"averageBasketValue":0.04,"averageCommission":0.7,"averageConfirmationTime":48,"averageCancellationRate":null,"minimumCommission":0.08,"maximumCommission":2.29,"commissionRates":[{"fixedCommission":0.1,"percentageCommission":null},{"fixedCommission":1.11,"percentageCommission":null},{"fixedCommission":2.66,"percentageCommission":null},{"fixedCommission":0.22,"percentageCommission":null},{"fixedCommission":1.33,"percentageCommission":null},{"fixedCommission":0.44,"percentageCommission":null},{"fixedCommission":0.88,"percentageCommission":null},{"fixedCommission":2.44,"percentageCommission":null},{"fixedCommission":0.66,"percentageCommission":null},{"fixedCommission":1.44,"percentageCommission":null},{"fixedCommission":1.77,"percentageCommission":null},{"fixedCommission":0.35,"percentageCommission":null},{"fixedCommission":0.33,"percentageCommission":null},{"fixedCommission":2.33,"percentageCommission":null}],"trackingLink":"https://tatrck.com/h/0Hu30z9R0rlp","createdAt":"2023-12-13T19:14:08.787Z","updatedAt":"2024-09-03T17:04:48.185Z"},{"merchantId":220173,"name":"Asianfoodlovers BE","imageUri":"https://monetizeamex.com/v3/120x60/d8d1ae009889f57ee9d904eaa42afa64.png","currencyCode":"EUR","defaultDomain":"asianfoodlovers.be","domains":["asianfoodlovers.be"],"categoryId":21,"description":null,"isActive":true,"countryCodes":["BE"],"averageBasketValue":null,"averageCommission":null,"averageConfirmationTime":null,"averageCancellationRate":null,"minimumCommission":null,"maximumCommission":null,"commissionRates":[],"trackingLink":"https://tatrck.com/h/0Hu30z9R0rmD","createdAt":"2023-12-13T19:14:13.071Z","updatedAt":"2024-09-03T17:09:23.573Z"},{"merchantId":220193,"name":"8wines.com AT","imageUri":"https://monetizeamex.com/v3/120x60/be2624474fcab470aab23f1599fd331c.png","currencyCode":"EUR","defaultDomain":"8wines.com","domains":["8wines.com"],"categoryId":50,"description":null,"isActive":true,"countryCodes":["PL","AT"],"averageBasketValue":null,"averageCommission":null,"averageConfirmationTime":null,"averageCancellationRate":null,"minimumCommission":null,"maximumCommission":null,"commissionRates":[],"trackingLink":"https://tatrck.com/h/0Hu30z9R0rmX","createdAt":"2023-12-13T19:14:15.788Z","updatedAt":"2024-09-03T17:07:30.161Z"},{"merchantId":220197,"name":"8wines.de DE","imageUri":"https://monetizeamex.com/v3/120x60/09c35eaab557f370a5f88b61aa91f169.png","currencyCode":"EUR","defaultDomain":"8wines.de","domains":["8wines.de"],"categoryId":4,"description":null,"isActive":true,"countryCodes":["DE","DK"],"averageBasketValue":220.76,"averageCommission":9.66,"averageConfirmationTime":4,"averageCancellationRate":null,"minimumCommission":0.45,"maximumCommission":21.49,"commissionRates":[],"trackingLink":"https://tatrck.com/h/0Hu30z9R0rmb","createdAt":"2023-12-13T19:14:15.980Z","updatedAt":"2024-09-03T17:08:48.282Z"},{"merchantId":220218,"name":"boombrush.com NL","imageUri":"https://monetizeamex.com/v3/120x60/154ff8fb56b10db9604fb87e1abbfd8a.png","currencyCode":"EUR","defaultDomain":"boombrush.com","domains":["boombrush.com"],"categoryId":35,"description":null,"isActive":true,"countryCodes":["DE","NL"],"averageBasketValue":73.76,"averageCommission":2.97,"averageConfirmationTime":2,"averageCancellationRate":8.1,"minimumCommission":2.39,"maximumCommission":4.44,"commissionRates":[],"trackingLink":"https://tatrck.com/h/0Hu30z9R0rmw","createdAt":"2023-12-13T19:14:20.388Z","updatedAt":"2024-08-26T09:01:31.960Z"},{"merchantId":220222,"name":"cellavent.de DE","imageUri":"https://monetizeamex.com/v3/120x60/24c9473bd01cbc7679901754dea480cc.png","currencyCode":"EUR","defaultDomain":"cellavent.de","domains":["cellavent.de"],"categoryId":50,"description":null,"isActive":true,"countryCodes":["DE"],"averageBasketValue":69.32,"averageCommission":1.42,"averageConfirmationTime":null,"averageCancellationRate":null,"minimumCommission":null,"maximumCommission":null,"commissionRates":[],"trackingLink":"https://tatrck.com/h/0Hu30z9R0rm-","createdAt":"2023-12-13T19:14:21.375Z","updatedAt":"2024-09-03T17:08:02.511Z"},{"merchantId":220260,"name":"gartentraum.de DE","imageUri":"https://monetizeamex.com/v3/120x60/990e720a96125a111e762e93e03c4ed0.png","currencyCode":"EUR","defaultDomain":"gartentraum.de","domains":["gartentraum.de"],"categoryId":74,"description":null,"isActive":true,"countryCodes":["DE"],"averageBasketValue":null,"averageCommission":null,"averageConfirmationTime":null,"averageCancellationRate":null,"minimumCommission":null,"maximumCommission":null,"commissionRates":[],"trackingLink":"https://tatrck.com/h/0Hu30z9R0rna","createdAt":"2023-12-13T19:14:25.672Z","updatedAt":"2024-09-03T17:09:29.487Z"},{"merchantId":220364,"name":"sportstylestory.com PL","imageUri":"https://monetizeamex.com/v3/120x60/ca5731d63e4236ea80d0a90dee6ba670.png","currencyCode":"EUR","defaultDomain":"sportstylestory.com","domains":["sportstylestory.com"],"categoryId":55,"description":null,"isActive":true,"countryCodes":["PL"],"averageBasketValue":63.76,"averageCommission":2.38,"averageConfirmationTime":58,"averageCancellationRate":1.4,"minimumCommission":0.09,"maximumCommission":20.23,"commissionRates":[{"fixedCommission":null,"percentageCommission":1.7999999999999998},{"fixedCommission":null,"percentageCommission":4.8},{"fixedCommission":null,"percentageCommission":2.4},{"fixedCommission":null,"percentageCommission":3.5999999999999996}],"trackingLink":"https://tatrck.com/h/0Hu30z9R0rpC","createdAt":"2023-12-13T19:14:40.683Z","updatedAt":"2024-09-03T05:43:44.036Z"},{"merchantId":220374,"name":"teeshoppen.dk DK","imageUri":"https://kqdxc4m5.de/logos_v2/120x60/500dc59d580748dcb5d61e5ae4711b4c.gif","currencyCode":"EUR","defaultDomain":"teeshoppen.dk","domains":["teeshoppen.dk"],"categoryId":40,"description":null,"isActive":true,"countryCodes":["DK"],"averageBasketValue":45.16,"averageCommission":2.56,"averageConfirmationTime":null,"averageCancellationRate":42.6,"minimumCommission":3.85,"maximumCommission":3.85,"commissionRates":[],"trackingLink":"https://tatrck.com/h/0Hu30z9R0rpM","createdAt":"2023-12-13T19:14:42.875Z","updatedAt":"2024-09-03T05:52:11.055Z"},{"merchantId":220407,"name":"my urban wardrobe UK","imageUri":"https://monetizeamex.com/v3/120x60/362b396972e7d6cc5326bc4e0fb6cc03.png","currencyCode":"EUR","defaultDomain":"myurbanwardrobe.com","domains":["myurbanwardrobe.com"],"categoryId":40,"description":null,"isActive":true,"countryCodes":["GB"],"averageBasketValue":null,"averageCommission":null,"averageConfirmationTime":null,"averageCancellationRate":null,"minimumCommission":null,"maximumCommission":null,"commissionRates":[{"fixedCommission":null,"percentageCommission":4.2}],"trackingLink":"https://tatrck.com/h/0Hu30z9R0rpt","createdAt":"2023-12-13T19:14:51.165Z","updatedAt":"2024-08-21T11:34:22.477Z"},{"merchantId":220412,"name":"VIB VN CPQL VN","imageUri":"https://monetizeamex.com/v3/120x60/aa2b08965b9ecdbe613be14aa791d729.png","currencyCode":"EUR","defaultDomain":"vib.com.vn","domains":["vib.com.vn"],"categoryId":29,"description":null,"isActive":true,"countryCodes":["VN"],"averageBasketValue":null,"averageCommission":null,"averageConfirmationTime":null,"averageCancellationRate":null,"minimumCommission":null,"maximumCommission":null,"commissionRates":[],"trackingLink":"https://tatrck.com/h/0Hu30z9R0rpy","createdAt":"2023-12-13T19:14:50.191Z","updatedAt":"2024-08-15T09:12:20.712Z"},{"merchantId":220567,"name":"Affordable Mac UK","imageUri":"https://monetizeamex.com/v3/120x60/eb770c7e89dbfbf428d3a6ffb34d2c46.png","currencyCode":"EUR","defaultDomain":"affordablemac.co.uk","domains":["affordablemac.co.uk"],"categoryId":72,"description":null,"isActive":true,"countryCodes":["GB"],"averageBasketValue":null,"averageCommission":null,"averageConfirmationTime":null,"averageCancellationRate":null,"minimumCommission":null,"maximumCommission":null,"commissionRates":[],"trackingLink":"https://tatrck.com/h/0Hu30z9R0rsN","createdAt":"2023-12-13T19:14:52.968Z","updatedAt":"2024-09-03T17:08:36.673Z"},{"merchantId":220568,"name":"Cazaar Fancy Dress UK","imageUri":"https://monetizeamex.com/v3/120x60/5ec7e99989b14049f694e95abee56796.png","currencyCode":"EUR","defaultDomain":"cazaar.co.uk","domains":["cazaar.co.uk"],"categoryId":50,"description":null,"isActive":true,"countryCodes":["GB"],"averageBasketValue":87.12,"averageCommission":1.56,"averageConfirmationTime":null,"averageCancellationRate":null,"minimumCommission":0.99,"maximumCommission":4.13,"commissionRates":[],"trackingLink":"https://tatrck.com/h/0Hu30z9R0rsO","createdAt":"2023-12-13T19:14:55.871Z","updatedAt":"2024-09-03T17:08:07.583Z"},{"merchantId":220570,"name":"Hanfgefluester DE","imageUri":"https://monetizeamex.com/v3/120x60/e64d968f4fc2b7e7592361a118fca47e.png","currencyCode":"EUR","defaultDomain":"hanfgefluester.de","domains":["hanfgefluester.de"],"categoryId":28,"description":null,"isActive":true,"countryCodes":["DE"],"averageBasketValue":79.24,"averageCommission":5.58,"averageConfirmationTime":58,"averageCancellationRate":null,"minimumCommission":3.6,"maximumCommission":6,"commissionRates":[],"trackingLink":"https://tatrck.com/h/0Hu30z9R0rsQ","createdAt":"2023-12-13T19:14:54.166Z","updatedAt":"2024-09-03T17:07:12.979Z"},{"merchantId":220581,"name":"FUSSLIS & BOXXIS DE","imageUri":"https://kqdxc4m5.de/logos_v2/120x60/10382628b1e1fc3d5b1904f8976b5632.gif","currencyCode":"EUR","defaultDomain":"fusslis.com","domains":["fusslis.com"],"categoryId":40,"description":null,"isActive":true,"countryCodes":["DE"],"averageBasketValue":38.99,"averageCommission":1.63,"averageConfirmationTime":null,"averageCancellationRate":null,"minimumCommission":2.1,"maximumCommission":2.1,"commissionRates":[{"fixedCommission":null,"percentageCommission":4.2}],"trackingLink":"https://tatrck.com/h/0Hu30z9R0rsb","createdAt":"2023-12-13T19:14:56.275Z","updatedAt":"2024-09-02T05:50:31.072Z"},{"merchantId":220593,"name":"Ruedesmille IT","imageUri":"https://kqdxc4m5.de/logos_v2/120x60/cda62264882671d7d4001d83e6312e66.gif","currencyCode":"EUR","defaultDomain":"ruedesmille.com","domains":["ruedesmille.com"],"categoryId":73,"description":null,"isActive":true,"countryCodes":["IT"],"averageBasketValue":null,"averageCommission":null,"averageConfirmationTime":null,"averageCancellationRate":null,"minimumCommission":null,"maximumCommission":null,"commissionRates":[],"trackingLink":"https://tatrck.com/h/0Hu30z9R0rsn","createdAt":"2023-12-13T19:14:57.968Z","updatedAt":"2024-08-21T11:32:46.214Z"},{"merchantId":220599,"name":"Woolrich IT","imageUri":"https://kqdxc4m5.de/logos_v2/120x60/4baac6d5fb6dfd101af7909f1b6f3c8b.gif","currencyCode":"EUR","defaultDomain":"woolrich.com","domains":["woolrich.com"],"categoryId":40,"description":null,"isActive":true,"countryCodes":["IT","NL"],"averageBasketValue":331.15,"averageCommission":13.32,"averageConfirmationTime":null,"averageCancellationRate":null,"minimumCommission":1.44,"maximumCommission":42.2,"commissionRates":[{"fixedCommission":null,"percentageCommission":4.68},{"fixedCommission":null,"percentageCommission":3.5999999999999996}],"trackingLink":"https://tatrck.com/h/0Hu30z9R0rst","createdAt":"2023-12-13T19:14:58.383Z","updatedAt":"2024-09-03T05:52:45.024Z"},{"merchantId":220610,"name":"Go2AfricaUS","imageUri":"https://monetizeamex.com/v3/120x60/a2a31bf2a6164ab469d44b695f434737.png","currencyCode":"EUR","defaultDomain":"go2africa.com","domains":["go2africa.com"],"categoryId":63,"description":null,"isActive":true,"countryCodes":["US"],"averageBasketValue":null,"averageCommission":2.56,"averageConfirmationTime":16,"averageCancellationRate":null,"minimumCommission":2.46,"maximumCommission":2.46,"commissionRates":[],"trackingLink":"https://tatrck.com/h/0Hu30z9R0rt2","createdAt":"2023-12-13T19:15:00.564Z","updatedAt":"2024-09-03T17:05:44.836Z"},{"merchantId":220615,"name":"Detheebaron.nl NL","imageUri":"https://kqdxc4m5.de/logos_v2/120x60/98bd5fec301e49d3fded46b26efdeb8e.gif","currencyCode":"EUR","defaultDomain":"detheebaron.nl","domains":["detheebaron.nl"],"categoryId":77,"description":null,"isActive":true,"countryCodes":["NL"],"averageBasketValue":277.43,"averageCommission":13.18,"averageConfirmationTime":37,"averageCancellationRate":null,"minimumCommission":34.68,"maximumCommission":34.68,"commissionRates":[],"trackingLink":"https://tatrck.com/h/0Hu30z9R0rt7","createdAt":"2023-12-13T19:15:02.572Z","updatedAt":"2024-08-31T06:02:01.797Z"},{"merchantId":220616,"name":"Hapjescateraar.nl NL","imageUri":"https://kqdxc4m5.de/logos_v2/120x60/9a21ac31c5dc3c63ee364315eb450d3b.gif","currencyCode":"EUR","defaultDomain":"hapjescateraar.nl","domains":["hapjescateraar.nl"],"categoryId":14,"description":null,"isActive":true,"countryCodes":["NL"],"averageBasketValue":229,"averageCommission":6.1,"averageConfirmationTime":28,"averageCancellationRate":null,"minimumCommission":null,"maximumCommission":null,"commissionRates":[],"trackingLink":"https://tatrck.com/h/0Hu30z9R0rt8","createdAt":"2023-12-13T19:15:02.747Z","updatedAt":"2024-08-21T11:31:40.409Z"},{"merchantId":220619,"name":"Refurbishedlaptopxl.nl NL","imageUri":"https://kqdxc4m5.de/logos_v2/120x60/8a8893a5fea1e0299d0a64a71e29fe47.gif","currencyCode":"EUR","defaultDomain":"refurbishedlaptopxl.nl","domains":["refurbishedlaptopxl.nl"],"categoryId":72,"description":null,"isActive":true,"countryCodes":["NL"],"averageBasketValue":null,"averageCommission":null,"averageConfirmationTime":null,"averageCancellationRate":null,"minimumCommission":null,"maximumCommission":null,"commissionRates":[],"trackingLink":"https://tatrck.com/h/0Hu30z9R0rtB","createdAt":"2023-12-13T19:15:05.283Z","updatedAt":"2024-08-21T11:34:39.573Z"},{"merchantId":220620,"name":"Spiritueelboek.nl NL","imageUri":"https://kqdxc4m5.de/logos_v2/120x60/7a304c857fdd9bf9b6f52afca541987f.gif","currencyCode":"EUR","defaultDomain":"spiritueelboek.nl","domains":["spiritueelboek.nl"],"categoryId":26,"description":null,"isActive":true,"countryCodes":["NL"],"averageBasketValue":12.94,"averageCommission":0.81,"averageConfirmationTime":2,"averageCancellationRate":null,"minimumCommission":1.03,"maximumCommission":1.93,"commissionRates":[],"trackingLink":"https://tatrck.com/h/0Hu30z9R0rtC","createdAt":"2023-12-13T19:15:03.649Z","updatedAt":"2024-09-01T05:33:10.303Z"},{"merchantId":220622,"name":"Zelfranken.nl NL","imageUri":"https://kqdxc4m5.de/logos_v2/120x60/85478a0fe63ec1ba85ac63b75803afa6.gif","currencyCode":"EUR","defaultDomain":"zelfranken.nl","domains":["zelfranken.nl"],"categoryId":80,"description":null,"isActive":true,"countryCodes":["NL"],"averageBasketValue":null,"averageCommission":null,"averageConfirmationTime":null,"averageCancellationRate":null,"minimumCommission":null,"maximumCommission":null,"commissionRates":[],"trackingLink":"https://tatrck.com/h/0Hu30z9R0rtE","createdAt":"2023-12-13T19:15:04.245Z","updatedAt":"2024-08-21T11:36:55.931Z"},{"merchantId":220640,"name":"4Walls Escape DE","imageUri":"https://monetizeamex.com/v3/120x60/239c9914149e3f18f71a486b67bec205.png","currencyCode":"EUR","defaultDomain":"4walls-escape.de","domains":["4walls-escape.de"],"categoryId":53,"description":null,"isActive":true,"countryCodes":["DE"],"averageBasketValue":11.6,"averageCommission":1.09,"averageConfirmationTime":null,"averageCancellationRate":null,"minimumCommission":1.51,"maximumCommission":1.51,"commissionRates":[],"trackingLink":"https://tatrck.com/h/0Hu30z9R0rtW","createdAt":"2023-12-13T19:15:07.369Z","updatedAt":"2024-09-03T17:09:33.569Z"},{"merchantId":220646,"name":"NordicTrack FR","imageUri":"https://monetizeamex.com/v3/120x60/6030217be1180125e013e9c7544e8678.png","currencyCode":"EUR","defaultDomain":"nordictrack.fr","domains":["nordictrack.fr"],"categoryId":67,"description":null,"isActive":true,"countryCodes":["FR"],"averageBasketValue":1,"averageCommission":46.11,"averageConfirmationTime":6,"averageCancellationRate":null,"minimumCommission":25.89,"maximumCommission":158.22,"commissionRates":[{"fixedCommission":null,"percentageCommission":3.5999999999999996}],"trackingLink":"https://tatrck.com/h/0Hu30z9R0rtc","createdAt":"2023-12-13T19:15:08.578Z","updatedAt":"2024-09-03T17:08:11.418Z"},{"merchantId":220648,"name":"CroisiEurope FR","imageUri":"https://kqdxc4m5.de/logos_v2/120x60/f01f31aacbef6da5cf1414a8f5bcf4fa.gif","currencyCode":"EUR","defaultDomain":"croisieurope.com","domains":["croisieurope.com"],"categoryId":63,"description":null,"isActive":true,"countryCodes":["FR"],"averageBasketValue":2,"averageCommission":102.43,"averageConfirmationTime":null,"averageCancellationRate":13.1,"minimumCommission":5.59,"maximumCommission":305.01,"commissionRates":[],"trackingLink":"https://tatrck.com/h/0Hu30z9R0rte","createdAt":"2023-12-13T19:15:09.367Z","updatedAt":"2024-09-02T05:33:14.633Z"},{"merchantId":220650,"name":"Sloterop.nl NL","imageUri":"https://kqdxc4m5.de/logos_v2/120x60/696204b95e19dc19134804c0f4bdb1b7.gif","currencyCode":"EUR","defaultDomain":"sloterop.nl","domains":["sloterop.nl"],"categoryId":72,"description":null,"isActive":true,"countryCodes":["NL"],"averageBasketValue":32.71,"averageCommission":0.86,"averageConfirmationTime":58,"averageCancellationRate":null,"minimumCommission":0.13,"maximumCommission":1.03,"commissionRates":[],"trackingLink":"https://tatrck.com/h/0Hu30z9R0rtg","createdAt":"2023-12-13T19:15:10.565Z","updatedAt":"2024-08-26T05:38:03.204Z"},{"merchantId":220651,"name":"Tuincentrumoutlet.com NL","imageUri":"https://kqdxc4m5.de/logos_v2/120x60/a282e46d1b51bbb30050f86a441a6fdb.gif","currencyCode":"EUR","defaultDomain":"tuincentrumoutlet.com","domains":["tuincentrumoutlet.com"],"categoryId":74,"description":null,"isActive":true,"countryCodes":["NL"],"averageBasketValue":157.05,"averageCommission":2.34,"averageConfirmationTime":30,"averageCancellationRate":3,"minimumCommission":0.04,"maximumCommission":9.98,"commissionRates":[],"trackingLink":"https://tatrck.com/h/0Hu30z9R0rth","createdAt":"2023-12-13T19:15:09.970Z","updatedAt":"2024-09-02T05:33:14.532Z"},{"merchantId":220663,"name":"Adidas VN","imageUri":"https://monetizeamex.com/v3/120x60/6c27ae9e064e4dc042607cdead268fa5.png","currencyCode":"EUR","defaultDomain":"adidas.com.vn","domains":["adidas.com.vn"],"categoryId":40,"description":null,"isActive":true,"countryCodes":["VN"],"averageBasketValue":0.72,"averageCommission":2.55,"averageConfirmationTime":null,"averageCancellationRate":null,"minimumCommission":0.21,"maximumCommission":12.07,"commissionRates":[],"trackingLink":"https://tatrck.com/h/0Hu30z9R0rtt","createdAt":"2023-12-13T19:15:12.273Z","updatedAt":"2024-08-27T05:53:54.120Z"},{"merchantId":220687,"name":"4Fathers Organics, LLC US","imageUri":"https://monetizeamex.com/v3/120x60/0bf7fb49d0f603c9fbcb70093eaea98e.png","currencyCode":"EUR","defaultDomain":"4fathersorganics.com","domains":["4fathersorganics.com"],"categoryId":35,"description":null,"isActive":true,"countryCodes":["US"],"averageBasketValue":null,"averageCommission":null,"averageConfirmationTime":null,"averageCancellationRate":null,"minimumCommission":null,"maximumCommission":null,"commissionRates":[{"fixedCommission":null,"percentageCommission":9}],"trackingLink":"https://tatrck.com/h/0Hu30z9R0ruF","createdAt":"2023-12-13T19:15:18.291Z","updatedAt":"2024-08-21T11:33:23.701Z"},{"merchantId":220693,"name":"SleepOvation Baby US","imageUri":"https://monetizeamex.com/v3/120x60/c4f66886378ce8f0ad89b6664d71cef3.png","currencyCode":"EUR","defaultDomain":"sleepovationbaby.com","domains":["sleepovationbaby.com"],"categoryId":17,"description":null,"isActive":true,"countryCodes":["US"],"averageBasketValue":null,"averageCommission":null,"averageConfirmationTime":null,"averageCancellationRate":null,"minimumCommission":null,"maximumCommission":null,"commissionRates":[{"fixedCommission":null,"percentageCommission":6}],"trackingLink":"https://tatrck.com/h/0Hu30z9R0ruL","createdAt":"2023-12-13T19:15:19.080Z","updatedAt":"2024-08-21T11:46:14.019Z"},{"merchantId":220696,"name":"WISHDOIT INC. US","imageUri":"https://monetizeamex.com/v3/120x60/fd8a6684f1c1760a10c0a7ae1fbd9013.png","currencyCode":"EUR","defaultDomain":"wishdoitwatches.com","domains":["wishdoitwatches.com"],"categoryId":77,"description":null,"isActive":true,"countryCodes":["US"],"averageBasketValue":161.89,"averageCommission":17.48,"averageConfirmationTime":null,"averageCancellationRate":100,"minimumCommission":17.48,"maximumCommission":17.48,"commissionRates":[{"fixedCommission":null,"percentageCommission":10.799999999999999}],"trackingLink":"https://tatrck.com/h/0Hu30z9R0ruO","createdAt":"2023-12-13T19:15:19.671Z","updatedAt":"2024-08-21T11:39:37.702Z"},{"merchantId":220702,"name":"Ommerland.nl NL","imageUri":"https://kqdxc4m5.de/logos_v2/120x60/cedcfa1db89846aa62eafafc0766c273.gif","currencyCode":"EUR","defaultDomain":"ommerland.nl","domains":["ommerland.nl"],"categoryId":63,"description":null,"isActive":true,"countryCodes":["NL"],"averageBasketValue":777.61,"averageCommission":10.19,"averageConfirmationTime":1,"averageCancellationRate":null,"minimumCommission":17.22,"maximumCommission":25.27,"commissionRates":[],"trackingLink":"https://tatrck.com/h/0Hu30z9R0ruU","createdAt":"2023-12-13T19:15:22.286Z","updatedAt":"2024-08-21T11:39:30.078Z"},{"merchantId":220703,"name":"2U GETSMARTER","imageUri":"https://kqdxc4m5.de/logos_v2/120x60/f6e35137195a9ca02f73dd9f9df64086.gif","currencyCode":"EUR","defaultDomain":"getsmarter.com","domains":["getsmarter.com"],"categoryId":44,"description":null,"isActive":true,"countryCodes":["ER","US"],"averageBasketValue":203.68,"averageCommission":4.99,"averageConfirmationTime":34,"averageCancellationRate":null,"minimumCommission":10.52,"maximumCommission":56.34,"commissionRates":[{"fixedCommission":null,"percentageCommission":2.52}],"trackingLink":"https://tatrck.com/h/0Hu30z9R0ruV","createdAt":"2023-12-13T19:15:21.188Z","updatedAt":"2024-09-03T05:54:17.490Z"},{"merchantId":220707,"name":"Mikes Bikes","imageUri":"https://kqdxc4m5.de/logos_v2/120x60/cdbcd84a2c36e7d484efcfbb2444f5df.gif","currencyCode":"EUR","defaultDomain":"mikesbikes.com","domains":["mikesbikes.com"],"categoryId":59,"description":null,"isActive":true,"countryCodes":["US"],"averageBasketValue":1,"averageCommission":33.72,"averageConfirmationTime":null,"averageCancellationRate":16.7,"minimumCommission":37.54,"maximumCommission":37.54,"commissionRates":[{"fixedCommission":null,"percentageCommission":2.4}],"trackingLink":"https://tatrck.com/h/0Hu30z9R0ruZ","createdAt":"2023-12-13T19:15:22.171Z","updatedAt":"2024-08-21T11:36:47.675Z"},{"merchantId":220740,"name":"Sender.net WW","imageUri":"https://monetizeamex.com/v3/120x60/a93f3fda477f19e005f43d23c85d3750.png","currencyCode":"EUR","defaultDomain":"sender.net","domains":["sender.net"],"categoryId":37,"description":null,"isActive":true,"countryCodes":[],"averageBasketValue":14.08,"averageCommission":3.33,"averageConfirmationTime":2,"averageCancellationRate":null,"minimumCommission":0.01,"maximumCommission":13.99,"commissionRates":[],"trackingLink":"https://tatrck.com/h/0Hu30z9R0rv4","createdAt":"2023-12-13T19:15:26.371Z","updatedAt":"2024-09-01T05:53:55.509Z"},{"merchantId":220752,"name":"Wavve.co WW US","imageUri":"https://monetizeamex.com/v3/120x60/c02c3f9d625e594695f3bf47e6c1dac5.png","currencyCode":"EUR","defaultDomain":"wavve.co","domains":["wavve.co"],"categoryId":41,"description":null,"isActive":true,"countryCodes":[],"averageBasketValue":null,"averageCommission":null,"averageConfirmationTime":null,"averageCancellationRate":null,"minimumCommission":null,"maximumCommission":null,"commissionRates":[{"fixedCommission":null,"percentageCommission":10.5},{"fixedCommission":null,"percentageCommission":7.878}],"trackingLink":"https://tatrck.com/h/0Hu30z9R0rvG","createdAt":"2023-12-13T19:15:27.269Z","updatedAt":"2024-08-30T05:47:23.021Z"},{"merchantId":220754,"name":"ProGamer PL","imageUri":"https://kqdxc4m5.de/logos_v2/120x60/fc5eddddcd8319d85a6b4fec3e14ef70.gif","currencyCode":"EUR","defaultDomain":"pro-gamer.pl","domains":["pro-gamer.pl"],"categoryId":34,"description":null,"isActive":true,"countryCodes":["PL"],"averageBasketValue":336.75,"averageCommission":null,"averageConfirmationTime":null,"averageCancellationRate":null,"minimumCommission":null,"maximumCommission":null,"commissionRates":[],"trackingLink":"https://tatrck.com/h/0Hu30z9R0rvI","createdAt":"2023-12-13T19:15:27.203Z","updatedAt":"2024-08-21T11:29:54.234Z"},{"merchantId":220770,"name":"CBD For Life","imageUri":"https://kqdxc4m5.de/logos_v2/120x60/2d41fb615d32ae28b7524bacf9e2aeed.gif","currencyCode":"EUR","defaultDomain":"cbdforlife.us","domains":["cbdforlife.us"],"categoryId":77,"description":null,"isActive":true,"countryCodes":["US"],"averageBasketValue":40.33,"averageCommission":3.62,"averageConfirmationTime":58,"averageCancellationRate":null,"minimumCommission":1.43,"maximumCommission":15.81,"commissionRates":[],"trackingLink":"https://tatrck.com/h/0Hu30z9R0rvY","createdAt":"2023-12-13T19:15:29.771Z","updatedAt":"2024-09-02T05:52:14.706Z"},{"merchantId":220772,"name":"Performix","imageUri":"https://monetizeamex.com/v3/120x60/1ce1df623d3898f17476f977c1471c22.png","currencyCode":"EUR","defaultDomain":"performixdriven.com","domains":["performixdriven.com"],"categoryId":68,"description":null,"isActive":true,"countryCodes":[],"averageBasketValue":128.73,"averageCommission":15.44,"averageConfirmationTime":58,"averageCancellationRate":null,"minimumCommission":10.51,"maximumCommission":12.84,"commissionRates":[],"trackingLink":"https://tatrck.com/h/0Hu30z9R0rva","createdAt":"2023-12-13T19:15:30.186Z","updatedAt":"2024-08-21T11:34:11.788Z"},{"merchantId":220774,"name":"Verve Culture","imageUri":"https://monetizeamex.com/v3/120x60/b0a553bd10c0c9105146ede61fc14b24.png","currencyCode":"EUR","defaultDomain":"verveculture.com","domains":["verveculture.com"],"categoryId":21,"description":null,"isActive":true,"countryCodes":["US"],"averageBasketValue":90.64,"averageCommission":2.17,"averageConfirmationTime":null,"averageCancellationRate":null,"minimumCommission":2.46,"maximumCommission":3.33,"commissionRates":[{"fixedCommission":null,"percentageCommission":2.4}],"trackingLink":"https://tatrck.com/h/0Hu30z9R0rvc","createdAt":"2023-12-13T19:15:30.980Z","updatedAt":"2024-08-21T11:33:27.720Z"},{"merchantId":220785,"name":"Chelsea Peers NYC UK","imageUri":"https://kqdxc4m5.de/logos_v2/120x60/cf4aa2a07ec3ce529fad0c8bf762da5a.gif","currencyCode":"EUR","defaultDomain":"chelseapeersnyc.com","domains":["chelseapeersnyc.com"],"categoryId":40,"description":null,"isActive":true,"countryCodes":["GB"],"averageBasketValue":61.96,"averageCommission":1.86,"averageConfirmationTime":null,"averageCancellationRate":null,"minimumCommission":1.69,"maximumCommission":1.69,"commissionRates":[],"trackingLink":"https://tatrck.com/h/0Hu30z9R0rvn","createdAt":"2023-12-13T19:15:32.075Z","updatedAt":"2024-09-03T17:07:30.970Z"},{"merchantId":220796,"name":"beautifulbrideshop.fr FR","imageUri":"https://kqdxc4m5.de/logos_v2/120x60/085809ee8b589d886c30a2cdbe565a1e.gif","currencyCode":"EUR","defaultDomain":"beautifulbrideshop.fr","domains":["beautifulbrideshop.fr"],"categoryId":73,"description":null,"isActive":true,"countryCodes":["FR"],"averageBasketValue":150.36,"averageCommission":4.4,"averageConfirmationTime":null,"averageCancellationRate":1.3,"minimumCommission":0.4,"maximumCommission":19.52,"commissionRates":[],"trackingLink":"https://tatrck.com/h/0Hu30z9R0rvy","createdAt":"2023-12-13T19:15:33.789Z","updatedAt":"2024-09-01T05:40:03.291Z"},{"merchantId":220802,"name":"boomfit.com PT","imageUri":"https://monetizeamex.com/v3/120x60/051a3f9aa815f0ae27fbdf927e98b91b.png","currencyCode":"EUR","defaultDomain":"boomfit.com","domains":["boomfit.com"],"categoryId":67,"description":null,"isActive":true,"countryCodes":["ES"],"averageBasketValue":320.06,"averageCommission":13.44,"averageConfirmationTime":null,"averageCancellationRate":9.1,"minimumCommission":2.57,"maximumCommission":10.11,"commissionRates":[],"trackingLink":"https://tatrck.com/h/0Hu30z9R0rw2","createdAt":"2023-12-13T19:15:34.771Z","updatedAt":"2024-08-21T11:43:33.474Z"},{"merchantId":220825,"name":"ekoi.com IT","imageUri":"https://monetizeamex.com/v3/120x60/e1f8fef7a63a29c7a5d7153ff0c556f0.png","currencyCode":"EUR","defaultDomain":"ekoi.com","domains":["ekoi.com"],"categoryId":55,"description":null,"isActive":true,"countryCodes":["DE"],"averageBasketValue":116.93,"averageCommission":3.51,"averageConfirmationTime":6,"averageCancellationRate":0.2,"minimumCommission":0.17,"maximumCommission":28.19,"commissionRates":[],"trackingLink":"https://tatrck.com/h/0Hu30z9R0rwP","createdAt":"2023-12-13T19:15:38.905Z","updatedAt":"2024-09-03T17:08:12.854Z"}]}