{"meta":{"next":232718},"data":[{"merchantId":231954,"name":"LoveHeld US","imageUri":"https://monetizeamex.com/v3/120x60/a415912196b6d53293faa32e5725aed6.png","currencyCode":"EUR","defaultDomain":"loveheld.com","domains":["loveheld.com"],"categoryId":40,"description":null,"isActive":true,"countryCodes":["US"],"averageBasketValue":null,"averageCommission":null,"averageConfirmationTime":null,"averageCancellationRate":null,"minimumCommission":null,"maximumCommission":null,"commissionRates":[{"fixedCommission":null,"percentageCommission":6}],"trackingLink":"https://tatrck.com/h/0Hu30z9R0ueI","createdAt":"2023-12-13T19:49:23.470Z","updatedAt":"2024-08-21T11:45:22.002Z"},{"merchantId":231964,"name":"PILLOWPIA US","imageUri":"https://monetizeamex.com/v3/120x60/885cb87b74f890588b813659f6f0d7a0.png","currencyCode":"EUR","defaultDomain":"pillowpia.com","domains":["pillowpia.com"],"categoryId":74,"description":null,"isActive":true,"countryCodes":["US"],"averageBasketValue":null,"averageCommission":null,"averageConfirmationTime":null,"averageCancellationRate":null,"minimumCommission":null,"maximumCommission":null,"commissionRates":[{"fixedCommission":null,"percentageCommission":6}],"trackingLink":"https://tatrck.com/h/0Hu30z9R0ueS","createdAt":"2023-12-13T19:49:28.167Z","updatedAt":"2024-08-21T11:31:22.217Z"},{"merchantId":231966,"name":"Peaceful Lane US","imageUri":"https://monetizeamex.com/v3/120x60/858b57c57ece77537692018d077b0a5b.png","currencyCode":"EUR","defaultDomain":"peacefullane.co","domains":["peacefullane.co"],"categoryId":28,"description":null,"isActive":true,"countryCodes":["US"],"averageBasketValue":null,"averageCommission":null,"averageConfirmationTime":null,"averageCancellationRate":null,"minimumCommission":null,"maximumCommission":null,"commissionRates":[{"fixedCommission":null,"percentageCommission":12}],"trackingLink":"https://tatrck.com/h/0Hu30z9R0ueU","createdAt":"2023-12-13T19:49:29.387Z","updatedAt":"2024-08-21T11:42:30.726Z"},{"merchantId":231968,"name":"ProofNoMore US","imageUri":"https://monetizeamex.com/v3/120x60/970f63b124a98d7a13e83873714fe2ca.png","currencyCode":"EUR","defaultDomain":"proofnomore.com","domains":["proofnomore.com"],"categoryId":4,"description":null,"isActive":true,"countryCodes":["US"],"averageBasketValue":26.13,"averageCommission":0.31,"averageConfirmationTime":null,"averageCancellationRate":null,"minimumCommission":0.27,"maximumCommission":0.27,"commissionRates":[{"fixedCommission":null,"percentageCommission":1.2}],"trackingLink":"https://tatrck.com/h/0Hu30z9R0ueW","createdAt":"2023-12-13T19:49:32.684Z","updatedAt":"2024-08-21T11:32:15.652Z"},{"merchantId":231971,"name":"Real Health Supplements LTD US","imageUri":"https://monetizeamex.com/v3/120x60/c77c65e5ddab2514fb9b2605009058b3.png","currencyCode":"EUR","defaultDomain":"british-supplements.net","domains":["british-supplements.net"],"categoryId":35,"description":null,"isActive":true,"countryCodes":["US","GB"],"averageBasketValue":57.17,"averageCommission":10.26,"averageConfirmationTime":null,"averageCancellationRate":4.8,"minimumCommission":4.32,"maximumCommission":24.05,"commissionRates":[{"fixedCommission":null,"percentageCommission":30},{"fixedCommission":null,"percentageCommission":24}],"trackingLink":"https://tatrck.com/h/0Hu30z9R0ueZ","createdAt":"2023-12-13T19:49:31.774Z","updatedAt":"2024-08-31T05:52:35.906Z"},{"merchantId":231973,"name":"Retrolifeplayer US","imageUri":"https://monetizeamex.com/v3/120x60/f144f79b82dd9bc4ecf91cf3b92ef03b.png","currencyCode":"EUR","defaultDomain":"retrolifeplayer.com","domains":["retrolifeplayer.com"],"categoryId":53,"description":null,"isActive":true,"countryCodes":["US"],"averageBasketValue":null,"averageCommission":null,"averageConfirmationTime":null,"averageCancellationRate":null,"minimumCommission":null,"maximumCommission":null,"commissionRates":[{"fixedCommission":null,"percentageCommission":6}],"trackingLink":"https://tatrck.com/h/0Hu30z9R0ueb","createdAt":"2023-12-13T19:49:32.566Z","updatedAt":"2024-08-21T11:32:14.098Z"},{"merchantId":231978,"name":"SHENZHEN  ATOMSTACK Technology Co., Ltd US","imageUri":"https://monetizeamex.com/v3/120x60/6be5cfa47c2a376534c2cf18fd5804f7.png","currencyCode":"EUR","defaultDomain":"atomstack.com","domains":["atomstack.com"],"categoryId":58,"description":null,"isActive":true,"countryCodes":["US"],"averageBasketValue":511.67,"averageCommission":24.57,"averageConfirmationTime":null,"averageCancellationRate":9.1,"minimumCommission":2.04,"maximumCommission":47.24,"commissionRates":[{"fixedCommission":null,"percentageCommission":4.2}],"trackingLink":"https://tatrck.com/h/0Hu30z9R0ueg","createdAt":"2023-12-13T19:49:34.583Z","updatedAt":"2024-08-22T05:44:22.508Z"},{"merchantId":231981,"name":"Simplicity Vacuums US","imageUri":"https://monetizeamex.com/v3/120x60/75d50b28338280bb028affaa15741372.png","currencyCode":"EUR","defaultDomain":"simplicityvac.com","domains":["simplicityvac.com"],"categoryId":74,"description":null,"isActive":true,"countryCodes":["US"],"averageBasketValue":133.93,"averageCommission":1.6,"averageConfirmationTime":null,"averageCancellationRate":null,"minimumCommission":0.27,"maximumCommission":0.27,"commissionRates":[{"fixedCommission":null,"percentageCommission":1.2}],"trackingLink":"https://tatrck.com/h/0Hu30z9R0uej","createdAt":"2023-12-13T19:49:36.120Z","updatedAt":"2024-08-21T11:32:13.881Z"},{"merchantId":231982,"name":"Smileie Inc US","imageUri":"https://monetizeamex.com/v3/120x60/41b6c2226274532f52582ba9ab3101f9.png","currencyCode":"EUR","defaultDomain":"smileie.com","domains":["smileie.com"],"categoryId":60,"description":null,"isActive":true,"countryCodes":["US"],"averageBasketValue":523.56,"averageCommission":25.12,"averageConfirmationTime":null,"averageCancellationRate":null,"minimumCommission":2.07,"maximumCommission":2.07,"commissionRates":[{"fixedCommission":null,"percentageCommission":4.8}],"trackingLink":"https://tatrck.com/h/0Hu30z9R0uek","createdAt":"2023-12-13T19:49:37.989Z","updatedAt":"2024-08-21T11:43:01.579Z"},{"merchantId":231984,"name":"Sunless, Inc. US","imageUri":"https://monetizeamex.com/v3/120x60/cd9190ee1e19a82337550620c6c22ba4.png","currencyCode":"EUR","defaultDomain":"sunless.com","domains":["sunless.com"],"categoryId":28,"description":null,"isActive":true,"countryCodes":["US"],"averageBasketValue":54.89,"averageCommission":1.97,"averageConfirmationTime":null,"averageCancellationRate":null,"minimumCommission":0.78,"maximumCommission":0.78,"commissionRates":[{"fixedCommission":null,"percentageCommission":3.5999999999999996}],"trackingLink":"https://tatrck.com/h/0Hu30z9R0uem","createdAt":"2023-12-13T19:49:37.573Z","updatedAt":"2024-08-21T11:28:58.852Z"},{"merchantId":231988,"name":"Tangsem, LLC US","imageUri":"https://monetizeamex.com/v3/120x60/8593f24aefb94acbb4bee053fe0adfa9.png","currencyCode":"EUR","defaultDomain":"justyling.com","domains":["justyling.com"],"categoryId":50,"description":null,"isActive":true,"countryCodes":["US"],"averageBasketValue":26.85,"averageCommission":2.11,"averageConfirmationTime":null,"averageCancellationRate":null,"minimumCommission":0.78,"maximumCommission":0.78,"commissionRates":[{"fixedCommission":null,"percentageCommission":6}],"trackingLink":"https://tatrck.com/h/0Hu30z9R0ueq","createdAt":"2023-12-13T19:49:38.671Z","updatedAt":"2024-08-25T05:35:45.688Z"},{"merchantId":231998,"name":"myChway UK GB","imageUri":"https://monetizeamex.com/v3/120x60/22b57fde943fda271dd22fdfbfc18005.png","currencyCode":"EUR","defaultDomain":"mychway.co.uk","domains":["mychway.co.uk"],"categoryId":28,"description":null,"isActive":true,"countryCodes":["US"],"averageBasketValue":null,"averageCommission":null,"averageConfirmationTime":null,"averageCancellationRate":null,"minimumCommission":null,"maximumCommission":null,"commissionRates":[{"fixedCommission":null,"percentageCommission":6}],"trackingLink":"https://tatrck.com/h/0Hu30z9R0ue-","createdAt":"2023-12-13T19:49:43.477Z","updatedAt":"2024-08-21T11:33:08.225Z"},{"merchantId":231999,"name":"Ursime Ltd US","imageUri":"https://monetizeamex.com/v3/120x60/6611acaa90367a78191b6867f6eda856.png","currencyCode":"EUR","defaultDomain":"ursime.com","domains":["ursime.com"],"categoryId":74,"description":null,"isActive":true,"countryCodes":["US"],"averageBasketValue":63.16,"averageCommission":1.13,"averageConfirmationTime":1,"averageCancellationRate":null,"minimumCommission":0.82,"maximumCommission":1.54,"commissionRates":[{"fixedCommission":null,"percentageCommission":1.7999999999999998}],"trackingLink":"https://tatrck.com/h/0Hu30z9R0ue_","createdAt":"2023-12-13T19:49:45.574Z","updatedAt":"2024-08-21T11:30:33.308Z"},{"merchantId":232002,"name":"Victory Koredry US","imageUri":"https://monetizeamex.com/v3/120x60/d6cfcb6cf9b56f8f506ff429eb1e9ad8.png","currencyCode":"EUR","defaultDomain":"victorykoredry.com","domains":["victorykoredry.com"],"categoryId":55,"description":null,"isActive":true,"countryCodes":["US"],"averageBasketValue":null,"averageCommission":null,"averageConfirmationTime":null,"averageCancellationRate":null,"minimumCommission":null,"maximumCommission":null,"commissionRates":[{"fixedCommission":null,"percentageCommission":6}],"trackingLink":"https://tatrck.com/h/0Hu30z9R0uf2","createdAt":"2023-12-13T19:49:45.078Z","updatedAt":"2024-08-21T11:31:12.530Z"},{"merchantId":232012,"name":"renoo  meditation goods US","imageUri":"https://monetizeamex.com/v3/120x60/71bde3a9404df67fccefb9a033b4c372.png","currencyCode":"EUR","defaultDomain":"renoo.life","domains":["renoo.life"],"categoryId":34,"description":null,"isActive":true,"countryCodes":["US"],"averageBasketValue":null,"averageCommission":null,"averageConfirmationTime":null,"averageCancellationRate":null,"minimumCommission":null,"maximumCommission":null,"commissionRates":[{"fixedCommission":null,"percentageCommission":6}],"trackingLink":"https://tatrck.com/h/0Hu30z9R0ufC","createdAt":"2023-12-13T19:49:50.774Z","updatedAt":"2024-08-21T11:33:03.913Z"},{"merchantId":232017,"name":"Palladium Boots US","imageUri":"https://monetizeamex.com/v3/120x60/9cf74d8a246fe16f217a1487644667d5.png","currencyCode":"EUR","defaultDomain":"palladiumboots.com","domains":["palladiumboots.com"],"categoryId":40,"description":null,"isActive":true,"countryCodes":["US"],"averageBasketValue":96.35,"averageCommission":5.49,"averageConfirmationTime":null,"averageCancellationRate":null,"minimumCommission":1.86,"maximumCommission":10.21,"commissionRates":[{"fixedCommission":null,"percentageCommission":3.5999999999999996}],"trackingLink":"https://tatrck.com/h/0Hu30z9R0ufH","createdAt":"2023-12-13T19:49:49.871Z","updatedAt":"2024-09-03T05:51:23.093Z"},{"merchantId":232034,"name":"Mac Duggal US","imageUri":"https://monetizeamex.com/v3/120x60/34db8b77c8186298e5f3b2ae2026427c.png","currencyCode":"EUR","defaultDomain":"macduggal.com","domains":["macduggal.com"],"categoryId":40,"description":null,"isActive":true,"countryCodes":["US"],"averageBasketValue":456.53,"averageCommission":8.05,"averageConfirmationTime":null,"averageCancellationRate":11.8,"minimumCommission":2.49,"maximumCommission":30.17,"commissionRates":[],"trackingLink":"https://tatrck.com/h/0Hu30z9R0ufY","createdAt":"2023-12-13T19:49:56.101Z","updatedAt":"2024-09-03T17:07:54.947Z"},{"merchantId":232060,"name":"YSLBeauty.ae UA","imageUri":"https://monetizeamex.com/v3/120x60/5ae581c5331f734c48beeb3d4211b54a.png","currencyCode":"EUR","defaultDomain":"yslbeauty.ae","domains":["yslbeauty.ae"],"categoryId":28,"description":null,"isActive":true,"countryCodes":["UA","AE"],"averageBasketValue":57.5,"averageCommission":1.93,"averageConfirmationTime":1,"averageCancellationRate":null,"minimumCommission":3.86,"maximumCommission":3.86,"commissionRates":[],"trackingLink":"https://tatrck.com/h/0Hu30z9R0ufy","createdAt":"2023-12-13T19:50:01.670Z","updatedAt":"2024-08-21T11:37:50.707Z"},{"merchantId":232061,"name":"YSLBeauty.sa UA","imageUri":"https://monetizeamex.com/v3/120x60/0935db5a5f9031f54f834bfab88d1fba.png","currencyCode":"EUR","defaultDomain":"yslbeauty.sa","domains":["yslbeauty.sa"],"categoryId":28,"description":null,"isActive":true,"countryCodes":["UA"],"averageBasketValue":null,"averageCommission":null,"averageConfirmationTime":null,"averageCancellationRate":null,"minimumCommission":null,"maximumCommission":null,"commissionRates":[],"trackingLink":"https://tatrck.com/h/0Hu30z9R0ufz","createdAt":"2023-12-13T19:50:03.999Z","updatedAt":"2024-08-21T11:28:23.220Z"},{"merchantId":232062,"name":"Cocha CL","imageUri":"https://monetizeamex.com/v3/120x60/8e37156ebb2f731d36e2ca829c2fd56f.png","currencyCode":"EUR","defaultDomain":"cocha.com","domains":["cocha.com"],"categoryId":63,"description":null,"isActive":true,"countryCodes":["CL"],"averageBasketValue":1,"averageCommission":18.42,"averageConfirmationTime":28,"averageCancellationRate":13.2,"minimumCommission":1.38,"maximumCommission":131.94,"commissionRates":[],"trackingLink":"https://tatrck.com/h/0Hu30z9R0uf-","createdAt":"2023-12-13T19:50:02.568Z","updatedAt":"2024-08-28T05:36:30.512Z"},{"merchantId":232064,"name":"Soteria VN","imageUri":"https://monetizeamex.com/v3/120x60/87dc70df96806b76138d30fec9a8fd2a.png","currencyCode":"EUR","defaultDomain":"soteria.vn","domains":["soteria.vn"],"categoryId":40,"description":null,"isActive":true,"countryCodes":["VN"],"averageBasketValue":null,"averageCommission":null,"averageConfirmationTime":null,"averageCancellationRate":null,"minimumCommission":null,"maximumCommission":null,"commissionRates":[],"trackingLink":"https://tatrck.com/h/0Hu30z9R0ug0","createdAt":"2023-12-13T19:50:03.080Z","updatedAt":"2024-08-21T11:30:26.116Z"},{"merchantId":232078,"name":"Oscar DeenUS","imageUri":"https://monetizeamex.com/v3/120x60/2e7576e772547c808886d2eed20a50e4.png","currencyCode":"EUR","defaultDomain":"oscardeen.com","domains":["oscardeen.com"],"categoryId":40,"description":null,"isActive":true,"countryCodes":["US"],"averageBasketValue":null,"averageCommission":null,"averageConfirmationTime":null,"averageCancellationRate":null,"minimumCommission":null,"maximumCommission":null,"commissionRates":[],"trackingLink":"https://tatrck.com/h/0Hu30z9R0ugE","createdAt":"2023-12-13T19:50:09.089Z","updatedAt":"2024-09-03T17:09:46.215Z"},{"merchantId":232079,"name":"Pixformance DE","imageUri":"https://monetizeamex.com/v3/120x60/4553e6cc66424b5e1d892bc81fff3c0c.png","currencyCode":"EUR","defaultDomain":"pixformance.com","domains":["pixformance.com"],"categoryId":68,"description":null,"isActive":true,"countryCodes":["DE"],"averageBasketValue":null,"averageCommission":null,"averageConfirmationTime":null,"averageCancellationRate":null,"minimumCommission":null,"maximumCommission":null,"commissionRates":[],"trackingLink":"https://tatrck.com/h/0Hu30z9R0ugF","createdAt":"2023-12-13T19:50:08.969Z","updatedAt":"2024-09-03T17:08:40.977Z"},{"merchantId":232080,"name":"The Skin Deep US","imageUri":"https://monetizeamex.com/v3/120x60/024048ccea092264f27b29bb3546619a.png","currencyCode":"EUR","defaultDomain":"theskindeep.com","domains":["theskindeep.com"],"categoryId":21,"description":null,"isActive":true,"countryCodes":["US"],"averageBasketValue":null,"averageCommission":null,"averageConfirmationTime":null,"averageCancellationRate":null,"minimumCommission":null,"maximumCommission":null,"commissionRates":[],"trackingLink":"https://tatrck.com/h/0Hu30z9R0ugG","createdAt":"2023-12-13T19:50:09.873Z","updatedAt":"2024-09-03T17:08:38.554Z"},{"merchantId":232081,"name":"Victoria Beckham DE","imageUri":"https://monetizeamex.com/v3/120x60/e5c7c40f0d00acbfe72c1a927069ce58.png","currencyCode":"EUR","defaultDomain":"victoriabeckham.com","domains":["victoriabeckham.com"],"categoryId":40,"description":null,"isActive":true,"countryCodes":["DE"],"averageBasketValue":null,"averageCommission":null,"averageConfirmationTime":null,"averageCancellationRate":null,"minimumCommission":null,"maximumCommission":null,"commissionRates":[],"trackingLink":"https://tatrck.com/h/0Hu30z9R0ugH","createdAt":"2023-12-13T19:50:10.981Z","updatedAt":"2024-09-03T17:07:53.166Z"},{"merchantId":232084,"name":"Mai Tai | Elite Dating UK","imageUri":"https://monetizeamex.com/v3/120x60/e653bbeb9c42da88c53b6b23f89f9b3d.png","currencyCode":"EUR","defaultDomain":"maitaiuk.com","domains":["maitaiuk.com"],"categoryId":16,"description":null,"isActive":true,"countryCodes":["GB"],"averageBasketValue":null,"averageCommission":null,"averageConfirmationTime":null,"averageCancellationRate":null,"minimumCommission":null,"maximumCommission":null,"commissionRates":[],"trackingLink":"https://tatrck.com/h/0Hu30z9R0ugK","createdAt":"2023-12-13T19:50:10.083Z","updatedAt":"2024-09-03T17:07:31.796Z"},{"merchantId":232088,"name":"online-schrauben DE","imageUri":"https://kqdxc4m5.de/logos_v2/120x60/c4e326e22ed0f9fe5d52ee7ba4c320ff.gif","currencyCode":"EUR","defaultDomain":"online-schrauben.de","domains":["online-schrauben.de"],"categoryId":72,"description":null,"isActive":true,"countryCodes":["DE"],"averageBasketValue":34.06,"averageCommission":3.06,"averageConfirmationTime":2,"averageCancellationRate":null,"minimumCommission":0.85,"maximumCommission":9.9,"commissionRates":[],"trackingLink":"https://tatrck.com/h/0Hu30z9R0ugO","createdAt":"2023-12-13T19:50:09.978Z","updatedAt":"2024-09-03T17:08:41.896Z"},{"merchantId":232089,"name":"AVYA Skincare US","imageUri":"https://monetizeamex.com/v3/120x60/f6c8f82860e2249ec06d58111a6e56e9.png","currencyCode":"EUR","defaultDomain":"avyaskincare.com","domains":["avyaskincare.com"],"categoryId":28,"description":null,"isActive":true,"countryCodes":["US"],"averageBasketValue":null,"averageCommission":null,"averageConfirmationTime":null,"averageCancellationRate":null,"minimumCommission":null,"maximumCommission":null,"commissionRates":[{"fixedCommission":null,"percentageCommission":12}],"trackingLink":"https://tatrck.com/h/0Hu30z9R0ugP","createdAt":"2023-12-13T19:50:11.076Z","updatedAt":"2024-08-21T11:46:08.059Z"},{"merchantId":232094,"name":"HONGKONG EMEET TRADING LIMITED US","imageUri":"https://monetizeamex.com/v3/120x60/1ee8833720797555fe0d514fda1d90d3.png","currencyCode":"EUR","defaultDomain":"emeet.com","domains":["emeet.com"],"categoryId":72,"description":null,"isActive":true,"countryCodes":["US"],"averageBasketValue":184.79,"averageCommission":9.16,"averageConfirmationTime":29,"averageCancellationRate":null,"minimumCommission":2.14,"maximumCommission":18.28,"commissionRates":[{"fixedCommission":null,"percentageCommission":6}],"trackingLink":"https://tatrck.com/h/0Hu30z9R0ugU","createdAt":"2023-12-13T19:50:12.280Z","updatedAt":"2024-08-21T11:35:18.606Z"},{"merchantId":232095,"name":"HitNotion, LLC US","imageUri":"https://monetizeamex.com/v3/120x60/3e95a79066fc5ad025fa97b835c54c24.png","currencyCode":"EUR","defaultDomain":"husbandpillow.com","domains":["husbandpillow.com"],"categoryId":60,"description":null,"isActive":true,"countryCodes":["US"],"averageBasketValue":155.35,"averageCommission":13.98,"averageConfirmationTime":1,"averageCancellationRate":null,"minimumCommission":13.98,"maximumCommission":13.98,"commissionRates":[{"fixedCommission":null,"percentageCommission":6}],"trackingLink":"https://tatrck.com/h/0Hu30z9R0ugV","createdAt":"2023-12-13T19:50:12.969Z","updatedAt":"2024-08-21T11:32:14.383Z"},{"merchantId":232096,"name":"Acmejoy.de","imageUri":"https://monetizeamex.com/v3/120x60/993f2139954454487989d2c2df9bbb39.png","currencyCode":"EUR","defaultDomain":"acmejoy.de","domains":["acmejoy.de"],"categoryId":60,"description":null,"isActive":true,"countryCodes":["DE"],"averageBasketValue":56.84,"averageCommission":5.11,"averageConfirmationTime":58,"averageCancellationRate":3.4,"minimumCommission":3.26,"maximumCommission":7.26,"commissionRates":[],"trackingLink":"https://tatrck.com/h/0Hu30z9R0ugW","createdAt":"2023-12-13T19:50:13.091Z","updatedAt":"2024-09-02T05:51:36.098Z"},{"merchantId":232099,"name":"Papers + Ink US","imageUri":"https://monetizeamex.com/v3/120x60/5e8f0235a078677181bb61b22e37a2dc.png","currencyCode":"EUR","defaultDomain":"papersandink.com","domains":["papersandink.com"],"categoryId":57,"description":null,"isActive":true,"countryCodes":["US"],"averageBasketValue":null,"averageCommission":null,"averageConfirmationTime":null,"averageCancellationRate":null,"minimumCommission":null,"maximumCommission":null,"commissionRates":[{"fixedCommission":null,"percentageCommission":6}],"trackingLink":"https://tatrck.com/h/0Hu30z9R0ugZ","createdAt":"2023-12-13T19:50:13.984Z","updatedAt":"2024-08-21T11:33:01.621Z"},{"merchantId":232105,"name":"kumadoll US","imageUri":"https://monetizeamex.com/v3/120x60/f98a827d677b52fa0bb958bbb81c9b2c.png","currencyCode":"EUR","defaultDomain":"kumadoll.com","domains":["kumadoll.com"],"categoryId":60,"description":null,"isActive":true,"countryCodes":["US"],"averageBasketValue":null,"averageCommission":null,"averageConfirmationTime":null,"averageCancellationRate":null,"minimumCommission":null,"maximumCommission":null,"commissionRates":[{"fixedCommission":null,"percentageCommission":3}],"trackingLink":"https://tatrck.com/h/0Hu30z9R0ugf","createdAt":"2023-12-13T19:50:16.170Z","updatedAt":"2024-08-21T11:32:56.391Z"},{"merchantId":232108,"name":"thePatriotBox US","imageUri":"https://monetizeamex.com/v3/120x60/b133fe298604dab4b38f1d6f10ac1df8.png","currencyCode":"EUR","defaultDomain":"thepatriotbox.com","domains":["thepatriotbox.com"],"categoryId":22,"description":null,"isActive":true,"countryCodes":["US"],"averageBasketValue":null,"averageCommission":null,"averageConfirmationTime":null,"averageCancellationRate":null,"minimumCommission":null,"maximumCommission":null,"commissionRates":[{"fixedCommission":null,"percentageCommission":12}],"trackingLink":"https://tatrck.com/h/0Hu30z9R0ugi","createdAt":"2023-12-13T19:50:16.574Z","updatedAt":"2024-08-21T11:43:50.553Z"},{"merchantId":232111,"name":"F.N. Sharp","imageUri":"https://monetizeamex.com/v3/120x60/dd0d05e8417189202e4032d911affb76.png","currencyCode":"EUR","defaultDomain":"fnsharp.com","domains":["fnsharp.com"],"categoryId":72,"description":null,"isActive":true,"countryCodes":["US"],"averageBasketValue":null,"averageCommission":null,"averageConfirmationTime":null,"averageCancellationRate":null,"minimumCommission":null,"maximumCommission":null,"commissionRates":[],"trackingLink":"https://tatrck.com/h/0Hu30z9R0ugl","createdAt":"2023-12-13T19:50:17.671Z","updatedAt":"2024-08-26T09:01:20.742Z"},{"merchantId":232120,"name":"alarme-piscine.com - Standard France","imageUri":"https://monetizeamex.com/v3/120x60/61a41a2be3036bc07f7c097540728018.png","currencyCode":"EUR","defaultDomain":"alarme-piscine.com","domains":["alarme-piscine.com"],"categoryId":68,"description":null,"isActive":true,"countryCodes":["FR"],"averageBasketValue":256.3,"averageCommission":12.3,"averageConfirmationTime":null,"averageCancellationRate":null,"minimumCommission":9.64,"maximumCommission":19.33,"commissionRates":[],"trackingLink":"https://tatrck.com/h/0Hu30z9R0ugu","createdAt":"2023-12-13T19:50:19.867Z","updatedAt":"2024-09-03T17:05:30.397Z"},{"merchantId":232129,"name":"HISEA US","imageUri":"https://monetizeamex.com/v3/120x60/e09763eb505258e49569ebf41458b74b.png","currencyCode":"EUR","defaultDomain":"hisea.com","domains":["hisea.com"],"categoryId":40,"description":null,"isActive":true,"countryCodes":["US"],"averageBasketValue":44.23,"averageCommission":1.59,"averageConfirmationTime":null,"averageCancellationRate":null,"minimumCommission":1.22,"maximumCommission":1.22,"commissionRates":[{"fixedCommission":null,"percentageCommission":4.8}],"trackingLink":"https://tatrck.com/h/0Hu30z9R0uh1","createdAt":"2023-12-13T19:50:23.571Z","updatedAt":"2024-08-21T11:46:14.414Z"},{"merchantId":232130,"name":"Jukes Cordialities US","imageUri":"https://monetizeamex.com/v3/120x60/639c651122265e056f764ee57e121c91.png","currencyCode":"EUR","defaultDomain":"us.jukescordialities.com","domains":["jukescordialities.com","us.jukescordialities.com"],"categoryId":4,"description":null,"isActive":true,"countryCodes":["US"],"averageBasketValue":79.26,"averageCommission":5.7,"averageConfirmationTime":6,"averageCancellationRate":null,"minimumCommission":9.99,"maximumCommission":9.99,"commissionRates":[{"fixedCommission":null,"percentageCommission":7.199999999999999}],"trackingLink":"https://tatrck.com/h/0Hu30z9R0uh2","createdAt":"2023-12-13T19:50:21.864Z","updatedAt":"2024-08-26T05:41:06.229Z"},{"merchantId":232142,"name":"Parclesetoiles.com BE","imageUri":"https://kqdxc4m5.de/logos_v2/120x60/74b6727340415192bdf1d4825f0e8bb5.gif","currencyCode":"EUR","defaultDomain":"parclesetoiles.com","domains":["parclesetoiles.com"],"categoryId":63,"description":null,"isActive":true,"countryCodes":["NL","BE"],"averageBasketValue":null,"averageCommission":null,"averageConfirmationTime":null,"averageCancellationRate":null,"minimumCommission":null,"maximumCommission":null,"commissionRates":[],"trackingLink":"https://tatrck.com/h/0Hu30z9R0uhE","createdAt":"2023-12-13T19:50:24.745Z","updatedAt":"2024-08-21T11:34:37.740Z"},{"merchantId":232144,"name":"DAYTOX Skincare – Clean, vegan, nachhaltig DE","imageUri":"https://monetizeamex.com/v3/120x60/541ddc3c23e6a9d1fac0bab21ebf19fd.png","currencyCode":"EUR","defaultDomain":"daytox.de","domains":["daytox.de"],"categoryId":28,"description":null,"isActive":true,"countryCodes":["DE"],"averageBasketValue":82.74,"averageCommission":2.98,"averageConfirmationTime":58,"averageCancellationRate":null,"minimumCommission":1.57,"maximumCommission":1.93,"commissionRates":[],"trackingLink":"https://tatrck.com/h/0Hu30z9R0uhG","createdAt":"2023-12-13T19:50:25.185Z","updatedAt":"2024-09-03T17:09:25.510Z"},{"merchantId":232149,"name":"eSalon DE","imageUri":"https://monetizeamex.com/v3/120x60/638aa9a914224e675f356db84452557d.png","currencyCode":"EUR","defaultDomain":"esalon.de","domains":["esalon.de"],"categoryId":28,"description":null,"isActive":true,"countryCodes":["DE"],"averageBasketValue":null,"averageCommission":null,"averageConfirmationTime":null,"averageCancellationRate":null,"minimumCommission":null,"maximumCommission":null,"commissionRates":[],"trackingLink":"https://tatrck.com/h/0Hu30z9R0uhL","createdAt":"2023-12-13T19:50:26.284Z","updatedAt":"2024-09-03T17:06:36.361Z"},{"merchantId":232151,"name":"Wanan Luxury IT","imageUri":"https://monetizeamex.com/v3/120x60/ce1dbe54d2703c3d4ba74c0f1bd0ab38.png","currencyCode":"EUR","defaultDomain":"wananluxury.com","domains":["wananluxury.com"],"categoryId":40,"description":null,"isActive":true,"countryCodes":["IT"],"averageBasketValue":310.18,"averageCommission":13,"averageConfirmationTime":null,"averageCancellationRate":null,"minimumCommission":7.87,"maximumCommission":7.87,"commissionRates":[],"trackingLink":"https://tatrck.com/h/0Hu30z9R0uhN","createdAt":"2023-12-13T19:50:26.797Z","updatedAt":"2024-09-03T17:04:44.992Z"},{"merchantId":232156,"name":"Spybot - Search & Destroy","imageUri":"https://monetizeamex.com/v3/120x60/8f23cd796eece56a6e762bcb22f101e1.png","currencyCode":"EUR","defaultDomain":"safer-networking.org","domains":["safer-networking.org"],"categoryId":37,"description":null,"isActive":true,"countryCodes":[],"averageBasketValue":null,"averageCommission":null,"averageConfirmationTime":null,"averageCancellationRate":null,"minimumCommission":null,"maximumCommission":null,"commissionRates":[{"fixedCommission":null,"percentageCommission":15}],"trackingLink":"https://tatrck.com/h/0Hu30z9R0uhS","createdAt":"2023-12-13T19:50:28.184Z","updatedAt":"2024-08-15T09:13:03.220Z"},{"merchantId":232161,"name":"PTC Phone Tech & Comm Affiliate","imageUri":"https://monetizeamex.com/v3/120x60/b7f2085edea16fe87aa43097156c5d6b.png","currencyCode":"EUR","defaultDomain":"ptcshop.com.au","domains":["ptcshop.com.au"],"categoryId":40,"description":null,"isActive":true,"countryCodes":["AU"],"averageBasketValue":null,"averageCommission":null,"averageConfirmationTime":null,"averageCancellationRate":null,"minimumCommission":null,"maximumCommission":null,"commissionRates":[{"fixedCommission":null,"percentageCommission":7.199999999999999}],"trackingLink":"https://tatrck.com/h/0Hu30z9R0uhX","createdAt":"2023-12-13T19:50:29.481Z","updatedAt":"2024-09-03T17:06:19.168Z"},{"merchantId":232173,"name":"Gravity Performance GB","imageUri":"https://kqdxc4m5.de/logos_v2/120x60/8c85e7c4cf13be0ab36d2c6eb241ad50.gif","currencyCode":"EUR","defaultDomain":"gravityperformance.co.uk","domains":["gravityperformance.co.uk"],"categoryId":59,"description":null,"isActive":true,"countryCodes":["GB"],"averageBasketValue":10.86,"averageCommission":0.45,"averageConfirmationTime":null,"averageCancellationRate":null,"minimumCommission":0.45,"maximumCommission":0.45,"commissionRates":[{"fixedCommission":null,"percentageCommission":4.2}],"trackingLink":"https://tatrck.com/h/0Hu30z9R0uhj","createdAt":"2023-12-13T19:50:30.883Z","updatedAt":"2024-09-03T17:08:09.367Z"},{"merchantId":232174,"name":"Humydry PT","imageUri":"https://monetizeamex.com/v3/120x60/de85a5e1eaa65d55cc152ba3df4102c3.png","currencyCode":"EUR","defaultDomain":"humydry.pt","domains":["humydry.pt"],"categoryId":72,"description":null,"isActive":true,"countryCodes":["PT"],"averageBasketValue":null,"averageCommission":null,"averageConfirmationTime":null,"averageCancellationRate":null,"minimumCommission":null,"maximumCommission":null,"commissionRates":[{"fixedCommission":null,"percentageCommission":2.88}],"trackingLink":"https://tatrck.com/h/0Hu30z9R0uhk","createdAt":"2023-12-13T19:50:31.271Z","updatedAt":"2024-08-15T09:13:14.347Z"},{"merchantId":232178,"name":"Liverpool Pass GB","imageUri":"https://kqdxc4m5.de/logos_v2/120x60/4401b0fc84113686231aed8871c5126b.gif","currencyCode":"EUR","defaultDomain":"liverpoolpass.co.uk","domains":["liverpoolpass.co.uk"],"categoryId":63,"description":null,"isActive":true,"countryCodes":[],"averageBasketValue":null,"averageCommission":null,"averageConfirmationTime":null,"averageCancellationRate":null,"minimumCommission":null,"maximumCommission":null,"commissionRates":[{"fixedCommission":null,"percentageCommission":4.5},{"fixedCommission":null,"percentageCommission":4.5},{"fixedCommission":null,"percentageCommission":4.5},{"fixedCommission":null,"percentageCommission":4.5}],"trackingLink":"https://tatrck.com/h/0Hu30z9R0uho","createdAt":"2023-12-13T19:50:32.197Z","updatedAt":"2024-08-21T11:44:16.680Z"},{"merchantId":232184,"name":"CLMBR US","imageUri":"https://monetizeamex.com/v3/120x60/845ba6fca8123427fdcf8cda3f5c5c64.png","currencyCode":"EUR","defaultDomain":"clmbr.com","domains":["clmbr.com"],"categoryId":67,"description":null,"isActive":true,"countryCodes":["US"],"averageBasketValue":null,"averageCommission":null,"averageConfirmationTime":null,"averageCancellationRate":null,"minimumCommission":null,"maximumCommission":null,"commissionRates":[{"fixedCommission":null,"percentageCommission":3.36}],"trackingLink":"https://tatrck.com/h/0Hu30z9R0uhu","createdAt":"2023-12-13T19:50:33.774Z","updatedAt":"2024-09-03T17:05:01.619Z"},{"merchantId":232185,"name":"Wunderbrow GB","imageUri":"https://monetizeamex.com/v3/120x60/08be84c9b5c642bde22a1fe882ea1fbf.png","currencyCode":"EUR","defaultDomain":"wunderbrow.com","domains":["wunderbrow.com"],"categoryId":28,"description":null,"isActive":true,"countryCodes":["GB"],"averageBasketValue":null,"averageCommission":null,"averageConfirmationTime":null,"averageCancellationRate":null,"minimumCommission":null,"maximumCommission":null,"commissionRates":[{"fixedCommission":null,"percentageCommission":2.4}],"trackingLink":"https://tatrck.com/h/0Hu30z9R0uhv","createdAt":"2023-12-13T19:50:34.081Z","updatedAt":"2024-09-03T17:03:49.388Z"},{"merchantId":232187,"name":"Proudly US","imageUri":"https://kqdxc4m5.de/logos_v2/120x60/075f3a235bb8c3c4c22ef4201036bc79.gif","currencyCode":"EUR","defaultDomain":"proudly.com","domains":["proudly.com"],"categoryId":27,"description":null,"isActive":true,"countryCodes":["US"],"averageBasketValue":34.86,"averageCommission":0.41,"averageConfirmationTime":null,"averageCancellationRate":null,"minimumCommission":null,"maximumCommission":null,"commissionRates":[],"trackingLink":"https://tatrck.com/h/0Hu30z9R0uhx","createdAt":"2023-12-13T19:50:34.785Z","updatedAt":"2024-09-03T17:03:36.409Z"},{"merchantId":232189,"name":"Azulina Home US","imageUri":"https://monetizeamex.com/v3/120x60/54dd2aad2f40dfe4e7e3bff8f5aa2125.png","currencyCode":"EUR","defaultDomain":"azulina.com","domains":["azulina.com"],"categoryId":74,"description":null,"isActive":true,"countryCodes":["US"],"averageBasketValue":null,"averageCommission":null,"averageConfirmationTime":null,"averageCancellationRate":null,"minimumCommission":null,"maximumCommission":null,"commissionRates":[{"fixedCommission":null,"percentageCommission":4.8}],"trackingLink":"https://tatrck.com/h/0Hu30z9R0uhz","createdAt":"2023-12-13T19:50:36.268Z","updatedAt":"2024-08-21T11:39:39.872Z"},{"merchantId":232192,"name":"I Dew Care US","imageUri":"https://kqdxc4m5.de/logos_v2/120x60/62bb47b6c95eca7a46deac657df566d4.gif","currencyCode":"EUR","defaultDomain":"idewcare.com","domains":["idewcare.com"],"categoryId":27,"description":null,"isActive":true,"countryCodes":["US"],"averageBasketValue":43.78,"averageCommission":2.1,"averageConfirmationTime":null,"averageCancellationRate":null,"minimumCommission":1.86,"maximumCommission":1.86,"commissionRates":[{"fixedCommission":null,"percentageCommission":3.84}],"trackingLink":"https://tatrck.com/h/0Hu30z9R0ui0","createdAt":"2023-12-13T19:50:37.742Z","updatedAt":"2024-08-21T11:31:01.376Z"},{"merchantId":232193,"name":"Kaja Beauty US","imageUri":"https://kqdxc4m5.de/logos_v2/120x60/1c5f4b060670cfd12209d66317ecd720.gif","currencyCode":"EUR","defaultDomain":"kajabeauty.com","domains":["kajabeauty.com"],"categoryId":28,"description":null,"isActive":true,"countryCodes":["US"],"averageBasketValue":44.56,"averageCommission":2.44,"averageConfirmationTime":null,"averageCancellationRate":null,"minimumCommission":1.81,"maximumCommission":9.61,"commissionRates":[{"fixedCommission":null,"percentageCommission":3.84}],"trackingLink":"https://tatrck.com/h/0Hu30z9R0ui1","createdAt":"2023-12-13T19:50:37.571Z","updatedAt":"2024-08-21T11:29:44.923Z"},{"merchantId":232195,"name":"NOM Maternity US","imageUri":"https://monetizeamex.com/v3/120x60/ecf1dad4b7610412c0ee6b63817f86d4.png","currencyCode":"EUR","defaultDomain":"nommaternity.com","domains":["nommaternity.com"],"categoryId":40,"description":null,"isActive":true,"countryCodes":["US"],"averageBasketValue":109.39,"averageCommission":6.55,"averageConfirmationTime":null,"averageCancellationRate":null,"minimumCommission":6.55,"maximumCommission":6.55,"commissionRates":[{"fixedCommission":null,"percentageCommission":6}],"trackingLink":"https://tatrck.com/h/0Hu30z9R0ui3","createdAt":"2023-12-13T19:50:37.391Z","updatedAt":"2024-08-21T11:31:19.305Z"},{"merchantId":232216,"name":"Katana Mart UK","imageUri":"https://kqdxc4m5.de/logos_v2/120x60/da2966d48d6fd8cb60f0355b93f4ac2d.gif","currencyCode":"EUR","defaultDomain":"katanamart.co.uk","domains":["katanamart.co.uk"],"categoryId":77,"description":null,"isActive":true,"countryCodes":["GB"],"averageBasketValue":286.03,"averageCommission":6,"averageConfirmationTime":null,"averageCancellationRate":null,"minimumCommission":18.13,"maximumCommission":18.13,"commissionRates":[],"trackingLink":"https://tatrck.com/h/0Hu30z9R0uiO","createdAt":"2023-12-13T19:50:41.187Z","updatedAt":"2024-08-27T05:37:52.750Z"},{"merchantId":232230,"name":"Fakir [CPS/Satış] TR","imageUri":"https://monetizeamex.com/v3/120x60/dfae88014ea6df61008d01a80c26fea9.png","currencyCode":"EUR","defaultDomain":"fakir.com.tr","domains":["fakir.com.tr"],"categoryId":72,"description":null,"isActive":true,"countryCodes":["TR"],"averageBasketValue":133.45,"averageCommission":1.2,"averageConfirmationTime":null,"averageCancellationRate":null,"minimumCommission":0.96,"maximumCommission":0.96,"commissionRates":[],"trackingLink":"https://tatrck.com/h/0Hu30z9R0uic","createdAt":"2023-12-13T19:50:43.570Z","updatedAt":"2024-09-01T05:36:07.585Z"},{"merchantId":232231,"name":"Graine de Pastel FR","imageUri":"https://monetizeamex.com/v3/120x60/a71bd2f1cad4a23be934436523231269.png","currencyCode":"EUR","defaultDomain":"grainedepastel.com","domains":["grainedepastel.com"],"categoryId":28,"description":null,"isActive":true,"countryCodes":["FR"],"averageBasketValue":null,"averageCommission":2.86,"averageConfirmationTime":null,"averageCancellationRate":null,"minimumCommission":2.46,"maximumCommission":4.35,"commissionRates":[],"trackingLink":"https://tatrck.com/h/0Hu30z9R0uid","createdAt":"2023-12-13T19:50:44.256Z","updatedAt":"2024-08-22T11:06:03.117Z"},{"merchantId":232240,"name":"SpotHero US","imageUri":"https://monetizeamex.com/v3/120x60/17e245a763ce5653f5876b3fb4abcf45.png","currencyCode":"EUR","defaultDomain":"spothero.com","domains":["spothero.com"],"categoryId":5,"description":null,"isActive":true,"countryCodes":["US"],"averageBasketValue":30.03,"averageCommission":0.55,"averageConfirmationTime":null,"averageCancellationRate":null,"minimumCommission":0.13,"maximumCommission":3.15,"commissionRates":[{"fixedCommission":null,"percentageCommission":1.8419999999999999}],"trackingLink":"https://tatrck.com/h/0Hu30z9R0uim","createdAt":"2023-12-13T19:50:45.881Z","updatedAt":"2024-09-03T05:47:57.858Z"},{"merchantId":232248,"name":"Glamermaid US","imageUri":"https://monetizeamex.com/v3/120x60/e6ddba263bcc81595a7e2f31b354f57b.png","currencyCode":"EUR","defaultDomain":"glamermaid.com","domains":["glamermaid.com"],"categoryId":28,"description":null,"isActive":true,"countryCodes":["US"],"averageBasketValue":44.1,"averageCommission":4.98,"averageConfirmationTime":null,"averageCancellationRate":14.3,"minimumCommission":7.13,"maximumCommission":7.13,"commissionRates":[{"fixedCommission":null,"percentageCommission":14.399999999999999},{"fixedCommission":null,"percentageCommission":9.6}],"trackingLink":"https://tatrck.com/h/0Hu30z9R0uiu","createdAt":"2023-12-13T19:50:47.466Z","updatedAt":"2024-08-23T15:01:37.705Z"},{"merchantId":232276,"name":"BIG MAX Golf US","imageUri":"https://monetizeamex.com/v3/120x60/d46077ff03fa86cf6c60c3081abf0613.png","currencyCode":"EUR","defaultDomain":"us.bigmaxgolf.com","domains":["us.bigmaxgolf.com"],"categoryId":55,"description":null,"isActive":true,"countryCodes":["US"],"averageBasketValue":null,"averageCommission":null,"averageConfirmationTime":null,"averageCancellationRate":null,"minimumCommission":null,"maximumCommission":null,"commissionRates":[{"fixedCommission":null,"percentageCommission":1.2}],"trackingLink":"https://tatrck.com/h/0Hu30z9R0ujK","createdAt":"2023-12-13T19:50:50.578Z","updatedAt":"2024-08-21T11:30:31.225Z"},{"merchantId":232279,"name":"Glass.com Inc. US","imageUri":"https://kqdxc4m5.de/logos_v2/120x60/7acd15b45b55c9ed6936487d6025a2e8.gif","currencyCode":"EUR","defaultDomain":"glass.com","domains":["glass.com"],"categoryId":50,"description":null,"isActive":true,"countryCodes":["US"],"averageBasketValue":null,"averageCommission":5.17,"averageConfirmationTime":null,"averageCancellationRate":null,"minimumCommission":5.17,"maximumCommission":5.17,"commissionRates":[{"fixedCommission":6,"percentageCommission":null}],"trackingLink":"https://tatrck.com/h/0Hu30z9R0ujN","createdAt":"2023-12-13T19:50:52.578Z","updatedAt":"2024-08-21T11:41:24.783Z"},{"merchantId":232280,"name":"Happy Buddha Hemp US","imageUri":"https://monetizeamex.com/v3/120x60/1b14b41fccc03292755a859c3ab657aa.png","currencyCode":"EUR","defaultDomain":"happybuddhahemp.com","domains":["happybuddhahemp.com"],"categoryId":35,"description":null,"isActive":true,"countryCodes":["US"],"averageBasketValue":null,"averageCommission":null,"averageConfirmationTime":null,"averageCancellationRate":null,"minimumCommission":null,"maximumCommission":null,"commissionRates":[{"fixedCommission":null,"percentageCommission":12},{"fixedCommission":null,"percentageCommission":15}],"trackingLink":"https://tatrck.com/h/0Hu30z9R0ujO","createdAt":"2023-12-13T19:50:52.891Z","updatedAt":"2024-08-21T11:36:56.247Z"},{"merchantId":232285,"name":"Raw Spirit, Inc US","imageUri":"https://monetizeamex.com/v3/120x60/1c0225ba5acf6f42c213abef815d0910.png","currencyCode":"EUR","defaultDomain":"wildspiritfragrances.com","domains":["wildspiritfragrances.com"],"categoryId":28,"description":null,"isActive":true,"countryCodes":["US"],"averageBasketValue":null,"averageCommission":null,"averageConfirmationTime":null,"averageCancellationRate":null,"minimumCommission":null,"maximumCommission":null,"commissionRates":[{"fixedCommission":null,"percentageCommission":6}],"trackingLink":"https://tatrck.com/h/0Hu30z9R0ujT","createdAt":"2023-12-13T19:50:53.769Z","updatedAt":"2024-08-21T11:32:14.736Z"},{"merchantId":232286,"name":"The Neuroencoding Institute US","imageUri":"https://monetizeamex.com/v3/120x60/6cfac205198222155140aa2c5f7b040e.png","currencyCode":"EUR","defaultDomain":"neuroencoding.com","domains":["neuroencoding.com"],"categoryId":68,"description":null,"isActive":true,"countryCodes":["US"],"averageBasketValue":null,"averageCommission":null,"averageConfirmationTime":null,"averageCancellationRate":null,"minimumCommission":null,"maximumCommission":null,"commissionRates":[{"fixedCommission":null,"percentageCommission":6}],"trackingLink":"https://tatrck.com/h/0Hu30z9R0ujU","createdAt":"2023-12-13T19:50:54.890Z","updatedAt":"2024-08-21T11:29:52.400Z"},{"merchantId":232287,"name":"Van Der Hout Jewelry Corp. US","imageUri":"https://monetizeamex.com/v3/120x60/1ad9241fd8f2dc9307289dcd09e0426b.png","currencyCode":"EUR","defaultDomain":"vanderhoutjewelry.us","domains":["vanderhoutjewelry.us"],"categoryId":73,"description":null,"isActive":true,"countryCodes":["US"],"averageBasketValue":51.92,"averageCommission":1.55,"averageConfirmationTime":null,"averageCancellationRate":null,"minimumCommission":null,"maximumCommission":null,"commissionRates":[{"fixedCommission":null,"percentageCommission":3}],"trackingLink":"https://tatrck.com/h/0Hu30z9R0ujV","createdAt":"2023-12-13T19:50:54.772Z","updatedAt":"2024-08-21T11:37:24.197Z"},{"merchantId":232289,"name":"Refurb-phone.nl NL","imageUri":"https://kqdxc4m5.de/logos_v2/120x60/b60cb296bb3e9a7a03d810f03e11dd94.gif","currencyCode":"EUR","defaultDomain":"refurb-phone.nl","domains":["refurb-phone.nl"],"categoryId":72,"description":null,"isActive":true,"countryCodes":["NL"],"averageBasketValue":198.75,"averageCommission":4.17,"averageConfirmationTime":null,"averageCancellationRate":null,"minimumCommission":null,"maximumCommission":null,"commissionRates":[],"trackingLink":"https://tatrck.com/h/0Hu30z9R0ujX","createdAt":"2023-12-13T19:50:54.873Z","updatedAt":"2024-08-21T11:39:50.426Z"},{"merchantId":232292,"name":"RDN Street Market IT","imageUri":"https://monetizeamex.com/v3/120x60/cebb9ad48baa7f1a194e8705080c8a5e.png","currencyCode":"EUR","defaultDomain":"rdnstreetmarket.it","domains":["rdnstreetmarket.it"],"categoryId":21,"description":null,"isActive":true,"countryCodes":["IT"],"averageBasketValue":56.56,"averageCommission":1.3,"averageConfirmationTime":null,"averageCancellationRate":null,"minimumCommission":3.13,"maximumCommission":3.13,"commissionRates":[],"trackingLink":"https://tatrck.com/h/0Hu30z9R0uja","createdAt":"2023-12-13T19:50:55.772Z","updatedAt":"2024-09-03T17:08:48.009Z"},{"merchantId":232297,"name":"Novomins UK","imageUri":"https://monetizeamex.com/v3/120x60/3a1798d6a35365a037945af9907eba84.png","currencyCode":"EUR","defaultDomain":"novomins.com","domains":["novomins.com"],"categoryId":68,"description":null,"isActive":true,"countryCodes":["GB"],"averageBasketValue":24.47,"averageCommission":1.17,"averageConfirmationTime":null,"averageCancellationRate":null,"minimumCommission":0.31,"maximumCommission":2.96,"commissionRates":[],"trackingLink":"https://tatrck.com/h/0Hu30z9R0ujf","createdAt":"2023-12-13T19:50:56.169Z","updatedAt":"2024-08-21T11:30:41.055Z"},{"merchantId":232302,"name":"Chattels & More AE","imageUri":"https://monetizeamex.com/v3/120x60/63ecf961d53379c5d313849fcf0c3ff8.png","currencyCode":"EUR","defaultDomain":"chattelsandmore.com","domains":["chattelsandmore.com"],"categoryId":34,"description":null,"isActive":true,"countryCodes":["AE"],"averageBasketValue":null,"averageCommission":null,"averageConfirmationTime":null,"averageCancellationRate":null,"minimumCommission":null,"maximumCommission":null,"commissionRates":[{"fixedCommission":null,"percentageCommission":4.2}],"trackingLink":"https://tatrck.com/h/0Hu30z9R0ujk","createdAt":"2023-12-13T19:50:57.276Z","updatedAt":"2024-08-21T11:36:57.108Z"},{"merchantId":232313,"name":"The WOD Life AU","imageUri":"https://monetizeamex.com/v3/120x60/95c73256896d6cfef29210e5edc2230b.png","currencyCode":"EUR","defaultDomain":"thewodlife.com.au","domains":["thewodlife.com.au"],"categoryId":68,"description":null,"isActive":true,"countryCodes":["AU"],"averageBasketValue":35.67,"averageCommission":0.49,"averageConfirmationTime":null,"averageCancellationRate":null,"minimumCommission":0.03,"maximumCommission":2.35,"commissionRates":[],"trackingLink":"https://tatrck.com/h/0Hu30z9R0ujv","createdAt":"2023-12-13T19:51:01.754Z","updatedAt":"2024-09-03T17:03:24.136Z"},{"merchantId":232326,"name":"Invity Pte Ltd US","imageUri":"https://monetizeamex.com/v3/120x60/e0c16a1f8c96fc1e9d1002d2fa737548.png","currencyCode":"EUR","defaultDomain":"myinvity.com","domains":["myinvity.com"],"categoryId":28,"description":null,"isActive":true,"countryCodes":["US"],"averageBasketValue":62.76,"averageCommission":3.76,"averageConfirmationTime":null,"averageCancellationRate":null,"minimumCommission":3.64,"maximumCommission":3.87,"commissionRates":[{"fixedCommission":null,"percentageCommission":6}],"trackingLink":"https://tatrck.com/h/0Hu30z9R0uk6","createdAt":"2023-12-13T19:51:02.847Z","updatedAt":"2024-08-23T15:05:26.973Z"},{"merchantId":232327,"name":"Room 502 Inc US","imageUri":"https://kqdxc4m5.de/logos_v2/120x60/381af78691a35271f9f22c7195002677.gif","currencyCode":"EUR","defaultDomain":"room502.com","domains":["room502.com"],"categoryId":40,"description":null,"isActive":true,"countryCodes":["US"],"averageBasketValue":null,"averageCommission":null,"averageConfirmationTime":null,"averageCancellationRate":null,"minimumCommission":null,"maximumCommission":null,"commissionRates":[{"fixedCommission":null,"percentageCommission":6}],"trackingLink":"https://tatrck.com/h/0Hu30z9R0uk7","createdAt":"2023-12-13T19:51:03.173Z","updatedAt":"2024-08-21T11:29:38.463Z"},{"merchantId":232328,"name":"hudsonest US","imageUri":"https://monetizeamex.com/v3/120x60/fa99d0d069791de4d7f9544e7656738c.png","currencyCode":"EUR","defaultDomain":"hudsonest.com","domains":["hudsonest.com"],"categoryId":74,"description":null,"isActive":true,"countryCodes":["US"],"averageBasketValue":null,"averageCommission":null,"averageConfirmationTime":null,"averageCancellationRate":null,"minimumCommission":null,"maximumCommission":null,"commissionRates":[],"trackingLink":"https://tatrck.com/h/0Hu30z9R0uk8","createdAt":"2023-12-13T19:51:03.369Z","updatedAt":"2024-08-26T09:01:20.968Z"},{"merchantId":232332,"name":"Geboorteplaatje.nl NL","imageUri":"https://kqdxc4m5.de/logos_v2/120x60/4698eb849412dec2956aaa8c65648a8c.gif","currencyCode":"EUR","defaultDomain":"geboorteplaatje.nl","domains":["geboorteplaatje.nl"],"categoryId":47,"description":null,"isActive":true,"countryCodes":["NL"],"averageBasketValue":10.31,"averageCommission":1.08,"averageConfirmationTime":null,"averageCancellationRate":null,"minimumCommission":0.51,"maximumCommission":1.65,"commissionRates":[],"trackingLink":"https://tatrck.com/h/0Hu30z9R0ukC","createdAt":"2023-12-13T19:51:05.269Z","updatedAt":"2024-08-21T11:27:54.482Z"},{"merchantId":232334,"name":"HomeSmiths.ae UAE","imageUri":"https://kqdxc4m5.de/logos_v2/120x60/864681d7f9d98fd5a711a873957821c8.gif","currencyCode":"EUR","defaultDomain":"homesmiths.ae","domains":["homesmiths.ae"],"categoryId":74,"description":null,"isActive":true,"countryCodes":["AE","UA"],"averageBasketValue":84.42,"averageCommission":2.12,"averageConfirmationTime":null,"averageCancellationRate":null,"minimumCommission":0.62,"maximumCommission":1.39,"commissionRates":[],"trackingLink":"https://tatrck.com/h/0Hu30z9R0ukE","createdAt":"2023-12-13T19:51:04.488Z","updatedAt":"2024-08-21T11:39:07.426Z"},{"merchantId":232340,"name":"Neness PL","imageUri":"https://monetizeamex.com/v3/120x60/858ddf9accb75095f55a148bea581380.png","currencyCode":"EUR","defaultDomain":"neness.pl","domains":["neness.pl"],"categoryId":28,"description":null,"isActive":true,"countryCodes":["PL"],"averageBasketValue":21.05,"averageCommission":0.75,"averageConfirmationTime":null,"averageCancellationRate":null,"minimumCommission":0.1,"maximumCommission":3.02,"commissionRates":[],"trackingLink":"https://tatrck.com/h/0Hu30z9R0ukK","createdAt":"2023-12-13T19:51:04.566Z","updatedAt":"2024-09-03T17:07:50.686Z"},{"merchantId":232341,"name":"Plusshop IE","imageUri":"https://monetizeamex.com/v3/120x60/5b419ac0c543eb3e734ebe1b3181270b.png","currencyCode":"EUR","defaultDomain":"plusshop.com","domains":["plusshop.com"],"categoryId":50,"description":null,"isActive":true,"countryCodes":[],"averageBasketValue":16.56,"averageCommission":4.52,"averageConfirmationTime":null,"averageCancellationRate":null,"minimumCommission":4.61,"maximumCommission":4.61,"commissionRates":[],"trackingLink":"https://tatrck.com/h/0Hu30z9R0ukL","createdAt":"2023-12-13T19:51:05.379Z","updatedAt":"2024-09-03T17:09:36.117Z"},{"merchantId":232365,"name":"Devon Windsor US","imageUri":"https://monetizeamex.com/v3/120x60/6858a0bcb5cf17ab5641214dff530777.png","currencyCode":"EUR","defaultDomain":"devonwindsor.com","domains":["devonwindsor.com"],"categoryId":40,"description":null,"isActive":true,"countryCodes":["US"],"averageBasketValue":189.66,"averageCommission":5.68,"averageConfirmationTime":null,"averageCancellationRate":null,"minimumCommission":3.85,"maximumCommission":4.62,"commissionRates":[],"trackingLink":"https://tatrck.com/h/0Hu30z9R0ukj","createdAt":"2023-12-13T19:51:08.792Z","updatedAt":"2024-09-03T17:07:52.398Z"},{"merchantId":232382,"name":"The Centered Student LLC US","imageUri":"https://monetizeamex.com/v3/120x60/936bb9c5a36c2ff8514739bbfe6c2daf.png","currencyCode":"EUR","defaultDomain":"thecenteredstudentplanner.com","domains":["thecenteredstudentplanner.com"],"categoryId":44,"description":null,"isActive":true,"countryCodes":["US"],"averageBasketValue":31.25,"averageCommission":1.87,"averageConfirmationTime":1,"averageCancellationRate":null,"minimumCommission":1.87,"maximumCommission":1.87,"commissionRates":[{"fixedCommission":null,"percentageCommission":1.7999999999999998}],"trackingLink":"https://tatrck.com/h/0Hu30z9R0uk-","createdAt":"2023-12-13T19:51:10.373Z","updatedAt":"2024-08-21T11:29:01.678Z"},{"merchantId":232383,"name":"Tristen Ikaika US","imageUri":"https://monetizeamex.com/v3/120x60/ba6ffd5f2ebc6f3d87fd0437e77905b5.png","currencyCode":"EUR","defaultDomain":"tristenikaika.com","domains":["tristenikaika.com"],"categoryId":40,"description":null,"isActive":true,"countryCodes":["US"],"averageBasketValue":null,"averageCommission":null,"averageConfirmationTime":null,"averageCancellationRate":null,"minimumCommission":null,"maximumCommission":null,"commissionRates":[{"fixedCommission":null,"percentageCommission":7.199999999999999}],"trackingLink":"https://tatrck.com/h/0Hu30z9R0uk_","createdAt":"2023-12-13T19:51:10.391Z","updatedAt":"2024-08-21T11:32:58.548Z"},{"merchantId":232385,"name":"Winnies Picks US","imageUri":"https://monetizeamex.com/v3/120x60/e9fac698f6216ab4d5c71019b4bd9b29.png","currencyCode":"EUR","defaultDomain":"winniespicks.com","domains":["winniespicks.com"],"categoryId":82,"description":null,"isActive":true,"countryCodes":["US"],"averageBasketValue":87.04,"averageCommission":4.17,"averageConfirmationTime":null,"averageCancellationRate":null,"minimumCommission":4.17,"maximumCommission":4.17,"commissionRates":[{"fixedCommission":null,"percentageCommission":6}],"trackingLink":"https://tatrck.com/h/0Hu30z9R0ul1","createdAt":"2023-12-13T19:51:11.482Z","updatedAt":"2024-08-21T11:39:39.914Z"},{"merchantId":232387,"name":"Junger Spross DE","imageUri":"https://kqdxc4m5.de/logos_v2/120x60/9d9e6936c0b21a8f52ea5af3ddd341c2.gif","currencyCode":"EUR","defaultDomain":"junger-spross.com","domains":["junger-spross.com"],"categoryId":70,"description":null,"isActive":true,"countryCodes":["DE"],"averageBasketValue":null,"averageCommission":null,"averageConfirmationTime":null,"averageCancellationRate":null,"minimumCommission":null,"maximumCommission":null,"commissionRates":[{"fixedCommission":null,"percentageCommission":6}],"trackingLink":"https://tatrck.com/h/0Hu30z9R0ul3","createdAt":"2023-12-13T19:51:11.578Z","updatedAt":"2024-08-21T11:34:19.093Z"},{"merchantId":232388,"name":"Kraftgras CH","imageUri":"https://monetizeamex.com/v3/120x60/a7e234e71a3e5188245c1c9eff1837c2.png","currencyCode":"EUR","defaultDomain":"kraftgras.ch","domains":["kraftgras.ch"],"categoryId":35,"description":null,"isActive":true,"countryCodes":["CH"],"averageBasketValue":51.86,"averageCommission":3.11,"averageConfirmationTime":null,"averageCancellationRate":100,"minimumCommission":null,"maximumCommission":null,"commissionRates":[{"fixedCommission":null,"percentageCommission":6}],"trackingLink":"https://tatrck.com/h/0Hu30z9R0ul4","createdAt":"2023-12-13T19:51:13.688Z","updatedAt":"2024-08-21T11:42:23.126Z"},{"merchantId":232437,"name":"La Musa instrumentos ES","imageUri":"https://monetizeamex.com/v3/120x60/3c977cf26c5caa673c03f1e4a989d4cb.png","currencyCode":"EUR","defaultDomain":"lamusainstrumentos.es","domains":["lamusainstrumentos.es"],"categoryId":43,"description":null,"isActive":true,"countryCodes":[],"averageBasketValue":84.72,"averageCommission":1.18,"averageConfirmationTime":1,"averageCancellationRate":null,"minimumCommission":8.17,"maximumCommission":8.17,"commissionRates":[{"fixedCommission":null,"percentageCommission":1.26}],"trackingLink":"https://tatrck.com/h/0Hu30z9R0ulr","createdAt":"2023-12-13T19:51:21.774Z","updatedAt":"2024-08-28T05:54:01.069Z"},{"merchantId":232438,"name":"Lu Bella Jewellery UK","imageUri":"https://monetizeamex.com/v3/120x60/c39006c620ed6877cf19a4d6c137cdef.png","currencyCode":"EUR","defaultDomain":"lubella.co.uk","domains":["lubella.co.uk"],"categoryId":40,"description":null,"isActive":true,"countryCodes":["GB"],"averageBasketValue":null,"averageCommission":null,"averageConfirmationTime":null,"averageCancellationRate":null,"minimumCommission":null,"maximumCommission":null,"commissionRates":[],"trackingLink":"https://tatrck.com/h/0Hu30z9R0uls","createdAt":"2023-12-13T19:51:23.975Z","updatedAt":"2024-09-03T17:07:32.683Z"},{"merchantId":232450,"name":"Delta Munchies LLC. US","imageUri":"https://monetizeamex.com/v3/120x60/8c1b6d083fcdd46ee3a525aab85eb266.png","currencyCode":"EUR","defaultDomain":"deltamunchies.com","domains":["deltamunchies.com"],"categoryId":14,"description":null,"isActive":true,"countryCodes":["US"],"averageBasketValue":59.74,"averageCommission":7.44,"averageConfirmationTime":7,"averageCancellationRate":2.5,"minimumCommission":2.24,"maximumCommission":12.86,"commissionRates":[{"fixedCommission":null,"percentageCommission":12}],"trackingLink":"https://tatrck.com/h/0Hu30z9R0um2","createdAt":"2023-12-13T19:51:24.572Z","updatedAt":"2024-09-03T05:36:08.569Z"},{"merchantId":232451,"name":"I.N.D.Y SUNGLASSES LLC US","imageUri":"https://monetizeamex.com/v3/120x60/fdbca68094565d050f7efd194b519b5c.png","currencyCode":"EUR","defaultDomain":"storebyindy.com","domains":["storebyindy.com"],"categoryId":40,"description":null,"isActive":true,"countryCodes":["US"],"averageBasketValue":null,"averageCommission":null,"averageConfirmationTime":null,"averageCancellationRate":null,"minimumCommission":null,"maximumCommission":null,"commissionRates":[{"fixedCommission":null,"percentageCommission":9}],"trackingLink":"https://tatrck.com/h/0Hu30z9R0um3","createdAt":"2023-12-13T19:51:24.876Z","updatedAt":"2024-08-21T11:42:47.732Z"},{"merchantId":232453,"name":"VigorPool INC US","imageUri":"https://monetizeamex.com/v3/120x60/531d8a559cc05e114902c5261702ac81.png","currencyCode":"EUR","defaultDomain":"vigorpool.com","domains":["vigorpool.com"],"categoryId":51,"description":null,"isActive":true,"countryCodes":["US"],"averageBasketValue":null,"averageCommission":null,"averageConfirmationTime":null,"averageCancellationRate":null,"minimumCommission":null,"maximumCommission":null,"commissionRates":[{"fixedCommission":null,"percentageCommission":4.2}],"trackingLink":"https://tatrck.com/h/0Hu30z9R0um5","createdAt":"2023-12-13T19:51:25.389Z","updatedAt":"2024-08-21T11:45:18.889Z"},{"merchantId":232454,"name":"Wyze US","imageUri":"https://kqdxc4m5.de/logos_v2/120x60/2e1dfd309ef8c9121f9887e6d55e2042.gif","currencyCode":"EUR","defaultDomain":"wyze.com","domains":["wyze.com"],"categoryId":64,"description":null,"isActive":true,"countryCodes":["US"],"averageBasketValue":3.22,"averageCommission":1.79,"averageConfirmationTime":null,"averageCancellationRate":null,"minimumCommission":4.7,"maximumCommission":4.7,"commissionRates":[{"fixedCommission":null,"percentageCommission":2.4},{"fixedCommission":null,"percentageCommission":6}],"trackingLink":"https://tatrck.com/h/0Hu30z9R0um6","createdAt":"2023-12-13T19:51:25.471Z","updatedAt":"2024-08-21T11:42:52.305Z"},{"merchantId":232456,"name":"Infobus [CPS] BY","imageUri":"https://kqdxc4m5.de/logos_v2/120x60/310ba34acc20ecd99dad70126a277e89.gif","currencyCode":"EUR","defaultDomain":"infobus.by","domains":["infobus.by"],"categoryId":63,"description":null,"isActive":true,"countryCodes":["BY"],"averageBasketValue":30.63,"averageCommission":0.64,"averageConfirmationTime":34,"averageCancellationRate":3.2,"minimumCommission":0.02,"maximumCommission":2.22,"commissionRates":[{"fixedCommission":null,"percentageCommission":2.1}],"trackingLink":"https://tatrck.com/h/0Hu30z9R0um8","createdAt":"2023-12-13T19:51:25.883Z","updatedAt":"2024-09-03T05:50:08.004Z"},{"merchantId":232471,"name":"JYLOR FR","imageUri":"https://monetizeamex.com/v3/120x60/3f953712e7daf9797f309b9820fac072.png","currencyCode":"EUR","defaultDomain":"jylor.com","domains":["jylor.com"],"categoryId":28,"description":null,"isActive":true,"countryCodes":["FR"],"averageBasketValue":null,"averageCommission":null,"averageConfirmationTime":null,"averageCancellationRate":null,"minimumCommission":null,"maximumCommission":null,"commissionRates":[],"trackingLink":"https://tatrck.com/h/0Hu30z9R0umN","createdAt":"2023-12-13T19:51:31.064Z","updatedAt":"2024-09-03T17:08:30.263Z"},{"merchantId":232473,"name":"MiiN Cosmetics FR","imageUri":"https://monetizeamex.com/v3/120x60/1b5cecf10cc1be05b3d80f4e7674db7d.png","currencyCode":"EUR","defaultDomain":"miin-cosmetics.fr","domains":["miin-cosmetics.fr"],"categoryId":28,"description":null,"isActive":true,"countryCodes":["FR"],"averageBasketValue":53.65,"averageCommission":2.09,"averageConfirmationTime":28,"averageCancellationRate":null,"minimumCommission":1.35,"maximumCommission":1.35,"commissionRates":[],"trackingLink":"https://tatrck.com/h/0Hu30z9R0umP","createdAt":"2023-12-13T19:51:31.675Z","updatedAt":"2024-09-03T17:09:38.917Z"},{"merchantId":232483,"name":"Rupi PL CPS","imageUri":"https://kqdxc4m5.de/logos_v2/120x60/b36d0782c678a09ce9b4c52f04f63599.gif","currencyCode":"EUR","defaultDomain":"rupi.pl","domains":["rupi.pl"],"categoryId":21,"description":null,"isActive":true,"countryCodes":["PL"],"averageBasketValue":null,"averageCommission":22.73,"averageConfirmationTime":null,"averageCancellationRate":null,"minimumCommission":22.73,"maximumCommission":22.73,"commissionRates":[],"trackingLink":"https://tatrck.com/h/0Hu30z9R0umZ","createdAt":"2023-12-13T19:51:32.676Z","updatedAt":"2024-09-03T05:43:44.281Z"},{"merchantId":232498,"name":"Fotografiska UK GB","imageUri":"https://monetizeamex.com/v3/120x60/c3bd6c792d408c84b0d3da496eb85261.png","currencyCode":"EUR","defaultDomain":"fotografiska.com","domains":["fotografiska.com"],"categoryId":82,"description":null,"isActive":true,"countryCodes":["SE","CA","US","IE","GB","DE"],"averageBasketValue":23.64,"averageCommission":2.02,"averageConfirmationTime":8,"averageCancellationRate":null,"minimumCommission":0.55,"maximumCommission":0.55,"commissionRates":[{"fixedCommission":null,"percentageCommission":9},{"fixedCommission":null,"percentageCommission":9},{"fixedCommission":null,"percentageCommission":9},{"fixedCommission":null,"percentageCommission":12},{"fixedCommission":null,"percentageCommission":12},{"fixedCommission":null,"percentageCommission":12},{"fixedCommission":null,"percentageCommission":12},{"fixedCommission":null,"percentageCommission":9},{"fixedCommission":null,"percentageCommission":9},{"fixedCommission":null,"percentageCommission":9}],"trackingLink":"https://tatrck.com/h/0Hu30z9R0umo","createdAt":"2023-12-13T19:51:34.085Z","updatedAt":"2024-09-02T05:54:52.698Z"},{"merchantId":232503,"name":"Universal Web Design GB","imageUri":"https://kqdxc4m5.de/logos_v2/120x60/3493adbcc2d9234fbf4ba35787b81dab.gif","currencyCode":"EUR","defaultDomain":"universalwebdesign.co.uk","domains":["universalwebdesign.co.uk"],"categoryId":50,"description":null,"isActive":true,"countryCodes":["GB"],"averageBasketValue":null,"averageCommission":null,"averageConfirmationTime":null,"averageCancellationRate":null,"minimumCommission":null,"maximumCommission":null,"commissionRates":[{"fixedCommission":null,"percentageCommission":6}],"trackingLink":"https://tatrck.com/h/0Hu30z9R0umt","createdAt":"2023-12-13T19:51:35.793Z","updatedAt":"2024-08-21T11:30:21.075Z"},{"merchantId":232512,"name":"Atlantis Sleep AU","imageUri":"https://kqdxc4m5.de/logos_v2/120x60/ae74d22837683521ca9d1505b432b153.gif","currencyCode":"EUR","defaultDomain":"atlantissleep.com.au","domains":["atlantissleep.com.au"],"categoryId":34,"description":null,"isActive":true,"countryCodes":["AU"],"averageBasketValue":null,"averageCommission":null,"averageConfirmationTime":null,"averageCancellationRate":null,"minimumCommission":null,"maximumCommission":null,"commissionRates":[{"fixedCommission":null,"percentageCommission":3}],"trackingLink":"https://tatrck.com/h/0Hu30z9R0un0","createdAt":"2023-12-13T19:51:38.180Z","updatedAt":"2024-09-03T17:08:36.788Z"},{"merchantId":232531,"name":"Monument US","imageUri":"https://monetizeamex.com/v3/120x60/a2ff7c89133170932b452fad581b1feb.png","currencyCode":"EUR","defaultDomain":"monumentgrills.com","domains":["monumentgrills.com"],"categoryId":55,"description":null,"isActive":true,"countryCodes":["US"],"averageBasketValue":null,"averageCommission":null,"averageConfirmationTime":null,"averageCancellationRate":null,"minimumCommission":null,"maximumCommission":null,"commissionRates":[{"fixedCommission":null,"percentageCommission":3}],"trackingLink":"https://tatrck.com/h/0Hu30z9R0unJ","createdAt":"2023-12-13T19:51:45.074Z","updatedAt":"2024-09-03T09:01:05.282Z"},{"merchantId":232533,"name":"NuBest US","imageUri":"https://monetizeamex.com/v3/120x60/b2d40ed016e2711ac01ada5f42964287.png","currencyCode":"EUR","defaultDomain":"nubest.com","domains":["nubest.com"],"categoryId":35,"description":null,"isActive":true,"countryCodes":["US"],"averageBasketValue":125.34,"averageCommission":4.35,"averageConfirmationTime":null,"averageCancellationRate":75,"minimumCommission":7.44,"maximumCommission":7.44,"commissionRates":[{"fixedCommission":null,"percentageCommission":6}],"trackingLink":"https://tatrck.com/h/0Hu30z9R0unL","createdAt":"2023-12-13T19:51:44.086Z","updatedAt":"2024-08-21T11:43:53.629Z"},{"merchantId":232535,"name":"Orlo Nutrition US","imageUri":"https://monetizeamex.com/v3/120x60/5854769fc8a141a7a807bf7d42728cb9.png","currencyCode":"EUR","defaultDomain":"orlonutrition.com","domains":["orlonutrition.com"],"categoryId":68,"description":null,"isActive":true,"countryCodes":["US"],"averageBasketValue":31.61,"averageCommission":3.79,"averageConfirmationTime":1,"averageCancellationRate":null,"minimumCommission":3.79,"maximumCommission":3.79,"commissionRates":[{"fixedCommission":null,"percentageCommission":12}],"trackingLink":"https://tatrck.com/h/0Hu30z9R0unN","createdAt":"2023-12-13T19:51:44.866Z","updatedAt":"2024-08-21T11:39:09.065Z"},{"merchantId":232538,"name":"Phoenix Star Glass US","imageUri":"https://monetizeamex.com/v3/120x60/59b20e0d914930b183af9261d36a99ce.png","currencyCode":"EUR","defaultDomain":"phoenixstarglass.com","domains":["phoenixstarglass.com"],"categoryId":57,"description":null,"isActive":true,"countryCodes":["US"],"averageBasketValue":null,"averageCommission":null,"averageConfirmationTime":null,"averageCancellationRate":null,"minimumCommission":null,"maximumCommission":null,"commissionRates":[{"fixedCommission":null,"percentageCommission":6}],"trackingLink":"https://tatrck.com/h/0Hu30z9R0unQ","createdAt":"2023-12-13T19:51:46.670Z","updatedAt":"2024-08-21T11:35:18.714Z"},{"merchantId":232539,"name":"Phone Daddy US","imageUri":"https://monetizeamex.com/v3/120x60/b7b7165ef2fa600b218ccaf232ddaf16.png","currencyCode":"EUR","defaultDomain":"phonedaddy.com","domains":["phonedaddy.com"],"categoryId":77,"description":null,"isActive":true,"countryCodes":["US"],"averageBasketValue":427.82,"averageCommission":6.41,"averageConfirmationTime":1,"averageCancellationRate":null,"minimumCommission":2.28,"maximumCommission":2.28,"commissionRates":[{"fixedCommission":null,"percentageCommission":1.5}],"trackingLink":"https://tatrck.com/h/0Hu30z9R0unR","createdAt":"2023-12-13T19:51:45.976Z","updatedAt":"2024-08-21T11:28:55.177Z"},{"merchantId":232543,"name":"Reppa AT DE","imageUri":"https://monetizeamex.com/v3/120x60/590edf00637f703ae053254b2ed2fd3c.png","currencyCode":"EUR","defaultDomain":"reppa.at","domains":["reppa.at"],"categoryId":77,"description":null,"isActive":true,"countryCodes":["DE"],"averageBasketValue":null,"averageCommission":null,"averageConfirmationTime":null,"averageCancellationRate":null,"minimumCommission":null,"maximumCommission":null,"commissionRates":[],"trackingLink":"https://tatrck.com/h/0Hu30z9R0unV","createdAt":"2023-12-13T19:51:47.070Z","updatedAt":"2024-08-21T11:35:41.337Z"},{"merchantId":232565,"name":"petlandshop.com PT","imageUri":"https://monetizeamex.com/v3/120x60/4dcefe5cc426e45f85b9ec640f5bf0aa.png","currencyCode":"EUR","defaultDomain":"petlandshop.com","domains":["petlandshop.com"],"categoryId":61,"description":null,"isActive":true,"countryCodes":["PT"],"averageBasketValue":null,"averageCommission":0.03,"averageConfirmationTime":1,"averageCancellationRate":null,"minimumCommission":null,"maximumCommission":null,"commissionRates":[],"trackingLink":"https://tatrck.com/h/0Hu30z9R0unr","createdAt":"2023-12-13T19:51:52.174Z","updatedAt":"2024-08-26T09:01:36.522Z"},{"merchantId":232573,"name":"Tenstickers.be BE","imageUri":"https://kqdxc4m5.de/logos_v2/120x60/e9d96d9ec349984e0724b25640aaa0e3.gif","currencyCode":"EUR","defaultDomain":"tenstickers.be","domains":["tenstickers.be"],"categoryId":74,"description":null,"isActive":true,"countryCodes":["BE"],"averageBasketValue":null,"averageCommission":null,"averageConfirmationTime":null,"averageCancellationRate":null,"minimumCommission":null,"maximumCommission":null,"commissionRates":[],"trackingLink":"https://tatrck.com/h/0Hu30z9R0unz","createdAt":"2023-12-13T19:51:53.173Z","updatedAt":"2024-08-21T11:39:06.833Z"},{"merchantId":232585,"name":"Meilleurtaux Solutions FR","imageUri":"https://monetizeamex.com/v3/120x60/325c11e46a6ca38c357c3687e65402a8.png","currencyCode":"EUR","defaultDomain":"meilleurtaux.com","domains":["meilleurtaux.com"],"categoryId":30,"description":null,"isActive":true,"countryCodes":["FR"],"averageBasketValue":null,"averageCommission":null,"averageConfirmationTime":null,"averageCancellationRate":null,"minimumCommission":null,"maximumCommission":null,"commissionRates":[],"trackingLink":"https://tatrck.com/h/0Hu30z9R0uo9","createdAt":"2023-12-13T19:51:55.874Z","updatedAt":"2024-08-22T02:00:25.464Z"},{"merchantId":232595,"name":"Alas Silk","imageUri":"https://monetizeamex.com/v3/120x60/52ec60ebb2ed9aafd2fb71a9f9df7efd.png","currencyCode":"EUR","defaultDomain":"alassilk.com","domains":["alassilk.com"],"categoryId":40,"description":null,"isActive":true,"countryCodes":["DE"],"averageBasketValue":null,"averageCommission":0,"averageConfirmationTime":1,"averageCancellationRate":null,"minimumCommission":null,"maximumCommission":null,"commissionRates":[],"trackingLink":"https://tatrck.com/h/0Hu30z9R0uoJ","createdAt":"2023-12-13T19:51:58.867Z","updatedAt":"2024-09-03T17:06:18.258Z"},{"merchantId":232596,"name":"At Home US","imageUri":"https://monetizeamex.com/v3/120x60/e15316f5a4c73c01d7caf5924da574fd.png","currencyCode":"EUR","defaultDomain":"athome.com","domains":["athome.com"],"categoryId":34,"description":null,"isActive":true,"countryCodes":["US"],"averageBasketValue":75.93,"averageCommission":1.33,"averageConfirmationTime":null,"averageCancellationRate":null,"minimumCommission":0.14,"maximumCommission":3.75,"commissionRates":[{"fixedCommission":null,"percentageCommission":1.44}],"trackingLink":"https://tatrck.com/h/0Hu30z9R0uoK","createdAt":"2023-12-13T19:51:58.267Z","updatedAt":"2024-09-03T17:07:48.295Z"},{"merchantId":232600,"name":"House of Knives CA","imageUri":"https://kqdxc4m5.de/logos_v2/120x60/ec8be44ae2bc5874f1c15d3fdb7b8e86.gif","currencyCode":"EUR","defaultDomain":"houseofknives.ca","domains":["houseofknives.ca"],"categoryId":65,"description":null,"isActive":true,"countryCodes":["CA"],"averageBasketValue":102.12,"averageCommission":0.1,"averageConfirmationTime":null,"averageCancellationRate":93.3,"minimumCommission":1.63,"maximumCommission":1.63,"commissionRates":[{"fixedCommission":null,"percentageCommission":0.96}],"trackingLink":"https://tatrck.com/h/0Hu30z9R0uoO","createdAt":"2023-12-13T19:51:59.571Z","updatedAt":"2024-09-03T17:03:23.374Z"},{"merchantId":232601,"name":"SUNNYLiFE US AU","imageUri":"https://monetizeamex.com/v3/120x60/ccdc8868357e8de20ca678fb3b0d952c.png","currencyCode":"EUR","defaultDomain":"sunnylife.com","domains":["sunnylife.com"],"categoryId":53,"description":null,"isActive":true,"countryCodes":["AU","US"],"averageBasketValue":56.96,"averageCommission":1.74,"averageConfirmationTime":null,"averageCancellationRate":33.3,"minimumCommission":3.75,"maximumCommission":3.75,"commissionRates":[],"trackingLink":"https://tatrck.com/h/0Hu30z9R0uoP","createdAt":"2023-12-13T19:52:01.392Z","updatedAt":"2024-09-03T17:03:57.531Z"},{"merchantId":232602,"name":"Urban Skin Rx US","imageUri":"https://monetizeamex.com/v3/120x60/ebb9bca1c3f40cbdccc8065082d6ad9a.png","currencyCode":"EUR","defaultDomain":"urbanskinrx.com","domains":["urbanskinrx.com"],"categoryId":28,"description":null,"isActive":true,"countryCodes":["US"],"averageBasketValue":61.06,"averageCommission":0.73,"averageConfirmationTime":null,"averageCancellationRate":null,"minimumCommission":0.78,"maximumCommission":0.78,"commissionRates":[],"trackingLink":"https://tatrck.com/h/0Hu30z9R0uoQ","createdAt":"2023-12-13T19:52:00.526Z","updatedAt":"2024-09-03T17:04:18.805Z"},{"merchantId":232624,"name":"PMT GB","imageUri":"https://kqdxc4m5.de/logos_v2/120x60/72257f0aa02ed4b4c6a348040ac4653c.gif","currencyCode":"EUR","defaultDomain":"pmtonline.co.uk","domains":["pmtonline.co.uk"],"categoryId":43,"description":null,"isActive":true,"countryCodes":["GB"],"averageBasketValue":226.89,"averageCommission":2.85,"averageConfirmationTime":59,"averageCancellationRate":null,"minimumCommission":0.04,"maximumCommission":14.13,"commissionRates":[{"fixedCommission":null,"percentageCommission":1.2}],"trackingLink":"https://tatrck.com/h/0Hu30z9R0uom","createdAt":"2023-12-13T19:52:02.769Z","updatedAt":"2024-09-03T05:43:04.642Z"},{"merchantId":232633,"name":"EKRauto US","imageUri":"https://monetizeamex.com/v3/120x60/5177d5f1986069af64f3c2fd52dff328.png","currencyCode":"EUR","defaultDomain":"ekrauto.com","domains":["ekrauto.com"],"categoryId":21,"description":null,"isActive":true,"countryCodes":["US"],"averageBasketValue":null,"averageCommission":null,"averageConfirmationTime":null,"averageCancellationRate":null,"minimumCommission":null,"maximumCommission":null,"commissionRates":[{"fixedCommission":null,"percentageCommission":1.2}],"trackingLink":"https://tatrck.com/h/0Hu30z9R0uov","createdAt":"2023-12-13T19:52:04.884Z","updatedAt":"2024-08-21T11:39:39.903Z"},{"merchantId":232634,"name":"FairRC US","imageUri":"https://monetizeamex.com/v3/120x60/12283768a1bfa7e84e97d75cf78c53d8.png","currencyCode":"EUR","defaultDomain":"fairrc.com","domains":["fairrc.com"],"categoryId":70,"description":null,"isActive":true,"countryCodes":["US"],"averageBasketValue":104.42,"averageCommission":3.13,"averageConfirmationTime":1,"averageCancellationRate":null,"minimumCommission":0.42,"maximumCommission":5.93,"commissionRates":[{"fixedCommission":null,"percentageCommission":3}],"trackingLink":"https://tatrck.com/h/0Hu30z9R0uow","createdAt":"2023-12-13T19:52:05.089Z","updatedAt":"2024-08-21T11:30:35.668Z"},{"merchantId":232635,"name":"FaithHeart Jewelry Co Ltd US","imageUri":"https://monetizeamex.com/v3/120x60/76307405f3a1a0ef8949558149b52a05.png","currencyCode":"EUR","defaultDomain":"faithheart-jewelry.com","domains":["faithheart-jewelry.com"],"categoryId":40,"description":null,"isActive":true,"countryCodes":[],"averageBasketValue":21.34,"averageCommission":1.85,"averageConfirmationTime":null,"averageCancellationRate":null,"minimumCommission":2.68,"maximumCommission":2.68,"commissionRates":[{"fixedCommission":null,"percentageCommission":9}],"trackingLink":"https://tatrck.com/h/0Hu30z9R0uox","createdAt":"2023-12-13T19:52:05.582Z","updatedAt":"2024-08-30T11:01:03.831Z"},{"merchantId":232637,"name":"Ollie Jay US","imageUri":"https://monetizeamex.com/v3/120x60/7c653e02612a4d4fd215fa4038bc3e2d.png","currencyCode":"EUR","defaultDomain":"olliejayofficial.com","domains":["olliejayofficial.com"],"categoryId":40,"description":null,"isActive":true,"countryCodes":["US"],"averageBasketValue":null,"averageCommission":null,"averageConfirmationTime":null,"averageCancellationRate":null,"minimumCommission":null,"maximumCommission":null,"commissionRates":[{"fixedCommission":null,"percentageCommission":12}],"trackingLink":"https://tatrck.com/h/0Hu30z9R0uoz","createdAt":"2023-12-13T19:52:05.882Z","updatedAt":"2024-08-21T11:45:43.151Z"},{"merchantId":232638,"name":"Puppington US","imageUri":"https://kqdxc4m5.de/logos_v2/120x60/ed21f5e58d809cdb65edc004d4b4af1d.gif","currencyCode":"EUR","defaultDomain":"puppington.co","domains":["puppington.co"],"categoryId":61,"description":null,"isActive":true,"countryCodes":["US"],"averageBasketValue":null,"averageCommission":null,"averageConfirmationTime":null,"averageCancellationRate":null,"minimumCommission":null,"maximumCommission":null,"commissionRates":[{"fixedCommission":null,"percentageCommission":6}],"trackingLink":"https://tatrck.com/h/0Hu30z9R0uo-","createdAt":"2023-12-13T19:52:06.265Z","updatedAt":"2024-08-21T11:39:49.041Z"},{"merchantId":232640,"name":"Rusted Orange Craftworks Co. US","imageUri":"https://monetizeamex.com/v3/120x60/14c7df33417ccf16681d823d8af370d3.png","currencyCode":"EUR","defaultDomain":"rustedorange.com","domains":["rustedorange.com"],"categoryId":74,"description":null,"isActive":true,"countryCodes":["US"],"averageBasketValue":18.74,"averageCommission":0.55,"averageConfirmationTime":null,"averageCancellationRate":null,"minimumCommission":0.87,"maximumCommission":0.87,"commissionRates":[{"fixedCommission":null,"percentageCommission":3}],"trackingLink":"https://tatrck.com/h/0Hu30z9R0up0","createdAt":"2023-12-13T19:52:08.280Z","updatedAt":"2024-08-21T11:43:54.851Z"},{"merchantId":232642,"name":"Wedding Hashers US","imageUri":"https://monetizeamex.com/v3/120x60/fb3b7baadbc9e0d7b4d373ae06945bb5.png","currencyCode":"EUR","defaultDomain":"weddinghashers.com","domains":["weddinghashers.com"],"categoryId":80,"description":null,"isActive":true,"countryCodes":["US"],"averageBasketValue":29.48,"averageCommission":5.65,"averageConfirmationTime":null,"averageCancellationRate":null,"minimumCommission":3.33,"maximumCommission":8.97,"commissionRates":[{"fixedCommission":null,"percentageCommission":14.399999999999999}],"trackingLink":"https://tatrck.com/h/0Hu30z9R0up2","createdAt":"2023-12-13T19:52:07.577Z","updatedAt":"2024-09-02T05:53:33.321Z"},{"merchantId":232643,"name":"Wurkin Stiffs US","imageUri":"https://monetizeamex.com/v3/120x60/788c295784e9c199687db19c057a516b.png","currencyCode":"EUR","defaultDomain":"wurkinstiffs.com","domains":["wurkinstiffs.com"],"categoryId":40,"description":null,"isActive":true,"countryCodes":["US"],"averageBasketValue":39.78,"averageCommission":4.77,"averageConfirmationTime":1,"averageCancellationRate":null,"minimumCommission":2,"maximumCommission":2,"commissionRates":[{"fixedCommission":null,"percentageCommission":12}],"trackingLink":"https://tatrck.com/h/0Hu30z9R0up3","createdAt":"2023-12-13T19:52:08.169Z","updatedAt":"2024-08-21T11:31:10.194Z"},{"merchantId":232646,"name":"Atelier Goldner","imageUri":"https://monetizeamex.com/v3/120x60/a91104e8eaf1cd2ff7c4bf5993bf203f.png","currencyCode":"EUR","defaultDomain":"goldner-fashion.com","domains":["goldner-fashion.com"],"categoryId":40,"description":null,"isActive":true,"countryCodes":["NL","FR","CH","BE","AT","DE"],"averageBasketValue":160.91,"averageCommission":6.93,"averageConfirmationTime":null,"averageCancellationRate":null,"minimumCommission":5.7,"maximumCommission":14.13,"commissionRates":[{"fixedCommission":null,"percentageCommission":4.2},{"fixedCommission":null,"percentageCommission":6},{"fixedCommission":0.6,"percentageCommission":null}],"trackingLink":"https://tatrck.com/h/0Hu30z9R0up6","createdAt":"2023-12-13T19:52:09.264Z","updatedAt":"2024-09-03T17:09:30.775Z"},{"merchantId":232647,"name":"Cosmetify UK","imageUri":"https://monetizeamex.com/v3/120x60/467bab5d6cd5479f3d985b5a0da45dc3.png","currencyCode":"EUR","defaultDomain":"cosmetify.com","domains":["cosmetify.com"],"categoryId":28,"description":null,"isActive":true,"countryCodes":["GB"],"averageBasketValue":77.25,"averageCommission":1.11,"averageConfirmationTime":29,"averageCancellationRate":null,"minimumCommission":0.46,"maximumCommission":3.54,"commissionRates":[],"trackingLink":"https://tatrck.com/h/0Hu30z9R0up7","createdAt":"2023-12-13T19:52:09.777Z","updatedAt":"2024-09-03T17:08:44.422Z"},{"merchantId":232655,"name":"Dime Optics US","imageUri":"https://monetizeamex.com/v3/120x60/d147e322081a9f8a2a49ab1033cfef13.png","currencyCode":"EUR","defaultDomain":"dimeoptics.com","domains":["dimeoptics.com"],"categoryId":40,"description":null,"isActive":true,"countryCodes":["US"],"averageBasketValue":null,"averageCommission":null,"averageConfirmationTime":null,"averageCancellationRate":null,"minimumCommission":null,"maximumCommission":null,"commissionRates":[{"fixedCommission":null,"percentageCommission":3}],"trackingLink":"https://tatrck.com/h/0Hu30z9R0upF","createdAt":"2023-12-13T19:52:10.979Z","updatedAt":"2024-08-21T11:29:34.347Z"},{"merchantId":232658,"name":"FaderPro","imageUri":"https://monetizeamex.com/v3/120x60/b86ed47a660156483575ddae408b6c20.png","currencyCode":"EUR","defaultDomain":"faderpro.com","domains":["faderpro.com"],"categoryId":43,"description":null,"isActive":true,"countryCodes":[],"averageBasketValue":10.04,"averageCommission":0.6,"averageConfirmationTime":null,"averageCancellationRate":28.6,"minimumCommission":null,"maximumCommission":null,"commissionRates":[{"fixedCommission":null,"percentageCommission":6},{"fixedCommission":null,"percentageCommission":6}],"trackingLink":"https://tatrck.com/h/0Hu30z9R0upI","createdAt":"2023-12-13T19:52:13.186Z","updatedAt":"2024-08-29T05:53:01.282Z"},{"merchantId":232662,"name":"TrueFire","imageUri":"https://kqdxc4m5.de/logos_v2/120x60/86ba211d4dd963510652d999d697d7c9.gif","currencyCode":"EUR","defaultDomain":"truefire.com","domains":["truefire.com"],"categoryId":44,"description":null,"isActive":true,"countryCodes":["AU"],"averageBasketValue":24.56,"averageCommission":2.37,"averageConfirmationTime":42,"averageCancellationRate":14.4,"minimumCommission":0.25,"maximumCommission":5.07,"commissionRates":[{"fixedCommission":null,"percentageCommission":6}],"trackingLink":"https://tatrck.com/h/0Hu30z9R0upM","createdAt":"2023-12-13T19:52:11.980Z","updatedAt":"2024-09-03T05:54:18.615Z"},{"merchantId":232668,"name":"www.pnhome.com","imageUri":"https://monetizeamex.com/v3/120x60/f89ef1907e760adbf9fc31eb2bf1d8c3.png","currencyCode":"EUR","defaultDomain":"pnhome.com","domains":["pnhome.com"],"categoryId":34,"description":null,"isActive":true,"countryCodes":[],"averageBasketValue":null,"averageCommission":null,"averageConfirmationTime":null,"averageCancellationRate":null,"minimumCommission":null,"maximumCommission":null,"commissionRates":[{"fixedCommission":null,"percentageCommission":3.5999999999999996}],"trackingLink":"https://tatrck.com/h/0Hu30z9R0upS","createdAt":"2023-12-13T19:52:13.066Z","updatedAt":"2024-08-21T11:34:11.858Z"},{"merchantId":232679,"name":"Snapmaker","imageUri":"https://monetizeamex.com/v3/120x60/4bf45002a36cbc9bb1e34066cad802dd.png","currencyCode":"EUR","defaultDomain":"us.snapmaker.com","domains":["eu.snapmaker.com","us.snapmaker.com"],"categoryId":50,"description":null,"isActive":true,"countryCodes":["AU"],"averageBasketValue":371.53,"averageCommission":11.14,"averageConfirmationTime":null,"averageCancellationRate":null,"minimumCommission":20.31,"maximumCommission":20.31,"commissionRates":[],"trackingLink":"https://tatrck.com/h/0Hu30z9R0upd","createdAt":"2023-12-13T19:52:15.491Z","updatedAt":"2024-08-31T00:02:00.999Z"},{"merchantId":232681,"name":"The Cauldron","imageUri":"https://kqdxc4m5.de/logos_v2/120x60/1ab2c5e3ebca1bb5b2d9106cd40b1470.gif","currencyCode":"EUR","defaultDomain":"thecauldron.io","domains":["thecauldron.io"],"categoryId":63,"description":null,"isActive":true,"countryCodes":[],"averageBasketValue":107.52,"averageCommission":2.82,"averageConfirmationTime":58,"averageCancellationRate":null,"minimumCommission":2.53,"maximumCommission":8.86,"commissionRates":[],"trackingLink":"https://tatrck.com/h/0Hu30z9R0upf","createdAt":"2023-12-13T19:52:15.470Z","updatedAt":"2024-08-15T05:36:09.490Z"},{"merchantId":232698,"name":"Réglo SOS Photos FR","imageUri":"https://monetizeamex.com/v3/120x60/4fe69cd1f79d5dea60b798a9f098c987.png","currencyCode":"EUR","defaultDomain":"reglososphotos.fr","domains":["reglososphotos.fr"],"categoryId":80,"description":null,"isActive":true,"countryCodes":["FR"],"averageBasketValue":null,"averageCommission":null,"averageConfirmationTime":null,"averageCancellationRate":null,"minimumCommission":null,"maximumCommission":null,"commissionRates":[{"fixedCommission":9,"percentageCommission":null}],"trackingLink":"https://tatrck.com/h/0Hu30z9R0upw","createdAt":"2023-12-13T19:52:17.497Z","updatedAt":"2024-08-15T09:12:44.495Z"},{"merchantId":232701,"name":"Vevor ES","imageUri":"https://kqdxc4m5.de/logos_v2/120x60/3978b117bb51559af778ce43914da39f.gif","currencyCode":"EUR","defaultDomain":"vevor.es","domains":["vevor.es"],"categoryId":50,"description":null,"isActive":true,"countryCodes":["ES"],"averageBasketValue":433.46,"averageCommission":4.5,"averageConfirmationTime":36,"averageCancellationRate":5.1,"minimumCommission":0.96,"maximumCommission":14.59,"commissionRates":[{"fixedCommission":null,"percentageCommission":0.6},{"fixedCommission":null,"percentageCommission":1.7999999999999998}],"trackingLink":"https://tatrck.com/h/0Hu30z9R0upz","createdAt":"2023-12-13T19:52:17.568Z","updatedAt":"2024-08-30T05:57:16.532Z"},{"merchantId":232703,"name":"cecile.co.jp JP","imageUri":"https://monetizeamex.com/v3/120x60/426253a3aa0972416bf7734c1f255462.png","currencyCode":"EUR","defaultDomain":"cecile.co.jp","domains":["cecile.co.jp"],"categoryId":21,"description":null,"isActive":true,"countryCodes":["JP"],"averageBasketValue":null,"averageCommission":null,"averageConfirmationTime":null,"averageCancellationRate":null,"minimumCommission":null,"maximumCommission":null,"commissionRates":[],"trackingLink":"https://tatrck.com/h/0Hu30z9R0up_","createdAt":"2023-12-13T19:52:17.475Z","updatedAt":"2024-08-21T11:34:10.392Z"},{"merchantId":232715,"name":"Titan Attachments","imageUri":"https://kqdxc4m5.de/logos_v2/120x60/706aad1470657a7795ecf211fb03a128.gif","currencyCode":"EUR","defaultDomain":"palletforks.com","domains":["palletforks.com"],"categoryId":74,"description":null,"isActive":true,"countryCodes":["US"],"averageBasketValue":510.81,"averageCommission":12.03,"averageConfirmationTime":41,"averageCancellationRate":1.8,"minimumCommission":0.89,"maximumCommission":95.34,"commissionRates":[],"trackingLink":"https://tatrck.com/h/0Hu30z9R0uqB","createdAt":"2023-12-13T19:52:19.564Z","updatedAt":"2024-08-25T05:35:54.542Z"}]}