{"meta":{"next":133678},"data":[{"merchantId":133176,"name":"Aqualibi BE","imageUri":"https://monetizeamex.com/v3/120x60/b7a7a66961a5cd320699e7fd6bc9198c.png","currencyCode":"EUR","defaultDomain":"aqualibi.be","domains":["aqualibi.be"],"categoryId":53,"description":null,"isActive":true,"countryCodes":["BE"],"averageBasketValue":96,"averageCommission":2.41,"averageConfirmationTime":null,"averageCancellationRate":null,"minimumCommission":1.76,"maximumCommission":4.41,"commissionRates":[],"trackingLink":"https://tatrck.com/h/0Hu30z9R0WWu","createdAt":"2023-12-13T12:49:09.071Z","updatedAt":"2024-08-21T11:26:06.729Z"},{"merchantId":133199,"name":"Dagboekreizen NL","imageUri":"https://monetizeamex.com/v3/120x60/1761d6f6d93a6bab0f05d07f78a2b2ea.png","currencyCode":"EUR","defaultDomain":"dagboekreizen.nl","domains":["dagboekreizen.nl"],"categoryId":63,"description":null,"isActive":true,"countryCodes":["NL"],"averageBasketValue":null,"averageCommission":null,"averageConfirmationTime":null,"averageCancellationRate":null,"minimumCommission":null,"maximumCommission":null,"commissionRates":[],"trackingLink":"https://tatrck.com/h/0Hu30z9R0WXF","createdAt":"2023-12-13T12:49:17.770Z","updatedAt":"2024-08-21T11:36:56.247Z"},{"merchantId":133202,"name":"DeKoffieboon BE","imageUri":"https://monetizeamex.com/v3/120x60/9fec19f3ff40c36a3737dc6a5991c6bf.png","currencyCode":"EUR","defaultDomain":"dekoffieboon.be","domains":["dekoffieboon.be"],"categoryId":14,"description":null,"isActive":true,"countryCodes":["BE"],"averageBasketValue":78.5,"averageCommission":2.63,"averageConfirmationTime":null,"averageCancellationRate":null,"minimumCommission":2.61,"maximumCommission":4.58,"commissionRates":[],"trackingLink":"https://tatrck.com/h/0Hu30z9R0WXI","createdAt":"2023-12-13T12:49:18.289Z","updatedAt":"2024-08-21T11:28:22.074Z"},{"merchantId":133216,"name":"Eveline Cosmetics PL","imageUri":"https://monetizeamex.com/v3/120x60/6eb66d0d7c872d4608e7f38a44c71cfa.png","currencyCode":"EUR","defaultDomain":"eveline.eu","domains":["eveline.eu","eveline.pl"],"categoryId":28,"description":null,"isActive":true,"countryCodes":["IE"],"averageBasketValue":36,"averageCommission":1.5,"averageConfirmationTime":null,"averageCancellationRate":null,"minimumCommission":1.96,"maximumCommission":1.96,"commissionRates":[],"trackingLink":"https://tatrck.com/h/0Hu30z9R0WXW","createdAt":"2023-12-13T12:49:23.702Z","updatedAt":"2024-08-21T11:27:29.236Z"},{"merchantId":133237,"name":"heliflieger DE","imageUri":"https://monetizeamex.com/v3/120x60/e029ffa0dcf7b163818c2334753e6f7f.png","currencyCode":"EUR","defaultDomain":"heliflieger.com","domains":["heliflieger.com"],"categoryId":63,"description":"Ein Heli-Rundflugticket ist ein ganz besonderes Geschenk. Besonders für die, die scheinbar schon alles haben. Je nach Geschmack stehen Rundflüge über die 5 Seen, München oder die Alpen zur Verfügung. Oder ein Ticket zum Selber Fliegen.","isActive":true,"countryCodes":["DE"],"averageBasketValue":554,"averageCommission":16.62,"averageConfirmationTime":null,"averageCancellationRate":50,"minimumCommission":16.47,"maximumCommission":16.47,"commissionRates":[],"trackingLink":"https://tatrck.com/h/0Hu30z9R0WXr","createdAt":"2023-12-13T12:49:31.976Z","updatedAt":"2024-08-21T11:43:16.002Z"},{"merchantId":133254,"name":"Laguiole-Attitude DE","imageUri":"https://monetizeamex.com/v3/120x60/081285b5b3246fe6c7e6b9d720fc245a.png","currencyCode":"EUR","defaultDomain":"laguiole-attitude.com","domains":["laguiole-attitude.com"],"categoryId":77,"description":"Im Webstore von Laguiole finden Sie Messer, Besteck, Geschirr, Flaschenöffner und Korkenzieher, alles fürs Barbeque und Gartenwerkzeug und noch vieles mehr von der Top Marke Laguiole.","isActive":true,"countryCodes":["FR"],"averageBasketValue":null,"averageCommission":3.41,"averageConfirmationTime":null,"averageCancellationRate":null,"minimumCommission":0.9,"maximumCommission":8.2,"commissionRates":[],"trackingLink":"https://tatrck.com/h/0Hu30z9R0WY6","createdAt":"2023-12-13T12:49:38.676Z","updatedAt":"2024-08-28T05:36:30.487Z"},{"merchantId":133261,"name":"Lookinggoodtoday NL","imageUri":"https://monetizeamex.com/v3/120x60/1f3a437ded760275dce604c3e5805b51.png","currencyCode":"EUR","defaultDomain":"lookinggoodtoday.com","domains":["lookinggoodtoday.com","lookinggoodtoday.nl"],"categoryId":40,"description":null,"isActive":true,"countryCodes":["NL"],"averageBasketValue":18.14,"averageCommission":0.92,"averageConfirmationTime":null,"averageCancellationRate":null,"minimumCommission":0.44,"maximumCommission":1.56,"commissionRates":[],"trackingLink":"https://tatrck.com/h/0Hu30z9R0WYD","createdAt":"2023-12-13T12:49:41.872Z","updatedAt":"2024-08-21T11:29:54.203Z"},{"merchantId":133267,"name":"MakeUpShop FI","imageUri":"https://monetizeamex.com/v3/120x60/7a4d3b3c1687f7a94710982a552a7c28.png","currencyCode":"EUR","defaultDomain":"makeupshop.fi","domains":["makeupshop.fi"],"categoryId":28,"description":null,"isActive":true,"countryCodes":["FI"],"averageBasketValue":7.57,"averageCommission":0.15,"averageConfirmationTime":null,"averageCancellationRate":null,"minimumCommission":null,"maximumCommission":null,"commissionRates":[],"trackingLink":"https://tatrck.com/h/0Hu30z9R0WYJ","createdAt":"2023-12-13T12:49:45.370Z","updatedAt":"2024-08-31T05:20:22.048Z"},{"merchantId":133273,"name":"MonCredo PL","imageUri":"https://monetizeamex.com/v3/120x60/27597c5ad479baaad120353a5a1e25a7.png","currencyCode":"EUR","defaultDomain":"moncredo.pl","domains":["moncredo.pl"],"categoryId":28,"description":null,"isActive":true,"countryCodes":["PL"],"averageBasketValue":32.28,"averageCommission":1.35,"averageConfirmationTime":null,"averageCancellationRate":null,"minimumCommission":0.95,"maximumCommission":0.95,"commissionRates":[{"fixedCommission":null,"percentageCommission":3.15}],"trackingLink":"https://tatrck.com/h/0Hu30z9R0WYP","createdAt":"2023-12-13T12:49:47.082Z","updatedAt":"2024-08-21T11:39:05.786Z"},{"merchantId":133306,"name":"Showroomprive ES","imageUri":"https://monetizeamex.com/v3/120x60/621c75d5adfe25b7e7118199236143cb.png","currencyCode":"EUR","defaultDomain":"showroomprive.es","domains":["showroomprive.es"],"categoryId":50,"description":null,"isActive":true,"countryCodes":["ES"],"averageBasketValue":0.12,"averageCommission":1.01,"averageConfirmationTime":5,"averageCancellationRate":0.5,"minimumCommission":0.68,"maximumCommission":6.85,"commissionRates":[],"trackingLink":"https://tatrck.com/h/0Hu30z9R0WYw","createdAt":"2023-12-13T12:50:00.723Z","updatedAt":"2024-08-26T05:53:06.449Z"},{"merchantId":133324,"name":"Toppers-feestwinkel NL","imageUri":"https://monetizeamex.com/v3/120x60/665279d98cc4c4697746d536b1f45bed.png","currencyCode":"EUR","defaultDomain":"toppers-feestwinkel.nl","domains":["toppers-feestwinkel.nl"],"categoryId":70,"description":null,"isActive":true,"countryCodes":["NL"],"averageBasketValue":null,"averageCommission":null,"averageConfirmationTime":null,"averageCancellationRate":null,"minimumCommission":null,"maximumCommission":null,"commissionRates":[],"trackingLink":"https://tatrck.com/h/0Hu30z9R0WZC","createdAt":"2023-12-13T12:50:06.186Z","updatedAt":"2024-08-21T11:45:19.642Z"},{"merchantId":133340,"name":"Wijnbeurs NL","imageUri":"https://monetizeamex.com/v3/120x60/07f7f113788d7c3e6549f5e0c060d13b.png","currencyCode":"EUR","defaultDomain":"wijnbeurs.nl","domains":["wijnbeurs.nl"],"categoryId":4,"description":null,"isActive":true,"countryCodes":["NL"],"averageBasketValue":102.75,"averageCommission":2.46,"averageConfirmationTime":6,"averageCancellationRate":0.1,"minimumCommission":0.01,"maximumCommission":36.82,"commissionRates":[],"trackingLink":"https://tatrck.com/h/0Hu30z9R0WZS","createdAt":"2023-12-13T12:50:11.771Z","updatedAt":"2024-09-03T05:08:24.374Z"},{"merchantId":133408,"name":"Budget Pet Care US","imageUri":"https://monetizeamex.com/v3/120x60/c983fdb04e7d8647aa043f1f013108ac.png","currencyCode":"EUR","defaultDomain":"budgetpetcare.com","domains":["budgetpetcare.com"],"categoryId":61,"description":null,"isActive":true,"countryCodes":["US"],"averageBasketValue":72.56,"averageCommission":4.35,"averageConfirmationTime":null,"averageCancellationRate":null,"minimumCommission":1.5,"maximumCommission":5.08,"commissionRates":[{"fixedCommission":null,"percentageCommission":4.8},{"fixedCommission":null,"percentageCommission":5.76},{"fixedCommission":null,"percentageCommission":7.199999999999999},{"fixedCommission":null,"percentageCommission":6.24}],"trackingLink":"https://tatrck.com/h/0Hu30z9R0WaW","createdAt":"2023-12-13T12:50:35.769Z","updatedAt":"2024-09-03T17:08:53.372Z"},{"merchantId":133425,"name":"Scuba.com","imageUri":"https://monetizeamex.com/v3/120x60/f7ebb1792e359cd091edb64caea1e08b.png","currencyCode":"EUR","defaultDomain":"scuba.com","domains":["scuba.com"],"categoryId":55,"description":null,"isActive":true,"countryCodes":["US","CA"],"averageBasketValue":283.17,"averageCommission":7.68,"averageConfirmationTime":null,"averageCancellationRate":12.5,"minimumCommission":5.32,"maximumCommission":18.99,"commissionRates":[{"fixedCommission":null,"percentageCommission":2.4}],"trackingLink":"https://tatrck.com/h/0Hu30z9R0Wan","createdAt":"2023-12-13T12:50:41.885Z","updatedAt":"2024-08-27T05:53:59.876Z"},{"merchantId":133429,"name":"Pet Care Supplies US","imageUri":"https://monetizeamex.com/v3/120x60/214be640c93be1a845e9380c2464dcdb.png","currencyCode":"EUR","defaultDomain":"budgetpetworld.com","domains":["budgetpetworld.com","petcaresupplies.com"],"categoryId":61,"description":null,"isActive":true,"countryCodes":["US","CA"],"averageBasketValue":146.1,"averageCommission":8.76,"averageConfirmationTime":null,"averageCancellationRate":null,"minimumCommission":null,"maximumCommission":null,"commissionRates":[{"fixedCommission":null,"percentageCommission":7.199999999999999},{"fixedCommission":null,"percentageCommission":6.24},{"fixedCommission":null,"percentageCommission":4.8},{"fixedCommission":null,"percentageCommission":5.76}],"trackingLink":"https://tatrck.com/h/0Hu30z9R0War","createdAt":"2023-12-13T12:50:45.776Z","updatedAt":"2024-09-03T17:08:46.215Z"},{"merchantId":133437,"name":"VividSeats US","imageUri":"https://monetizeamex.com/v3/120x60/fefcbbc7d31d92cf9e29ccde82a3906e.png","currencyCode":"EUR","defaultDomain":"vividseats.com","domains":["vividseats.com"],"categoryId":7,"description":null,"isActive":true,"countryCodes":["US","CA"],"averageBasketValue":4,"averageCommission":3.84,"averageConfirmationTime":null,"averageCancellationRate":null,"minimumCommission":0.12,"maximumCommission":28.33,"commissionRates":[{"fixedCommission":null,"percentageCommission":1.92},{"fixedCommission":null,"percentageCommission":0.96}],"trackingLink":"https://tatrck.com/h/0Hu30z9R0Waz","createdAt":"2023-12-13T12:50:47.108Z","updatedAt":"2024-09-01T05:53:09.634Z"},{"merchantId":133448,"name":"NordicTrack UK","imageUri":"https://monetizeamex.com/v3/120x60/d4caf4bedc1842a8a630a95a378e253d.png","currencyCode":"EUR","defaultDomain":"nordictrack.co.uk","domains":["nordictrack.co.uk"],"categoryId":68,"description":null,"isActive":true,"countryCodes":["GB"],"averageBasketValue":1,"averageCommission":66.58,"averageConfirmationTime":3,"averageCancellationRate":null,"minimumCommission":19.77,"maximumCommission":103.41,"commissionRates":[{"fixedCommission":null,"percentageCommission":3.5999999999999996}],"trackingLink":"https://tatrck.com/h/0Hu30z9R0Wb8","createdAt":"2023-12-13T12:50:50.992Z","updatedAt":"2024-09-03T17:09:30.606Z"},{"merchantId":133455,"name":"Dish Network US","imageUri":"https://monetizeamex.com/v3/120x60/2d675852d56fd05de078584a8fc5fc93.png","currencyCode":"EUR","defaultDomain":"dish.com","domains":["dish.com"],"categoryId":58,"description":null,"isActive":true,"countryCodes":["US"],"averageBasketValue":106.6,"averageCommission":50.04,"averageConfirmationTime":null,"averageCancellationRate":null,"minimumCommission":47.67,"maximumCommission":50.53,"commissionRates":[],"trackingLink":"https://tatrck.com/h/0Hu30z9R0WbF","createdAt":"2023-12-13T12:50:53.295Z","updatedAt":"2024-08-15T08:55:28.575Z"},{"merchantId":133482,"name":"Tyres Pneus Online UK","imageUri":"https://monetizeamex.com/v3/120x60/1bf42ecf81a3844afcbd3c6c9e2e05e8.png","currencyCode":"EUR","defaultDomain":"tyres-pneus-online.co.uk","domains":["tyres-pneus-online.co.uk"],"categoryId":59,"description":null,"isActive":true,"countryCodes":["GB"],"averageBasketValue":null,"averageCommission":null,"averageConfirmationTime":null,"averageCancellationRate":null,"minimumCommission":null,"maximumCommission":null,"commissionRates":[{"fixedCommission":null,"percentageCommission":2.16}],"trackingLink":"https://tatrck.com/h/0Hu30z9R0Wbg","createdAt":"2023-12-13T12:51:03.699Z","updatedAt":"2024-09-03T17:07:57.918Z"},{"merchantId":133495,"name":"AnyMp4 Studio - anymp4.com US","imageUri":"https://monetizeamex.com/v3/120x60/58400d35635813a34962886aaa8f3ac1.png","currencyCode":"EUR","defaultDomain":"anymp4.com","domains":["anymp4.com"],"categoryId":65,"description":null,"isActive":true,"countryCodes":[],"averageBasketValue":41.37,"averageCommission":18.61,"averageConfirmationTime":null,"averageCancellationRate":null,"minimumCommission":13.98,"maximumCommission":24.99,"commissionRates":[{"fixedCommission":null,"percentageCommission":45}],"trackingLink":"https://tatrck.com/h/0Hu30z9R0Wbt","createdAt":"2023-12-13T12:51:08.787Z","updatedAt":"2024-08-15T08:55:28.607Z"},{"merchantId":133496,"name":"Ariva Soft Ltd - wallstreet-forex.com US","imageUri":"https://monetizeamex.com/v3/120x60/948714e8e8ac2fb3a8a2e94f64ca1a76.png","currencyCode":"EUR","defaultDomain":"wallstreet-forex.com","domains":["wallstreet-forex.com"],"categoryId":69,"description":null,"isActive":true,"countryCodes":[],"averageBasketValue":null,"averageCommission":null,"averageConfirmationTime":null,"averageCancellationRate":null,"minimumCommission":null,"maximumCommission":null,"commissionRates":[{"fixedCommission":null,"percentageCommission":18}],"trackingLink":"https://tatrck.com/h/0Hu30z9R0Wbu","createdAt":"2023-12-13T12:51:09.085Z","updatedAt":"2024-08-15T08:55:29.350Z"},{"merchantId":133506,"name":"dal33t GmbH - powerfolder.com US","imageUri":"https://monetizeamex.com/v3/120x60/28337fb9c282bf1f90d45f84fb8a9d9a.png","currencyCode":"EUR","defaultDomain":"powerfolder.com","domains":["powerfolder.com"],"categoryId":22,"description":null,"isActive":true,"countryCodes":[],"averageBasketValue":null,"averageCommission":null,"averageConfirmationTime":null,"averageCancellationRate":null,"minimumCommission":null,"maximumCommission":null,"commissionRates":[{"fixedCommission":null,"percentageCommission":30}],"trackingLink":"https://tatrck.com/h/0Hu30z9R0Wc2","createdAt":"2023-12-13T12:51:12.673Z","updatedAt":"2024-08-15T08:55:28.631Z"},{"merchantId":133510,"name":"Dimitrios Mourloukos - tabulizer.com US","imageUri":"https://monetizeamex.com/v3/120x60/7e34e3cf1f78eb4533cd2eb2da48198e.png","currencyCode":"EUR","defaultDomain":"tabulizer.com","domains":["tabulizer.com"],"categoryId":75,"description":null,"isActive":true,"countryCodes":[],"averageBasketValue":null,"averageCommission":null,"averageConfirmationTime":null,"averageCancellationRate":null,"minimumCommission":null,"maximumCommission":null,"commissionRates":[{"fixedCommission":null,"percentageCommission":12}],"trackingLink":"https://tatrck.com/h/0Hu30z9R0Wc6","createdAt":"2023-12-13T12:51:13.867Z","updatedAt":"2024-08-15T08:55:28.848Z"},{"merchantId":133526,"name":"iSofter Corporation - isofter.jp US","imageUri":"https://monetizeamex.com/v3/120x60/ca36147f4c6fbb558776e9b4d10daf69.png","currencyCode":"EUR","defaultDomain":"isofter.jp","domains":["isofter.jp"],"categoryId":37,"description":null,"isActive":true,"countryCodes":[],"averageBasketValue":null,"averageCommission":null,"averageConfirmationTime":null,"averageCancellationRate":null,"minimumCommission":null,"maximumCommission":null,"commissionRates":[{"fixedCommission":null,"percentageCommission":24}],"trackingLink":"https://tatrck.com/h/0Hu30z9R0WcM","createdAt":"2023-12-13T12:51:21.674Z","updatedAt":"2024-08-15T08:55:34.306Z"},{"merchantId":133544,"name":"Pro Data Doctor Pvt. Ltd. - datarecoverysoftware.com US","imageUri":"https://monetizeamex.com/v3/120x60/35472475b5d3a42393954a1b9986f8da.png","currencyCode":"EUR","defaultDomain":"datarecoverysoftware.com","domains":["datarecoverysoftware.com"],"categoryId":49,"description":null,"isActive":true,"countryCodes":[],"averageBasketValue":null,"averageCommission":null,"averageConfirmationTime":null,"averageCancellationRate":null,"minimumCommission":null,"maximumCommission":null,"commissionRates":[{"fixedCommission":null,"percentageCommission":33}],"trackingLink":"https://tatrck.com/h/0Hu30z9R0Wce","createdAt":"2023-12-13T12:51:25.777Z","updatedAt":"2024-08-15T09:08:04.395Z"},{"merchantId":133545,"name":"Rene.E Laboratory - reneelab.com US","imageUri":"https://monetizeamex.com/v3/120x60/a31e1474bd0c2858893c666ff4a46587.png","currencyCode":"EUR","defaultDomain":"reneelab.com","domains":["reneelab.com"],"categoryId":49,"description":null,"isActive":true,"countryCodes":[],"averageBasketValue":26.11,"averageCommission":7.83,"averageConfirmationTime":null,"averageCancellationRate":null,"minimumCommission":5.51,"maximumCommission":5.51,"commissionRates":[{"fixedCommission":null,"percentageCommission":24},{"fixedCommission":null,"percentageCommission":15},{"fixedCommission":null,"percentageCommission":30}],"trackingLink":"https://tatrck.com/h/0Hu30z9R0Wcf","createdAt":"2023-12-13T12:51:27.072Z","updatedAt":"2024-09-02T05:32:44.677Z"},{"merchantId":133548,"name":"SoftLogica Inc. - softlogica.com US","imageUri":"https://monetizeamex.com/v3/120x60/fbaafd116d69197ed6998bdb0e6956b0.png","currencyCode":"EUR","defaultDomain":"softlogica.com","domains":["softlogica.com"],"categoryId":49,"description":null,"isActive":true,"countryCodes":[],"averageBasketValue":null,"averageCommission":null,"averageConfirmationTime":null,"averageCancellationRate":null,"minimumCommission":null,"maximumCommission":null,"commissionRates":[{"fixedCommission":null,"percentageCommission":18},{"fixedCommission":null,"percentageCommission":12},{"fixedCommission":null,"percentageCommission":6}],"trackingLink":"https://tatrck.com/h/0Hu30z9R0Wci","createdAt":"2023-12-13T12:51:28.295Z","updatedAt":"2024-09-02T05:32:49.870Z"},{"merchantId":133551,"name":"StratPad, Inc - stratpad.com US","imageUri":"https://monetizeamex.com/v3/120x60/75854c190ca9e4546b5ae031a6b804db.png","currencyCode":"EUR","defaultDomain":"stratpad.com","domains":["stratpad.com"],"categoryId":42,"description":null,"isActive":true,"countryCodes":[],"averageBasketValue":null,"averageCommission":null,"averageConfirmationTime":null,"averageCancellationRate":null,"minimumCommission":null,"maximumCommission":null,"commissionRates":[{"fixedCommission":null,"percentageCommission":30}],"trackingLink":"https://tatrck.com/h/0Hu30z9R0Wcl","createdAt":"2023-12-13T12:51:28.481Z","updatedAt":"2024-08-15T08:55:34.549Z"},{"merchantId":133555,"name":"TheSkySoft - theskysoft.com US","imageUri":"https://monetizeamex.com/v3/120x60/ad6bcd2e055f01e4dd5f0239bb678926.png","currencyCode":"EUR","defaultDomain":"theskysoft.com","domains":["theskysoft.com"],"categoryId":37,"description":null,"isActive":true,"countryCodes":[],"averageBasketValue":null,"averageCommission":null,"averageConfirmationTime":null,"averageCancellationRate":null,"minimumCommission":null,"maximumCommission":null,"commissionRates":[{"fixedCommission":null,"percentageCommission":15}],"trackingLink":"https://tatrck.com/h/0Hu30z9R0Wcp","createdAt":"2023-12-13T12:51:29.491Z","updatedAt":"2024-08-15T08:55:34.768Z"},{"merchantId":133584,"name":"Innovations AU","imageUri":"https://monetizeamex.com/v3/120x60/fbe7b19645ee64415ce738b684719f06.png","currencyCode":"EUR","defaultDomain":"innovations.com.au","domains":["innovations.com.au"],"categoryId":50,"description":null,"isActive":true,"countryCodes":["AU"],"averageBasketValue":64.42,"averageCommission":3.86,"averageConfirmationTime":58,"averageCancellationRate":null,"minimumCommission":0.33,"maximumCommission":38.86,"commissionRates":[{"fixedCommission":null,"percentageCommission":6}],"trackingLink":"https://tatrck.com/h/0Hu30z9R0WdG","createdAt":"2023-12-13T12:51:39.278Z","updatedAt":"2024-09-03T17:06:39.388Z"},{"merchantId":133585,"name":"Interior Secrets AU","imageUri":"https://monetizeamex.com/v3/120x60/c75d46e0310c609917de61f1434f2a40.png","currencyCode":"EUR","defaultDomain":"interiorsecrets.com.au","domains":["interiorsecrets.com.au"],"categoryId":34,"description":null,"isActive":true,"countryCodes":["AU"],"averageBasketValue":736.55,"averageCommission":33.14,"averageConfirmationTime":58,"averageCancellationRate":null,"minimumCommission":20.2,"maximumCommission":53.13,"commissionRates":[{"fixedCommission":null,"percentageCommission":4.5}],"trackingLink":"https://tatrck.com/h/0Hu30z9R0WdH","createdAt":"2023-12-13T12:51:38.776Z","updatedAt":"2024-09-03T17:05:59.906Z"},{"merchantId":133596,"name":"PriceRiteMart AU","imageUri":"https://monetizeamex.com/v3/120x60/e82fe3820460cacfccc0f1adcda2ffe5.png","currencyCode":"EUR","defaultDomain":"priceritemart.com.au","domains":["priceritemart.com.au"],"categoryId":21,"description":null,"isActive":true,"countryCodes":["AU"],"averageBasketValue":149.58,"averageCommission":4.48,"averageConfirmationTime":null,"averageCancellationRate":null,"minimumCommission":3.3,"maximumCommission":8.5,"commissionRates":[{"fixedCommission":null,"percentageCommission":3}],"trackingLink":"https://tatrck.com/h/0Hu30z9R0WdS","createdAt":"2023-12-13T12:51:42.674Z","updatedAt":"2024-09-03T17:07:15.748Z"},{"merchantId":133628,"name":"The Top Villas UK","imageUri":"https://monetizeamex.com/v3/120x60/6d5d2c97a096eb7265110a6a64aef8d8.png","currencyCode":"EUR","defaultDomain":"thetopvillas.com","domains":["thetopvillas.com","thetopvillas.co.uk"],"categoryId":63,"description":null,"isActive":true,"countryCodes":["GB"],"averageBasketValue":2,"averageCommission":52.14,"averageConfirmationTime":null,"averageCancellationRate":null,"minimumCommission":22.03,"maximumCommission":22.03,"commissionRates":[],"trackingLink":"https://tatrck.com/h/0Hu30z9R0Wdy","createdAt":"2023-12-13T12:51:56.372Z","updatedAt":"2024-09-03T17:09:05.774Z"},{"merchantId":133632,"name":"UK Paintball UK","imageUri":"https://monetizeamex.com/v3/120x60/ebf23f1459a32cc5a209f7d6d995ee2f.png","currencyCode":"EUR","defaultDomain":"ukpaintball.co.uk","domains":["ukpaintball.co.uk"],"categoryId":55,"description":null,"isActive":true,"countryCodes":["GB"],"averageBasketValue":null,"averageCommission":null,"averageConfirmationTime":null,"averageCancellationRate":null,"minimumCommission":null,"maximumCommission":null,"commissionRates":[],"trackingLink":"https://tatrck.com/h/0Hu30z9R0We0","createdAt":"2023-12-13T12:51:57.516Z","updatedAt":"2024-08-21T11:42:07.104Z"},{"merchantId":133633,"name":"Vintage Football Shirts UK","imageUri":"https://monetizeamex.com/v3/120x60/4ba36ea0d574505bc5941c1e1f11d1fd.png","currencyCode":"EUR","defaultDomain":"vintagefootballshirts.com","domains":["vintagefootballshirts.com","vintagefootballshirts.co.uk"],"categoryId":40,"description":null,"isActive":true,"countryCodes":["GB"],"averageBasketValue":180.99,"averageCommission":5.42,"averageConfirmationTime":21,"averageCancellationRate":null,"minimumCommission":0.66,"maximumCommission":20.05,"commissionRates":[],"trackingLink":"https://tatrck.com/h/0Hu30z9R0We1","createdAt":"2023-12-13T12:51:58.577Z","updatedAt":"2024-08-24T05:52:24.512Z"},{"merchantId":133643,"name":"Abonnement Le Figaro FR","imageUri":"https://monetizeamex.com/v3/120x60/5c8d3003954412f64e7a797e4f77f3ea.png","currencyCode":"EUR","defaultDomain":"lefigaro.fr","domains":["lefigaro.fr"],"categoryId":26,"description":null,"isActive":true,"countryCodes":["FR"],"averageBasketValue":0.99,"averageCommission":9.63,"averageConfirmationTime":6,"averageCancellationRate":null,"minimumCommission":3.6,"maximumCommission":15,"commissionRates":[],"trackingLink":"https://tatrck.com/h/0Hu30z9R0WeB","createdAt":"2023-12-13T12:52:02.425Z","updatedAt":"2024-09-03T17:07:32.388Z"}]}