{"meta":{"next":158243},"data":[{"merchantId":157719,"name":"Stampington & Company US","imageUri":"https://monetizeamex.com/v3/120x60/0acaffbe1b571dbad191526a03078054.png","currencyCode":"EUR","defaultDomain":"stampington.com","domains":["stampington.com"],"categoryId":82,"description":null,"isActive":true,"countryCodes":["US"],"averageBasketValue":45.49,"averageCommission":1.63,"averageConfirmationTime":27,"averageCancellationRate":null,"minimumCommission":0.99,"maximumCommission":0.99,"commissionRates":[{"fixedCommission":null,"percentageCommission":3.5999999999999996},{"fixedCommission":null,"percentageCommission":3}],"trackingLink":"https://tatrck.com/h/0Hu30z9R0cWN","createdAt":"2023-12-13T15:10:09.272Z","updatedAt":"2024-08-23T15:05:43.729Z"},{"merchantId":157721,"name":"UrbaneBox US","imageUri":"https://monetizeamex.com/v3/120x60/9607e71524fda6aef065c66075590fba.png","currencyCode":"EUR","defaultDomain":"urbanebox.com","domains":["urbanebox.com"],"categoryId":40,"description":null,"isActive":true,"countryCodes":["US"],"averageBasketValue":null,"averageCommission":2.54,"averageConfirmationTime":null,"averageCancellationRate":null,"minimumCommission":2.54,"maximumCommission":2.54,"commissionRates":[{"fixedCommission":null,"percentageCommission":6}],"trackingLink":"https://tatrck.com/h/0Hu30z9R0cWP","createdAt":"2023-12-13T15:10:10.326Z","updatedAt":"2024-08-26T05:18:26.778Z"},{"merchantId":157724,"name":"Dizzy Duck Designs UK","imageUri":"https://monetizeamex.com/v3/120x60/51b4df0cc72c196e7798a2eba4a348a8.png","currencyCode":"EUR","defaultDomain":"dizzyduckdesigns.com","domains":["dizzyduckdesigns.com"],"categoryId":74,"description":null,"isActive":true,"countryCodes":["GB"],"averageBasketValue":16.25,"averageCommission":0.48,"averageConfirmationTime":null,"averageCancellationRate":null,"minimumCommission":0.48,"maximumCommission":0.48,"commissionRates":[{"fixedCommission":null,"percentageCommission":3}],"trackingLink":"https://tatrck.com/h/0Hu30z9R0cWS","createdAt":"2023-12-13T15:10:12.088Z","updatedAt":"2024-08-15T09:05:30.069Z"},{"merchantId":157739,"name":"Crocs SG","imageUri":"https://monetizeamex.com/v3/120x60/163a73fa58eee336b236d9bfcc774139.png","currencyCode":"EUR","defaultDomain":"crocs.com.sg","domains":["crocs.com.sg"],"categoryId":40,"description":null,"isActive":true,"countryCodes":["SG"],"averageBasketValue":62.56,"averageCommission":1.7,"averageConfirmationTime":null,"averageCancellationRate":null,"minimumCommission":0.54,"maximumCommission":2.42,"commissionRates":[{"fixedCommission":null,"percentageCommission":1.44},{"fixedCommission":null,"percentageCommission":2.88}],"trackingLink":"https://tatrck.com/h/0Hu30z9R0cWh","createdAt":"2023-12-13T15:10:15.517Z","updatedAt":"2024-08-26T17:00:46.643Z"},{"merchantId":157744,"name":"1800Gear US","imageUri":"https://monetizeamex.com/v3/120x60/ca06469e9a3cdfe9049718cfb045c6a4.png","currencyCode":"EUR","defaultDomain":"gritroutdoors.com","domains":["1800gear.com","gritroutdoors.com"],"categoryId":55,"description":null,"isActive":true,"countryCodes":["US"],"averageBasketValue":80.99,"averageCommission":1.45,"averageConfirmationTime":16,"averageCancellationRate":null,"minimumCommission":0.36,"maximumCommission":1.32,"commissionRates":[{"fixedCommission":null,"percentageCommission":1.7999999999999998}],"trackingLink":"https://tatrck.com/h/0Hu30z9R0cWm","createdAt":"2023-12-13T15:10:16.378Z","updatedAt":"2024-09-03T05:52:23.283Z"},{"merchantId":157745,"name":"1800GunsAndAmmo US","imageUri":"https://monetizeamex.com/v3/120x60/86dbb4e1acca4146122c114fad2b1289.png","currencyCode":"EUR","defaultDomain":"gritrsports.com","domains":["1800gunsandammo.com","gritrsports.com"],"categoryId":50,"description":null,"isActive":true,"countryCodes":["US"],"averageBasketValue":312.72,"averageCommission":0.21,"averageConfirmationTime":null,"averageCancellationRate":null,"minimumCommission":0,"maximumCommission":0.01,"commissionRates":[{"fixedCommission":null,"percentageCommission":2.88}],"trackingLink":"https://tatrck.com/h/0Hu30z9R0cWn","createdAt":"2023-12-13T15:10:17.872Z","updatedAt":"2024-08-23T15:05:49.338Z"},{"merchantId":157753,"name":"Naked Nutrition US","imageUri":"https://monetizeamex.com/v3/120x60/fc7825a079413bdd6db0da94176be029.png","currencyCode":"EUR","defaultDomain":"nakednutrition.com","domains":["nakednutrition.com"],"categoryId":35,"description":null,"isActive":true,"countryCodes":["US"],"averageBasketValue":85.86,"averageCommission":5.05,"averageConfirmationTime":null,"averageCancellationRate":33.2,"minimumCommission":1.65,"maximumCommission":24.04,"commissionRates":[{"fixedCommission":null,"percentageCommission":6}],"trackingLink":"https://tatrck.com/h/0Hu30z9R0cWv","createdAt":"2023-12-13T15:10:19.268Z","updatedAt":"2024-09-03T05:45:02.191Z"},{"merchantId":157755,"name":"checkdomain DE","imageUri":"https://monetizeamex.com/v3/120x60/f2ec9c657d52c567ccba2536445db92f.png","currencyCode":"EUR","defaultDomain":"checkdomain.de","domains":["checkdomain.de"],"categoryId":22,"description":"Bei checkdomain ist es uns wichtig, nie stehen zu bleiben - egal ob es um das Unternehmen oder ums Team geht. Das Feedback unserer Kunden nehmen wir genauso ernst wie die Ideen und Vorschläge unserer Kollegen. Bei checkdomain arbeiten ganz unterschiedliche Persönlichkeiten zusammen, jeder wird akzeptiert, wie er ist. Gerade durch diese Gegensätze bilden wir ein kreatives Team, in dem wir alle unser Wissen teilen und von den unterschiedlichen Erfahrungen profitieren.\r\n\r\nWir sind immer offen für neue Ideen und für neue Technologien. Wir finden: Der Freiraum, Dinge auszuprobieren, ist unersetzlich. Denn etwas von einer anderen Seite zu betrachten, eröffnet immer neue Perspektiven. Dabei ist es uns wichtig, nicht nur unser Unternehmen im Blick zu haben. Zu einer bewussten Lebensführung gehört aus unserer Sicht auch der Respekt vor der Umwelt und unseren Mitmenschen. Wir versuchen, unseren ökologischen Fußabdruck so klein wie möglich zu halten. Und wir engagieren uns für verschiedene soziale Projekte, etwa mit Spendenaktionen.","isActive":true,"countryCodes":["DE"],"averageBasketValue":19.16,"averageCommission":4.95,"averageConfirmationTime":13,"averageCancellationRate":null,"minimumCommission":0.16,"maximumCommission":15.68,"commissionRates":[{"fixedCommission":null,"percentageCommission":33}],"trackingLink":"https://tatrck.com/h/0Hu30z9R0cWx","createdAt":"2023-12-13T15:10:20.168Z","updatedAt":"2024-09-03T17:09:39.516Z"},{"merchantId":157778,"name":"kleidungsladen DE","imageUri":"https://monetizeamex.com/v3/120x60/37491a9e86d9087182c1d988c0eab4be.png","currencyCode":"EUR","defaultDomain":"kleidungsladen.de","domains":["kleidungsladen.de"],"categoryId":40,"description":null,"isActive":true,"countryCodes":["DE"],"averageBasketValue":null,"averageCommission":null,"averageConfirmationTime":null,"averageCancellationRate":null,"minimumCommission":null,"maximumCommission":null,"commissionRates":[{"fixedCommission":null,"percentageCommission":6}],"trackingLink":"https://tatrck.com/h/0Hu30z9R0cXI","createdAt":"2023-12-13T15:10:26.272Z","updatedAt":"2024-08-15T09:05:29.446Z"},{"merchantId":157806,"name":"Modibodi","imageUri":"https://monetizeamex.com/v3/120x60/fdc1c2efce7f1ac04e3e6d323157f473.png","currencyCode":"EUR","defaultDomain":"modibodi.com","domains":["modibodi.com"],"categoryId":27,"description":null,"isActive":true,"countryCodes":["AU","DE","FR","GB","IE","NZ","US"],"averageBasketValue":247.21,"averageCommission":1.5,"averageConfirmationTime":null,"averageCancellationRate":null,"minimumCommission":0.11,"maximumCommission":5.35,"commissionRates":[],"trackingLink":"https://tatrck.com/h/0Hu30z9R0cXk","createdAt":"2023-12-13T15:10:35.911Z","updatedAt":"2024-09-03T05:52:43.906Z"},{"merchantId":157807,"name":"Overclockers UK","imageUri":"https://monetizeamex.com/v3/120x60/747c1038ca058465d5ae65008e3e8db4.png","currencyCode":"EUR","defaultDomain":"overclockers.co.uk","domains":["overclockers.co.uk"],"categoryId":18,"description":null,"isActive":true,"countryCodes":["GB"],"averageBasketValue":488.05,"averageCommission":4.87,"averageConfirmationTime":null,"averageCancellationRate":3.1,"minimumCommission":0.21,"maximumCommission":16.08,"commissionRates":[],"trackingLink":"https://tatrck.com/h/0Hu30z9R0cXl","createdAt":"2023-12-13T15:10:37.191Z","updatedAt":"2024-09-03T17:09:33.160Z"},{"merchantId":157809,"name":"Proviz US","imageUri":"https://monetizeamex.com/v3/120x60/1451b8e3ff7e3719dd73a774e642d504.png","currencyCode":"EUR","defaultDomain":"provizsports.com","domains":["proviz.co.uk","provizsports.com"],"categoryId":55,"description":null,"isActive":true,"countryCodes":["GB","DE"],"averageBasketValue":43.18,"averageCommission":1.14,"averageConfirmationTime":null,"averageCancellationRate":null,"minimumCommission":2.05,"maximumCommission":2.05,"commissionRates":[{"fixedCommission":null,"percentageCommission":7.199999999999999},{"fixedCommission":null,"percentageCommission":6}],"trackingLink":"https://tatrck.com/h/0Hu30z9R0cXn","createdAt":"2023-12-13T15:10:36.884Z","updatedAt":"2024-09-03T17:09:34.523Z"},{"merchantId":157813,"name":"Tactical Pro Supply US","imageUri":"https://monetizeamex.com/v3/120x60/9aa7421302511e87f636c6db1312c508.png","currencyCode":"EUR","defaultDomain":"tacticalprosupply.com","domains":["tacticalprosupply.com"],"categoryId":40,"description":null,"isActive":true,"countryCodes":["US"],"averageBasketValue":30.6,"averageCommission":1.83,"averageConfirmationTime":null,"averageCancellationRate":null,"minimumCommission":null,"maximumCommission":null,"commissionRates":[{"fixedCommission":null,"percentageCommission":6}],"trackingLink":"https://tatrck.com/h/0Hu30z9R0cXr","createdAt":"2023-12-13T15:10:39.017Z","updatedAt":"2024-08-21T11:30:14.646Z"},{"merchantId":157830,"name":"Ozobot US","imageUri":"https://monetizeamex.com/v3/120x60/b12f4690e64272a40ab80475b51ba3f7.png","currencyCode":"EUR","defaultDomain":"ozobot.com","domains":["ozobot.com"],"categoryId":44,"description":null,"isActive":true,"countryCodes":["US"],"averageBasketValue":365.09,"averageCommission":13.14,"averageConfirmationTime":10,"averageCancellationRate":null,"minimumCommission":92.06,"maximumCommission":92.06,"commissionRates":[{"fixedCommission":null,"percentageCommission":3.5999999999999996}],"trackingLink":"https://tatrck.com/h/0Hu30z9R0cY6","createdAt":"2023-12-13T15:10:43.384Z","updatedAt":"2024-08-21T11:32:17.423Z"},{"merchantId":157854,"name":"Schaefer-shop BE","imageUri":"https://monetizeamex.com/v3/120x60/44584afccadb1838d727b9fb7d44c262.png","currencyCode":"EUR","defaultDomain":"schaefer-shop.be","domains":["schaefer-shop.be"],"categoryId":34,"description":null,"isActive":true,"countryCodes":["BE"],"averageBasketValue":1,"averageCommission":24.75,"averageConfirmationTime":58,"averageCancellationRate":null,"minimumCommission":1.27,"maximumCommission":8.47,"commissionRates":[],"trackingLink":"https://tatrck.com/h/0Hu30z9R0cYU","createdAt":"2023-12-13T15:10:52.326Z","updatedAt":"2024-09-03T17:07:39.837Z"},{"merchantId":157876,"name":"Nili Lotan US","imageUri":"https://monetizeamex.com/v3/120x60/700c7d38e9829ee1381ac0e2989bd6f8.png","currencyCode":"EUR","defaultDomain":"nililotan.com","domains":["nililotan.com"],"categoryId":40,"description":null,"isActive":true,"countryCodes":["US"],"averageBasketValue":173.21,"averageCommission":3.32,"averageConfirmationTime":null,"averageCancellationRate":null,"minimumCommission":9.52,"maximumCommission":9.52,"commissionRates":[{"fixedCommission":null,"percentageCommission":4.8}],"trackingLink":"https://tatrck.com/h/0Hu30z9R0cYq","createdAt":"2023-12-13T15:10:58.073Z","updatedAt":"2024-08-23T15:01:54.265Z"},{"merchantId":157887,"name":"Sparstrom DE","imageUri":"https://monetizeamex.com/v3/120x60/f4d7e1a80b98d80ad1c705fa9dd8f1d7.png","currencyCode":"EUR","defaultDomain":"sparstrom.de","domains":["sparstrom.de"],"categoryId":51,"description":null,"isActive":true,"countryCodes":["DE"],"averageBasketValue":67.27,"averageCommission":35.53,"averageConfirmationTime":null,"averageCancellationRate":23.1,"minimumCommission":42,"maximumCommission":42,"commissionRates":[],"trackingLink":"https://tatrck.com/h/0Hu30z9R0cY_","createdAt":"2023-12-13T15:11:00.524Z","updatedAt":"2024-09-01T05:50:56.787Z"},{"merchantId":157889,"name":"Diane von Furstenberg EU","imageUri":"https://monetizeamex.com/v3/120x60/94f4afd845d564156b4364588219f2ca.png","currencyCode":"EUR","defaultDomain":"europe.dvf.com","domains":["europe.dvf.com"],"categoryId":40,"description":null,"isActive":true,"countryCodes":["AT"],"averageBasketValue":409.81,"averageCommission":33.51,"averageConfirmationTime":null,"averageCancellationRate":null,"minimumCommission":17.71,"maximumCommission":17.71,"commissionRates":[{"fixedCommission":null,"percentageCommission":7.199999999999999}],"trackingLink":"https://tatrck.com/h/0Hu30z9R0cZ1","createdAt":"2023-12-13T15:11:01.593Z","updatedAt":"2024-09-03T05:52:32.581Z"},{"merchantId":157897,"name":"Kings Will Dream UK","imageUri":"https://monetizeamex.com/v3/120x60/4ae1d4eb1e0a9ad77d30b0dcb61d6818.png","currencyCode":"EUR","defaultDomain":"kingswilldream.com","domains":["kingswilldream.com","kingswilldream.co.uk"],"categoryId":40,"description":null,"isActive":true,"countryCodes":["GB"],"averageBasketValue":51.86,"averageCommission":1.24,"averageConfirmationTime":null,"averageCancellationRate":null,"minimumCommission":1.93,"maximumCommission":1.93,"commissionRates":[{"fixedCommission":null,"percentageCommission":2.4}],"trackingLink":"https://tatrck.com/h/0Hu30z9R0cZ9","createdAt":"2023-12-13T15:11:03.669Z","updatedAt":"2024-09-03T17:06:56.760Z"},{"merchantId":157899,"name":"Champion AU","imageUri":"https://monetizeamex.com/v3/120x60/65ef407888020d0caf3e234d7fc44ea0.png","currencyCode":"EUR","defaultDomain":"champion.com.au","domains":["champion.com.au"],"categoryId":40,"description":null,"isActive":true,"countryCodes":["AU"],"averageBasketValue":38.75,"averageCommission":1.39,"averageConfirmationTime":null,"averageCancellationRate":null,"minimumCommission":0.27,"maximumCommission":5.65,"commissionRates":[],"trackingLink":"https://tatrck.com/h/0Hu30z9R0cZB","createdAt":"2023-12-13T15:11:04.023Z","updatedAt":"2024-09-03T17:03:58.770Z"},{"merchantId":157910,"name":"Ejuice Connect US","imageUri":"https://monetizeamex.com/v3/120x60/939e36b699bfc939bd45bc70d523e7f7.png","currencyCode":"EUR","defaultDomain":"ejuiceconnect.com","domains":["ejuiceconnect.com"],"categoryId":50,"description":null,"isActive":true,"countryCodes":["US"],"averageBasketValue":56.53,"averageCommission":4.7,"averageConfirmationTime":9,"averageCancellationRate":null,"minimumCommission":0.47,"maximumCommission":10.41,"commissionRates":[{"fixedCommission":null,"percentageCommission":7.199999999999999},{"fixedCommission":null,"percentageCommission":9}],"trackingLink":"https://tatrck.com/h/0Hu30z9R0cZM","createdAt":"2023-12-13T15:11:07.284Z","updatedAt":"2024-09-01T05:44:09.555Z"},{"merchantId":157911,"name":"EsaRegistration US","imageUri":"https://monetizeamex.com/v3/120x60/46f6444ac477c51bb253f6c6801a0032.png","currencyCode":"EUR","defaultDomain":"esaregistration.org","domains":["esaregistration.org"],"categoryId":50,"description":null,"isActive":true,"countryCodes":["US"],"averageBasketValue":74.33,"averageCommission":4.45,"averageConfirmationTime":22,"averageCancellationRate":null,"minimumCommission":2.72,"maximumCommission":6.91,"commissionRates":[{"fixedCommission":null,"percentageCommission":6}],"trackingLink":"https://tatrck.com/h/0Hu30z9R0cZN","createdAt":"2023-12-13T15:11:07.703Z","updatedAt":"2024-08-22T05:23:22.906Z"},{"merchantId":157921,"name":"Rêve de Pan FR","imageUri":"https://monetizeamex.com/v3/120x60/4341cbc8483e3a9e3fb5e644ed8cc2f1.png","currencyCode":"EUR","defaultDomain":"revedepan.com","domains":["revedepan.com","revedepan.fr"],"categoryId":47,"description":null,"isActive":true,"countryCodes":["FR"],"averageBasketValue":null,"averageCommission":0.84,"averageConfirmationTime":null,"averageCancellationRate":null,"minimumCommission":1.19,"maximumCommission":1.19,"commissionRates":[],"trackingLink":"https://tatrck.com/h/0Hu30z9R0cZX","createdAt":"2023-12-13T15:11:10.438Z","updatedAt":"2024-08-22T11:06:15.048Z"},{"merchantId":157922,"name":"Trabbia Vuillermoz FR","imageUri":"https://monetizeamex.com/v3/120x60/6c7ac3dbe8ec37922f99871b6a93267b.png","currencyCode":"EUR","defaultDomain":"vuillermoz.fr","domains":["vuillermoz.fr"],"categoryId":73,"description":null,"isActive":true,"countryCodes":["FR"],"averageBasketValue":null,"averageCommission":9.4,"averageConfirmationTime":null,"averageCancellationRate":null,"minimumCommission":11.76,"maximumCommission":11.76,"commissionRates":[],"trackingLink":"https://tatrck.com/h/0Hu30z9R0cZY","createdAt":"2023-12-13T15:11:10.808Z","updatedAt":"2024-08-22T11:06:05.782Z"},{"merchantId":157930,"name":"Scoopon AU","imageUri":"https://monetizeamex.com/v3/120x60/9f9b7aaca905ecf0ed962e42f910111c.png","currencyCode":"EUR","defaultDomain":"scoopon.com.au","domains":["scoopon.com.au"],"categoryId":63,"description":null,"isActive":true,"countryCodes":["AU"],"averageBasketValue":204.88,"averageCommission":5.59,"averageConfirmationTime":null,"averageCancellationRate":null,"minimumCommission":0.24,"maximumCommission":24.27,"commissionRates":[{"fixedCommission":null,"percentageCommission":3},{"fixedCommission":null,"percentageCommission":0.6}],"trackingLink":"https://tatrck.com/h/0Hu30z9R0cZg","createdAt":"2023-12-13T15:11:12.807Z","updatedAt":"2024-09-03T17:04:27.283Z"},{"merchantId":157936,"name":"Red Vape UK","imageUri":"https://monetizeamex.com/v3/120x60/be4f60393cb4d52ea7e504e1eb4e6379.png","currencyCode":"EUR","defaultDomain":"redvape.com","domains":["redvape.com","redvape.co.uk"],"categoryId":4,"description":null,"isActive":true,"countryCodes":["GB"],"averageBasketValue":null,"averageCommission":null,"averageConfirmationTime":null,"averageCancellationRate":null,"minimumCommission":null,"maximumCommission":null,"commissionRates":[{"fixedCommission":null,"percentageCommission":6}],"trackingLink":"https://tatrck.com/h/0Hu30z9R0cZm","createdAt":"2023-12-13T15:11:14.786Z","updatedAt":"2024-08-21T11:27:26.727Z"},{"merchantId":157939,"name":"Open for Vintage UK","imageUri":"https://monetizeamex.com/v3/120x60/a3bf53ca1db0a9a7639ab34db7eeb06b.png","currencyCode":"EUR","defaultDomain":"openforvintage.com","domains":["openforvintage.com","openforvintage.co.uk"],"categoryId":21,"description":null,"isActive":true,"countryCodes":["GB"],"averageBasketValue":null,"averageCommission":null,"averageConfirmationTime":null,"averageCancellationRate":null,"minimumCommission":null,"maximumCommission":null,"commissionRates":[{"fixedCommission":null,"percentageCommission":1.7999999999999998}],"trackingLink":"https://tatrck.com/h/0Hu30z9R0cZp","createdAt":"2023-12-13T15:11:15.275Z","updatedAt":"2024-09-03T17:08:33.781Z"},{"merchantId":157955,"name":"MaxCarLoan US","imageUri":"https://monetizeamex.com/v3/120x60/ffd68ee3a37602f2d67d49d565d7e58e.png","currencyCode":"EUR","defaultDomain":"maxcarloan.com","domains":["maxcarloan.com"],"categoryId":66,"description":null,"isActive":true,"countryCodes":["US"],"averageBasketValue":null,"averageCommission":null,"averageConfirmationTime":null,"averageCancellationRate":null,"minimumCommission":null,"maximumCommission":null,"commissionRates":[{"fixedCommission":5.88,"percentageCommission":null}],"trackingLink":"https://tatrck.com/h/0Hu30z9R0ca3","createdAt":"2023-12-13T15:11:21.222Z","updatedAt":"2024-09-03T17:05:23.791Z"},{"merchantId":157956,"name":"MISSION US","imageUri":"https://monetizeamex.com/v3/120x60/408531fad065a62d463fcb402a3109fc.png","currencyCode":"EUR","defaultDomain":"mission.com","domains":["mission.com"],"categoryId":40,"description":null,"isActive":true,"countryCodes":["US"],"averageBasketValue":37.15,"averageCommission":1.6,"averageConfirmationTime":null,"averageCancellationRate":null,"minimumCommission":1.38,"maximumCommission":3.15,"commissionRates":[{"fixedCommission":null,"percentageCommission":6}],"trackingLink":"https://tatrck.com/h/0Hu30z9R0ca4","createdAt":"2023-12-13T15:11:21.172Z","updatedAt":"2024-09-02T05:43:36.196Z"},{"merchantId":157957,"name":"Motherhood MY","imageUri":"https://monetizeamex.com/v3/120x60/cdad6c7cae70f4933d04995328ea1fa1.png","currencyCode":"EUR","defaultDomain":"motherhood.com.my","domains":["motherhood.com.my"],"categoryId":17,"description":null,"isActive":true,"countryCodes":["MY"],"averageBasketValue":34.28,"averageCommission":1,"averageConfirmationTime":null,"averageCancellationRate":null,"minimumCommission":0.1,"maximumCommission":1.28,"commissionRates":[],"trackingLink":"https://tatrck.com/h/0Hu30z9R0ca5","createdAt":"2023-12-13T15:11:21.334Z","updatedAt":"2024-09-03T05:53:15.201Z"},{"merchantId":157985,"name":"And So To Bed UK","imageUri":"https://monetizeamex.com/v3/120x60/02987f0b5eac08de9097b007cd03fe6d.png","currencyCode":"EUR","defaultDomain":"andsotobed.co.uk","domains":["andsotobed.co.uk"],"categoryId":34,"description":null,"isActive":true,"countryCodes":["GB"],"averageBasketValue":null,"averageCommission":null,"averageConfirmationTime":null,"averageCancellationRate":null,"minimumCommission":null,"maximumCommission":null,"commissionRates":[{"fixedCommission":null,"percentageCommission":4.8}],"trackingLink":"https://tatrck.com/h/0Hu30z9R0caX","createdAt":"2023-12-13T15:11:29.385Z","updatedAt":"2024-09-03T17:06:36.765Z"},{"merchantId":157989,"name":"M·A·C UK","imageUri":"https://monetizeamex.com/v3/120x60/924ffcb4963d8db7f9b4c377fb4a1432.png","currencyCode":"EUR","defaultDomain":"maccosmetics.co.uk","domains":["maccosmetics.co.uk"],"categoryId":28,"description":null,"isActive":true,"countryCodes":["GB"],"averageBasketValue":47.56,"averageCommission":1.04,"averageConfirmationTime":null,"averageCancellationRate":null,"minimumCommission":0.32,"maximumCommission":4.96,"commissionRates":[{"fixedCommission":null,"percentageCommission":1.92}],"trackingLink":"https://tatrck.com/h/0Hu30z9R0cab","createdAt":"2023-12-13T15:11:30.370Z","updatedAt":"2024-09-03T17:04:42.875Z"},{"merchantId":157995,"name":"Mons Peak IX US","imageUri":"https://monetizeamex.com/v3/120x60/2267b9a589eddc80370af00c0e04dc97.png","currencyCode":"EUR","defaultDomain":"monspeakix.com","domains":["monspeakix.com"],"categoryId":55,"description":null,"isActive":true,"countryCodes":["US"],"averageBasketValue":null,"averageCommission":null,"averageConfirmationTime":null,"averageCancellationRate":null,"minimumCommission":null,"maximumCommission":null,"commissionRates":[],"trackingLink":"https://tatrck.com/h/0Hu30z9R0cah","createdAt":"2023-12-13T15:11:32.083Z","updatedAt":"2024-08-23T15:01:41.236Z"},{"merchantId":158012,"name":"My Brand ES","imageUri":"https://monetizeamex.com/v3/120x60/08427910f7ea5d5b91144f6c33dfe4db.png","currencyCode":"EUR","defaultDomain":"my-brand.com","domains":["my-brand.com"],"categoryId":40,"description":null,"isActive":true,"countryCodes":["NL"],"averageBasketValue":112.11,"averageCommission":6.72,"averageConfirmationTime":null,"averageCancellationRate":null,"minimumCommission":2.49,"maximumCommission":4.62,"commissionRates":[],"trackingLink":"https://tatrck.com/h/0Hu30z9R0cay","createdAt":"2023-12-13T15:11:36.807Z","updatedAt":"2024-09-03T17:09:25.384Z"},{"merchantId":158018,"name":"Virtasenkauppa FI","imageUri":"https://monetizeamex.com/v3/120x60/657eff461a949ae9aadb937b60057782.png","currencyCode":"EUR","defaultDomain":"virtasenkauppa.fi","domains":["virtasenkauppa.fi"],"categoryId":21,"description":null,"isActive":true,"countryCodes":["FI"],"averageBasketValue":141.37,"averageCommission":4.24,"averageConfirmationTime":28,"averageCancellationRate":null,"minimumCommission":0.97,"maximumCommission":15.36,"commissionRates":[],"trackingLink":"https://tatrck.com/h/0Hu30z9R0cb2","createdAt":"2023-12-13T15:11:37.570Z","updatedAt":"2024-09-03T05:22:47.437Z"},{"merchantId":158021,"name":"Cartridge World US","imageUri":"https://monetizeamex.com/v3/120x60/c7f04a72ad02062682d590a3ade575f0.png","currencyCode":"EUR","defaultDomain":"cartridgeworld.co.uk","domains":["cartridgeworld.co.uk"],"categoryId":70,"description":null,"isActive":true,"countryCodes":["GB"],"averageBasketValue":76.57,"averageCommission":1.83,"averageConfirmationTime":30,"averageCancellationRate":null,"minimumCommission":0.51,"maximumCommission":5.59,"commissionRates":[{"fixedCommission":null,"percentageCommission":2.4}],"trackingLink":"https://tatrck.com/h/0Hu30z9R0cb5","createdAt":"2023-12-13T15:11:38.687Z","updatedAt":"2024-09-01T05:50:05.712Z"},{"merchantId":158026,"name":"Flower Advisor ID","imageUri":"https://monetizeamex.com/v3/120x60/8cc91064add84e7a980956ac6eefb87a.png","currencyCode":"EUR","defaultDomain":"floweradvisor.co.id","domains":["floweradvisor.co.id"],"categoryId":47,"description":null,"isActive":true,"countryCodes":["ID"],"averageBasketValue":null,"averageCommission":null,"averageConfirmationTime":null,"averageCancellationRate":null,"minimumCommission":null,"maximumCommission":null,"commissionRates":[],"trackingLink":"https://tatrck.com/h/0Hu30z9R0cbA","createdAt":"2023-12-13T15:11:40.169Z","updatedAt":"2024-08-21T11:40:31.265Z"},{"merchantId":158027,"name":"Flower Advisor SG","imageUri":"https://monetizeamex.com/v3/120x60/f60c602af39c80540b2a17f0a74164c6.png","currencyCode":"EUR","defaultDomain":"floweradvisor.com.sg","domains":["floweradvisor.com.sg"],"categoryId":47,"description":null,"isActive":true,"countryCodes":["SG"],"averageBasketValue":null,"averageCommission":1.92,"averageConfirmationTime":45,"averageCancellationRate":null,"minimumCommission":1.3,"maximumCommission":1.3,"commissionRates":[],"trackingLink":"https://tatrck.com/h/0Hu30z9R0cbB","createdAt":"2023-12-13T15:11:40.284Z","updatedAt":"2024-08-21T11:44:06.270Z"},{"merchantId":158037,"name":"KKday","imageUri":"https://monetizeamex.com/v3/120x60/85b0c06452dab06d65a001762f7fe848.png","currencyCode":"EUR","defaultDomain":"kkday.com","domains":["kkday.com"],"categoryId":63,"description":null,"isActive":true,"countryCodes":[],"averageBasketValue":60.19,"averageCommission":1.54,"averageConfirmationTime":28,"averageCancellationRate":4.6000000000000005,"minimumCommission":0.01,"maximumCommission":36.71,"commissionRates":[],"trackingLink":"https://tatrck.com/h/0Hu30z9R0cbL","createdAt":"2023-12-13T15:11:43.077Z","updatedAt":"2024-09-03T05:54:04.611Z"},{"merchantId":158044,"name":"Seven 7 Jeans US","imageUri":"https://monetizeamex.com/v3/120x60/da76f85115429489b131ccafc74f0121.png","currencyCode":"EUR","defaultDomain":"seven7jeans.com","domains":["seven7jeans.com"],"categoryId":40,"description":null,"isActive":true,"countryCodes":["US"],"averageBasketValue":null,"averageCommission":null,"averageConfirmationTime":null,"averageCancellationRate":null,"minimumCommission":null,"maximumCommission":null,"commissionRates":[{"fixedCommission":null,"percentageCommission":6}],"trackingLink":"https://tatrck.com/h/0Hu30z9R0cbS","createdAt":"2023-12-13T15:11:45.385Z","updatedAt":"2024-08-23T15:02:00.156Z"},{"merchantId":158045,"name":"Shmoop University Inc. US","imageUri":"https://monetizeamex.com/v3/120x60/ecced978dda251d0dbb11371e218b9d4.png","currencyCode":"EUR","defaultDomain":"shmoop.com","domains":["shmoop.com"],"categoryId":44,"description":null,"isActive":true,"countryCodes":["US"],"averageBasketValue":null,"averageCommission":null,"averageConfirmationTime":null,"averageCancellationRate":null,"minimumCommission":null,"maximumCommission":null,"commissionRates":[],"trackingLink":"https://tatrck.com/h/0Hu30z9R0cbT","createdAt":"2023-12-13T15:11:45.803Z","updatedAt":"2024-08-21T11:40:16.265Z"},{"merchantId":158059,"name":"Bmw-Motorrad-Bohling DE","imageUri":"https://monetizeamex.com/v3/120x60/f6840a5377475b4eee4ee7694061593f.png","currencyCode":"EUR","defaultDomain":"bmw-motorrad-bohling.com","domains":["bmw-motorrad-bohling.com"],"categoryId":59,"description":null,"isActive":true,"countryCodes":["DE"],"averageBasketValue":38.49,"averageCommission":0.92,"averageConfirmationTime":null,"averageCancellationRate":null,"minimumCommission":1.65,"maximumCommission":1.65,"commissionRates":[{"fixedCommission":null,"percentageCommission":2.4}],"trackingLink":"https://tatrck.com/h/0Hu30z9R0cbh","createdAt":"2023-12-13T15:11:49.589Z","updatedAt":"2024-09-03T17:08:27.158Z"},{"merchantId":158063,"name":"RTV Euro PL","imageUri":"https://monetizeamex.com/v3/120x60/185a3d64363b1d4f98048b36048669a6.png","currencyCode":"EUR","defaultDomain":"euro.com.pl","domains":["euro.com.pl"],"categoryId":72,"description":null,"isActive":true,"countryCodes":["PL"],"averageBasketValue":300.87,"averageCommission":2.7,"averageConfirmationTime":null,"averageCancellationRate":null,"minimumCommission":0,"maximumCommission":56.53,"commissionRates":[{"fixedCommission":null,"percentageCommission":0.8999999999999999}],"trackingLink":"https://tatrck.com/h/0Hu30z9R0cbl","createdAt":"2023-12-13T15:11:50.987Z","updatedAt":"2024-09-03T05:51:02.920Z"},{"merchantId":158077,"name":"DirectSaveTelecom UK","imageUri":"https://monetizeamex.com/v3/120x60/8d183e4d8239eff2ac95be97571d29cf.png","currencyCode":"EUR","defaultDomain":"directsavetelecom.co.uk","domains":["directsavetelecom.co.uk"],"categoryId":58,"description":null,"isActive":true,"countryCodes":["GB"],"averageBasketValue":null,"averageCommission":19.32,"averageConfirmationTime":null,"averageCancellationRate":5.9,"minimumCommission":19.6,"maximumCommission":19.8,"commissionRates":[{"fixedCommission":18,"percentageCommission":null},{"fixedCommission":42,"percentageCommission":null},{"fixedCommission":39,"percentageCommission":null},{"fixedCommission":33,"percentageCommission":null},{"fixedCommission":36,"percentageCommission":null},{"fixedCommission":30,"percentageCommission":null},{"fixedCommission":27,"percentageCommission":null},{"fixedCommission":24,"percentageCommission":null},{"fixedCommission":21,"percentageCommission":null},{"fixedCommission":15,"percentageCommission":null},{"fixedCommission":45,"percentageCommission":null}],"trackingLink":"https://tatrck.com/h/0Hu30z9R0cbz","createdAt":"2023-12-13T15:11:55.575Z","updatedAt":"2024-09-03T17:05:55.912Z"},{"merchantId":158081,"name":"Clothing Shop Online US","imageUri":"https://monetizeamex.com/v3/120x60/663c776635b7950fbd7977bc27a911a0.png","currencyCode":"EUR","defaultDomain":"clothingshoponline.com","domains":["clothingshoponline.com"],"categoryId":21,"description":null,"isActive":true,"countryCodes":["US"],"averageBasketValue":217.59,"averageCommission":6.04,"averageConfirmationTime":null,"averageCancellationRate":null,"minimumCommission":0.19,"maximumCommission":82.48,"commissionRates":[{"fixedCommission":null,"percentageCommission":3},{"fixedCommission":null,"percentageCommission":1.44}],"trackingLink":"https://tatrck.com/h/0Hu30z9R0cc1","createdAt":"2023-12-13T15:11:56.767Z","updatedAt":"2024-09-03T05:52:22.951Z"},{"merchantId":158090,"name":"Patchology US","imageUri":"https://monetizeamex.com/v3/120x60/fe01ab5851f671bf846d5a750c6aa6e4.png","currencyCode":"EUR","defaultDomain":"patchology.com","domains":["patchology.com"],"categoryId":28,"description":null,"isActive":true,"countryCodes":["US"],"averageBasketValue":42.91,"averageCommission":3.6,"averageConfirmationTime":null,"averageCancellationRate":null,"minimumCommission":3.49,"maximumCommission":4.12,"commissionRates":[],"trackingLink":"https://tatrck.com/h/0Hu30z9R0ccA","createdAt":"2023-12-13T15:11:58.688Z","updatedAt":"2024-08-15T09:08:48.149Z"},{"merchantId":158096,"name":"InBank PL","imageUri":"https://monetizeamex.com/v3/120x60/2ea34998a5dccaf0d3caee4bc2b4f6de.png","currencyCode":"EUR","defaultDomain":"inbankpolska.pl","domains":["inbankpolska.pl"],"categoryId":66,"description":null,"isActive":true,"countryCodes":["PL"],"averageBasketValue":null,"averageCommission":null,"averageConfirmationTime":null,"averageCancellationRate":null,"minimumCommission":null,"maximumCommission":null,"commissionRates":[],"trackingLink":"https://tatrck.com/h/0Hu30z9R0ccG","createdAt":"2023-12-13T15:12:00.524Z","updatedAt":"2024-08-15T09:12:44.047Z"},{"merchantId":158100,"name":"Acrovid US","imageUri":"https://monetizeamex.com/v3/120x60/db97bde0cb5231ed0906a546b1d3ba1b.png","currencyCode":"EUR","defaultDomain":"acrovid.com","domains":["acrovid.com"],"categoryId":79,"description":null,"isActive":true,"countryCodes":[],"averageBasketValue":null,"averageCommission":null,"averageConfirmationTime":null,"averageCancellationRate":null,"minimumCommission":null,"maximumCommission":null,"commissionRates":[{"fixedCommission":null,"percentageCommission":12},{"fixedCommission":null,"percentageCommission":9}],"trackingLink":"https://tatrck.com/h/0Hu30z9R0ccK","createdAt":"2023-12-13T15:12:02.868Z","updatedAt":"2024-08-15T09:05:38.235Z"},{"merchantId":158101,"name":"Antranks US","imageUri":"https://monetizeamex.com/v3/120x60/b56dd4425e6baead676ff687420761e0.png","currencyCode":"EUR","defaultDomain":"antranks.com","domains":["antranks.com"],"categoryId":36,"description":null,"isActive":true,"countryCodes":[],"averageBasketValue":null,"averageCommission":null,"averageConfirmationTime":null,"averageCancellationRate":null,"minimumCommission":null,"maximumCommission":null,"commissionRates":[],"trackingLink":"https://tatrck.com/h/0Hu30z9R0ccL","createdAt":"2023-12-13T15:12:02.801Z","updatedAt":"2024-09-03T05:29:01.933Z"},{"merchantId":158103,"name":"Extensionbase US","imageUri":"https://monetizeamex.com/v3/120x60/aa6cfbd4828d389e6e60d199ffd42b69.png","currencyCode":"EUR","defaultDomain":"extensionbase.com","domains":["extensionbase.com"],"categoryId":49,"description":null,"isActive":true,"countryCodes":[],"averageBasketValue":null,"averageCommission":null,"averageConfirmationTime":null,"averageCancellationRate":null,"minimumCommission":null,"maximumCommission":null,"commissionRates":[{"fixedCommission":null,"percentageCommission":15}],"trackingLink":"https://tatrck.com/h/0Hu30z9R0ccN","createdAt":"2023-12-13T15:12:03.570Z","updatedAt":"2024-08-15T09:05:38.552Z"},{"merchantId":158104,"name":"FlyingcFX US","imageUri":"https://monetizeamex.com/v3/120x60/eb675c3b21bcf1d24cb545a5368724b5.png","currencyCode":"EUR","defaultDomain":"flyingcfx.com","domains":["flyingcfx.com"],"categoryId":74,"description":null,"isActive":true,"countryCodes":[],"averageBasketValue":null,"averageCommission":null,"averageConfirmationTime":null,"averageCancellationRate":null,"minimumCommission":null,"maximumCommission":null,"commissionRates":[{"fixedCommission":null,"percentageCommission":9}],"trackingLink":"https://tatrck.com/h/0Hu30z9R0ccO","createdAt":"2023-12-13T15:12:03.980Z","updatedAt":"2024-08-15T09:05:38.522Z"},{"merchantId":158107,"name":"WinZip US","imageUri":"https://monetizeamex.com/v3/120x60/4258e1c4287b871666bd4228804fd7f2.png","currencyCode":"EUR","defaultDomain":"winzip.com","domains":["winzip.com"],"categoryId":37,"description":"Parallels Official Site | Mac & Windows Virtualization, Mac Management","isActive":true,"countryCodes":[],"averageBasketValue":32.52,"averageCommission":2.92,"averageConfirmationTime":26,"averageCancellationRate":8.1,"minimumCommission":1.39,"maximumCommission":4.16,"commissionRates":[{"fixedCommission":null,"percentageCommission":6}],"trackingLink":"https://tatrck.com/h/0Hu30z9R0ccR","createdAt":"2023-12-13T15:12:05.191Z","updatedAt":"2024-09-02T05:53:46.726Z"},{"merchantId":158108,"name":"Van Heusen AU","imageUri":"https://monetizeamex.com/v3/120x60/35f40261b161a30fe583e4586bfeaade.png","currencyCode":"EUR","defaultDomain":"vanheusen.com.au","domains":["vanheusen.com.au"],"categoryId":40,"description":null,"isActive":true,"countryCodes":["AU"],"averageBasketValue":78.47,"averageCommission":1.41,"averageConfirmationTime":null,"averageCancellationRate":null,"minimumCommission":0.37,"maximumCommission":3.54,"commissionRates":[{"fixedCommission":null,"percentageCommission":1.7999999999999998}],"trackingLink":"https://tatrck.com/h/0Hu30z9R0ccS","createdAt":"2023-12-13T15:12:05.277Z","updatedAt":"2024-09-03T17:03:37.818Z"},{"merchantId":158121,"name":"Charles & Keith US","imageUri":"https://monetizeamex.com/v3/120x60/b93dc5ba420f23bf9743aaccfbda973c.png","currencyCode":"EUR","defaultDomain":"charleskeith.com","domains":["charleskeith.com"],"categoryId":40,"description":"Charles & Keith is a large fast fashion brand with over 600 stores globally and thousands of items. With weekly new arrivals of shoes, bags and accessories this brand has become a favorite with the Instagram set and Celebrities alike.","isActive":true,"countryCodes":["MY","US","CA"],"averageBasketValue":63.4,"averageCommission":2.22,"averageConfirmationTime":58,"averageCancellationRate":null,"minimumCommission":0.17,"maximumCommission":5.91,"commissionRates":[],"trackingLink":"https://tatrck.com/h/0Hu30z9R0ccf","createdAt":"2023-12-13T15:12:11.294Z","updatedAt":"2024-09-03T09:01:01.991Z"},{"merchantId":158123,"name":"Currencyfair US","imageUri":"https://monetizeamex.com/v3/120x60/1d43aad73b256be524c4907a7acd1ae0.png","currencyCode":"EUR","defaultDomain":"currencyfair.com","domains":["currencyfair.com"],"categoryId":66,"description":null,"isActive":true,"countryCodes":["US","FR"],"averageBasketValue":null,"averageCommission":null,"averageConfirmationTime":28,"averageCancellationRate":null,"minimumCommission":null,"maximumCommission":null,"commissionRates":[],"trackingLink":"https://tatrck.com/h/0Hu30z9R0cch","createdAt":"2023-12-13T15:12:11.886Z","updatedAt":"2024-08-23T15:05:31.271Z"},{"merchantId":158126,"name":"Expedia TH","imageUri":"https://monetizeamex.com/v3/120x60/427dae9475239c960ddbf32c4f1a2b64.png","currencyCode":"EUR","defaultDomain":"expedia.co.th","domains":["expedia.co.th"],"categoryId":41,"description":null,"isActive":true,"countryCodes":["TH"],"averageBasketValue":20.57,"averageCommission":13.57,"averageConfirmationTime":null,"averageCancellationRate":5.8,"minimumCommission":0.33,"maximumCommission":0.33,"commissionRates":[],"trackingLink":"https://tatrck.com/h/0Hu30z9R0cck","createdAt":"2023-12-13T15:12:13.273Z","updatedAt":"2024-08-30T05:55:07.882Z"},{"merchantId":158127,"name":"Flower Advisor MY","imageUri":"https://monetizeamex.com/v3/120x60/c69e4d591505dd15874897ab2230efe6.png","currencyCode":"EUR","defaultDomain":"floweradvisor.com.my","domains":["floweradvisor.com.my"],"categoryId":47,"description":null,"isActive":true,"countryCodes":["MY","US"],"averageBasketValue":null,"averageCommission":null,"averageConfirmationTime":null,"averageCancellationRate":null,"minimumCommission":null,"maximumCommission":null,"commissionRates":[],"trackingLink":"https://tatrck.com/h/0Hu30z9R0ccl","createdAt":"2023-12-13T15:12:13.385Z","updatedAt":"2024-08-21T11:40:32.474Z"},{"merchantId":158131,"name":"La Coqueta UK","imageUri":"https://monetizeamex.com/v3/120x60/a5d167aecef2023003f01fe13f767c27.png","currencyCode":"EUR","defaultDomain":"lacoquetakids.com","domains":["lacoquetakids.com"],"categoryId":17,"description":null,"isActive":true,"countryCodes":["GB"],"averageBasketValue":119.33,"averageCommission":2.14,"averageConfirmationTime":null,"averageCancellationRate":12.5,"minimumCommission":0.14,"maximumCommission":1.22,"commissionRates":[{"fixedCommission":null,"percentageCommission":1.7999999999999998}],"trackingLink":"https://tatrck.com/h/0Hu30z9R0ccp","createdAt":"2023-12-13T15:12:14.698Z","updatedAt":"2024-09-03T17:07:36.249Z"},{"merchantId":158168,"name":"PopUpTee US","imageUri":"https://monetizeamex.com/v3/120x60/c776485932c829bea94464a0e3bf8954.png","currencyCode":"EUR","defaultDomain":"popuptee.com","domains":["popuptee.com"],"categoryId":40,"description":null,"isActive":true,"countryCodes":["US"],"averageBasketValue":41.53,"averageCommission":2.98,"averageConfirmationTime":4,"averageCancellationRate":null,"minimumCommission":1.86,"maximumCommission":1.86,"commissionRates":[{"fixedCommission":null,"percentageCommission":7.199999999999999}],"trackingLink":"https://tatrck.com/h/0Hu30z9R0cdO","createdAt":"2023-12-13T15:12:30.370Z","updatedAt":"2024-08-21T11:35:14.539Z"},{"merchantId":158225,"name":"Edelnice Trachtenmode DE","imageUri":"https://monetizeamex.com/v3/120x60/4c98af2f612e2b07e4042c4e99473967.png","currencyCode":"EUR","defaultDomain":"trachtenmode.eu","domains":["trachtenmode.eu"],"categoryId":40,"description":null,"isActive":true,"countryCodes":["DE"],"averageBasketValue":120.55,"averageCommission":14.46,"averageConfirmationTime":null,"averageCancellationRate":null,"minimumCommission":13.09,"maximumCommission":30.24,"commissionRates":[{"fixedCommission":null,"percentageCommission":12}],"trackingLink":"https://tatrck.com/h/0Hu30z9R0ceH","createdAt":"2023-12-13T15:12:48.101Z","updatedAt":"2024-09-03T17:09:09.571Z"},{"merchantId":158238,"name":"Eve Lom UK","imageUri":"https://monetizeamex.com/v3/120x60/7ea749794fb642a9520be61b54ff6ab0.png","currencyCode":"EUR","defaultDomain":"evelom.co.uk","domains":["evelom.co.uk"],"categoryId":27,"description":null,"isActive":true,"countryCodes":["GB"],"averageBasketValue":162.77,"averageCommission":5.85,"averageConfirmationTime":null,"averageCancellationRate":null,"minimumCommission":4.72,"maximumCommission":4.72,"commissionRates":[],"trackingLink":"https://tatrck.com/h/0Hu30z9R0ceU","createdAt":"2023-12-13T15:12:51.870Z","updatedAt":"2024-09-03T17:06:09.390Z"}]}