{"meta":{"next":126055},"data":[{"merchantId":125548,"name":"Electric US","imageUri":"https://monetizeamex.com/v3/120x60/3f9c951f35fa3839994e78f49fa1bd21.png","currencyCode":"EUR","defaultDomain":"electriccalifornia.com","domains":["electriccalifornia.com"],"categoryId":40,"description":null,"isActive":true,"countryCodes":["US"],"averageBasketValue":177.79,"averageCommission":null,"averageConfirmationTime":null,"averageCancellationRate":null,"minimumCommission":null,"maximumCommission":null,"commissionRates":[{"fixedCommission":null,"percentageCommission":9},{"fixedCommission":null,"percentageCommission":7.199999999999999}],"trackingLink":"https://tatrck.com/h/0Hu30z9R0Ufi","createdAt":"2023-12-13T12:02:53.296Z","updatedAt":"2024-08-23T15:02:52.076Z"},{"merchantId":125641,"name":"Makaboo US","imageUri":"https://monetizeamex.com/v3/120x60/4b27b53634c6986dd3b58f15696e055d.png","currencyCode":"EUR","defaultDomain":"makaboo.com","domains":["makaboo.com"],"categoryId":17,"description":null,"isActive":true,"countryCodes":["US"],"averageBasketValue":null,"averageCommission":null,"averageConfirmationTime":null,"averageCancellationRate":null,"minimumCommission":null,"maximumCommission":null,"commissionRates":[],"trackingLink":"https://tatrck.com/h/0Hu30z9R0Uh9","createdAt":"2023-12-13T12:03:26.587Z","updatedAt":"2024-08-21T11:39:05.204Z"},{"merchantId":125656,"name":"A2koi NL","imageUri":"https://monetizeamex.com/v3/120x60/a97ac9c1af7c3c923a6852936007b7b3.png","currencyCode":"EUR","defaultDomain":"a2koi.nl","domains":["a2koi.nl"],"categoryId":61,"description":null,"isActive":true,"countryCodes":["NL"],"averageBasketValue":101.99,"averageCommission":1.78,"averageConfirmationTime":6,"averageCancellationRate":null,"minimumCommission":0.12,"maximumCommission":5.57,"commissionRates":[],"trackingLink":"https://tatrck.com/h/0Hu30z9R0UhO","createdAt":"2023-12-13T12:03:31.074Z","updatedAt":"2024-09-02T05:32:15.329Z"},{"merchantId":125663,"name":"Amantis.net ES","imageUri":"https://monetizeamex.com/v3/120x60/20d3d3fc0aaadb7771c0070d62b9db81.png","currencyCode":"EUR","defaultDomain":"amantis.net","domains":["amantis.net"],"categoryId":60,"description":null,"isActive":true,"countryCodes":["ES"],"averageBasketValue":36.78,"averageCommission":0.7,"averageConfirmationTime":null,"averageCancellationRate":5.4,"minimumCommission":0.01,"maximumCommission":8.08,"commissionRates":[],"trackingLink":"https://tatrck.com/h/0Hu30z9R0UhV","createdAt":"2023-12-13T12:03:33.483Z","updatedAt":"2024-09-03T05:46:12.390Z"},{"merchantId":125670,"name":"AutobandenCollectief NL","imageUri":"https://monetizeamex.com/v3/120x60/611b4518789769fcfa7325d4efb8cdd1.png","currencyCode":"EUR","defaultDomain":"autobandencollectief.nl","domains":["autobandencollectief.nl"],"categoryId":59,"description":null,"isActive":true,"countryCodes":["NL"],"averageBasketValue":null,"averageCommission":null,"averageConfirmationTime":null,"averageCancellationRate":null,"minimumCommission":null,"maximumCommission":null,"commissionRates":[],"trackingLink":"https://tatrck.com/h/0Hu30z9R0Uhc","createdAt":"2023-12-13T12:03:35.683Z","updatedAt":"2024-08-21T11:40:23.928Z"},{"merchantId":125676,"name":"BandenShop NL","imageUri":"https://monetizeamex.com/v3/120x60/3a85de1e678ec4573f3344d0b92c2539.png","currencyCode":"EUR","defaultDomain":"bandenshop.nl","domains":["bandenshop.nl"],"categoryId":59,"description":null,"isActive":true,"countryCodes":["NL"],"averageBasketValue":null,"averageCommission":null,"averageConfirmationTime":null,"averageCancellationRate":null,"minimumCommission":null,"maximumCommission":null,"commissionRates":[],"trackingLink":"https://tatrck.com/h/0Hu30z9R0Uhi","createdAt":"2023-12-13T12:03:39.167Z","updatedAt":"2024-08-21T11:45:28.262Z"},{"merchantId":125677,"name":"Batteries-Online DK","imageUri":"https://monetizeamex.com/v3/120x60/5cf485a4a880c0d26b118f021411ffc3.png","currencyCode":"EUR","defaultDomain":"batteries-online.dk","domains":["batteries-online.dk"],"categoryId":72,"description":null,"isActive":true,"countryCodes":["DK"],"averageBasketValue":47.4,"averageCommission":1.38,"averageConfirmationTime":11,"averageCancellationRate":null,"minimumCommission":0.03,"maximumCommission":0.03,"commissionRates":[],"trackingLink":"https://tatrck.com/h/0Hu30z9R0Uhj","createdAt":"2023-12-13T12:03:37.889Z","updatedAt":"2024-09-03T05:08:05.732Z"},{"merchantId":125681,"name":"Bergumermeer NL","imageUri":"https://monetizeamex.com/v3/120x60/96ab8f4e1e73ea92e16cd7a2524d8312.png","currencyCode":"EUR","defaultDomain":"bergumermeer.nl","domains":["bergumermeer.nl"],"categoryId":45,"description":null,"isActive":true,"countryCodes":["NL"],"averageBasketValue":null,"averageCommission":null,"averageConfirmationTime":null,"averageCancellationRate":null,"minimumCommission":null,"maximumCommission":null,"commissionRates":[],"trackingLink":"https://tatrck.com/h/0Hu30z9R0Uhn","createdAt":"2023-12-13T12:03:39.781Z","updatedAt":"2024-08-21T11:29:52.795Z"},{"merchantId":125711,"name":"Davpack UK","imageUri":"https://monetizeamex.com/v3/120x60/f6f649a5d30bbfef0a3c7477099c8786.png","currencyCode":"EUR","defaultDomain":"davpack.co.uk","domains":["davpack.co.uk"],"categoryId":21,"description":null,"isActive":true,"countryCodes":["GB"],"averageBasketValue":250.21,"averageCommission":3,"averageConfirmationTime":null,"averageCancellationRate":null,"minimumCommission":0.32,"maximumCommission":27.28,"commissionRates":[],"trackingLink":"https://tatrck.com/h/0Hu30z9R0UiF","createdAt":"2023-12-13T12:03:50.687Z","updatedAt":"2024-09-03T17:08:10.657Z"},{"merchantId":125741,"name":"Eliittikumppani FI","imageUri":"https://monetizeamex.com/v3/120x60/ad6eeaae8fd5529607a42557f21bef74.png","currencyCode":"EUR","defaultDomain":"eliittikumppani.fi","domains":["eliittikumppani.fi"],"categoryId":16,"description":null,"isActive":true,"countryCodes":["FI"],"averageBasketValue":null,"averageCommission":null,"averageConfirmationTime":null,"averageCancellationRate":null,"minimumCommission":null,"maximumCommission":null,"commissionRates":[],"trackingLink":"https://tatrck.com/h/0Hu30z9R0Uij","createdAt":"2023-12-13T12:03:58.778Z","updatedAt":"2024-08-21T11:43:13.712Z"},{"merchantId":125759,"name":"Fotodevakman NL","imageUri":"https://monetizeamex.com/v3/120x60/79793b007e7250f548939eb94dc03bc0.png","currencyCode":"EUR","defaultDomain":"fotodevakman.nl","domains":["fotodevakman.nl"],"categoryId":80,"description":null,"isActive":true,"countryCodes":["NL"],"averageBasketValue":750.03,"averageCommission":15.37,"averageConfirmationTime":5,"averageCancellationRate":3.6,"minimumCommission":0.88,"maximumCommission":41.55,"commissionRates":[],"trackingLink":"https://tatrck.com/h/0Hu30z9R0Ui_","createdAt":"2023-12-13T12:04:04.769Z","updatedAt":"2024-09-03T05:10:22.706Z"},{"merchantId":125765,"name":"Glamest IT","imageUri":"https://monetizeamex.com/v3/120x60/c559fcd929c8b08bf9d834fa83774762.png","currencyCode":"EUR","defaultDomain":"glamest.com","domains":["glamest.com"],"categoryId":40,"description":null,"isActive":true,"countryCodes":["IT"],"averageBasketValue":161.48,"averageCommission":8.94,"averageConfirmationTime":null,"averageCancellationRate":null,"minimumCommission":8.94,"maximumCommission":8.94,"commissionRates":[{"fixedCommission":null,"percentageCommission":5.538},{"fixedCommission":null,"percentageCommission":2.772}],"trackingLink":"https://tatrck.com/h/0Hu30z9R0Uj5","createdAt":"2023-12-13T12:04:06.174Z","updatedAt":"2024-09-03T17:09:31.698Z"},{"merchantId":125767,"name":"Glucomannan.fi - Superkuitu FI","imageUri":"https://monetizeamex.com/v3/120x60/898d3295371190fb801e94266d51e108.png","currencyCode":"EUR","defaultDomain":"glucomannan.fi","domains":["glucomannan.fi"],"categoryId":68,"description":null,"isActive":true,"countryCodes":["EE"],"averageBasketValue":null,"averageCommission":null,"averageConfirmationTime":null,"averageCancellationRate":null,"minimumCommission":null,"maximumCommission":null,"commissionRates":[],"trackingLink":"https://tatrck.com/h/0Hu30z9R0Uj7","createdAt":"2023-12-13T12:04:06.878Z","updatedAt":"2024-08-21T11:37:47.636Z"},{"merchantId":125772,"name":"Greatlittlebreaks UK","imageUri":"https://monetizeamex.com/v3/120x60/bf278c4d21345d61985c6a9ed6370ad8.png","currencyCode":"EUR","defaultDomain":"greatlittlebreaks.com","domains":["greatlittlebreaks.com","greatlittlebreaks.co.uk"],"categoryId":63,"description":null,"isActive":true,"countryCodes":["GB"],"averageBasketValue":374.84,"averageCommission":11.23,"averageConfirmationTime":null,"averageCancellationRate":null,"minimumCommission":11.31,"maximumCommission":11.64,"commissionRates":[{"fixedCommission":null,"percentageCommission":2.4}],"trackingLink":"https://tatrck.com/h/0Hu30z9R0UjC","createdAt":"2023-12-13T12:04:08.374Z","updatedAt":"2024-09-03T17:05:12.888Z"},{"merchantId":125810,"name":"Kolikkopelit DK","imageUri":"https://monetizeamex.com/v3/120x60/e3e6e7163fb048ed897944bdae5bb2dc.png","currencyCode":"EUR","defaultDomain":"kolikkopelit.com","domains":["kolikkopelit.com"],"categoryId":42,"description":null,"isActive":true,"countryCodes":["EE"],"averageBasketValue":null,"averageCommission":null,"averageConfirmationTime":null,"averageCancellationRate":null,"minimumCommission":null,"maximumCommission":null,"commissionRates":[],"trackingLink":"https://tatrck.com/h/0Hu30z9R0Ujo","createdAt":"2023-12-13T12:04:20.898Z","updatedAt":"2024-08-21T11:26:06.729Z"},{"merchantId":125821,"name":"Leijonakasino DK","imageUri":"https://monetizeamex.com/v3/120x60/929b235f22bacfc82c4bd6778a07b70f.png","currencyCode":"EUR","defaultDomain":"casinohuone.com","domains":["casinohuone.com","leijonakasino.com"],"categoryId":42,"description":null,"isActive":true,"countryCodes":["EE"],"averageBasketValue":null,"averageCommission":null,"averageConfirmationTime":null,"averageCancellationRate":null,"minimumCommission":null,"maximumCommission":null,"commissionRates":[],"trackingLink":"https://tatrck.com/h/0Hu30z9R0Ujz","createdAt":"2023-12-13T12:04:24.985Z","updatedAt":"2024-08-21T11:28:13.170Z"},{"merchantId":125822,"name":"Lelut24 FI","imageUri":"https://monetizeamex.com/v3/120x60/37dc7c4d6c47cfc6d06f22ec5fb548b5.png","currencyCode":"EUR","defaultDomain":"lelut24.fi","domains":["lelut24.fi"],"categoryId":21,"description":null,"isActive":true,"countryCodes":["FI"],"averageBasketValue":null,"averageCommission":null,"averageConfirmationTime":null,"averageCancellationRate":null,"minimumCommission":null,"maximumCommission":null,"commissionRates":[],"trackingLink":"https://tatrck.com/h/0Hu30z9R0Uj-","createdAt":"2023-12-13T12:04:25.894Z","updatedAt":"2024-08-21T11:39:06.854Z"},{"merchantId":125832,"name":"Lux-Case DK","imageUri":"https://monetizeamex.com/v3/120x60/3e117b15e602d346ca6d76efede75e40.png","currencyCode":"EUR","defaultDomain":"lux-case.dk","domains":["lux-case.dk"],"categoryId":50,"description":null,"isActive":true,"countryCodes":["DK"],"averageBasketValue":17.58,"averageCommission":1.05,"averageConfirmationTime":null,"averageCancellationRate":null,"minimumCommission":0.34,"maximumCommission":1.9,"commissionRates":[],"trackingLink":"https://tatrck.com/h/0Hu30z9R0Uk8","createdAt":"2023-12-13T12:04:28.391Z","updatedAt":"2024-08-21T11:39:32.689Z"},{"merchantId":125833,"name":"Lux-case FI","imageUri":"https://monetizeamex.com/v3/120x60/c97b7e54d7996067935de0fba42a913d.png","currencyCode":"EUR","defaultDomain":"lux-case.fi","domains":["lux-case.fi"],"categoryId":72,"description":null,"isActive":true,"countryCodes":["FI"],"averageBasketValue":19.58,"averageCommission":1.17,"averageConfirmationTime":null,"averageCancellationRate":null,"minimumCommission":0.57,"maximumCommission":1.75,"commissionRates":[],"trackingLink":"https://tatrck.com/h/0Hu30z9R0Uk9","createdAt":"2023-12-13T12:04:28.404Z","updatedAt":"2024-08-21T11:39:28.039Z"},{"merchantId":125862,"name":"Nordnet SE","imageUri":"https://monetizeamex.com/v3/120x60/f7d92ed80e4371b8779353168be59289.png","currencyCode":"EUR","defaultDomain":"nordnet.se","domains":["nordnet.se"],"categoryId":66,"description":null,"isActive":true,"countryCodes":["SE"],"averageBasketValue":null,"averageCommission":11.61,"averageConfirmationTime":null,"averageCancellationRate":null,"minimumCommission":11.53,"maximumCommission":11.72,"commissionRates":[{"fixedCommission":134.4,"percentageCommission":null}],"trackingLink":"https://tatrck.com/h/0Hu30z9R0Ukc","createdAt":"2023-12-13T12:04:38.374Z","updatedAt":"2024-09-02T05:52:19.522Z"},{"merchantId":125904,"name":"Sheds UK","imageUri":"https://monetizeamex.com/v3/120x60/38d134c1c20315589cef094f9ed4c625.png","currencyCode":"EUR","defaultDomain":"sheds.co.uk","domains":["sheds.co.uk"],"categoryId":74,"description":null,"isActive":true,"countryCodes":["GB"],"averageBasketValue":595.65,"averageCommission":8.75,"averageConfirmationTime":null,"averageCancellationRate":0.8,"minimumCommission":0.6,"maximumCommission":39.37,"commissionRates":[],"trackingLink":"https://tatrck.com/h/0Hu30z9R0UlG","createdAt":"2023-12-13T12:04:55.711Z","updatedAt":"2024-08-21T11:43:36.095Z"},{"merchantId":125909,"name":"Sunweb DK","imageUri":"https://monetizeamex.com/v3/120x60/b647c899569a59c5c22c70fdf782c0be.png","currencyCode":"EUR","defaultDomain":"sunweb.dk","domains":["sunweb.dk"],"categoryId":63,"description":null,"isActive":true,"countryCodes":["DK"],"averageBasketValue":3,"averageCommission":27.03,"averageConfirmationTime":null,"averageCancellationRate":33.3,"minimumCommission":41.38,"maximumCommission":61.51,"commissionRates":[],"trackingLink":"https://tatrck.com/h/0Hu30z9R0UlL","createdAt":"2023-12-13T12:04:57.489Z","updatedAt":"2024-08-21T11:29:45.604Z"},{"merchantId":125914,"name":"Snelleofferte NL","imageUri":"https://monetizeamex.com/v3/120x60/b32da2ea884813ea9314c06afdd9f302.png","currencyCode":"EUR","defaultDomain":"snelleofferte.nl","domains":["snelleofferte.nl"],"categoryId":72,"description":null,"isActive":true,"countryCodes":["NL"],"averageBasketValue":null,"averageCommission":null,"averageConfirmationTime":null,"averageCancellationRate":null,"minimumCommission":null,"maximumCommission":null,"commissionRates":[],"trackingLink":"https://tatrck.com/h/0Hu30z9R0UlQ","createdAt":"2023-12-13T12:05:00.487Z","updatedAt":"2024-08-21T11:37:49.510Z"},{"merchantId":125946,"name":"vanarendonk.nl","imageUri":"https://monetizeamex.com/v3/120x60/955d4e1c4b9df1028d2c6adea5c9b6f5.png","currencyCode":"EUR","defaultDomain":"vanarendonk.nl","domains":["vanarendonk.nl"],"categoryId":21,"description":null,"isActive":true,"countryCodes":["NL"],"averageBasketValue":125.75,"averageCommission":5.64,"averageConfirmationTime":null,"averageCancellationRate":null,"minimumCommission":2.91,"maximumCommission":9.37,"commissionRates":[],"trackingLink":"https://tatrck.com/h/0Hu30z9R0Ulw","createdAt":"2023-12-13T12:05:11.746Z","updatedAt":"2024-09-03T05:49:08.838Z"},{"merchantId":125949,"name":"VelgenShop NL","imageUri":"https://monetizeamex.com/v3/120x60/f8f90c69b086f1a511a4a7278c9117eb.png","currencyCode":"EUR","defaultDomain":"velgenshop.nl","domains":["velgenshop.nl"],"categoryId":59,"description":null,"isActive":true,"countryCodes":["NL"],"averageBasketValue":512.76,"averageCommission":4.61,"averageConfirmationTime":28,"averageCancellationRate":null,"minimumCommission":null,"maximumCommission":null,"commissionRates":[],"trackingLink":"https://tatrck.com/h/0Hu30z9R0Ulz","createdAt":"2023-12-13T12:05:12.995Z","updatedAt":"2024-08-21T11:31:02.363Z"},{"merchantId":125966,"name":"Winterbanden NL","imageUri":"https://monetizeamex.com/v3/120x60/ca843897cc4409e55c70d2c3b456be44.png","currencyCode":"EUR","defaultDomain":"winterbanden.nl","domains":["winterbanden.nl"],"categoryId":59,"description":null,"isActive":true,"countryCodes":["NL"],"averageBasketValue":null,"averageCommission":null,"averageConfirmationTime":null,"averageCancellationRate":null,"minimumCommission":null,"maximumCommission":null,"commissionRates":[],"trackingLink":"https://tatrck.com/h/0Hu30z9R0UmE","createdAt":"2023-12-13T12:05:20.683Z","updatedAt":"2024-08-21T11:40:17.638Z"},{"merchantId":126000,"name":"Babykadowinkel NL","imageUri":"https://monetizeamex.com/v3/120x60/ddd7d4d22ea378f9e8805a24b35574eb.png","currencyCode":"EUR","defaultDomain":"babykadowinkel.nl","domains":["babykadowinkel.nl"],"categoryId":17,"description":null,"isActive":true,"countryCodes":["NL"],"averageBasketValue":null,"averageCommission":null,"averageConfirmationTime":null,"averageCancellationRate":null,"minimumCommission":null,"maximumCommission":null,"commissionRates":[],"trackingLink":"https://tatrck.com/h/0Hu30z9R0Umm","createdAt":"2023-12-13T12:05:31.571Z","updatedAt":"2024-08-21T11:29:47.898Z"},{"merchantId":126002,"name":"Beddengoed NL","imageUri":"https://monetizeamex.com/v3/120x60/fa224226992de9ff5fca99dc26aece02.png","currencyCode":"EUR","defaultDomain":"beddengoed.com","domains":["beddengoed.com"],"categoryId":74,"description":null,"isActive":true,"countryCodes":["NL"],"averageBasketValue":315.55,"averageCommission":11.65,"averageConfirmationTime":58,"averageCancellationRate":null,"minimumCommission":null,"maximumCommission":null,"commissionRates":[],"trackingLink":"https://tatrck.com/h/0Hu30z9R0Umo","createdAt":"2023-12-13T12:05:31.896Z","updatedAt":"2024-08-21T11:43:12.532Z"},{"merchantId":126039,"name":"DeKroo NL","imageUri":"https://monetizeamex.com/v3/120x60/376d857156ae85f4d16fd716c8f23bf3.png","currencyCode":"EUR","defaultDomain":"dekroo.nl","domains":["dekroo.nl"],"categoryId":59,"description":null,"isActive":true,"countryCodes":["NL"],"averageBasketValue":72.41,"averageCommission":3.25,"averageConfirmationTime":58,"averageCancellationRate":7.3,"minimumCommission":2.44,"maximumCommission":5.31,"commissionRates":[],"trackingLink":"https://tatrck.com/h/0Hu30z9R0UnN","createdAt":"2023-12-13T12:05:45.120Z","updatedAt":"2024-09-03T09:01:05.659Z"}]}