{"meta":{"next":104964},"data":[{"merchantId":104455,"name":"hanfhaus DE","imageUri":"https://monetizeamex.com/v3/120x60/d99424d796f59bac53abf5b933bdf90d.png","currencyCode":"EUR","defaultDomain":"hanfhaus.de","domains":["hanfhaus.de"],"categoryId":57,"description":"Düsseldorfs erster Fachhändler für Hanfprodukte seit 25 Jahren Bio Hanfsamen ✔ Kosmetik mit Hanf & CBD ✔ Hanf-Mode ✔ Gratis Versand ab 40€. Jetzt entdecken.","isActive":true,"countryCodes":["DE"],"averageBasketValue":47.06,"averageCommission":4.23,"averageConfirmationTime":null,"averageCancellationRate":null,"minimumCommission":4.23,"maximumCommission":4.23,"commissionRates":[{"fixedCommission":null,"percentageCommission":9}],"trackingLink":"https://tatrck.com/h/0Hu30z9R0PW7","createdAt":"2023-12-13T09:59:40.308Z","updatedAt":"2024-08-15T08:44:46.824Z"},{"merchantId":104456,"name":"alleziele DE","imageUri":"https://monetizeamex.com/v3/120x60/e4b5d14ff8f5526203c637e1d8e7ca28.png","currencyCode":"EUR","defaultDomain":"alleziele.de","domains":["alle-ziele.de","alleziele.de"],"categoryId":63,"description":null,"isActive":true,"countryCodes":["DE"],"averageBasketValue":1,"averageCommission":0.45,"averageConfirmationTime":null,"averageCancellationRate":null,"minimumCommission":0.45,"maximumCommission":0.45,"commissionRates":[{"fixedCommission":0.45,"percentageCommission":null}],"trackingLink":"https://tatrck.com/h/0Hu30z9R0PW8","createdAt":"2023-12-13T09:59:38.476Z","updatedAt":"2024-08-15T08:44:39.057Z"},{"merchantId":104458,"name":"historia.net","imageUri":"https://monetizeamex.com/v3/120x60/94f2aa4dacb47e9276516184ffc71a7d.png","currencyCode":"EUR","defaultDomain":"historia.net","domains":["historia.net"],"categoryId":82,"description":"Page description","isActive":true,"countryCodes":["DE","FR","ES","NL"],"averageBasketValue":54.07,"averageCommission":3.84,"averageConfirmationTime":28,"averageCancellationRate":null,"minimumCommission":2.37,"maximumCommission":3.76,"commissionRates":[{"fixedCommission":null,"percentageCommission":7.199999999999999},{"fixedCommission":null,"percentageCommission":7.199999999999999},{"fixedCommission":null,"percentageCommission":5.3999999999999995},{"fixedCommission":null,"percentageCommission":7.199999999999999}],"trackingLink":"https://tatrck.com/h/0Hu30z9R0PWA","createdAt":"2023-12-13T09:59:38.974Z","updatedAt":"2024-08-31T05:35:01.885Z"},{"merchantId":104467,"name":"Aphrodite-Dessous","imageUri":"https://monetizeamex.com/v3/120x60/fcff2cbc4e7170347f73dd9f5d3a1301.png","currencyCode":"EUR","defaultDomain":"aphrodite-dessous.de","domains":["aphrodite-dessous.de"],"categoryId":40,"description":"Reizvolle Dessous, Unterwäsche und Bademode im Onlineshop. Marken im Angebot: Aubade, Calida, Marie Jo, Passionata, Simone Perele uvm. ✔ Top-Qualität ✔ große Auswahl","isActive":true,"countryCodes":["DE"],"averageBasketValue":126.92,"averageCommission":2.28,"averageConfirmationTime":null,"averageCancellationRate":null,"minimumCommission":0.34,"maximumCommission":1.42,"commissionRates":[{"fixedCommission":null,"percentageCommission":1.7999999999999998},{"fixedCommission":null,"percentageCommission":1.2}],"trackingLink":"https://tatrck.com/h/0Hu30z9R0PWJ","createdAt":"2023-12-13T09:59:42.669Z","updatedAt":"2024-08-15T08:44:44.520Z"},{"merchantId":104468,"name":"Aqua-Pond24 DE","imageUri":"https://monetizeamex.com/v3/120x60/9b5e170757b05d6a57cd9333480a3d68.png","currencyCode":"EUR","defaultDomain":"aqua-pond24.de","domains":["aqua-pond24.de"],"categoryId":50,"description":"Aquarien, Aquaristikzubehör, Teichzubehör, Terraristik & Heimtierbedarf jetzt kaufen im Aquaristik & Aquarium Shop von aqua-pond24.de","isActive":true,"countryCodes":["DE"],"averageBasketValue":104.08,"averageCommission":3.75,"averageConfirmationTime":6,"averageCancellationRate":22.2,"minimumCommission":0.27,"maximumCommission":11.63,"commissionRates":[{"fixedCommission":null,"percentageCommission":3}],"trackingLink":"https://tatrck.com/h/0Hu30z9R0PWK","createdAt":"2023-12-13T09:59:42.490Z","updatedAt":"2024-08-25T05:31:44.627Z"},{"merchantId":104471,"name":"Architectural Digest Miniabo","imageUri":"https://monetizeamex.com/v3/120x60/72f41b7e598f0a98a6164df038d26556.png","currencyCode":"EUR","defaultDomain":"architecturaldigest.com","domains":["architecturaldigest.com"],"categoryId":74,"description":"Architectural Digest — \"Die schönsten Häuser der Welt\" ist die deutschsprachige Ausgabe einer Zeitschrift für Inneneinrichtung und Design aus den USA.  Entgegen dem Titel der Zeitschrift finden sich in den Heften nur wenig Informationen zu Architektur. Statt dessen sind lange Heftstrecken der Vorstellung der Inneneinrichtung von Prominenten sowie Produktneuheiten für \"Menschen die schon alles haben\" vorbehalten. Insofern ist Architectural Digest eher eine Lifestyle-Zeitschrift für Besserverdienende als eine Special-Interest-Zeitschrift für Architektur.","isActive":true,"countryCodes":["US"],"averageBasketValue":null,"averageCommission":null,"averageConfirmationTime":null,"averageCancellationRate":null,"minimumCommission":null,"maximumCommission":null,"commissionRates":[],"trackingLink":"https://tatrck.com/h/0Hu30z9R0PWN","createdAt":"2023-12-13T09:59:43.874Z","updatedAt":"2024-08-26T09:01:47.527Z"},{"merchantId":104499,"name":"Babyshop - Der Baby- & Kinderausstatter","imageUri":"https://monetizeamex.com/v3/120x60/f3bfb9e5e4262f548c92fd6c5e7eb387.png","currencyCode":"EUR","defaultDomain":"babyshop.de","domains":["babyshop.de"],"categoryId":17,"description":"Fachhandel & Online-Händler: Babyshop.de, euer Baby-Fachgeschäft ❤ in 3. Generation in Paderborn. Kostenfreier Versand innerhalb der EU ab 49€!","isActive":true,"countryCodes":["DE"],"averageBasketValue":153.83,"averageCommission":4.61,"averageConfirmationTime":null,"averageCancellationRate":null,"minimumCommission":1.12,"maximumCommission":10.15,"commissionRates":[{"fixedCommission":null,"percentageCommission":3}],"trackingLink":"https://tatrck.com/h/0Hu30z9R0PWp","createdAt":"2023-12-13T09:59:53.269Z","updatedAt":"2024-09-02T05:53:22.812Z"},{"merchantId":104512,"name":"Bärbel Drexel DE","imageUri":"https://monetizeamex.com/v3/120x60/5d3e074e2a5541c359d6e44b052ba2ce.png","currencyCode":"EUR","defaultDomain":"baerbel-drexel.de","domains":["baerbel-drexel.com","baerbeldrexel.com","baerbel-drexel.de","baerbeldrexel.de"],"categoryId":28,"description":"Entdecken Sie unsere große Auswahl an Nahrungsergänzungsmitteln, Naturkosmetik und Aromatherapie. ✓100% naturreine Qualitätsprodukte! ✓Hergestellt in Deutschland!","isActive":true,"countryCodes":["DE"],"averageBasketValue":44.35,"averageCommission":2.15,"averageConfirmationTime":5,"averageCancellationRate":0.7,"minimumCommission":0.55,"maximumCommission":10.82,"commissionRates":[{"fixedCommission":null,"percentageCommission":4.8},{"fixedCommission":null,"percentageCommission":8.4}],"trackingLink":"https://tatrck.com/h/0Hu30z9R0PX0","createdAt":"2023-12-13T09:59:57.208Z","updatedAt":"2024-09-03T17:09:34.551Z"},{"merchantId":104648,"name":"Dichtungen Graf","imageUri":"https://monetizeamex.com/v3/120x60/d0bbbc4b992ec2af0eb8788b743eb0a1.png","currencyCode":"EUR","defaultDomain":"graf-dichtungen.de","domains":["graf-dichtungen.de"],"categoryId":74,"description":"Online-Shop mit über 4.000 Dichtungen zur direkten Bestellung","isActive":true,"countryCodes":[],"averageBasketValue":50.98,"averageCommission":0.91,"averageConfirmationTime":5,"averageCancellationRate":null,"minimumCommission":0.11,"maximumCommission":3.64,"commissionRates":[{"fixedCommission":null,"percentageCommission":1.7999999999999998}],"trackingLink":"https://tatrck.com/h/0Hu30z9R0PZ8","createdAt":"2023-12-13T10:00:42.491Z","updatedAt":"2024-08-28T05:29:02.720Z"},{"merchantId":104691,"name":"ERGObaby","imageUri":"https://monetizeamex.com/v3/120x60/fb3a56ffa019550f65c81967901fe958.png","currencyCode":"EUR","defaultDomain":"ergobaby.de","domains":["ergobaby.de","ergobaby.eu"],"categoryId":17,"description":null,"isActive":true,"countryCodes":["DE"],"averageBasketValue":129.77,"averageCommission":4.81,"averageConfirmationTime":7,"averageCancellationRate":null,"minimumCommission":2.01,"maximumCommission":2.01,"commissionRates":[],"trackingLink":"https://tatrck.com/h/0Hu30z9R0PZp","createdAt":"2023-12-13T10:00:56.290Z","updatedAt":"2024-09-03T17:09:46.318Z"},{"merchantId":104698,"name":"Belvilla DE","imageUri":"https://monetizeamex.com/v3/120x60/d75a438a4d3a2bbc0d5a3efc4346f5bd.png","currencyCode":"EUR","defaultDomain":"belvilla.de","domains":["belvilla.de","belvilla.org","eurorelais.com","eurorelais.de"],"categoryId":63,"description":"Book now for low-priced holiday homes and apartments - secure and effortless booking with Casamundo - simply my holiday","isActive":true,"countryCodes":["DE"],"averageBasketValue":1,"averageCommission":40.3,"averageConfirmationTime":null,"averageCancellationRate":null,"minimumCommission":24.19,"maximumCommission":24.19,"commissionRates":[{"fixedCommission":null,"percentageCommission":3.3},{"fixedCommission":null,"percentageCommission":1.2},{"fixedCommission":12,"percentageCommission":null}],"trackingLink":"https://tatrck.com/h/0Hu30z9R0PZw","createdAt":"2023-12-13T10:00:57.658Z","updatedAt":"2024-09-03T17:08:02.366Z"},{"merchantId":104714,"name":"Feelgood-Shop.com","imageUri":"https://monetizeamex.com/v3/120x60/2722838dbf2c5a6cc6ee536a2c857e51.png","currencyCode":"EUR","defaultDomain":"feelgood-shop.com","domains":["feelgood-shop.com","feelgoodshop.com","feelgood-shop.de"],"categoryId":35,"description":"FeelGood-Shop.com hat sich auf den Vertrieb von hochdosierten Nahrungsergänzungsmitteln spezialisiert. Im Vordergrund stehen dabei Diät-, Vitamin/Mineral- und Naturprodukte, Potenzmittel, Anti-Aging Produkte, Beauty Produkte sowie Sportnahrung (u.a. Muskelaufbauprodukte).","isActive":true,"countryCodes":["DE"],"averageBasketValue":35.12,"averageCommission":2.09,"averageConfirmationTime":59,"averageCancellationRate":0.1,"minimumCommission":0.22,"maximumCommission":47.36,"commissionRates":[{"fixedCommission":null,"percentageCommission":4.8},{"fixedCommission":null,"percentageCommission":8.4}],"trackingLink":"https://tatrck.com/h/0Hu30z9R0PaA","createdAt":"2023-12-13T10:01:02.508Z","updatedAt":"2024-09-03T05:50:03.262Z"},{"merchantId":104755,"name":"galleryy DE","imageUri":"https://monetizeamex.com/v3/120x60/b5d3f7816611c140a3ffd0f3691d469c.png","currencyCode":"EUR","defaultDomain":"galleryy.net","domains":["galleryy.net"],"categoryId":82,"description":"Individuelle Kunstwerke von Ihrem Foto ♥ Das Original ♥ Karikaturen, Pop-Art, Ölgemälde ♥ Qualitäts- und Tiefpreisgarantie ♥ Über 100.000 zufriedene Kunden","isActive":true,"countryCodes":["DE"],"averageBasketValue":89.22,"averageCommission":8.88,"averageConfirmationTime":13,"averageCancellationRate":7.1,"minimumCommission":2.04,"maximumCommission":18.91,"commissionRates":[{"fixedCommission":null,"percentageCommission":8.4}],"trackingLink":"https://tatrck.com/h/0Hu30z9R0Pap","createdAt":"2023-12-13T10:01:16.793Z","updatedAt":"2024-08-31T05:27:53.010Z"},{"merchantId":104756,"name":"gamed!de - Gameserver","imageUri":"https://monetizeamex.com/v3/120x60/109d420a823b86d5dd8fc94fcebc0d4b.png","currencyCode":"EUR","defaultDomain":"gameserver.gamed.de","domains":["gamed.de","gameserver.gamed.de"],"categoryId":81,"description":"Der Anbieter für Gameserver und Voiceserver in Deutschland. gamed!de Game-Server mieten zum besten Preis mit spitzen Support.","isActive":true,"countryCodes":["DE"],"averageBasketValue":6.5,"averageCommission":1.95,"averageConfirmationTime":null,"averageCancellationRate":9.1,"minimumCommission":0.9,"maximumCommission":2.46,"commissionRates":[{"fixedCommission":null,"percentageCommission":30}],"trackingLink":"https://tatrck.com/h/0Hu30z9R0Paq","createdAt":"2023-12-13T10:01:15.498Z","updatedAt":"2024-09-03T17:09:22.985Z"},{"merchantId":104769,"name":"steelman24 DE","imageUri":"https://monetizeamex.com/v3/120x60/95757fc2d3546a2f673fd0d8b6ce8f36.png","currencyCode":"EUR","defaultDomain":"steelman24.com","domains":["steelman24.com","steelman24.de"],"categoryId":47,"description":null,"isActive":true,"countryCodes":["DE"],"averageBasketValue":60.46,"averageCommission":1.81,"averageConfirmationTime":60,"averageCancellationRate":null,"minimumCommission":0.1,"maximumCommission":3.33,"commissionRates":[{"fixedCommission":null,"percentageCommission":3}],"trackingLink":"https://tatrck.com/h/0Hu30z9R0Pb1","createdAt":"2023-12-13T10:01:21.996Z","updatedAt":"2024-08-30T05:32:06.286Z"},{"merchantId":104780,"name":"glasfoto DE","imageUri":"https://monetizeamex.com/v3/120x60/7fcd894564d6cbd433425805a98e1024.png","currencyCode":"EUR","defaultDomain":"glasfoto.com","domains":["glasfoto.com","glasfoto.de"],"categoryId":47,"description":"Ein Glasfoto von Ihrem Lieblingsbild als Geschenk oder schÃ¶ne Erinnerung. Lassen sie es anfertigen bei GLASFOTO.COM.","isActive":true,"countryCodes":["DE"],"averageBasketValue":null,"averageCommission":null,"averageConfirmationTime":null,"averageCancellationRate":null,"minimumCommission":null,"maximumCommission":null,"commissionRates":[{"fixedCommission":null,"percentageCommission":12}],"trackingLink":"https://tatrck.com/h/0Hu30z9R0PbC","createdAt":"2023-12-13T10:01:23.576Z","updatedAt":"2024-08-15T08:44:50.970Z"},{"merchantId":104801,"name":"Handtuch-Welt.de","imageUri":"https://monetizeamex.com/v3/120x60/aba4ee4f6d5c0b8668d79d720e161719.png","currencyCode":"EUR","defaultDomain":"handtuch-welt.de","domains":["handtuch-welt.de"],"categoryId":74,"description":"Handtücher, Bademantel & Badteppich im Handtuch-Welt.de Online Shop günstig kaufen! Versandkostenfrei | Kauf auf Rechnung | Große Auswahl |","isActive":true,"countryCodes":["DE"],"averageBasketValue":64.71,"averageCommission":3.49,"averageConfirmationTime":58,"averageCancellationRate":null,"minimumCommission":3.78,"maximumCommission":3.78,"commissionRates":[{"fixedCommission":null,"percentageCommission":5.3999999999999995}],"trackingLink":"https://tatrck.com/h/0Hu30z9R0PbX","createdAt":"2023-12-13T10:01:29.668Z","updatedAt":"2024-09-03T17:08:32.834Z"},{"merchantId":104813,"name":"Herbafit DE","imageUri":"https://monetizeamex.com/v3/120x60/926ef09b6e074dc38e90852731a853a0.png","currencyCode":"EUR","defaultDomain":"herbafit.de","domains":["herbafit.de"],"categoryId":68,"description":null,"isActive":true,"countryCodes":["DE"],"averageBasketValue":57.85,"averageCommission":3.46,"averageConfirmationTime":24,"averageCancellationRate":null,"minimumCommission":1.05,"maximumCommission":9.25,"commissionRates":[{"fixedCommission":null,"percentageCommission":6}],"trackingLink":"https://tatrck.com/h/0Hu30z9R0Pbj","createdAt":"2023-12-13T10:01:34.500Z","updatedAt":"2024-08-30T05:32:08.453Z"},{"merchantId":104854,"name":"jeans direct DE","imageUri":"https://monetizeamex.com/v3/120x60/36d74b72407aa3660f62a1b67cd3d584.png","currencyCode":"EUR","defaultDomain":"jeans-direct.de","domains":["jeans-direct.de"],"categoryId":39,"description":"Jeans &amp; Mode Online Shop ♥ Große Auswahl » Jeans, Röcke, Pullover, Blusen, T-Shirts...✓ Top Preise ✓ Top Marken ✓ Schnelle Lieferung ✓ Jetzt shoppen!","isActive":true,"countryCodes":["DE"],"averageBasketValue":91.79,"averageCommission":4.48,"averageConfirmationTime":58,"averageCancellationRate":1.3,"minimumCommission":0.5,"maximumCommission":10.77,"commissionRates":[{"fixedCommission":null,"percentageCommission":4.8},{"fixedCommission":null,"percentageCommission":3}],"trackingLink":"https://tatrck.com/h/0Hu30z9R0PcM","createdAt":"2023-12-13T10:01:48.580Z","updatedAt":"2024-09-03T17:09:02.067Z"},{"merchantId":104868,"name":"katalog-aktuell.de","imageUri":"https://monetizeamex.com/v3/120x60/f399dfcf1d9296ecf3384a443caecc32.png","currencyCode":"EUR","defaultDomain":"katalog-aktuell.de","domains":["katalog-aktuell.de","katalogaktuell.de"],"categoryId":21,"description":"kataloge, Versandkataloge aller Art bequem und schnell bestellen","isActive":true,"countryCodes":["DE"],"averageBasketValue":null,"averageCommission":null,"averageConfirmationTime":null,"averageCancellationRate":null,"minimumCommission":null,"maximumCommission":null,"commissionRates":[{"fixedCommission":0.06,"percentageCommission":null}],"trackingLink":"https://tatrck.com/h/0Hu30z9R0Pca","createdAt":"2023-12-13T10:01:53.196Z","updatedAt":"2024-08-15T08:46:48.281Z"},{"merchantId":104891,"name":"Kreativ-Offensive","imageUri":"https://monetizeamex.com/v3/120x60/75e254257da947638b29e82669181f11.png","currencyCode":"EUR","defaultDomain":"kreativ-offensive.de","domains":["kreativ-offensive.de","kreativoffensive.de"],"categoryId":82,"description":"Alles Malen nach Zahlen - Schipper, Ravensburger, Mammut, Paintworks und viele mehr. Hier gibt es 971 Motive von Comic bis Kunstwerk günstig zu kaufen.","isActive":true,"countryCodes":["DE"],"averageBasketValue":96.6,"averageCommission":4.05,"averageConfirmationTime":null,"averageCancellationRate":null,"minimumCommission":1.83,"maximumCommission":1.83,"commissionRates":[{"fixedCommission":null,"percentageCommission":4.2}],"trackingLink":"https://tatrck.com/h/0Hu30z9R0Pcx","createdAt":"2023-12-13T10:02:02.526Z","updatedAt":"2024-08-15T08:46:41.838Z"},{"merchantId":104894,"name":"KRIMI total","imageUri":"https://monetizeamex.com/v3/120x60/7a3c0646792e787512ebcc8683809cbd.png","currencyCode":"EUR","defaultDomain":"krimitotal.de","domains":["krimitotal.de"],"categoryId":25,"description":"Freunde einladen und eine spannende und lustige Krimiparty zu Hause erleben, zurücklehnen und bei einem leckeren Vier-Gänge Menü in einem namhaften Hotel ermitteln oder bei einem Firmen-Event auf Mörderjagd gehen.","isActive":true,"countryCodes":["DE"],"averageBasketValue":26.15,"averageCommission":1.56,"averageConfirmationTime":58,"averageCancellationRate":null,"minimumCommission":1.45,"maximumCommission":1.6,"commissionRates":[{"fixedCommission":null,"percentageCommission":6}],"trackingLink":"https://tatrck.com/h/0Hu30z9R0Pc-","createdAt":"2023-12-13T10:02:04.602Z","updatedAt":"2024-08-15T08:46:58.408Z"},{"merchantId":104917,"name":"LeuchtenZentrale DE","imageUri":"https://monetizeamex.com/v3/120x60/d9020e4b3f72ebe245698e00922bc8c2.png","currencyCode":"EUR","defaultDomain":"leuchte.de","domains":["leuchte.de"],"categoryId":74,"description":null,"isActive":true,"countryCodes":["DE"],"averageBasketValue":null,"averageCommission":null,"averageConfirmationTime":null,"averageCancellationRate":null,"minimumCommission":null,"maximumCommission":null,"commissionRates":[{"fixedCommission":null,"percentageCommission":3},{"fixedCommission":null,"percentageCommission":1.2}],"trackingLink":"https://tatrck.com/h/0Hu30z9R0PdL","createdAt":"2023-12-13T10:02:10.796Z","updatedAt":"2024-09-03T17:08:46.070Z"},{"merchantId":104937,"name":"Main Zoo - Haustierbedarf","imageUri":"https://monetizeamex.com/v3/120x60/2179e969fa04875954140634ab337a54.png","currencyCode":"EUR","defaultDomain":"mainzoo.de","domains":["main-zoo.de","mainzoo.de"],"categoryId":61,"description":"Onlineshop für Haustierbedarf  ✓ Tierfutter & Tierbedarf günstig online kaufen ✓ Portofrei ab 39 ✓ Grosse Auswahl an Hundefutter, Katzenfutter, Tierzubehör","isActive":true,"countryCodes":["DE"],"averageBasketValue":114,"averageCommission":2.05,"averageConfirmationTime":58,"averageCancellationRate":null,"minimumCommission":0.75,"maximumCommission":2.65,"commissionRates":[{"fixedCommission":null,"percentageCommission":1.7999999999999998}],"trackingLink":"https://tatrck.com/h/0Hu30z9R0Pdf","createdAt":"2023-12-13T10:02:17.982Z","updatedAt":"2024-09-03T05:28:05.198Z"}]}