{"meta":{"next":181257},"data":[{"merchantId":180548,"name":"PosterBurner US","imageUri":"https://monetizeamex.com/v3/120x60/a95ca27ff7f1eb9b25d42cc9c4c4dbb7.png","currencyCode":"EUR","defaultDomain":"posterburner.com","domains":["posterburner.com"],"categoryId":50,"description":null,"isActive":true,"countryCodes":["US"],"averageBasketValue":null,"averageCommission":null,"averageConfirmationTime":null,"averageCancellationRate":null,"minimumCommission":null,"maximumCommission":null,"commissionRates":[{"fixedCommission":null,"percentageCommission":4.8}],"trackingLink":"https://tatrck.com/h/0Hu30z9R0i54","createdAt":"2023-12-13T16:58:58.577Z","updatedAt":"2024-08-21T11:28:24.336Z"},{"merchantId":180581,"name":"Gunny Sack and Co US","imageUri":"https://kqdxc4m5.de/logos_v2/120x60/fcbfa4dbe434c85cc5ffc643c3828640.gif","currencyCode":"EUR","defaultDomain":"gunnysackandco.com","domains":["gunnysackandco.com"],"categoryId":40,"description":null,"isActive":true,"countryCodes":["US"],"averageBasketValue":null,"averageCommission":null,"averageConfirmationTime":null,"averageCancellationRate":null,"minimumCommission":null,"maximumCommission":null,"commissionRates":[{"fixedCommission":null,"percentageCommission":6}],"trackingLink":"https://tatrck.com/h/0Hu30z9R0i5b","createdAt":"2023-12-13T16:59:04.483Z","updatedAt":"2024-08-21T11:37:24.461Z"},{"merchantId":180589,"name":"Skin.pt PT","imageUri":"https://kqdxc4m5.de/logos_v2/120x60/f952410832e55b2d2fae7640e8442013.gif","currencyCode":"EUR","defaultDomain":"skin.pt","domains":["skin.pt"],"categoryId":28,"description":null,"isActive":true,"countryCodes":["PT"],"averageBasketValue":null,"averageCommission":0.3,"averageConfirmationTime":null,"averageCancellationRate":null,"minimumCommission":0.22,"maximumCommission":0.22,"commissionRates":[],"trackingLink":"https://tatrck.com/h/0Hu30z9R0i5j","createdAt":"2023-12-13T16:59:07.471Z","updatedAt":"2024-08-28T05:54:19.078Z"},{"merchantId":180613,"name":"it-versand - gebrauchte Notebooks, Laptops, Computer PCs DE","imageUri":"https://monetizeamex.com/v3/120x60/824d8a353f26939afd7b477f0c279beb.png","currencyCode":"EUR","defaultDomain":"it-versand.com","domains":["it-versand.com"],"categoryId":72,"description":null,"isActive":true,"countryCodes":["DE"],"averageBasketValue":436.79,"averageCommission":13.1,"averageConfirmationTime":58,"averageCancellationRate":null,"minimumCommission":4.26,"maximumCommission":22.41,"commissionRates":[{"fixedCommission":null,"percentageCommission":3}],"trackingLink":"https://tatrck.com/h/0Hu30z9R0i65","createdAt":"2023-12-13T16:59:13.765Z","updatedAt":"2024-08-24T05:28:23.038Z"},{"merchantId":180614,"name":"Proshop.at: Computer, iPad, Notebooks, Smartphones DE","imageUri":"https://monetizeamex.com/v3/120x60/c647742b6c1ef9dd5e78ae68e856acf9.png","currencyCode":"EUR","defaultDomain":"proshop.at","domains":["proshop.at"],"categoryId":21,"description":null,"isActive":true,"countryCodes":["AT"],"averageBasketValue":236.36,"averageCommission":4.26,"averageConfirmationTime":18,"averageCancellationRate":1,"minimumCommission":0.3,"maximumCommission":10.35,"commissionRates":[],"trackingLink":"https://tatrck.com/h/0Hu30z9R0i66","createdAt":"2023-12-13T16:59:13.290Z","updatedAt":"2024-09-03T17:08:09.067Z"},{"merchantId":180622,"name":"Turtle Wax UK","imageUri":"https://monetizeamex.com/v3/120x60/460e07d6c813d174f69c82213b878430.png","currencyCode":"EUR","defaultDomain":"turtlewax.com","domains":["turtlewax.com"],"categoryId":59,"description":null,"isActive":true,"countryCodes":["US","GB"],"averageBasketValue":31.1,"averageCommission":1.3,"averageConfirmationTime":null,"averageCancellationRate":null,"minimumCommission":2.27,"maximumCommission":2.27,"commissionRates":[{"fixedCommission":null,"percentageCommission":7.199999999999999}],"trackingLink":"https://tatrck.com/h/0Hu30z9R0i6E","createdAt":"2023-12-13T16:59:14.864Z","updatedAt":"2024-09-03T17:07:57.457Z"},{"merchantId":180628,"name":"Claudie Pierlot FR","imageUri":"https://monetizeamex.com/v3/120x60/2f8050cf87bc91cb07994fd71db754e8.png","currencyCode":"EUR","defaultDomain":"claudiepierlot.com","domains":["claudiepierlot.com"],"categoryId":40,"description":null,"isActive":true,"countryCodes":["FR"],"averageBasketValue":175.13,"averageCommission":5.25,"averageConfirmationTime":null,"averageCancellationRate":null,"minimumCommission":12.48,"maximumCommission":12.48,"commissionRates":[],"trackingLink":"https://tatrck.com/h/0Hu30z9R0i6K","createdAt":"2023-12-13T16:59:15.872Z","updatedAt":"2024-09-03T17:04:09.798Z"},{"merchantId":180635,"name":"AltraRunning EU","imageUri":"https://monetizeamex.com/v3/120x60/91b2ba8db99b2cccd52d9779d93733ad.png","currencyCode":"EUR","defaultDomain":"altrarunning.eu","domains":["altrarunning.eu"],"categoryId":55,"description":null,"isActive":true,"countryCodes":["IT","DE","GB"],"averageBasketValue":115.76,"averageCommission":6.25,"averageConfirmationTime":null,"averageCancellationRate":null,"minimumCommission":4.29,"maximumCommission":7.83,"commissionRates":[],"trackingLink":"https://tatrck.com/h/0Hu30z9R0i6R","createdAt":"2023-12-13T16:59:16.803Z","updatedAt":"2024-09-03T17:09:32.064Z"},{"merchantId":180639,"name":"AKASO Tech","imageUri":"https://monetizeamex.com/v3/120x60/6b2bf49e7b5fa7edeb8ea39a7440705f.png","currencyCode":"EUR","defaultDomain":"akasotech.com","domains":["akasotech.com"],"categoryId":72,"description":null,"isActive":true,"countryCodes":["CO","US"],"averageBasketValue":152.9,"averageCommission":9.16,"averageConfirmationTime":31,"averageCancellationRate":null,"minimumCommission":1.65,"maximumCommission":1.65,"commissionRates":[{"fixedCommission":null,"percentageCommission":6}],"trackingLink":"https://tatrck.com/h/0Hu30z9R0i6V","createdAt":"2023-12-13T16:59:18.991Z","updatedAt":"2024-08-21T11:32:14.643Z"},{"merchantId":180640,"name":"bakerly US","imageUri":"https://monetizeamex.com/v3/120x60/57230bd57e2ea2b032971b9bf329bd16.png","currencyCode":"EUR","defaultDomain":"bakerly.com","domains":["bakerly.com"],"categoryId":14,"description":null,"isActive":true,"countryCodes":["US"],"averageBasketValue":null,"averageCommission":null,"averageConfirmationTime":null,"averageCancellationRate":null,"minimumCommission":null,"maximumCommission":null,"commissionRates":[],"trackingLink":"https://tatrck.com/h/0Hu30z9R0i6W","createdAt":"2023-12-13T16:59:19.392Z","updatedAt":"2024-08-21T11:35:42.358Z"},{"merchantId":180641,"name":"Chelsea Charles Jewelry US","imageUri":"https://kqdxc4m5.de/logos_v2/120x60/8e4ad322b6c71803609debca87b02762.gif","currencyCode":"EUR","defaultDomain":"chelseacharles.com","domains":["chelseacharles.com"],"categoryId":40,"description":null,"isActive":true,"countryCodes":["US"],"averageBasketValue":69.55,"averageCommission":3.47,"averageConfirmationTime":null,"averageCancellationRate":null,"minimumCommission":3.19,"maximumCommission":3.19,"commissionRates":[{"fixedCommission":null,"percentageCommission":3.84},{"fixedCommission":null,"percentageCommission":6}],"trackingLink":"https://tatrck.com/h/0Hu30z9R0i6X","createdAt":"2023-12-13T16:59:18.281Z","updatedAt":"2024-08-21T11:39:41.860Z"},{"merchantId":180643,"name":"J R ROSES US","imageUri":"https://kqdxc4m5.de/logos_v2/120x60/5cec0e0ddaf25c477e398fe5ab7b7630.gif","currencyCode":"EUR","defaultDomain":"jrroses.com","domains":["jrroses.com"],"categoryId":77,"description":null,"isActive":true,"countryCodes":["US"],"averageBasketValue":null,"averageCommission":null,"averageConfirmationTime":null,"averageCancellationRate":null,"minimumCommission":null,"maximumCommission":null,"commissionRates":[{"fixedCommission":null,"percentageCommission":6}],"trackingLink":"https://tatrck.com/h/0Hu30z9R0i6Z","createdAt":"2023-12-13T16:59:20.774Z","updatedAt":"2024-08-21T11:39:38.954Z"},{"merchantId":180644,"name":"Made By Mary US","imageUri":"https://monetizeamex.com/v3/120x60/1abeb60bb04fe4493a386e7af8b2e6ff.png","currencyCode":"EUR","defaultDomain":"madebymary.com","domains":["madebymary.com"],"categoryId":40,"description":null,"isActive":true,"countryCodes":["US"],"averageBasketValue":70.57,"averageCommission":2.34,"averageConfirmationTime":50,"averageCancellationRate":3,"minimumCommission":0.06,"maximumCommission":5.08,"commissionRates":[{"fixedCommission":null,"percentageCommission":0.96},{"fixedCommission":null,"percentageCommission":0.48}],"trackingLink":"https://tatrck.com/h/0Hu30z9R0i6a","createdAt":"2023-12-13T16:59:19.965Z","updatedAt":"2024-09-02T05:52:24.514Z"},{"merchantId":180659,"name":"Salugea IT","imageUri":"https://monetizeamex.com/v3/120x60/c432d4c9c0557bd7e1d0aa5e4eb8cb77.png","currencyCode":"EUR","defaultDomain":"salugea.com","domains":["salugea.com"],"categoryId":68,"description":null,"isActive":true,"countryCodes":["IT"],"averageBasketValue":96.27,"averageCommission":4.62,"averageConfirmationTime":null,"averageCancellationRate":1.5,"minimumCommission":1.46,"maximumCommission":13.04,"commissionRates":[],"trackingLink":"https://tatrck.com/h/0Hu30z9R0i6p","createdAt":"2023-12-13T16:59:23.183Z","updatedAt":"2024-09-03T17:09:28.723Z"},{"merchantId":180702,"name":"MINIMALVS D.O.O. US","imageUri":"https://kqdxc4m5.de/logos_v2/120x60/c1e7c0dfcb893af4e90a5c257584b569.gif","currencyCode":"EUR","defaultDomain":"capucinne.com","domains":["capucinne.com"],"categoryId":73,"description":null,"isActive":true,"countryCodes":["US"],"averageBasketValue":1,"averageCommission":86.35,"averageConfirmationTime":null,"averageCancellationRate":null,"minimumCommission":52.56,"maximumCommission":52.56,"commissionRates":[{"fixedCommission":null,"percentageCommission":6}],"trackingLink":"https://tatrck.com/h/0Hu30z9R0i7U","createdAt":"2023-12-13T16:59:31.680Z","updatedAt":"2024-08-21T11:43:55.431Z"},{"merchantId":180704,"name":"Otofonix US","imageUri":"https://kqdxc4m5.de/logos_v2/120x60/1b92e4042c463e66201a5d8fd54df672.gif","currencyCode":"EUR","defaultDomain":"otofonix.com","domains":["otofonix.com"],"categoryId":76,"description":null,"isActive":true,"countryCodes":["US"],"averageBasketValue":null,"averageCommission":null,"averageConfirmationTime":null,"averageCancellationRate":null,"minimumCommission":null,"maximumCommission":null,"commissionRates":[{"fixedCommission":null,"percentageCommission":7.199999999999999},{"fixedCommission":null,"percentageCommission":9}],"trackingLink":"https://tatrck.com/h/0Hu30z9R0i7W","createdAt":"2023-12-13T16:59:32.273Z","updatedAt":"2024-09-03T17:08:18.791Z"},{"merchantId":180706,"name":"Anycubic WW","imageUri":"https://monetizeamex.com/v3/120x60/514c31a91aec7a65986788dba9a643e4.png","currencyCode":"EUR","defaultDomain":"store.anycubic.com","domains":["store.anycubic.com"],"categoryId":80,"description":null,"isActive":true,"countryCodes":[],"averageBasketValue":257.55,"averageCommission":7.72,"averageConfirmationTime":57,"averageCancellationRate":8.6,"minimumCommission":0.63,"maximumCommission":12.79,"commissionRates":[{"fixedCommission":null,"percentageCommission":3}],"trackingLink":"https://tatrck.com/h/0Hu30z9R0i7Y","createdAt":"2023-12-13T16:59:34.691Z","updatedAt":"2024-09-03T05:52:39.233Z"},{"merchantId":180709,"name":"Knittingroom.se SE","imageUri":"https://kqdxc4m5.de/logos_v2/120x60/e20bb257bc9574d098df539399c04ea5.gif","currencyCode":"EUR","defaultDomain":"knittingroom.se","domains":["knittingroom.se"],"categoryId":70,"description":null,"isActive":true,"countryCodes":["SE"],"averageBasketValue":26.74,"averageCommission":1.6,"averageConfirmationTime":30,"averageCancellationRate":null,"minimumCommission":0.07,"maximumCommission":5.9,"commissionRates":[],"trackingLink":"https://tatrck.com/h/0Hu30z9R0i7b","createdAt":"2023-12-13T16:59:34.478Z","updatedAt":"2024-08-28T05:46:10.568Z"},{"merchantId":180710,"name":"Lineahemma.se SE","imageUri":"https://kqdxc4m5.de/logos_v2/120x60/f849b7ff3ccf9543ada9364e3b1cf202.gif","currencyCode":"EUR","defaultDomain":"lineahemma.se","domains":["lineahemma.se"],"categoryId":34,"description":null,"isActive":true,"countryCodes":["SE"],"averageBasketValue":42.54,"averageCommission":2.55,"averageConfirmationTime":30,"averageCancellationRate":null,"minimumCommission":0.6,"maximumCommission":12.24,"commissionRates":[],"trackingLink":"https://tatrck.com/h/0Hu30z9R0i7c","createdAt":"2023-12-13T16:59:33.993Z","updatedAt":"2024-08-31T05:45:59.619Z"},{"merchantId":180723,"name":"Suzana PL","imageUri":"https://monetizeamex.com/v3/120x60/e2130306732a0782ff851fa5fa4420dd.png","currencyCode":"EUR","defaultDomain":"suzana.pl","domains":["suzana.pl"],"categoryId":40,"description":null,"isActive":true,"countryCodes":["PL"],"averageBasketValue":1,"averageCommission":1.6,"averageConfirmationTime":null,"averageCancellationRate":1.3,"minimumCommission":0.52,"maximumCommission":2.12,"commissionRates":[],"trackingLink":"https://tatrck.com/h/0Hu30z9R0i7p","createdAt":"2023-12-13T16:59:37.572Z","updatedAt":"2024-09-03T05:51:06.913Z"},{"merchantId":180744,"name":"G-Form US","imageUri":"https://monetizeamex.com/v3/120x60/32b23f1bd83b4885a6809ab704b42e02.png","currencyCode":"EUR","defaultDomain":"g-form.com","domains":["g-form.com"],"categoryId":55,"description":null,"isActive":true,"countryCodes":["US"],"averageBasketValue":null,"averageCommission":null,"averageConfirmationTime":null,"averageCancellationRate":null,"minimumCommission":null,"maximumCommission":null,"commissionRates":[{"fixedCommission":null,"percentageCommission":3.5999999999999996}],"trackingLink":"https://tatrck.com/h/0Hu30z9R0i88","createdAt":"2023-12-13T16:59:39.571Z","updatedAt":"2024-08-21T11:39:39.645Z"},{"merchantId":180747,"name":"Spangler Science Club US","imageUri":"https://monetizeamex.com/v3/120x60/86f56186f7fc95a687223cf4c37867b3.png","currencyCode":"EUR","defaultDomain":"stevespanglerscience.com","domains":["stevespanglerscience.com"],"categoryId":44,"description":null,"isActive":true,"countryCodes":["US"],"averageBasketValue":808.5,"averageCommission":null,"averageConfirmationTime":null,"averageCancellationRate":null,"minimumCommission":null,"maximumCommission":null,"commissionRates":[{"fixedCommission":null,"percentageCommission":3.84},{"fixedCommission":7.2,"percentageCommission":null}],"trackingLink":"https://tatrck.com/h/0Hu30z9R0i8B","createdAt":"2023-12-13T16:59:41.774Z","updatedAt":"2024-08-23T15:03:20.104Z"},{"merchantId":180748,"name":"Free2move FR","imageUri":"https://monetizeamex.com/v3/120x60/457b11a86b21f99a2f69153ce4a03ad0.png","currencyCode":"EUR","defaultDomain":"free2move.com","domains":["free2move.com"],"categoryId":59,"description":null,"isActive":true,"countryCodes":["US"],"averageBasketValue":null,"averageCommission":null,"averageConfirmationTime":null,"averageCancellationRate":null,"minimumCommission":null,"maximumCommission":null,"commissionRates":[],"trackingLink":"https://tatrck.com/h/0Hu30z9R0i8C","createdAt":"2023-12-13T16:59:40.480Z","updatedAt":"2024-09-03T17:05:35.288Z"},{"merchantId":180753,"name":"Les Artisans du Couteau FR","imageUri":"https://monetizeamex.com/v3/120x60/46ce49dd62718d48be0156cef73a6491.png","currencyCode":"EUR","defaultDomain":"lesartisansducouteau.com","domains":["lesartisansducouteau.com"],"categoryId":72,"description":null,"isActive":true,"countryCodes":["FR"],"averageBasketValue":null,"averageCommission":6.22,"averageConfirmationTime":null,"averageCancellationRate":null,"minimumCommission":3.26,"maximumCommission":3.26,"commissionRates":[],"trackingLink":"https://tatrck.com/h/0Hu30z9R0i8H","createdAt":"2023-12-13T16:59:43.576Z","updatedAt":"2024-08-22T11:06:03.896Z"},{"merchantId":180761,"name":"RealEats US","imageUri":"https://monetizeamex.com/v3/120x60/bd168c578b4a458cf4844e24f2ec4bb4.png","currencyCode":"EUR","defaultDomain":"realeats.com","domains":["realeats.com"],"categoryId":14,"description":null,"isActive":true,"countryCodes":["US"],"averageBasketValue":null,"averageCommission":null,"averageConfirmationTime":null,"averageCancellationRate":null,"minimumCommission":null,"maximumCommission":null,"commissionRates":[{"fixedCommission":null,"percentageCommission":4.8}],"trackingLink":"https://tatrck.com/h/0Hu30z9R0i8P","createdAt":"2023-12-13T16:59:44.585Z","updatedAt":"2024-08-21T11:26:02.113Z"},{"merchantId":180825,"name":"Lunzo.cz – Mediálna kampaň","imageUri":"https://monetizeamex.com/v3/120x60/043c9cd7cf3330fa7d1e5ea4aa99aa30.png","currencyCode":"EUR","defaultDomain":"lunzo.cz","domains":["lunzo.cz"],"categoryId":40,"description":null,"isActive":true,"countryCodes":["CZ"],"averageBasketValue":5.3,"averageCommission":0.09,"averageConfirmationTime":null,"averageCancellationRate":null,"minimumCommission":0.09,"maximumCommission":0.09,"commissionRates":[],"trackingLink":"https://tatrck.com/h/0Hu30z9R0i9P","createdAt":"2023-12-13T17:00:03.345Z","updatedAt":"2024-09-03T17:07:47.060Z"},{"merchantId":180833,"name":"Marimex.cz","imageUri":"https://kqdxc4m5.de/logos_v2/120x60/c958330da493d5e29cf07fb2cb8c0b29.gif","currencyCode":"EUR","defaultDomain":"marimex.cz","domains":["marimex.cz"],"categoryId":74,"description":null,"isActive":true,"countryCodes":["CZ"],"averageBasketValue":72.89,"averageCommission":1.24,"averageConfirmationTime":null,"averageCancellationRate":null,"minimumCommission":0.5,"maximumCommission":2.44,"commissionRates":[],"trackingLink":"https://tatrck.com/h/0Hu30z9R0i9X","createdAt":"2023-12-13T17:00:05.684Z","updatedAt":"2024-09-03T05:51:03.908Z"},{"merchantId":180852,"name":"SklenenyShop.cz","imageUri":"https://kqdxc4m5.de/logos_v2/120x60/866777424476638fef0ae3b5d302561f.gif","currencyCode":"EUR","defaultDomain":"sklenenyshop.cz","domains":["sklenenyshop.cz"],"categoryId":65,"description":null,"isActive":true,"countryCodes":["CZ"],"averageBasketValue":41.38,"averageCommission":0.99,"averageConfirmationTime":null,"averageCancellationRate":null,"minimumCommission":null,"maximumCommission":null,"commissionRates":[],"trackingLink":"https://tatrck.com/h/0Hu30z9R0i9q","createdAt":"2023-12-13T17:00:11.601Z","updatedAt":"2024-08-09T05:50:01.787Z"},{"merchantId":180881,"name":"IKONICKUS","imageUri":"https://monetizeamex.com/v3/120x60/b25f7efb0f398698c2079ff44aba6036.png","currencyCode":"EUR","defaultDomain":"ikonick.com","domains":["ikonick.com"],"categoryId":74,"description":null,"isActive":true,"countryCodes":["US"],"averageBasketValue":null,"averageCommission":null,"averageConfirmationTime":null,"averageCancellationRate":null,"minimumCommission":null,"maximumCommission":null,"commissionRates":[{"fixedCommission":null,"percentageCommission":4.8},{"fixedCommission":null,"percentageCommission":2.88}],"trackingLink":"https://tatrck.com/h/0Hu30z9R0iAH","createdAt":"2023-12-13T17:00:20.482Z","updatedAt":"2024-08-21T11:39:05.031Z"},{"merchantId":180886,"name":"Brochu Walker US","imageUri":"https://kqdxc4m5.de/logos_v2/120x60/94bd3df29834dbff08bf8919d6a8836e.gif","currencyCode":"EUR","defaultDomain":"brochuwalker.com","domains":["brochuwalker.com"],"categoryId":40,"description":null,"isActive":true,"countryCodes":["US"],"averageBasketValue":511.37,"averageCommission":30.07,"averageConfirmationTime":null,"averageCancellationRate":null,"minimumCommission":38.96,"maximumCommission":38.96,"commissionRates":[{"fixedCommission":null,"percentageCommission":6.24}],"trackingLink":"https://tatrck.com/h/0Hu30z9R0iAM","createdAt":"2023-12-13T17:00:21.475Z","updatedAt":"2024-08-23T15:01:47.790Z"},{"merchantId":180892,"name":"Gelato Pique US","imageUri":"https://monetizeamex.com/v3/120x60/84284de2cd7dc5b2ce72553010845b79.png","currencyCode":"EUR","defaultDomain":"gelatopique.us","domains":["gelatopique.us"],"categoryId":40,"description":null,"isActive":true,"countryCodes":[],"averageBasketValue":141.31,"averageCommission":12.71,"averageConfirmationTime":null,"averageCancellationRate":null,"minimumCommission":11.15,"maximumCommission":11.15,"commissionRates":[{"fixedCommission":null,"percentageCommission":6}],"trackingLink":"https://tatrck.com/h/0Hu30z9R0iAS","createdAt":"2023-12-13T17:00:22.483Z","updatedAt":"2024-09-03T05:53:22.786Z"},{"merchantId":180897,"name":"ModaDiAndrea FR","imageUri":"https://monetizeamex.com/v3/120x60/3b03fa87f27237c31abaea3d9e403ce7.png","currencyCode":"EUR","defaultDomain":"modadiandrea.com","domains":["modadiandrea.com"],"categoryId":40,"description":null,"isActive":true,"countryCodes":["US"],"averageBasketValue":253.81,"averageCommission":18.27,"averageConfirmationTime":null,"averageCancellationRate":null,"minimumCommission":10.15,"maximumCommission":32.66,"commissionRates":[],"trackingLink":"https://tatrck.com/h/0Hu30z9R0iAX","createdAt":"2023-12-13T17:00:25.746Z","updatedAt":"2024-09-03T17:09:33.849Z"},{"merchantId":180913,"name":"BM BRIDAL CO.,INC US","imageUri":"https://kqdxc4m5.de/logos_v2/120x60/82a0a116ff34b3aa9f790274a8a7219d.gif","currencyCode":"EUR","defaultDomain":"bmbridal.com","domains":["bmbridal.com"],"categoryId":21,"description":null,"isActive":true,"countryCodes":["US"],"averageBasketValue":159.44,"averageCommission":14.34,"averageConfirmationTime":null,"averageCancellationRate":100,"minimumCommission":null,"maximumCommission":null,"commissionRates":[{"fixedCommission":null,"percentageCommission":9}],"trackingLink":"https://tatrck.com/h/0Hu30z9R0iAn","createdAt":"2023-12-13T17:00:28.389Z","updatedAt":"2024-08-21T11:28:56.111Z"},{"merchantId":180914,"name":"BoxDog US","imageUri":"https://kqdxc4m5.de/logos_v2/120x60/e2b9452c6dbafa15bbd128784696ccd9.gif","currencyCode":"EUR","defaultDomain":"boxdog.com","domains":["boxdog.com"],"categoryId":61,"description":null,"isActive":true,"countryCodes":["US"],"averageBasketValue":null,"averageCommission":null,"averageConfirmationTime":null,"averageCancellationRate":null,"minimumCommission":null,"maximumCommission":null,"commissionRates":[{"fixedCommission":null,"percentageCommission":4.8}],"trackingLink":"https://tatrck.com/h/0Hu30z9R0iAo","createdAt":"2023-12-13T17:00:28.671Z","updatedAt":"2024-09-03T17:08:52.030Z"},{"merchantId":180917,"name":"InVideo","imageUri":"https://kqdxc4m5.de/logos_v2/120x60/d04cb4580730974a473f13e7eb68c3aa.gif","currencyCode":"EUR","defaultDomain":"invideo.io","domains":["invideo.io"],"categoryId":43,"description":null,"isActive":true,"countryCodes":[],"averageBasketValue":1.11,"averageCommission":0.21,"averageConfirmationTime":36,"averageCancellationRate":0.5,"minimumCommission":2.5,"maximumCommission":57,"commissionRates":[{"fixedCommission":null,"percentageCommission":30},{"fixedCommission":null,"percentageCommission":15},{"fixedCommission":0,"percentageCommission":null}],"trackingLink":"https://tatrck.com/h/0Hu30z9R0iAr","createdAt":"2023-12-13T17:00:29.776Z","updatedAt":"2024-09-03T05:51:08.029Z"},{"merchantId":180931,"name":"Watens Filter US","imageUri":"https://kqdxc4m5.de/logos_v2/120x60/bd1c1ffae9b0f8dc072476c0461c5838.gif","currencyCode":"EUR","defaultDomain":"watens.com","domains":["watens.com"],"categoryId":72,"description":null,"isActive":true,"countryCodes":["US"],"averageBasketValue":55.43,"averageCommission":2.43,"averageConfirmationTime":20,"averageCancellationRate":null,"minimumCommission":2.46,"maximumCommission":3.7,"commissionRates":[{"fixedCommission":null,"percentageCommission":4.8}],"trackingLink":"https://tatrck.com/h/0Hu30z9R0iB3","createdAt":"2023-12-13T17:00:34.271Z","updatedAt":"2024-08-30T05:26:09.883Z"},{"merchantId":180937,"name":"Positivo BR","imageUri":"https://monetizeamex.com/v3/120x60/5ce10302a429f018da004b5e97893d64.png","currencyCode":"EUR","defaultDomain":"meupositivo.com.br","domains":["meupositivo.com.br"],"categoryId":72,"description":null,"isActive":true,"countryCodes":["BR"],"averageBasketValue":175.74,"averageCommission":4.21,"averageConfirmationTime":null,"averageCancellationRate":null,"minimumCommission":4.35,"maximumCommission":4.35,"commissionRates":[{"fixedCommission":null,"percentageCommission":2.4}],"trackingLink":"https://tatrck.com/h/0Hu30z9R0iB9","createdAt":"2023-12-13T17:00:36.651Z","updatedAt":"2024-09-02T05:52:24.298Z"},{"merchantId":180958,"name":"Finzmo PL","imageUri":"https://monetizeamex.com/v3/120x60/1ca0ba7dd582f99ae5fa09d57d20475c.png","currencyCode":"EUR","defaultDomain":"finzmo.pl","domains":["finzmo.pl"],"categoryId":50,"description":null,"isActive":true,"countryCodes":["PL"],"averageBasketValue":null,"averageCommission":null,"averageConfirmationTime":null,"averageCancellationRate":null,"minimumCommission":null,"maximumCommission":null,"commissionRates":[{"fixedCommission":17.22,"percentageCommission":null},{"fixedCommission":17.18,"percentageCommission":null},{"fixedCommission":1.15,"percentageCommission":null}],"trackingLink":"https://tatrck.com/h/0Hu30z9R0iBU","createdAt":"2023-12-13T17:00:41.381Z","updatedAt":"2024-09-03T05:52:13.856Z"},{"merchantId":181002,"name":"Periplus Campaign IDR","imageUri":"https://kqdxc4m5.de/logos_v2/120x60/7a06f3097633f61a490c2280d193c7d1.gif","currencyCode":"EUR","defaultDomain":"periplus.com","domains":["periplus.com"],"categoryId":21,"description":null,"isActive":true,"countryCodes":["ID"],"averageBasketValue":19.1,"averageCommission":0.22,"averageConfirmationTime":4,"averageCancellationRate":8,"minimumCommission":0.09,"maximumCommission":0.68,"commissionRates":[],"trackingLink":"https://tatrck.com/h/0Hu30z9R0iCA","createdAt":"2023-12-13T17:00:53.491Z","updatedAt":"2024-08-25T05:50:19.235Z"},{"merchantId":181017,"name":"Bobstore","imageUri":"https://monetizeamex.com/v3/120x60/4e5fded698108a20dedf3e5e801a6ce7.png","currencyCode":"EUR","defaultDomain":"bobstore.com.br","domains":["bobstore.com.br"],"categoryId":40,"description":null,"isActive":true,"countryCodes":["BR"],"averageBasketValue":29.6,"averageCommission":0.86,"averageConfirmationTime":null,"averageCancellationRate":null,"minimumCommission":0.86,"maximumCommission":0.86,"commissionRates":[],"trackingLink":"https://tatrck.com/h/0Hu30z9R0iCP","createdAt":"2023-12-13T17:00:56.682Z","updatedAt":"2024-08-26T09:01:41.946Z"},{"merchantId":181050,"name":"Richards","imageUri":"https://kqdxc4m5.de/logos_v2/120x60/3da86e4e6c329358f9c6d0672b38bfff.gif","currencyCode":"EUR","defaultDomain":"richards.com.br","domains":["richards.com.br"],"categoryId":40,"description":null,"isActive":true,"countryCodes":["BR"],"averageBasketValue":44.04,"averageCommission":1.23,"averageConfirmationTime":null,"averageCancellationRate":null,"minimumCommission":null,"maximumCommission":null,"commissionRates":[],"trackingLink":"https://tatrck.com/h/0Hu30z9R0iCw","createdAt":"2023-12-13T17:01:04.568Z","updatedAt":"2024-09-03T05:52:11.078Z"},{"merchantId":181052,"name":"Salinas","imageUri":"https://kqdxc4m5.de/logos_v2/120x60/2d999b9bf12154dfee3142344785f6d5.gif","currencyCode":"EUR","defaultDomain":"salinas-rio.com.br","domains":["salinas-rio.com.br"],"categoryId":40,"description":null,"isActive":true,"countryCodes":["BR"],"averageBasketValue":null,"averageCommission":null,"averageConfirmationTime":null,"averageCancellationRate":null,"minimumCommission":null,"maximumCommission":null,"commissionRates":[],"trackingLink":"https://tatrck.com/h/0Hu30z9R0iCy","createdAt":"2023-12-13T17:01:05.767Z","updatedAt":"2024-08-26T09:01:28.284Z"},{"merchantId":181072,"name":"VR Collezioni","imageUri":"https://kqdxc4m5.de/logos_v2/120x60/f9bdb0c77fcbbda3d23f2271312a53da.gif","currencyCode":"EUR","defaultDomain":"vrcollezioni.com.br","domains":["vrcollezioni.com.br"],"categoryId":40,"description":null,"isActive":true,"countryCodes":["BR"],"averageBasketValue":null,"averageCommission":null,"averageConfirmationTime":null,"averageCancellationRate":null,"minimumCommission":null,"maximumCommission":null,"commissionRates":[],"trackingLink":"https://tatrck.com/h/0Hu30z9R0iDG","createdAt":"2023-12-13T17:01:09.286Z","updatedAt":"2024-08-26T09:01:42.523Z"},{"merchantId":181077,"name":"Bodeboca CPA + PT","imageUri":"https://monetizeamex.com/v3/120x60/6b431cb7328ff9329c28f501a95bcb55.png","currencyCode":"EUR","defaultDomain":"bodeboca.pt","domains":["bodeboca.pt"],"categoryId":4,"description":null,"isActive":true,"countryCodes":["PT"],"averageBasketValue":32.31,"averageCommission":0.37,"averageConfirmationTime":1,"averageCancellationRate":null,"minimumCommission":0.72,"maximumCommission":0.72,"commissionRates":[],"trackingLink":"https://tatrck.com/h/0Hu30z9R0iDL","createdAt":"2023-12-13T17:01:11.368Z","updatedAt":"2024-08-21T11:28:07.609Z"},{"merchantId":181096,"name":"Germens.shop DE","imageUri":"https://monetizeamex.com/v3/120x60/a90a0ae1e156d3b5479281b241bb302a.png","currencyCode":"EUR","defaultDomain":"germens.shop","domains":["germens.shop"],"categoryId":40,"description":null,"isActive":true,"countryCodes":["DE"],"averageBasketValue":111.97,"averageCommission":3.36,"averageConfirmationTime":6,"averageCancellationRate":null,"minimumCommission":2.47,"maximumCommission":2.47,"commissionRates":[],"trackingLink":"https://tatrck.com/h/0Hu30z9R0iDe","createdAt":"2023-12-13T17:01:17.874Z","updatedAt":"2024-09-03T17:09:38.008Z"},{"merchantId":181097,"name":"Ickle Bubba Ltd GB","imageUri":"https://monetizeamex.com/v3/120x60/b7b8cf8fa5e76f9d5bab526428daa518.png","currencyCode":"EUR","defaultDomain":"icklebubba.com","domains":["icklebubba.com"],"categoryId":17,"description":null,"isActive":true,"countryCodes":["GB"],"averageBasketValue":234.45,"averageCommission":3.7,"averageConfirmationTime":null,"averageCancellationRate":null,"minimumCommission":2.31,"maximumCommission":17.14,"commissionRates":[],"trackingLink":"https://tatrck.com/h/0Hu30z9R0iDf","createdAt":"2023-12-13T17:01:17.966Z","updatedAt":"2024-09-02T05:51:36.257Z"},{"merchantId":181098,"name":"Sportland American FR","imageUri":"https://monetizeamex.com/v3/120x60/ce657e44238deffb0692fbe4c2cd22cb.png","currencyCode":"EUR","defaultDomain":"sportlandamerican.com","domains":["sportlandamerican.com"],"categoryId":55,"description":null,"isActive":true,"countryCodes":["FR"],"averageBasketValue":144.05,"averageCommission":6.04,"averageConfirmationTime":5,"averageCancellationRate":10,"minimumCommission":2.1,"maximumCommission":2.1,"commissionRates":[],"trackingLink":"https://tatrck.com/h/0Hu30z9R0iDg","createdAt":"2023-12-13T17:01:18.693Z","updatedAt":"2024-08-23T15:03:28.189Z"},{"merchantId":181115,"name":"Merlin Passes UK","imageUri":"https://monetizeamex.com/v3/120x60/bd733dd778ab30714e7c818c849482c7.png","currencyCode":"EUR","defaultDomain":"merlinannualpass.co.uk","domains":["merlinannualpass.co.uk"],"categoryId":53,"description":null,"isActive":true,"countryCodes":["GB"],"averageBasketValue":137.19,"averageCommission":0.82,"averageConfirmationTime":4,"averageCancellationRate":null,"minimumCommission":0.07,"maximumCommission":5.01,"commissionRates":[{"fixedCommission":null,"percentageCommission":0.6},{"fixedCommission":null,"percentageCommission":3.5999999999999996},{"fixedCommission":null,"percentageCommission":3}],"trackingLink":"https://tatrck.com/h/0Hu30z9R0iDx","createdAt":"2023-12-13T17:01:20.671Z","updatedAt":"2024-09-03T17:05:22.289Z"},{"merchantId":181129,"name":"Little Sky Stone US","imageUri":"https://monetizeamex.com/v3/120x60/5b8aff981f6565bbcfa84246ecd97440.png","currencyCode":"EUR","defaultDomain":"littleskystone.com","domains":["littleskystone.com"],"categoryId":73,"description":"Bygg bedriften din på nett med vår komplette websideløsning. Registrer domenet ditt i dag! Inneholder personlig e-post, SSL, 24/7 support med mer.","isActive":true,"countryCodes":["US"],"averageBasketValue":73.2,"averageCommission":3.28,"averageConfirmationTime":1,"averageCancellationRate":null,"minimumCommission":14.76,"maximumCommission":14.76,"commissionRates":[{"fixedCommission":null,"percentageCommission":9}],"trackingLink":"https://tatrck.com/h/0Hu30z9R0iE9","createdAt":"2023-12-13T17:01:23.867Z","updatedAt":"2024-08-21T11:39:41.004Z"},{"merchantId":181130,"name":"NapaCabs US","imageUri":"https://monetizeamex.com/v3/120x60/aaa81be793776e815aadb971461cc355.png","currencyCode":"EUR","defaultDomain":"napacabs.com","domains":["napacabs.com"],"categoryId":21,"description":null,"isActive":true,"countryCodes":["US"],"averageBasketValue":null,"averageCommission":null,"averageConfirmationTime":null,"averageCancellationRate":null,"minimumCommission":null,"maximumCommission":null,"commissionRates":[],"trackingLink":"https://tatrck.com/h/0Hu30z9R0iEA","createdAt":"2023-12-13T17:01:23.581Z","updatedAt":"2024-08-21T11:37:55.380Z"},{"merchantId":181132,"name":"Tom & Sheris Products, Inc. US","imageUri":"https://kqdxc4m5.de/logos_v2/120x60/6eb404d5034bbaeb76dc05c0a95b1e39.gif","currencyCode":"EUR","defaultDomain":"tomandsherisproducts.com","domains":["tomandsherisproducts.com"],"categoryId":40,"description":null,"isActive":true,"countryCodes":["US"],"averageBasketValue":19.02,"averageCommission":0.67,"averageConfirmationTime":null,"averageCancellationRate":null,"minimumCommission":0.67,"maximumCommission":0.67,"commissionRates":[],"trackingLink":"https://tatrck.com/h/0Hu30z9R0iEC","createdAt":"2023-12-13T17:01:24.978Z","updatedAt":"2024-08-21T11:27:51.162Z"},{"merchantId":181161,"name":"Money4you [CPS] UA","imageUri":"https://monetizeamex.com/v3/120x60/3117af5a8a8459768bfc59e1b82d1bc0.png","currencyCode":"EUR","defaultDomain":"money4you.com.ua","domains":["money4you.com.ua"],"categoryId":66,"description":null,"isActive":true,"countryCodes":["UA"],"averageBasketValue":null,"averageCommission":null,"averageConfirmationTime":null,"averageCancellationRate":null,"minimumCommission":null,"maximumCommission":null,"commissionRates":[],"trackingLink":"https://tatrck.com/h/0Hu30z9R0iEf","createdAt":"2023-12-13T17:01:31.670Z","updatedAt":"2024-08-15T09:08:11.910Z"},{"merchantId":181175,"name":"Jayson Home","imageUri":"https://kqdxc4m5.de/logos_v2/120x60/1f02c2dc89eda1e28baf543451f7f79b.gif","currencyCode":"EUR","defaultDomain":"jaysonhome.com","domains":["jaysonhome.com"],"categoryId":74,"description":null,"isActive":true,"countryCodes":["US","CA"],"averageBasketValue":269.02,"averageCommission":9.68,"averageConfirmationTime":null,"averageCancellationRate":null,"minimumCommission":null,"maximumCommission":null,"commissionRates":[],"trackingLink":"https://tatrck.com/h/0Hu30z9R0iEt","createdAt":"2023-12-13T17:01:35.796Z","updatedAt":"2024-08-30T05:57:06.812Z"},{"merchantId":181176,"name":"Nusa Dua Beach Hotel & Spa, Bali","imageUri":"https://kqdxc4m5.de/logos_v2/120x60/24aa5187d44fa1a7d424eb62bba2f8d3.gif","currencyCode":"EUR","defaultDomain":"nusaduahotel.com","domains":["nusaduahotel.com"],"categoryId":63,"description":null,"isActive":true,"countryCodes":[],"averageBasketValue":597.04,"averageCommission":null,"averageConfirmationTime":null,"averageCancellationRate":66.7,"minimumCommission":null,"maximumCommission":null,"commissionRates":[],"trackingLink":"https://tatrck.com/h/0Hu30z9R0iEu","createdAt":"2023-12-13T17:01:35.775Z","updatedAt":"2024-08-21T11:44:16.705Z"},{"merchantId":181178,"name":"Biovea","imageUri":"https://monetizeamex.com/v3/120x60/dc47b9647e1f056ebee30d85bf01430f.png","currencyCode":"EUR","defaultDomain":"biovea.com","domains":["biovea.com"],"categoryId":68,"description":null,"isActive":true,"countryCodes":["DE","IT","FR","AU","CH","GB"],"averageBasketValue":115.36,"averageCommission":3.45,"averageConfirmationTime":null,"averageCancellationRate":null,"minimumCommission":0.49,"maximumCommission":6.37,"commissionRates":[],"trackingLink":"https://tatrck.com/h/0Hu30z9R0iEw","createdAt":"2023-12-13T17:01:35.785Z","updatedAt":"2024-09-03T17:09:31.507Z"},{"merchantId":181199,"name":"Tischideen & Ambiente DE","imageUri":"https://monetizeamex.com/v3/120x60/7cac0f4b45ea7cc04b4e3dc686c788ca.png","currencyCode":"EUR","defaultDomain":"tischideen-und-ambiente.de","domains":["tischideen-und-ambiente.de"],"categoryId":72,"description":null,"isActive":true,"countryCodes":["DE"],"averageBasketValue":75.47,"averageCommission":1.81,"averageConfirmationTime":null,"averageCancellationRate":null,"minimumCommission":1.26,"maximumCommission":1.26,"commissionRates":[{"fixedCommission":null,"percentageCommission":2.4}],"trackingLink":"https://tatrck.com/h/0Hu30z9R0iFF","createdAt":"2023-12-13T17:01:39.483Z","updatedAt":"2024-09-03T17:09:21.761Z"},{"merchantId":181204,"name":"inktoneroutlets US","imageUri":"https://monetizeamex.com/v3/120x60/f07b5a689a59434c0857cf8f050d9b9a.png","currencyCode":"EUR","defaultDomain":"inktoneroutlets.ca","domains":["inktoneroutlets.ca"],"categoryId":72,"description":null,"isActive":true,"countryCodes":["US"],"averageBasketValue":66.72,"averageCommission":1.39,"averageConfirmationTime":2,"averageCancellationRate":null,"minimumCommission":1.72,"maximumCommission":1.72,"commissionRates":[{"fixedCommission":null,"percentageCommission":2.1}],"trackingLink":"https://tatrck.com/h/0Hu30z9R0iFK","createdAt":"2023-12-13T17:01:40.885Z","updatedAt":"2024-08-21T11:31:12.945Z"},{"merchantId":181236,"name":"JuJuBe Intl US","imageUri":"https://kqdxc4m5.de/logos_v2/120x60/0eebba15987d816091c6b0dc1295224f.gif","currencyCode":"EUR","defaultDomain":"jujube.com","domains":["jujube.com"],"categoryId":17,"description":null,"isActive":true,"countryCodes":["US"],"averageBasketValue":92.68,"averageCommission":0.52,"averageConfirmationTime":null,"averageCancellationRate":null,"minimumCommission":null,"maximumCommission":null,"commissionRates":[{"fixedCommission":null,"percentageCommission":1.44}],"trackingLink":"https://tatrck.com/h/0Hu30z9R0iFq","createdAt":"2023-12-13T17:01:48.875Z","updatedAt":"2024-09-03T17:05:05.609Z"},{"merchantId":181241,"name":"Loeffler Randall US","imageUri":"https://monetizeamex.com/v3/120x60/2f94b0f158e5fde51766873722602d13.png","currencyCode":"EUR","defaultDomain":"loefflerrandall.com","domains":["loefflerrandall.com"],"categoryId":40,"description":null,"isActive":true,"countryCodes":["US"],"averageBasketValue":232.81,"averageCommission":12.69,"averageConfirmationTime":58,"averageCancellationRate":null,"minimumCommission":2.85,"maximumCommission":67.92,"commissionRates":[{"fixedCommission":null,"percentageCommission":3}],"trackingLink":"https://tatrck.com/h/0Hu30z9R0iFv","createdAt":"2023-12-13T17:01:49.769Z","updatedAt":"2024-09-02T05:24:04.311Z"}]}