{"meta":{"next":186517},"data":[{"merchantId":185917,"name":"Under Armour US","imageUri":"https://monetizeamex.com/v3/120x60/6075203dc522faf1bba5452854c41084.png","currencyCode":"EUR","defaultDomain":"underarmour.com","domains":["underarmour.com"],"categoryId":55,"description":null,"isActive":true,"countryCodes":["US"],"averageBasketValue":83.92,"averageCommission":2.53,"averageConfirmationTime":58,"averageCancellationRate":2.7,"minimumCommission":0.12,"maximumCommission":17.29,"commissionRates":[],"trackingLink":"https://tatrck.com/h/0Hu30z9R0jOz","createdAt":"2023-12-13T17:19:10.185Z","updatedAt":"2024-09-03T17:08:14.007Z"},{"merchantId":185921,"name":"Crazy-factory.com BE","imageUri":"https://kqdxc4m5.de/logos_v2/120x60/cac2d9d9ef82e35f210dd8bf25a60108.gif","currencyCode":"EUR","defaultDomain":"crazy-factory.com","domains":["crazy-factory.com"],"categoryId":73,"description":null,"isActive":true,"countryCodes":["BE","NL","FR"],"averageBasketValue":21.43,"averageCommission":0.96,"averageConfirmationTime":39,"averageCancellationRate":null,"minimumCommission":0.04,"maximumCommission":3.15,"commissionRates":[],"trackingLink":"https://tatrck.com/h/0Hu30z9R0jP1","createdAt":"2023-12-13T17:19:11.984Z","updatedAt":"2024-09-02T05:37:47.139Z"},{"merchantId":185950,"name":"Glow Recipe","imageUri":"https://kqdxc4m5.de/logos_v2/120x60/b55bf6f95cf54099ba52f86ebe4fde70.gif","currencyCode":"EUR","defaultDomain":"glowrecipe.com","domains":["glowrecipe.com"],"categoryId":28,"description":null,"isActive":true,"countryCodes":["US"],"averageBasketValue":82.41,"averageCommission":3.43,"averageConfirmationTime":11,"averageCancellationRate":null,"minimumCommission":0.25,"maximumCommission":4.73,"commissionRates":[{"fixedCommission":null,"percentageCommission":3.5999999999999996},{"fixedCommission":null,"percentageCommission":4.2}],"trackingLink":"https://tatrck.com/h/0Hu30z9R0jPU","createdAt":"2023-12-13T17:19:18.567Z","updatedAt":"2024-09-01T05:52:05.204Z"},{"merchantId":185968,"name":"Hype Energy DE","imageUri":"https://kqdxc4m5.de/logos_v2/120x60/0328c5424e68e638af0fb074d9a981b9.gif","currencyCode":"EUR","defaultDomain":"houseofnutrition.de","domains":["houseofnutrition.de"],"categoryId":68,"description":null,"isActive":true,"countryCodes":["AT","CH","DE"],"averageBasketValue":null,"averageCommission":null,"averageConfirmationTime":null,"averageCancellationRate":null,"minimumCommission":null,"maximumCommission":null,"commissionRates":[{"fixedCommission":null,"percentageCommission":3},{"fixedCommission":null,"percentageCommission":6}],"trackingLink":"https://tatrck.com/h/0Hu30z9R0jPm","createdAt":"2023-12-13T17:19:20.888Z","updatedAt":"2024-08-21T11:26:09.495Z"},{"merchantId":185998,"name":"Keith Prowse UK","imageUri":"https://monetizeamex.com/v3/120x60/f76a41568adb576a66529c190dd1dd8d.png","currencyCode":"EUR","defaultDomain":"keithprowse.co.uk","domains":["keithprowse.co.uk"],"categoryId":7,"description":null,"isActive":true,"countryCodes":["GB"],"averageBasketValue":1,"averageCommission":null,"averageConfirmationTime":null,"averageCancellationRate":null,"minimumCommission":null,"maximumCommission":null,"commissionRates":[],"trackingLink":"https://tatrck.com/h/0Hu30z9R0jQE","createdAt":"2023-12-13T17:19:29.576Z","updatedAt":"2024-08-23T15:01:46.762Z"},{"merchantId":186011,"name":"Hebe PL","imageUri":"https://monetizeamex.com/v3/120x60/67494a18355430ac15500a23e9cb606d.png","currencyCode":"EUR","defaultDomain":"hebe.pl","domains":["hebe.pl"],"categoryId":28,"description":null,"isActive":true,"countryCodes":["PL"],"averageBasketValue":10.36,"averageCommission":0.67,"averageConfirmationTime":null,"averageCancellationRate":2.4,"minimumCommission":0.1,"maximumCommission":3.2,"commissionRates":[],"trackingLink":"https://tatrck.com/h/0Hu30z9R0jQR","createdAt":"2023-12-13T17:19:32.681Z","updatedAt":"2024-09-03T17:09:25.654Z"},{"merchantId":186013,"name":"Bamboo Clothing UK","imageUri":"https://monetizeamex.com/v3/120x60/43abc211c5103949ec0db35ab26b2762.png","currencyCode":"EUR","defaultDomain":"bambooclothing.co.uk","domains":["bambooclothing.co.uk"],"categoryId":40,"description":null,"isActive":true,"countryCodes":["GB"],"averageBasketValue":53.67,"averageCommission":0.92,"averageConfirmationTime":58,"averageCancellationRate":null,"minimumCommission":0.01,"maximumCommission":5.41,"commissionRates":[{"fixedCommission":null,"percentageCommission":7.199999999999999},{"fixedCommission":null,"percentageCommission":0.48},{"fixedCommission":null,"percentageCommission":3.84}],"trackingLink":"https://tatrck.com/h/0Hu30z9R0jQT","createdAt":"2023-12-13T17:19:35.178Z","updatedAt":"2024-09-03T17:03:55.702Z"},{"merchantId":186019,"name":"Bulova","imageUri":"https://monetizeamex.com/v3/120x60/7ea600a0d0c82b9f5ab68fbcd122e404.png","currencyCode":"EUR","defaultDomain":"bulova.com","domains":["bulova.com"],"categoryId":40,"description":null,"isActive":true,"countryCodes":["US"],"averageBasketValue":320.03,"averageCommission":3.07,"averageConfirmationTime":null,"averageCancellationRate":null,"minimumCommission":3.24,"maximumCommission":3.45,"commissionRates":[{"fixedCommission":null,"percentageCommission":1.92}],"trackingLink":"https://tatrck.com/h/0Hu30z9R0jQZ","createdAt":"2023-12-13T17:19:35.675Z","updatedAt":"2024-08-29T06:02:03.032Z"},{"merchantId":186022,"name":"Gpfilter(Glacialpurefilters) US","imageUri":"https://monetizeamex.com/v3/120x60/ad09cb77f0c0e00f57ee70ed318ab8a8.png","currencyCode":"EUR","defaultDomain":"gpfilter.com","domains":["gpfilter.com"],"categoryId":72,"description":null,"isActive":true,"countryCodes":["US"],"averageBasketValue":null,"averageCommission":null,"averageConfirmationTime":null,"averageCancellationRate":null,"minimumCommission":null,"maximumCommission":null,"commissionRates":[{"fixedCommission":null,"percentageCommission":6}],"trackingLink":"https://tatrck.com/h/0Hu30z9R0jQc","createdAt":"2023-12-13T17:19:36.687Z","updatedAt":"2024-08-21T11:30:14.443Z"},{"merchantId":186023,"name":"KOIO – INT","imageUri":"https://kqdxc4m5.de/logos_v2/120x60/5fc66fd5472945a090b7a5d21f7ca790.gif","currencyCode":"EUR","defaultDomain":"koio.co","domains":["koio.co"],"categoryId":40,"description":null,"isActive":true,"countryCodes":["US"],"averageBasketValue":null,"averageCommission":null,"averageConfirmationTime":null,"averageCancellationRate":null,"minimumCommission":null,"maximumCommission":null,"commissionRates":[],"trackingLink":"https://tatrck.com/h/0Hu30z9R0jQd","createdAt":"2023-12-13T17:19:36.571Z","updatedAt":"2024-08-21T11:43:16.614Z"},{"merchantId":186024,"name":"NordPass","imageUri":"https://monetizeamex.com/v3/120x60/5a538d939ef27e9a24844d72c7a0dce6.png","currencyCode":"EUR","defaultDomain":"nordpass.com","domains":["nordpass.com"],"categoryId":37,"description":null,"isActive":true,"countryCodes":[],"averageBasketValue":32.39,"averageCommission":8.86,"averageConfirmationTime":null,"averageCancellationRate":null,"minimumCommission":5.26,"maximumCommission":16.05,"commissionRates":[{"fixedCommission":null,"percentageCommission":24},{"fixedCommission":null,"percentageCommission":0},{"fixedCommission":null,"percentageCommission":27.689999999999998},{"fixedCommission":27.69,"percentageCommission":null}],"trackingLink":"https://tatrck.com/h/0Hu30z9R0jQe","createdAt":"2023-12-13T17:19:36.997Z","updatedAt":"2024-09-03T17:08:18.062Z"},{"merchantId":186029,"name":"Tayst Coffee US","imageUri":"https://kqdxc4m5.de/logos_v2/120x60/3b4696b85edbdb75370a01df7a75a70c.gif","currencyCode":"EUR","defaultDomain":"tayst.com","domains":["tayst.com"],"categoryId":22,"description":null,"isActive":true,"countryCodes":["US"],"averageBasketValue":37.7,"averageCommission":6.69,"averageConfirmationTime":null,"averageCancellationRate":null,"minimumCommission":6.72,"maximumCommission":6.72,"commissionRates":[{"fixedCommission":7.8,"percentageCommission":null}],"trackingLink":"https://tatrck.com/h/0Hu30z9R0jQj","createdAt":"2023-12-13T17:19:37.778Z","updatedAt":"2024-08-21T11:30:58.637Z"},{"merchantId":186030,"name":"Visitor Queue Inc. US","imageUri":"https://monetizeamex.com/v3/120x60/d29196cc90bfa68b9e40d3c426c946df.png","currencyCode":"EUR","defaultDomain":"visitorqueue.com","domains":["visitorqueue.com"],"categoryId":37,"description":null,"isActive":true,"countryCodes":["US"],"averageBasketValue":null,"averageCommission":null,"averageConfirmationTime":null,"averageCancellationRate":null,"minimumCommission":null,"maximumCommission":null,"commissionRates":[{"fixedCommission":null,"percentageCommission":10.5}],"trackingLink":"https://tatrck.com/h/0Hu30z9R0jQk","createdAt":"2023-12-13T17:19:38.198Z","updatedAt":"2024-08-29T15:02:35.752Z"},{"merchantId":186031,"name":"Selldorado - Bijoux Elise & Moi FR","imageUri":"https://monetizeamex.com/v3/120x60/7828a4da53f2b22f5871cb5d4c3159f2.png","currencyCode":"EUR","defaultDomain":"eliseetmoi.com","domains":["eliseetmoi.com"],"categoryId":40,"description":null,"isActive":true,"countryCodes":["FR"],"averageBasketValue":30.63,"averageCommission":1.47,"averageConfirmationTime":null,"averageCancellationRate":13.5,"minimumCommission":0.91,"maximumCommission":3.18,"commissionRates":[{"fixedCommission":null,"percentageCommission":4.8}],"trackingLink":"https://tatrck.com/h/0Hu30z9R0jQl","createdAt":"2023-12-13T17:19:38.595Z","updatedAt":"2024-09-03T17:09:31.174Z"},{"merchantId":186041,"name":"FitTrack US","imageUri":"https://monetizeamex.com/v3/120x60/3692b65fe9e5259c7122a2cd25585629.png","currencyCode":"EUR","defaultDomain":"getfittrack.com","domains":["getfittrack.com"],"categoryId":68,"description":null,"isActive":true,"countryCodes":["US"],"averageBasketValue":74.85,"averageCommission":11.23,"averageConfirmationTime":null,"averageCancellationRate":null,"minimumCommission":13.51,"maximumCommission":13.51,"commissionRates":[{"fixedCommission":24.48,"percentageCommission":null}],"trackingLink":"https://tatrck.com/h/0Hu30z9R0jQv","createdAt":"2023-12-13T17:19:41.785Z","updatedAt":"2024-08-23T15:01:45.434Z"},{"merchantId":186044,"name":"Huawei","imageUri":"https://monetizeamex.com/v3/120x60/14bbddcaabefea53bb3ad5159876bd05.png","currencyCode":"EUR","defaultDomain":"consumer.huawei.com","domains":["consumer.huawei.com","huawei.com"],"categoryId":72,"description":null,"isActive":true,"countryCodes":[],"averageBasketValue":218.47,"averageCommission":3.4,"averageConfirmationTime":null,"averageCancellationRate":4.5,"minimumCommission":0.01,"maximumCommission":35.97,"commissionRates":[{"fixedCommission":null,"percentageCommission":3.1799999999999997},{"fixedCommission":null,"percentageCommission":2.76},{"fixedCommission":null,"percentageCommission":4.14},{"fixedCommission":null,"percentageCommission":3.69},{"fixedCommission":null,"percentageCommission":1.26}],"trackingLink":"https://tatrck.com/h/0Hu30z9R0jQy","createdAt":"2023-12-13T17:19:42.783Z","updatedAt":"2024-08-30T05:57:22.941Z"},{"merchantId":186053,"name":"Surya Heating UK","imageUri":"https://monetizeamex.com/v3/120x60/1a82fb9a2dc61b6e6ffe1b8bf4cc692e.png","currencyCode":"EUR","defaultDomain":"suryaheating.co.uk","domains":["suryaheating.co.uk"],"categoryId":72,"description":null,"isActive":true,"countryCodes":[],"averageBasketValue":267.66,"averageCommission":8.02,"averageConfirmationTime":null,"averageCancellationRate":null,"minimumCommission":4.13,"maximumCommission":14.08,"commissionRates":[{"fixedCommission":null,"percentageCommission":3}],"trackingLink":"https://tatrck.com/h/0Hu30z9R0jR5","createdAt":"2023-12-13T17:19:44.864Z","updatedAt":"2024-08-15T09:10:11.614Z"},{"merchantId":186055,"name":"Alfombra24.es - Compre alfombras baratas en línea ES","imageUri":"https://monetizeamex.com/v3/120x60/377bdbff397a517ef80ad665812870a1.png","currencyCode":"EUR","defaultDomain":"alfombra24.es","domains":["alfombra24.es"],"categoryId":74,"description":null,"isActive":true,"countryCodes":["ES"],"averageBasketValue":346.78,"averageCommission":16.64,"averageConfirmationTime":null,"averageCancellationRate":null,"minimumCommission":17.85,"maximumCommission":22.89,"commissionRates":[{"fixedCommission":null,"percentageCommission":4.8}],"trackingLink":"https://tatrck.com/h/0Hu30z9R0jR7","createdAt":"2023-12-13T17:19:45.269Z","updatedAt":"2024-09-02T05:30:46.157Z"},{"merchantId":186056,"name":"Luzete ES","imageUri":"https://monetizeamex.com/v3/120x60/2de84701e37b53eb6d5e20b87ba85274.png","currencyCode":"EUR","defaultDomain":"luzete.es","domains":["luzete.es"],"categoryId":77,"description":null,"isActive":true,"countryCodes":["ES"],"averageBasketValue":null,"averageCommission":null,"averageConfirmationTime":null,"averageCancellationRate":null,"minimumCommission":null,"maximumCommission":null,"commissionRates":[],"trackingLink":"https://tatrck.com/h/0Hu30z9R0jR8","createdAt":"2023-12-13T17:19:45.779Z","updatedAt":"2024-08-15T09:11:59.745Z"},{"merchantId":186057,"name":"naftie - Bio Hundefutter DE","imageUri":"https://monetizeamex.com/v3/120x60/48e66b9d78f5edd819f85e3321260d2d.png","currencyCode":"EUR","defaultDomain":"naftie.de","domains":["naftie.de"],"categoryId":61,"description":null,"isActive":true,"countryCodes":["DE"],"averageBasketValue":77.74,"averageCommission":6.16,"averageConfirmationTime":58,"averageCancellationRate":3.3,"minimumCommission":0.25,"maximumCommission":40.08,"commissionRates":[{"fixedCommission":null,"percentageCommission":4.8},{"fixedCommission":null,"percentageCommission":1.5}],"trackingLink":"https://tatrck.com/h/0Hu30z9R0jR9","createdAt":"2023-12-13T17:19:45.884Z","updatedAt":"2024-09-02T05:36:10.816Z"},{"merchantId":186058,"name":"Tapijt24.nl - tapijten voordelig online kopen NL","imageUri":"https://monetizeamex.com/v3/120x60/a2959166d9415173bf0da15e5e767288.png","currencyCode":"EUR","defaultDomain":"tapijt24.nl","domains":["tapijt24.nl"],"categoryId":74,"description":null,"isActive":true,"countryCodes":["NL"],"averageBasketValue":null,"averageCommission":null,"averageConfirmationTime":null,"averageCancellationRate":null,"minimumCommission":null,"maximumCommission":null,"commissionRates":[{"fixedCommission":null,"percentageCommission":4.8}],"trackingLink":"https://tatrck.com/h/0Hu30z9R0jRA","createdAt":"2023-12-13T17:19:46.177Z","updatedAt":"2024-08-15T09:08:23.615Z"},{"merchantId":186059,"name":"Tapis24.fr - tapis à petit prix en ligne FR","imageUri":"https://monetizeamex.com/v3/120x60/b232cf751f286ea54a5864ec6906b301.png","currencyCode":"EUR","defaultDomain":"tapis24.fr","domains":["tapis24.fr"],"categoryId":74,"description":null,"isActive":true,"countryCodes":["FR"],"averageBasketValue":53.4,"averageCommission":2.56,"averageConfirmationTime":null,"averageCancellationRate":null,"minimumCommission":1.81,"maximumCommission":2.23,"commissionRates":[{"fixedCommission":null,"percentageCommission":4.8}],"trackingLink":"https://tatrck.com/h/0Hu30z9R0jRB","createdAt":"2023-12-13T17:19:46.479Z","updatedAt":"2024-08-15T09:08:49.394Z"},{"merchantId":186060,"name":"Tappeto24.it - acquista tappeti online IT","imageUri":"https://monetizeamex.com/v3/120x60/d8cd5561f16f93f9fc1edc1ad03881d5.png","currencyCode":"EUR","defaultDomain":"tappeto24.it","domains":["tappeto24.it"],"categoryId":74,"description":null,"isActive":true,"countryCodes":["IT"],"averageBasketValue":null,"averageCommission":null,"averageConfirmationTime":null,"averageCancellationRate":null,"minimumCommission":null,"maximumCommission":null,"commissionRates":[{"fixedCommission":null,"percentageCommission":4.8}],"trackingLink":"https://tatrck.com/h/0Hu30z9R0jRC","createdAt":"2023-12-13T17:19:46.894Z","updatedAt":"2024-08-18T05:32:08.792Z"},{"merchantId":186063,"name":"Mallet UK","imageUri":"https://monetizeamex.com/v3/120x60/bcfbc0b165881f6f91eab8fdea35b6ad.png","currencyCode":"EUR","defaultDomain":"mallet.com","domains":["mallet.com"],"categoryId":40,"description":null,"isActive":true,"countryCodes":["GB"],"averageBasketValue":172.72,"averageCommission":10.36,"averageConfirmationTime":null,"averageCancellationRate":null,"minimumCommission":6.81,"maximumCommission":6.81,"commissionRates":[{"fixedCommission":null,"percentageCommission":6}],"trackingLink":"https://tatrck.com/h/0Hu30z9R0jRF","createdAt":"2023-12-13T17:19:47.183Z","updatedAt":"2024-09-03T17:08:08.328Z"},{"merchantId":186066,"name":"At Your Pace US","imageUri":"https://monetizeamex.com/v3/120x60/f9011691f103083fd69ffe6eb0e84fdb.png","currencyCode":"EUR","defaultDomain":"atyourpaceonline.com","domains":["atyourpaceonline.com"],"categoryId":44,"description":null,"isActive":true,"countryCodes":["US"],"averageBasketValue":90.45,"averageCommission":6.51,"averageConfirmationTime":null,"averageCancellationRate":null,"minimumCommission":9.11,"maximumCommission":9.11,"commissionRates":[{"fixedCommission":null,"percentageCommission":7.199999999999999}],"trackingLink":"https://tatrck.com/h/0Hu30z9R0jRI","createdAt":"2023-12-13T17:19:47.880Z","updatedAt":"2024-08-23T15:01:47.098Z"},{"merchantId":186073,"name":"Positive Grid US","imageUri":"https://monetizeamex.com/v3/120x60/75daad9b651dff128bc9e9f189bf2198.png","currencyCode":"EUR","defaultDomain":"positivegrid.com","domains":["positivegrid.com"],"categoryId":43,"description":null,"isActive":true,"countryCodes":["US"],"averageBasketValue":110.53,"averageCommission":3.08,"averageConfirmationTime":60,"averageCancellationRate":null,"minimumCommission":4.41,"maximumCommission":4.46,"commissionRates":[],"trackingLink":"https://tatrck.com/h/0Hu30z9R0jRP","createdAt":"2023-12-13T17:19:49.976Z","updatedAt":"2024-09-01T05:53:58.274Z"},{"merchantId":186074,"name":"ScalaHosting","imageUri":"https://monetizeamex.com/v3/120x60/484045c0570c96dbf98e9e37cee13f43.png","currencyCode":"EUR","defaultDomain":"scalahosting.com","domains":["scalahosting.com"],"categoryId":22,"description":null,"isActive":true,"countryCodes":[],"averageBasketValue":87.2,"averageCommission":74.07,"averageConfirmationTime":null,"averageCancellationRate":null,"minimumCommission":47.95,"maximumCommission":109,"commissionRates":[],"trackingLink":"https://tatrck.com/h/0Hu30z9R0jRQ","createdAt":"2023-12-13T17:19:50.797Z","updatedAt":"2024-08-31T05:50:34.619Z"},{"merchantId":186076,"name":"Spring Step Shoes US","imageUri":"https://monetizeamex.com/v3/120x60/f7ab3154d8ca05ca32694e240eb4a24b.png","currencyCode":"EUR","defaultDomain":"springstepshoes.com","domains":["springstepshoes.com"],"categoryId":40,"description":null,"isActive":true,"countryCodes":["US"],"averageBasketValue":8.9,"averageCommission":0.08,"averageConfirmationTime":null,"averageCancellationRate":null,"minimumCommission":0.73,"maximumCommission":0.73,"commissionRates":[{"fixedCommission":null,"percentageCommission":0.96}],"trackingLink":"https://tatrck.com/h/0Hu30z9R0jRS","createdAt":"2023-12-13T17:19:51.071Z","updatedAt":"2024-08-23T15:02:12.272Z"},{"merchantId":186079,"name":"Supergoop US","imageUri":"https://kqdxc4m5.de/logos_v2/120x60/e9418e611267553916a9e39c752cd05d.gif","currencyCode":"EUR","defaultDomain":"supergoop.com","domains":["supergoop.com"],"categoryId":28,"description":null,"isActive":true,"countryCodes":["US"],"averageBasketValue":27.66,"averageCommission":0.2,"averageConfirmationTime":null,"averageCancellationRate":null,"minimumCommission":0.03,"maximumCommission":2.44,"commissionRates":[{"fixedCommission":null,"percentageCommission":0.48},{"fixedCommission":null,"percentageCommission":0.96}],"trackingLink":"https://tatrck.com/h/0Hu30z9R0jRV","createdAt":"2023-12-13T17:19:51.171Z","updatedAt":"2024-09-03T17:03:35.130Z"},{"merchantId":186080,"name":"Tanara BR","imageUri":"https://monetizeamex.com/v3/120x60/c4bd8e7d3789cb21f0206d766726073a.png","currencyCode":"EUR","defaultDomain":"tanarabrasil.com.br","domains":["tanarabrasil.com.br"],"categoryId":40,"description":null,"isActive":true,"countryCodes":["BR"],"averageBasketValue":null,"averageCommission":null,"averageConfirmationTime":null,"averageCancellationRate":null,"minimumCommission":null,"maximumCommission":null,"commissionRates":[],"trackingLink":"https://tatrck.com/h/0Hu30z9R0jRW","createdAt":"2023-12-13T17:19:51.877Z","updatedAt":"2024-08-23T15:02:08.257Z"},{"merchantId":186092,"name":"Günstige Software auf Lizensio - Lizenzen online kaufen DE","imageUri":"https://monetizeamex.com/v3/120x60/144d7992dd880b60232d1fc9a2c7b8af.png","currencyCode":"EUR","defaultDomain":"lizensio.de","domains":["lizensio.de"],"categoryId":37,"description":null,"isActive":true,"countryCodes":["DE"],"averageBasketValue":29.34,"averageCommission":2.04,"averageConfirmationTime":38,"averageCancellationRate":1.3,"minimumCommission":0.5,"maximumCommission":4.23,"commissionRates":[{"fixedCommission":null,"percentageCommission":3},{"fixedCommission":null,"percentageCommission":7.199999999999999}],"trackingLink":"https://tatrck.com/h/0Hu30z9R0jRi","createdAt":"2023-12-13T17:19:55.183Z","updatedAt":"2024-09-03T17:04:16.202Z"},{"merchantId":186098,"name":"Vitality4Life DE","imageUri":"https://monetizeamex.com/v3/120x60/f552829d0ac7aff69b47c639f0df1398.png","currencyCode":"EUR","defaultDomain":"vitality4life.de","domains":["vitality4life.de"],"categoryId":72,"description":null,"isActive":true,"countryCodes":["DE"],"averageBasketValue":191.09,"averageCommission":9.74,"averageConfirmationTime":null,"averageCancellationRate":null,"minimumCommission":7.29,"maximumCommission":7.29,"commissionRates":[{"fixedCommission":null,"percentageCommission":5.1}],"trackingLink":"https://tatrck.com/h/0Hu30z9R0jRo","createdAt":"2023-12-13T17:19:56.775Z","updatedAt":"2024-09-03T17:09:15.502Z"},{"merchantId":186099,"name":"Adidas HK","imageUri":"https://monetizeamex.com/v3/120x60/f92ed3b601fdc9194c761c5ad7453e03.png","currencyCode":"EUR","defaultDomain":"adidas.com.hk","domains":["adidas.com.hk"],"categoryId":40,"description":null,"isActive":true,"countryCodes":["HK"],"averageBasketValue":85.51,"averageCommission":5.05,"averageConfirmationTime":null,"averageCancellationRate":1.7,"minimumCommission":0.41,"maximumCommission":14.5,"commissionRates":[{"fixedCommission":null,"percentageCommission":4.8}],"trackingLink":"https://tatrck.com/h/0Hu30z9R0jRp","createdAt":"2023-12-13T17:19:57.374Z","updatedAt":"2024-09-03T17:04:28.898Z"},{"merchantId":186104,"name":"AGMES US","imageUri":"https://monetizeamex.com/v3/120x60/2f38b53debc5c8bbfe9553545169db7a.png","currencyCode":"EUR","defaultDomain":"agmesnyc.com","domains":["agmesnyc.com"],"categoryId":40,"description":null,"isActive":true,"countryCodes":["US"],"averageBasketValue":372.28,"averageCommission":26.8,"averageConfirmationTime":null,"averageCancellationRate":null,"minimumCommission":9.42,"maximumCommission":48.37,"commissionRates":[{"fixedCommission":null,"percentageCommission":7.199999999999999}],"trackingLink":"https://tatrck.com/h/0Hu30z9R0jRu","createdAt":"2023-12-13T17:19:58.865Z","updatedAt":"2024-08-23T05:24:14.140Z"},{"merchantId":186114,"name":"LittleStars-Shop.de - Geschenke für Kinder & Babys DE","imageUri":"https://monetizeamex.com/v3/120x60/16c76a7cd7d793da8af874912a714781.png","currencyCode":"EUR","defaultDomain":"littlestars-shop.de","domains":["littlestars-shop.de"],"categoryId":17,"description":null,"isActive":true,"countryCodes":["DE"],"averageBasketValue":31.2,"averageCommission":1.2,"averageConfirmationTime":28,"averageCancellationRate":1.9,"minimumCommission":0.81,"maximumCommission":3.63,"commissionRates":[{"fixedCommission":null,"percentageCommission":3.5999999999999996}],"trackingLink":"https://tatrck.com/h/0Hu30z9R0jS2","createdAt":"2023-12-13T17:20:01.383Z","updatedAt":"2024-09-02T05:28:56.396Z"},{"merchantId":186118,"name":"Naturecan DE","imageUri":"https://monetizeamex.com/v3/120x60/e4594a47eaa2ce458684a708b3e01911.png","currencyCode":"EUR","defaultDomain":"naturecan.de","domains":["naturecan.de"],"categoryId":35,"description":null,"isActive":true,"countryCodes":["DE"],"averageBasketValue":118.05,"averageCommission":1.87,"averageConfirmationTime":34,"averageCancellationRate":null,"minimumCommission":0.92,"maximumCommission":14.68,"commissionRates":[],"trackingLink":"https://tatrck.com/h/0Hu30z9R0jS6","createdAt":"2023-12-13T17:20:02.383Z","updatedAt":"2024-09-03T05:53:01.483Z"},{"merchantId":186123,"name":"PillolaStore IT","imageUri":"https://monetizeamex.com/v3/120x60/9312ae5ba8e428414234e8d0eccb4a99.png","currencyCode":"EUR","defaultDomain":"pillolastore.com","domains":["pillolastore.com"],"categoryId":21,"description":null,"isActive":true,"countryCodes":["IT"],"averageBasketValue":311.31,"averageCommission":11.5,"averageConfirmationTime":58,"averageCancellationRate":41.7,"minimumCommission":3.95,"maximumCommission":3.95,"commissionRates":[{"fixedCommission":null,"percentageCommission":3.6959999999999997}],"trackingLink":"https://tatrck.com/h/0Hu30z9R0jSB","createdAt":"2023-12-13T17:20:04.495Z","updatedAt":"2024-09-03T17:08:17.228Z"},{"merchantId":186124,"name":"Gthic.com US","imageUri":"https://kqdxc4m5.de/logos_v2/120x60/471762a6e5b8fed28e1406e185bb3a7b.gif","currencyCode":"EUR","defaultDomain":"gthic.com","domains":["gthic.com"],"categoryId":73,"description":null,"isActive":true,"countryCodes":["US"],"averageBasketValue":44.54,"averageCommission":1.62,"averageConfirmationTime":1,"averageCancellationRate":58.3,"minimumCommission":0.28,"maximumCommission":2.28,"commissionRates":[{"fixedCommission":null,"percentageCommission":6}],"trackingLink":"https://tatrck.com/h/0Hu30z9R0jSC","createdAt":"2023-12-13T17:20:04.977Z","updatedAt":"2024-08-30T05:39:26.480Z"},{"merchantId":186125,"name":"Natemia US","imageUri":"https://kqdxc4m5.de/logos_v2/120x60/57fcf11574bc9521c9cc2f59fcc79ca3.gif","currencyCode":"EUR","defaultDomain":"natemia.com","domains":["natemia.com"],"categoryId":17,"description":null,"isActive":true,"countryCodes":["US"],"averageBasketValue":51.87,"averageCommission":3.1,"averageConfirmationTime":2,"averageCancellationRate":null,"minimumCommission":2.26,"maximumCommission":2.26,"commissionRates":[{"fixedCommission":null,"percentageCommission":6}],"trackingLink":"https://tatrck.com/h/0Hu30z9R0jSD","createdAt":"2023-12-13T17:20:04.780Z","updatedAt":"2024-08-21T11:41:18.480Z"},{"merchantId":186127,"name":"Alucia Organics UK","imageUri":"https://monetizeamex.com/v3/120x60/e4f283e076168c1e4b968b0cec151f9e.png","currencyCode":"EUR","defaultDomain":"aluciaorganics.com","domains":["aluciaorganics.com"],"categoryId":28,"description":null,"isActive":true,"countryCodes":["GB"],"averageBasketValue":null,"averageCommission":null,"averageConfirmationTime":null,"averageCancellationRate":null,"minimumCommission":null,"maximumCommission":null,"commissionRates":[{"fixedCommission":null,"percentageCommission":4.8}],"trackingLink":"https://tatrck.com/h/0Hu30z9R0jSF","createdAt":"2023-12-13T17:20:05.688Z","updatedAt":"2024-08-15T09:08:23.479Z"},{"merchantId":186141,"name":"getyourdrive DE","imageUri":"https://monetizeamex.com/v3/120x60/72c2921a5b49c40b38f07c7804cb547f.png","currencyCode":"EUR","defaultDomain":"getyourdrive.com","domains":["getyourdrive.com"],"categoryId":59,"description":null,"isActive":true,"countryCodes":["DE"],"averageBasketValue":null,"averageCommission":6,"averageConfirmationTime":null,"averageCancellationRate":null,"minimumCommission":null,"maximumCommission":null,"commissionRates":[],"trackingLink":"https://tatrck.com/h/0Hu30z9R0jST","createdAt":"2023-12-13T17:20:08.870Z","updatedAt":"2024-08-21T11:31:35.008Z"},{"merchantId":186146,"name":"Vitality4Life UK","imageUri":"https://monetizeamex.com/v3/120x60/f0b8b6731bc60a8026d0df03d8cf4fd9.png","currencyCode":"EUR","defaultDomain":"vitality4life.co.uk","domains":["vitality4life.co.uk"],"categoryId":68,"description":null,"isActive":true,"countryCodes":["GB"],"averageBasketValue":null,"averageCommission":null,"averageConfirmationTime":null,"averageCancellationRate":null,"minimumCommission":null,"maximumCommission":null,"commissionRates":[{"fixedCommission":null,"percentageCommission":5.1}],"trackingLink":"https://tatrck.com/h/0Hu30z9R0jSY","createdAt":"2023-12-13T17:20:10.070Z","updatedAt":"2024-09-03T17:08:13.269Z"},{"merchantId":186149,"name":"Live and Sleep Mattress + Pillow + Bedding US","imageUri":"https://kqdxc4m5.de/logos_v2/120x60/ff2c14917c46491abdb9df816f5fbe40.gif","currencyCode":"EUR","defaultDomain":"liveandsleep.com","domains":["liveandsleep.com"],"categoryId":50,"description":null,"isActive":true,"countryCodes":["US"],"averageBasketValue":376.52,"averageCommission":18.07,"averageConfirmationTime":null,"averageCancellationRate":null,"minimumCommission":null,"maximumCommission":null,"commissionRates":[{"fixedCommission":null,"percentageCommission":3}],"trackingLink":"https://tatrck.com/h/0Hu30z9R0jSb","createdAt":"2023-12-13T17:20:10.368Z","updatedAt":"2024-08-21T11:39:49.685Z"},{"merchantId":186151,"name":"AI Image Enlarger - imglarger.com US","imageUri":"https://monetizeamex.com/v3/120x60/7b536e79eacfecdc10d95d2e000b0e40.png","currencyCode":"EUR","defaultDomain":"imglarger.com","domains":["imglarger.com"],"categoryId":75,"description":null,"isActive":true,"countryCodes":["US"],"averageBasketValue":8.82,"averageCommission":2.11,"averageConfirmationTime":10,"averageCancellationRate":null,"minimumCommission":0.97,"maximumCommission":0.97,"commissionRates":[{"fixedCommission":null,"percentageCommission":24}],"trackingLink":"https://tatrck.com/h/0Hu30z9R0jSd","createdAt":"2023-12-13T17:20:11.466Z","updatedAt":"2024-08-21T11:32:16.173Z"},{"merchantId":186152,"name":"Aidaform - aidaform.com US","imageUri":"https://monetizeamex.com/v3/120x60/281964965bf651431251b515f5d843ae.png","currencyCode":"EUR","defaultDomain":"aidaform.com","domains":["aidaform.com"],"categoryId":22,"description":null,"isActive":true,"countryCodes":[],"averageBasketValue":44.88,"averageCommission":5.38,"averageConfirmationTime":null,"averageCancellationRate":null,"minimumCommission":1.2,"maximumCommission":30.63,"commissionRates":[{"fixedCommission":null,"percentageCommission":12}],"trackingLink":"https://tatrck.com/h/0Hu30z9R0jSe","createdAt":"2023-12-13T17:20:11.782Z","updatedAt":"2024-08-15T09:08:49.788Z"},{"merchantId":186154,"name":"E x H, Inc. - exhsw.com US","imageUri":"https://monetizeamex.com/v3/120x60/3587fae00c7f9c9b1fef8a9141ad9d2f.png","currencyCode":"EUR","defaultDomain":"exhsw.com","domains":["exhsw.com"],"categoryId":64,"description":null,"isActive":true,"countryCodes":["US"],"averageBasketValue":null,"averageCommission":null,"averageConfirmationTime":null,"averageCancellationRate":null,"minimumCommission":null,"maximumCommission":null,"commissionRates":[],"trackingLink":"https://tatrck.com/h/0Hu30z9R0jSg","createdAt":"2023-12-13T17:20:12.477Z","updatedAt":"2024-09-03T05:37:26.164Z"},{"merchantId":186155,"name":"Extend Studio - colibriwp.com US","imageUri":"https://monetizeamex.com/v3/120x60/5ae294ed76116bcb7c37459564dc8cfc.png","currencyCode":"EUR","defaultDomain":"colibriwp.com","domains":["colibriwp.com"],"categoryId":75,"description":null,"isActive":true,"countryCodes":[],"averageBasketValue":null,"averageCommission":null,"averageConfirmationTime":null,"averageCancellationRate":null,"minimumCommission":null,"maximumCommission":null,"commissionRates":[{"fixedCommission":null,"percentageCommission":24}],"trackingLink":"https://tatrck.com/h/0Hu30z9R0jSh","createdAt":"2023-12-13T17:20:12.885Z","updatedAt":"2024-08-15T09:08:23.320Z"},{"merchantId":186156,"name":"Gearmage LLC - gearmage.com US","imageUri":"https://monetizeamex.com/v3/120x60/bdb0e310f3c3bd98f8370e92b64b68e4.png","currencyCode":"EUR","defaultDomain":"gearmage.com","domains":["gearmage.com"],"categoryId":49,"description":null,"isActive":true,"countryCodes":["LC"],"averageBasketValue":null,"averageCommission":null,"averageConfirmationTime":null,"averageCancellationRate":null,"minimumCommission":null,"maximumCommission":null,"commissionRates":[{"fixedCommission":null,"percentageCommission":3}],"trackingLink":"https://tatrck.com/h/0Hu30z9R0jSi","createdAt":"2023-12-13T17:20:12.905Z","updatedAt":"2024-08-26T05:34:02.372Z"},{"merchantId":186158,"name":"Heartfelt Development Services Hungary Kft. - hdsentinel.com US","imageUri":"https://monetizeamex.com/v3/120x60/3fc913d06f46e01e9ba8f26080478d3f.png","currencyCode":"EUR","defaultDomain":"hdsentinel.com","domains":["hdsentinel.com"],"categoryId":49,"description":null,"isActive":true,"countryCodes":[],"averageBasketValue":null,"averageCommission":null,"averageConfirmationTime":null,"averageCancellationRate":null,"minimumCommission":null,"maximumCommission":null,"commissionRates":[{"fixedCommission":null,"percentageCommission":30}],"trackingLink":"https://tatrck.com/h/0Hu30z9R0jSk","createdAt":"2023-12-13T17:20:14.470Z","updatedAt":"2024-08-15T09:08:44.792Z"},{"merchantId":186161,"name":"Selfix s.r.o. - niftystats.com US","imageUri":"https://monetizeamex.com/v3/120x60/09a14988213e3b5e10c040a9b53de323.png","currencyCode":"EUR","defaultDomain":"niftystats.com","domains":["niftystats.com"],"categoryId":41,"description":null,"isActive":true,"countryCodes":[],"averageBasketValue":null,"averageCommission":null,"averageConfirmationTime":null,"averageCancellationRate":null,"minimumCommission":null,"maximumCommission":null,"commissionRates":[{"fixedCommission":null,"percentageCommission":15}],"trackingLink":"https://tatrck.com/h/0Hu30z9R0jSn","createdAt":"2023-12-13T17:20:14.645Z","updatedAt":"2024-08-15T09:08:54.226Z"},{"merchantId":186162,"name":"Bath & Body Works AE SA KW US","imageUri":"https://monetizeamex.com/v3/120x60/2c9720da1965b2739786eb65d9b61d26.png","currencyCode":"EUR","defaultDomain":"bathandbodyworks.ae","domains":["bathandbodyworks.ae","bathandbodyworks.com.bh","bathandbodyworks.com.eg","bathandbodyworks.com.kw","bathandbodyworks.com.qa","bathandbodyworks.com.sa"],"categoryId":21,"description":null,"isActive":true,"countryCodes":[],"averageBasketValue":104.45,"averageCommission":6.75,"averageConfirmationTime":59,"averageCancellationRate":3.3,"minimumCommission":0.67,"maximumCommission":29.16,"commissionRates":[{"fixedCommission":null,"percentageCommission":9.6},{"fixedCommission":null,"percentageCommission":4.8},{"fixedCommission":null,"percentageCommission":1.2}],"trackingLink":"https://tatrck.com/h/0Hu30z9R0jSo","createdAt":"2023-12-13T17:20:15.205Z","updatedAt":"2024-09-02T05:54:20.215Z"},{"merchantId":186164,"name":"Pottery Barn AE SA KW US","imageUri":"https://monetizeamex.com/v3/120x60/d808b7d6270684941e6e8fbacd109fea.png","currencyCode":"EUR","defaultDomain":"potterybarn.ae","domains":["potterybarn.ae","potterybarn.com.kw","potterybarn.com.sa"],"categoryId":74,"description":null,"isActive":true,"countryCodes":["AE","KW","SA","US"],"averageBasketValue":56.38,"averageCommission":3.97,"averageConfirmationTime":null,"averageCancellationRate":null,"minimumCommission":0.84,"maximumCommission":6.81,"commissionRates":[{"fixedCommission":null,"percentageCommission":6},{"fixedCommission":null,"percentageCommission":4.8},{"fixedCommission":null,"percentageCommission":7.199999999999999}],"trackingLink":"https://tatrck.com/h/0Hu30z9R0jSq","createdAt":"2023-12-13T17:20:15.579Z","updatedAt":"2024-08-21T11:43:14.096Z"},{"merchantId":186165,"name":"Victorias Secret AE SA","imageUri":"https://monetizeamex.com/v3/120x60/f89d3f36f2b417f20f5ebb887a8af380.png","currencyCode":"EUR","defaultDomain":"victoriassecret.ae","domains":["victoriassecret.ae","victoriassecret.com.sa"],"categoryId":21,"description":null,"isActive":true,"countryCodes":["AE","SA","US"],"averageBasketValue":101.17,"averageCommission":7.51,"averageConfirmationTime":null,"averageCancellationRate":null,"minimumCommission":0.86,"maximumCommission":0.86,"commissionRates":[{"fixedCommission":null,"percentageCommission":6},{"fixedCommission":null,"percentageCommission":8.4},{"fixedCommission":null,"percentageCommission":2.94}],"trackingLink":"https://tatrck.com/h/0Hu30z9R0jSr","createdAt":"2023-12-13T17:20:16.289Z","updatedAt":"2024-09-03T05:53:22.881Z"},{"merchantId":186183,"name":"Naturecan IT","imageUri":"https://kqdxc4m5.de/logos_v2/120x60/818a95a5870c5d21925e10ae48ce5f57.gif","currencyCode":"EUR","defaultDomain":"naturecan.it","domains":["naturecan.it"],"categoryId":28,"description":null,"isActive":true,"countryCodes":["IT"],"averageBasketValue":82.72,"averageCommission":4.96,"averageConfirmationTime":58,"averageCancellationRate":null,"minimumCommission":0.69,"maximumCommission":16.83,"commissionRates":[],"trackingLink":"https://tatrck.com/h/0Hu30z9R0jT7","createdAt":"2023-12-13T17:20:20.505Z","updatedAt":"2024-08-21T11:31:35.669Z"},{"merchantId":186188,"name":"AfB FR","imageUri":"https://monetizeamex.com/v3/120x60/5e88552d47b8ea2e40236d395b4563e2.png","currencyCode":"EUR","defaultDomain":"afbshop.fr","domains":["afbshop.fr"],"categoryId":72,"description":null,"isActive":true,"countryCodes":["FR"],"averageBasketValue":1,"averageCommission":53.58,"averageConfirmationTime":9,"averageCancellationRate":null,"minimumCommission":2.41,"maximumCommission":842.25,"commissionRates":[{"fixedCommission":null,"percentageCommission":3}],"trackingLink":"https://tatrck.com/h/0Hu30z9R0jTC","createdAt":"2023-12-13T17:20:21.797Z","updatedAt":"2024-09-03T17:06:55.364Z"},{"merchantId":186189,"name":"Constance Hotels (Global) US","imageUri":"https://monetizeamex.com/v3/120x60/3d1517bcf06b6284d3c37e33d1eea244.png","currencyCode":"EUR","defaultDomain":"constancehotels.com","domains":["constancehotels.com"],"categoryId":63,"description":"Hotels.com | Find cheap hotels and discounts when you book on Hotels.com. Compare hotel deals, offers and read unbiased reviews on hotels.","isActive":true,"countryCodes":["US"],"averageBasketValue":null,"averageCommission":null,"averageConfirmationTime":null,"averageCancellationRate":null,"minimumCommission":null,"maximumCommission":null,"commissionRates":[],"trackingLink":"https://tatrck.com/h/0Hu30z9R0jTD","createdAt":"2023-12-13T17:20:21.987Z","updatedAt":"2024-09-03T17:07:44.091Z"},{"merchantId":186191,"name":"Farmacia PagoPoco IT","imageUri":"https://monetizeamex.com/v3/120x60/9d6bbd2bbff79c68d7c2fe8a248bd76a.png","currencyCode":"EUR","defaultDomain":"farmaciapagopoco.com","domains":["farmaciapagopoco.com"],"categoryId":80,"description":null,"isActive":true,"countryCodes":["IT"],"averageBasketValue":43.54,"averageCommission":1.83,"averageConfirmationTime":null,"averageCancellationRate":null,"minimumCommission":1.76,"maximumCommission":4.06,"commissionRates":[{"fixedCommission":null,"percentageCommission":4.2}],"trackingLink":"https://tatrck.com/h/0Hu30z9R0jTF","createdAt":"2023-12-13T17:20:22.887Z","updatedAt":"2024-09-03T17:07:18.157Z"},{"merchantId":186192,"name":"Fizzer FR","imageUri":"https://monetizeamex.com/v3/120x60/efb88dad78ac78a544c0f4b959335b4a.png","currencyCode":"EUR","defaultDomain":"fizzer.com","domains":["fizzer.com"],"categoryId":47,"description":null,"isActive":true,"countryCodes":["FR"],"averageBasketValue":16.68,"averageCommission":0.24,"averageConfirmationTime":6,"averageCancellationRate":null,"minimumCommission":0.09,"maximumCommission":3.36,"commissionRates":[],"trackingLink":"https://tatrck.com/h/0Hu30z9R0jTG","createdAt":"2023-12-13T17:20:23.066Z","updatedAt":"2024-09-03T17:09:36.208Z"},{"merchantId":186197,"name":"Mr. Big & Tall Canada CA","imageUri":"https://monetizeamex.com/v3/120x60/f22ed47e46a6a74e80914124a918dd30.png","currencyCode":"EUR","defaultDomain":"mrbigandtall.ca","domains":["mrbigandtall.ca"],"categoryId":40,"description":null,"isActive":true,"countryCodes":["CA"],"averageBasketValue":85.97,"averageCommission":1.32,"averageConfirmationTime":null,"averageCancellationRate":null,"minimumCommission":0.42,"maximumCommission":0.91,"commissionRates":[{"fixedCommission":null,"percentageCommission":1.2},{"fixedCommission":null,"percentageCommission":2.4},{"fixedCommission":null,"percentageCommission":0.6}],"trackingLink":"https://tatrck.com/h/0Hu30z9R0jTL","createdAt":"2023-12-13T17:20:24.179Z","updatedAt":"2024-09-03T17:08:08.152Z"},{"merchantId":186208,"name":"DEVSENSE s.r.o. - devsense.com US","imageUri":"https://monetizeamex.com/v3/120x60/08a1c12adca8fa6d3c47dcfe6cbcdb76.png","currencyCode":"EUR","defaultDomain":"devsense.com","domains":["devsense.com"],"categoryId":37,"description":null,"isActive":true,"countryCodes":[],"averageBasketValue":null,"averageCommission":null,"averageConfirmationTime":null,"averageCancellationRate":null,"minimumCommission":null,"maximumCommission":null,"commissionRates":[{"fixedCommission":null,"percentageCommission":9}],"trackingLink":"https://tatrck.com/h/0Hu30z9R0jTW","createdAt":"2023-12-13T17:20:27.893Z","updatedAt":"2024-08-15T09:08:23.385Z"},{"merchantId":186217,"name":"Livre en Poche CPA FR","imageUri":"https://kqdxc4m5.de/logos_v2/120x60/251a0fa959280931be67d7e006b19b2b.gif","currencyCode":"EUR","defaultDomain":"livrenpoche.com","domains":["livrenpoche.com"],"categoryId":26,"description":null,"isActive":true,"countryCodes":["FR"],"averageBasketValue":null,"averageCommission":0.53,"averageConfirmationTime":4,"averageCancellationRate":null,"minimumCommission":0.01,"maximumCommission":4.73,"commissionRates":[],"trackingLink":"https://tatrck.com/h/0Hu30z9R0jTf","createdAt":"2023-12-13T17:20:28.979Z","updatedAt":"2024-09-03T05:32:17.466Z"},{"merchantId":186226,"name":"AnimalPakUS","imageUri":"https://monetizeamex.com/v3/120x60/cfdf5dcc972d3d999fa7cfc4ac6d9a23.png","currencyCode":"EUR","defaultDomain":"animalpak.com","domains":["animalpak.com"],"categoryId":68,"description":null,"isActive":true,"countryCodes":["US"],"averageBasketValue":69.64,"averageCommission":2.92,"averageConfirmationTime":null,"averageCancellationRate":null,"minimumCommission":3.09,"maximumCommission":3.86,"commissionRates":[{"fixedCommission":null,"percentageCommission":4.2}],"trackingLink":"https://tatrck.com/h/0Hu30z9R0jTo","createdAt":"2023-12-13T17:20:32.576Z","updatedAt":"2024-09-03T17:13:18.565Z"},{"merchantId":186231,"name":"Vitality4Life FR","imageUri":"https://monetizeamex.com/v3/120x60/ed0de6325b362db93d88c51b8ae17112.png","currencyCode":"EUR","defaultDomain":"vitality4life.fr","domains":["vitality4life.fr"],"categoryId":72,"description":null,"isActive":true,"countryCodes":["FR"],"averageBasketValue":null,"averageCommission":null,"averageConfirmationTime":null,"averageCancellationRate":null,"minimumCommission":null,"maximumCommission":null,"commissionRates":[{"fixedCommission":null,"percentageCommission":5.1}],"trackingLink":"https://tatrck.com/h/0Hu30z9R0jTt","createdAt":"2023-12-13T17:20:31.479Z","updatedAt":"2024-09-03T17:07:39.684Z"},{"merchantId":186232,"name":"Tree of Life Seeds, Inc. US","imageUri":"https://monetizeamex.com/v3/120x60/20acf566630e6ae020a7ac0767fb52cb.png","currencyCode":"EUR","defaultDomain":"treeoflifeseeds.com","domains":["treeoflifeseeds.com"],"categoryId":68,"description":null,"isActive":true,"countryCodes":["US"],"averageBasketValue":null,"averageCommission":null,"averageConfirmationTime":null,"averageCancellationRate":null,"minimumCommission":null,"maximumCommission":null,"commissionRates":[],"trackingLink":"https://tatrck.com/h/0Hu30z9R0jTu","createdAt":"2023-12-13T17:20:31.782Z","updatedAt":"2024-08-21T11:40:11.408Z"},{"merchantId":186242,"name":"Get Nourished UK","imageUri":"https://kqdxc4m5.de/logos_v2/120x60/4b57345b23515da24ddb1b52844a78d6.gif","currencyCode":"EUR","defaultDomain":"get-nourished.com","domains":["get-nourished.com"],"categoryId":68,"description":null,"isActive":true,"countryCodes":["GB"],"averageBasketValue":33.12,"averageCommission":3.16,"averageConfirmationTime":null,"averageCancellationRate":null,"minimumCommission":3.21,"maximumCommission":3.21,"commissionRates":[{"fixedCommission":2.68,"percentageCommission":null},{"fixedCommission":7.2,"percentageCommission":null}],"trackingLink":"https://tatrck.com/h/0Hu30z9R0jU2","createdAt":"2023-12-13T17:20:34.687Z","updatedAt":"2024-09-03T17:07:13.126Z"},{"merchantId":186249,"name":"Everythingbreaks US","imageUri":"https://kqdxc4m5.de/logos_v2/120x60/dfe062eb158a5e20f31b6b851cbd7bab.gif","currencyCode":"EUR","defaultDomain":"everythingbreaks.com","domains":["everythingbreaks.com"],"categoryId":50,"description":null,"isActive":true,"countryCodes":["US"],"averageBasketValue":77.13,"averageCommission":4.62,"averageConfirmationTime":1,"averageCancellationRate":null,"minimumCommission":0.48,"maximumCommission":17.97,"commissionRates":[],"trackingLink":"https://tatrck.com/h/0Hu30z9R0jU9","createdAt":"2023-12-13T17:20:35.973Z","updatedAt":"2024-09-03T17:09:08.312Z"},{"merchantId":186253,"name":"Clevguard Software","imageUri":"https://monetizeamex.com/v3/120x60/18844438bc79a816b0557fbd2fed99d1.png","currencyCode":"EUR","defaultDomain":"clevguard.com","domains":["clevguard.com"],"categoryId":37,"description":null,"isActive":true,"countryCodes":[],"averageBasketValue":46.11,"averageCommission":14.94,"averageConfirmationTime":59,"averageCancellationRate":null,"minimumCommission":13.05,"maximumCommission":13.05,"commissionRates":[{"fixedCommission":null,"percentageCommission":30}],"trackingLink":"https://tatrck.com/h/0Hu30z9R0jUD","createdAt":"2023-12-13T17:20:37.177Z","updatedAt":"2024-08-29T15:01:52.040Z"},{"merchantId":186270,"name":"Primadonna IT","imageUri":"https://kqdxc4m5.de/logos_v2/120x60/a77a2120d8ca4eded9c2491fc58d56c3.gif","currencyCode":"EUR","defaultDomain":"primadonnacollection.com","domains":["primadonnacollection.com"],"categoryId":40,"description":null,"isActive":true,"countryCodes":["IT"],"averageBasketValue":47.83,"averageCommission":1.43,"averageConfirmationTime":null,"averageCancellationRate":null,"minimumCommission":0.44,"maximumCommission":3.71,"commissionRates":[{"fixedCommission":null,"percentageCommission":3}],"trackingLink":"https://tatrck.com/h/0Hu30z9R0jUU","createdAt":"2023-12-13T17:20:40.511Z","updatedAt":"2024-09-02T05:31:55.617Z"},{"merchantId":186272,"name":"Stilzeit-Möbel DE","imageUri":"https://kqdxc4m5.de/logos_v2/120x60/ed13418e4bd9118cffb66011ac6106cf.gif","currencyCode":"EUR","defaultDomain":"stilzeit-moebel.com","domains":["stilzeit-moebel.com"],"categoryId":34,"description":null,"isActive":true,"countryCodes":["DE"],"averageBasketValue":539.93,"averageCommission":32.39,"averageConfirmationTime":null,"averageCancellationRate":null,"minimumCommission":47.99,"maximumCommission":47.99,"commissionRates":[{"fixedCommission":null,"percentageCommission":6}],"trackingLink":"https://tatrck.com/h/0Hu30z9R0jUW","createdAt":"2023-12-13T17:20:41.479Z","updatedAt":"2024-08-21T11:29:01.996Z"},{"merchantId":186274,"name":"Apricoat US","imageUri":"https://kqdxc4m5.de/logos_v2/120x60/bcc11d440baae515db4b78f43b02c822.gif","currencyCode":"EUR","defaultDomain":"apricoat.com","domains":["apricoat.com"],"categoryId":55,"description":null,"isActive":true,"countryCodes":["US"],"averageBasketValue":249.25,"averageCommission":17.94,"averageConfirmationTime":null,"averageCancellationRate":null,"minimumCommission":17.94,"maximumCommission":17.94,"commissionRates":[{"fixedCommission":null,"percentageCommission":6}],"trackingLink":"https://tatrck.com/h/0Hu30z9R0jUY","createdAt":"2023-12-13T17:20:42.077Z","updatedAt":"2024-09-03T17:08:46.594Z"},{"merchantId":186282,"name":"Freedom US","imageUri":"https://kqdxc4m5.de/logos_v2/120x60/3060c479b9e0fa114532d30ceea09091.gif","currencyCode":"EUR","defaultDomain":"freedomdeodorant.com","domains":["freedomdeodorant.com"],"categoryId":27,"description":null,"isActive":true,"countryCodes":["US"],"averageBasketValue":null,"averageCommission":null,"averageConfirmationTime":null,"averageCancellationRate":null,"minimumCommission":null,"maximumCommission":null,"commissionRates":[{"fixedCommission":null,"percentageCommission":12.6}],"trackingLink":"https://tatrck.com/h/0Hu30z9R0jUg","createdAt":"2023-12-13T17:20:44.180Z","updatedAt":"2024-08-21T11:32:14.557Z"},{"merchantId":186286,"name":"Lesmart US","imageUri":"https://kqdxc4m5.de/logos_v2/120x60/ebe7c9bc6691afa8f1d77bc96ba54920.gif","currencyCode":"EUR","defaultDomain":"lesmartgolf.com","domains":["lesmartgolf.com"],"categoryId":40,"description":null,"isActive":true,"countryCodes":["US"],"averageBasketValue":null,"averageCommission":null,"averageConfirmationTime":null,"averageCancellationRate":null,"minimumCommission":null,"maximumCommission":null,"commissionRates":[{"fixedCommission":null,"percentageCommission":9}],"trackingLink":"https://tatrck.com/h/0Hu30z9R0jUk","createdAt":"2023-12-13T17:20:46.174Z","updatedAt":"2024-08-21T11:30:27.650Z"},{"merchantId":186296,"name":"Thousandshores Inc. US","imageUri":"https://kqdxc4m5.de/logos_v2/120x60/42d1ee484cec8f024e3b15a9ace63e33.gif","currencyCode":"EUR","defaultDomain":"tribitaudio.com","domains":["tribitaudio.com"],"categoryId":72,"description":null,"isActive":true,"countryCodes":["US"],"averageBasketValue":23.63,"averageCommission":1.13,"averageConfirmationTime":null,"averageCancellationRate":100,"minimumCommission":null,"maximumCommission":null,"commissionRates":[{"fixedCommission":null,"percentageCommission":4.8}],"trackingLink":"https://tatrck.com/h/0Hu30z9R0jUu","createdAt":"2023-12-13T17:20:49.376Z","updatedAt":"2024-08-21T11:42:36.153Z"},{"merchantId":186305,"name":"Avtmarket UA","imageUri":"https://monetizeamex.com/v3/120x60/211401b2b42a6df62a474e758843c028.png","currencyCode":"EUR","defaultDomain":"avtmarket.com.ua","domains":["avtmarket.com.ua"],"categoryId":59,"description":null,"isActive":true,"countryCodes":[],"averageBasketValue":27.74,"averageCommission":1.53,"averageConfirmationTime":58,"averageCancellationRate":null,"minimumCommission":0.19,"maximumCommission":4.4,"commissionRates":[{"fixedCommission":null,"percentageCommission":6},{"fixedCommission":null,"percentageCommission":2.4},{"fixedCommission":null,"percentageCommission":1.14}],"trackingLink":"https://tatrck.com/h/0Hu30z9R0jV1","createdAt":"2023-12-13T17:20:51.539Z","updatedAt":"2024-08-29T05:46:34.447Z"},{"merchantId":186308,"name":"Mivi [CPS] IN","imageUri":"https://monetizeamex.com/v3/120x60/12d22e9c7ed6a37cbeaec576d8d0abde.png","currencyCode":"EUR","defaultDomain":"mivi.in","domains":["mivi.in"],"categoryId":72,"description":null,"isActive":true,"countryCodes":["IN"],"averageBasketValue":8.09,"averageCommission":0.33,"averageConfirmationTime":null,"averageCancellationRate":null,"minimumCommission":0.14,"maximumCommission":0.8,"commissionRates":[{"fixedCommission":null,"percentageCommission":4.2}],"trackingLink":"https://tatrck.com/h/0Hu30z9R0jV4","createdAt":"2023-12-13T17:20:52.180Z","updatedAt":"2024-08-31T06:03:03.912Z"},{"merchantId":186317,"name":"Cub Cadet US","imageUri":"https://monetizeamex.com/v3/120x60/333a5185f313220f2300c172b00b5f53.png","currencyCode":"EUR","defaultDomain":"cubcadet.com","domains":["cubcadet.com"],"categoryId":75,"description":null,"isActive":true,"countryCodes":["US"],"averageBasketValue":617.56,"averageCommission":14.82,"averageConfirmationTime":null,"averageCancellationRate":null,"minimumCommission":0.26,"maximumCommission":73.08,"commissionRates":[{"fixedCommission":null,"percentageCommission":1.92},{"fixedCommission":null,"percentageCommission":2.4}],"trackingLink":"https://tatrck.com/h/0Hu30z9R0jVD","createdAt":"2023-12-13T17:20:56.770Z","updatedAt":"2024-08-23T15:01:28.343Z"},{"merchantId":186318,"name":"American Family Safety US","imageUri":"https://kqdxc4m5.de/logos_v2/120x60/2f37a7efac03caaec9f31a71c02dda0c.gif","currencyCode":"EUR","defaultDomain":"americanfamilysafety.com","domains":["americanfamilysafety.com"],"categoryId":68,"description":null,"isActive":true,"countryCodes":["US"],"averageBasketValue":null,"averageCommission":null,"averageConfirmationTime":null,"averageCancellationRate":null,"minimumCommission":null,"maximumCommission":null,"commissionRates":[{"fixedCommission":null,"percentageCommission":9}],"trackingLink":"https://tatrck.com/h/0Hu30z9R0jVE","createdAt":"2023-12-13T17:20:55.581Z","updatedAt":"2024-08-21T11:33:26.173Z"},{"merchantId":186330,"name":"Albam Clothing UK","imageUri":"https://monetizeamex.com/v3/120x60/5e433aac5659da6beb4273284ab0a4a5.png","currencyCode":"EUR","defaultDomain":"albamclothing.com","domains":["albamclothing.com"],"categoryId":40,"description":null,"isActive":true,"countryCodes":["GB"],"averageBasketValue":103.6,"averageCommission":4.96,"averageConfirmationTime":15,"averageCancellationRate":2.5,"minimumCommission":0.34,"maximumCommission":110.22,"commissionRates":[],"trackingLink":"https://tatrck.com/h/0Hu30z9R0jVQ","createdAt":"2023-12-13T17:20:58.872Z","updatedAt":"2024-09-03T05:50:06.120Z"},{"merchantId":186334,"name":"Hotelogical Global UK","imageUri":"https://monetizeamex.com/v3/120x60/86901bf069f9557f806f73d51a15c610.png","currencyCode":"EUR","defaultDomain":"hotelogical.com","domains":["hotelogical.com"],"categoryId":63,"description":null,"isActive":true,"countryCodes":["US","GB"],"averageBasketValue":null,"averageCommission":null,"averageConfirmationTime":null,"averageCancellationRate":null,"minimumCommission":null,"maximumCommission":null,"commissionRates":[{"fixedCommission":null,"percentageCommission":1.7999999999999998},{"fixedCommission":null,"percentageCommission":3}],"trackingLink":"https://tatrck.com/h/0Hu30z9R0jVU","createdAt":"2023-12-13T17:21:00.587Z","updatedAt":"2024-09-03T17:08:07.312Z"},{"merchantId":186335,"name":"Jungheinrich PROFISHOP DE","imageUri":"https://monetizeamex.com/v3/120x60/2b993bd76bed511610e4969346c166a9.png","currencyCode":"EUR","defaultDomain":"jh-profishop.de","domains":["jh-profishop.de"],"categoryId":72,"description":null,"isActive":true,"countryCodes":["DE"],"averageBasketValue":732.35,"averageCommission":21.97,"averageConfirmationTime":16,"averageCancellationRate":null,"minimumCommission":164.13,"maximumCommission":164.13,"commissionRates":[{"fixedCommission":null,"percentageCommission":3}],"trackingLink":"https://tatrck.com/h/0Hu30z9R0jVV","createdAt":"2023-12-13T17:21:00.823Z","updatedAt":"2024-09-03T17:07:56.592Z"},{"merchantId":186337,"name":"Dyson US","imageUri":"https://monetizeamex.com/v3/120x60/97540146584e31adaeda51b0f6603995.png","currencyCode":"EUR","defaultDomain":"dyson.com","domains":["dyson.com"],"categoryId":77,"description":null,"isActive":true,"countryCodes":["US"],"averageBasketValue":297.27,"averageCommission":4.34,"averageConfirmationTime":null,"averageCancellationRate":null,"minimumCommission":0.62,"maximumCommission":21.19,"commissionRates":[{"fixedCommission":null,"percentageCommission":0.96}],"trackingLink":"https://tatrck.com/h/0Hu30z9R0jVX","createdAt":"2023-12-13T17:21:01.069Z","updatedAt":"2024-09-02T05:53:18.242Z"},{"merchantId":186339,"name":"MailPoet US","imageUri":"https://kqdxc4m5.de/logos_v2/120x60/004c970267e19a0b9ff56258785eaf4e.gif","currencyCode":"EUR","defaultDomain":"mailpoet.com","domains":["mailpoet.com"],"categoryId":37,"description":null,"isActive":true,"countryCodes":["US"],"averageBasketValue":3.28,"averageCommission":0.39,"averageConfirmationTime":3,"averageCancellationRate":0.6,"minimumCommission":1.02,"maximumCommission":8.91,"commissionRates":[{"fixedCommission":null,"percentageCommission":12}],"trackingLink":"https://tatrck.com/h/0Hu30z9R0jVZ","createdAt":"2023-12-13T17:21:01.724Z","updatedAt":"2024-09-03T05:24:12.325Z"},{"merchantId":186340,"name":"apprintable.com UK","imageUri":"https://kqdxc4m5.de/logos_v2/120x60/ca986d2cf9e3cd39fae5cc15d616070f.gif","currencyCode":"EUR","defaultDomain":"apprintable.com","domains":["apprintable.com"],"categoryId":50,"description":null,"isActive":true,"countryCodes":["GB"],"averageBasketValue":103.24,"averageCommission":2.43,"averageConfirmationTime":null,"averageCancellationRate":60,"minimumCommission":null,"maximumCommission":null,"commissionRates":[],"trackingLink":"https://tatrck.com/h/0Hu30z9R0jVa","createdAt":"2023-12-13T17:21:01.643Z","updatedAt":"2024-08-21T11:31:41.042Z"},{"merchantId":186342,"name":"Buste.com IT","imageUri":"https://kqdxc4m5.de/logos_v2/120x60/0e48bd45368ea308e823d3a6a87f90ee.gif","currencyCode":"EUR","defaultDomain":"buste.com","domains":["buste.com"],"categoryId":50,"description":null,"isActive":true,"countryCodes":["IT"],"averageBasketValue":null,"averageCommission":1.21,"averageConfirmationTime":58,"averageCancellationRate":21.4,"minimumCommission":0.03,"maximumCommission":0.03,"commissionRates":[{"fixedCommission":null,"percentageCommission":3.15}],"trackingLink":"https://tatrck.com/h/0Hu30z9R0jVc","createdAt":"2023-12-13T17:21:03.871Z","updatedAt":"2024-08-21T11:46:06.156Z"},{"merchantId":186358,"name":"Patyka FR","imageUri":"https://kqdxc4m5.de/logos_v2/120x60/c83fe80b6cb67fc98ea93e4fc6e054be.gif","currencyCode":"EUR","defaultDomain":"patyka.com","domains":["patyka.com"],"categoryId":28,"description":null,"isActive":true,"countryCodes":["FR"],"averageBasketValue":76.79,"averageCommission":1.86,"averageConfirmationTime":33,"averageCancellationRate":0.3,"minimumCommission":0.06,"maximumCommission":8.44,"commissionRates":[],"trackingLink":"https://tatrck.com/h/0Hu30z9R0jVs","createdAt":"2023-12-13T17:21:07.372Z","updatedAt":"2024-08-30T05:27:37.332Z"},{"merchantId":186362,"name":"Sneakeroutlet.nl NL","imageUri":"https://kqdxc4m5.de/logos_v2/120x60/e4afb8961a165d79d1de11cf893a92ed.gif","currencyCode":"EUR","defaultDomain":"sneakeroutlet.nl","domains":["sneakeroutlet.nl"],"categoryId":40,"description":null,"isActive":true,"countryCodes":["NL"],"averageBasketValue":null,"averageCommission":null,"averageConfirmationTime":null,"averageCancellationRate":null,"minimumCommission":null,"maximumCommission":null,"commissionRates":[],"trackingLink":"https://tatrck.com/h/0Hu30z9R0jVw","createdAt":"2023-12-13T17:21:08.389Z","updatedAt":"2024-08-21T11:27:57.464Z"},{"merchantId":186365,"name":"Topsexpop.nl NL","imageUri":"https://kqdxc4m5.de/logos_v2/120x60/b7894f280aef950e255826c611e9f9bc.gif","currencyCode":"EUR","defaultDomain":"topsexpop.nl","domains":["topsexpop.nl"],"categoryId":60,"description":null,"isActive":true,"countryCodes":["NL"],"averageBasketValue":null,"averageCommission":null,"averageConfirmationTime":null,"averageCancellationRate":null,"minimumCommission":null,"maximumCommission":null,"commissionRates":[],"trackingLink":"https://tatrck.com/h/0Hu30z9R0jVz","createdAt":"2023-12-13T17:21:09.566Z","updatedAt":"2024-08-21T11:29:50.666Z"},{"merchantId":186366,"name":"umschlaege.com DE","imageUri":"https://kqdxc4m5.de/logos_v2/120x60/8c77b405e09a52b0c91ddb5fdf2e151b.gif","currencyCode":"EUR","defaultDomain":"umschlaege.com","domains":["umschlaege.com"],"categoryId":70,"description":null,"isActive":true,"countryCodes":["DE"],"averageBasketValue":144.15,"averageCommission":6.05,"averageConfirmationTime":9,"averageCancellationRate":24.1,"minimumCommission":0.35,"maximumCommission":4.11,"commissionRates":[],"trackingLink":"https://tatrck.com/h/0Hu30z9R0jV-","createdAt":"2023-12-13T17:21:10.267Z","updatedAt":"2024-08-21T11:36:55.215Z"},{"merchantId":186377,"name":"Rose and Caramel UK","imageUri":"https://monetizeamex.com/v3/120x60/fadcf6d0464492dd60b16153bc1b12ef.png","currencyCode":"EUR","defaultDomain":"roseandcaramel.co.uk","domains":["roseandcaramel.co.uk"],"categoryId":28,"description":null,"isActive":true,"countryCodes":["GB"],"averageBasketValue":26.29,"averageCommission":0.52,"averageConfirmationTime":null,"averageCancellationRate":null,"minimumCommission":0.28,"maximumCommission":0.63,"commissionRates":[],"trackingLink":"https://tatrck.com/h/0Hu30z9R0jW9","createdAt":"2023-12-13T17:21:11.384Z","updatedAt":"2024-09-03T17:06:40.208Z"},{"merchantId":186387,"name":"Daily High Club Affiliate Program","imageUri":"https://kqdxc4m5.de/logos_v2/120x60/a28af904bcfc925afd6ff616cf043ce7.gif","currencyCode":"EUR","defaultDomain":"dailyhighclub.com","domains":["dailyhighclub.com"],"categoryId":57,"description":null,"isActive":true,"countryCodes":["AU","US"],"averageBasketValue":23.15,"averageCommission":2.04,"averageConfirmationTime":null,"averageCancellationRate":26.1,"minimumCommission":1.87,"maximumCommission":1.87,"commissionRates":[{"fixedCommission":null,"percentageCommission":4.8},{"fixedCommission":null,"percentageCommission":5.3999999999999995},{"fixedCommission":null,"percentageCommission":2.4},{"fixedCommission":null,"percentageCommission":5.04},{"fixedCommission":null,"percentageCommission":3.36}],"trackingLink":"https://tatrck.com/h/0Hu30z9R0jWJ","createdAt":"2023-12-13T17:21:14.094Z","updatedAt":"2024-08-28T06:00:04.102Z"},{"merchantId":186391,"name":"PassFab","imageUri":"https://monetizeamex.com/v3/120x60/633e20fcd138e7fcf7af119e4490a85a.png","currencyCode":"EUR","defaultDomain":"passfab.com","domains":["passfab.com"],"categoryId":49,"description":null,"isActive":true,"countryCodes":[],"averageBasketValue":22.7,"averageCommission":5.73,"averageConfirmationTime":null,"averageCancellationRate":1.8,"minimumCommission":1.72,"maximumCommission":9.93,"commissionRates":[],"trackingLink":"https://tatrck.com/h/0Hu30z9R0jWN","createdAt":"2023-12-13T17:21:15.768Z","updatedAt":"2024-09-03T17:09:32.382Z"},{"merchantId":186401,"name":"Naturecan GR","imageUri":"https://monetizeamex.com/v3/120x60/82be6ebcb6c5f680a2e32d692c47f486.png","currencyCode":"EUR","defaultDomain":"naturecan.gr","domains":["naturecan.gr"],"categoryId":28,"description":null,"isActive":true,"countryCodes":["GB"],"averageBasketValue":null,"averageCommission":null,"averageConfirmationTime":null,"averageCancellationRate":null,"minimumCommission":null,"maximumCommission":null,"commissionRates":[],"trackingLink":"https://tatrck.com/h/0Hu30z9R0jWX","createdAt":"2023-12-13T17:21:16.885Z","updatedAt":"2024-08-21T11:39:21.458Z"},{"merchantId":186418,"name":"by Insomnia PL","imageUri":"https://kqdxc4m5.de/logos_v2/120x60/2ecf515c1a0a3c7d38f8db06764cd552.gif","currencyCode":"EUR","defaultDomain":"byinsomnia.com","domains":["byinsomnia.com"],"categoryId":77,"description":null,"isActive":true,"countryCodes":["PL"],"averageBasketValue":60.03,"averageCommission":2.61,"averageConfirmationTime":null,"averageCancellationRate":null,"minimumCommission":1.48,"maximumCommission":5.64,"commissionRates":[{"fixedCommission":null,"percentageCommission":3.15}],"trackingLink":"https://tatrck.com/h/0Hu30z9R0jWo","createdAt":"2023-12-13T17:21:21.379Z","updatedAt":"2024-08-21T11:40:15.789Z"},{"merchantId":186419,"name":"Disney+","imageUri":"https://monetizeamex.com/v3/120x60/00608fe9aac491691a51c41372aa4bfe.png","currencyCode":"EUR","defaultDomain":"disneyplus.com","domains":["disneyplus.com"],"categoryId":53,"description":null,"isActive":true,"countryCodes":["US"],"averageBasketValue":1.29,"averageCommission":0,"averageConfirmationTime":1,"averageCancellationRate":null,"minimumCommission":null,"maximumCommission":null,"commissionRates":[{"fixedCommission":5.1,"percentageCommission":null},{"fixedCommission":10.2,"percentageCommission":null},{"fixedCommission":4.1,"percentageCommission":null},{"fixedCommission":15.38,"percentageCommission":null},{"fixedCommission":8.2,"percentageCommission":null}],"trackingLink":"https://tatrck.com/h/0Hu30z9R0jWp","createdAt":"2023-12-13T17:21:21.675Z","updatedAt":"2024-09-03T05:54:04.517Z"},{"merchantId":186421,"name":"Grdruk.nl NL","imageUri":"https://kqdxc4m5.de/logos_v2/120x60/1c490bd728cf59584e9bad3571ecf228.gif","currencyCode":"EUR","defaultDomain":"grdruk.nl","domains":["grdruk.nl"],"categoryId":50,"description":null,"isActive":true,"countryCodes":["NL"],"averageBasketValue":null,"averageCommission":null,"averageConfirmationTime":null,"averageCancellationRate":null,"minimumCommission":null,"maximumCommission":null,"commissionRates":[],"trackingLink":"https://tatrck.com/h/0Hu30z9R0jWr","createdAt":"2023-12-13T17:21:21.780Z","updatedAt":"2024-08-21T11:27:55.428Z"},{"merchantId":186424,"name":"Macron","imageUri":"https://monetizeamex.com/v3/120x60/75967f0ca17528848eb2d6a983f5d074.png","currencyCode":"EUR","defaultDomain":"macron.com","domains":["macron.com"],"categoryId":55,"description":null,"isActive":true,"countryCodes":["FR","UA","DE","GB"],"averageBasketValue":77.7,"averageCommission":3.26,"averageConfirmationTime":40,"averageCancellationRate":null,"minimumCommission":0.56,"maximumCommission":7.56,"commissionRates":[{"fixedCommission":null,"percentageCommission":3.15},{"fixedCommission":null,"percentageCommission":3.15}],"trackingLink":"https://tatrck.com/h/0Hu30z9R0jWu","createdAt":"2023-12-13T17:21:24.484Z","updatedAt":"2024-09-03T05:51:01.434Z"},{"merchantId":186425,"name":"MM Sport PL","imageUri":"https://kqdxc4m5.de/logos_v2/120x60/9938e25805c2d044c7eb3845e71dbc5b.gif","currencyCode":"EUR","defaultDomain":"mmsport.pl","domains":["mmsport.pl"],"categoryId":40,"description":null,"isActive":true,"countryCodes":["MM","PL"],"averageBasketValue":47.41,"averageCommission":1,"averageConfirmationTime":60,"averageCancellationRate":0.4,"minimumCommission":0.15,"maximumCommission":5.01,"commissionRates":[],"trackingLink":"https://tatrck.com/h/0Hu30z9R0jWv","createdAt":"2023-12-13T17:21:22.886Z","updatedAt":"2024-09-03T05:47:05.415Z"},{"merchantId":186430,"name":"Vakantieparkwaterstaete.com NL","imageUri":"https://kqdxc4m5.de/logos_v2/120x60/044806027888203996a875cdfb9ae87b.gif","currencyCode":"EUR","defaultDomain":"vakantieparkwaterstaete.com","domains":["vakantieparkwaterstaete.com"],"categoryId":63,"description":null,"isActive":true,"countryCodes":["NL"],"averageBasketValue":null,"averageCommission":null,"averageConfirmationTime":null,"averageCancellationRate":null,"minimumCommission":null,"maximumCommission":null,"commissionRates":[],"trackingLink":"https://tatrck.com/h/0Hu30z9R0jW-","createdAt":"2023-12-13T17:21:24.686Z","updatedAt":"2024-08-21T11:26:05.996Z"},{"merchantId":186431,"name":"Ze Camping FR","imageUri":"https://kqdxc4m5.de/logos_v2/120x60/9a047aaea54401105f268a59692b88af.gif","currencyCode":"EUR","defaultDomain":"ze-camping.fr","domains":["ze-camping.fr"],"categoryId":63,"description":null,"isActive":true,"countryCodes":["FR"],"averageBasketValue":247.5,"averageCommission":9.5,"averageConfirmationTime":null,"averageCancellationRate":null,"minimumCommission":null,"maximumCommission":null,"commissionRates":[],"trackingLink":"https://tatrck.com/h/0Hu30z9R0jW_","createdAt":"2023-12-13T17:21:25.081Z","updatedAt":"2024-08-21T11:40:17.169Z"},{"merchantId":186433,"name":"Express Trainers","imageUri":"https://kqdxc4m5.de/logos_v2/120x60/293f3899e0afe3783f6bf8ac94e9d340.gif","currencyCode":"EUR","defaultDomain":"glassdigital.co.uk","domains":["glassdigital.co.uk"],"categoryId":77,"description":null,"isActive":true,"countryCodes":["GN"],"averageBasketValue":null,"averageCommission":null,"averageConfirmationTime":null,"averageCancellationRate":null,"minimumCommission":null,"maximumCommission":null,"commissionRates":[{"fixedCommission":null,"percentageCommission":3}],"trackingLink":"https://tatrck.com/h/0Hu30z9R0jX1","createdAt":"2023-12-13T17:21:26.074Z","updatedAt":"2024-08-21T11:25:19.261Z"},{"merchantId":186436,"name":"Naturecan PL","imageUri":"https://kqdxc4m5.de/logos_v2/120x60/4cf272ec8716930c5a945c3147428223.gif","currencyCode":"EUR","defaultDomain":"naturecan.pl","domains":["naturecan.pl"],"categoryId":35,"description":null,"isActive":true,"countryCodes":["PL"],"averageBasketValue":19.74,"averageCommission":2.36,"averageConfirmationTime":null,"averageCancellationRate":null,"minimumCommission":null,"maximumCommission":null,"commissionRates":[],"trackingLink":"https://tatrck.com/h/0Hu30z9R0jX4","createdAt":"2023-12-13T17:21:26.177Z","updatedAt":"2024-08-23T05:49:26.664Z"},{"merchantId":186445,"name":"Filenow Company Formation Services US","imageUri":"https://kqdxc4m5.de/logos_v2/120x60/9e8037c46273d718df23c891b8210ad9.gif","currencyCode":"EUR","defaultDomain":"filenow.com","domains":["filenow.com"],"categoryId":41,"description":null,"isActive":true,"countryCodes":["US"],"averageBasketValue":null,"averageCommission":null,"averageConfirmationTime":null,"averageCancellationRate":null,"minimumCommission":null,"maximumCommission":null,"commissionRates":[{"fixedCommission":36,"percentageCommission":null}],"trackingLink":"https://tatrck.com/h/0Hu30z9R0jXD","createdAt":"2023-12-13T17:21:29.076Z","updatedAt":"2024-08-21T11:32:16.366Z"},{"merchantId":186448,"name":"Himiway US","imageUri":"https://kqdxc4m5.de/logos_v2/120x60/151677a5f9bd872b7ea4ee01964f95f0.gif","currencyCode":"EUR","defaultDomain":"himiwaybike.com","domains":["himiwaybike.com"],"categoryId":3,"description":null,"isActive":true,"countryCodes":["CA"],"averageBasketValue":1,"averageCommission":24.87,"averageConfirmationTime":null,"averageCancellationRate":null,"minimumCommission":24.91,"maximumCommission":25.41,"commissionRates":[],"trackingLink":"https://tatrck.com/h/0Hu30z9R0jXG","createdAt":"2023-12-13T17:21:29.685Z","updatedAt":"2024-07-29T11:17:38.783Z"},{"merchantId":186450,"name":"italkpet.com US","imageUri":"https://kqdxc4m5.de/logos_v2/120x60/a239918790079e59abde95d9d149495a.gif","currencyCode":"EUR","defaultDomain":"italkpet.com","domains":["italkpet.com"],"categoryId":61,"description":null,"isActive":true,"countryCodes":["US"],"averageBasketValue":7.43,"averageCommission":0.44,"averageConfirmationTime":29,"averageCancellationRate":null,"minimumCommission":0.4,"maximumCommission":0.4,"commissionRates":[{"fixedCommission":null,"percentageCommission":6}],"trackingLink":"https://tatrck.com/h/0Hu30z9R0jXI","createdAt":"2023-12-13T17:21:30.279Z","updatedAt":"2024-08-21T11:39:24.109Z"},{"merchantId":186456,"name":"Oradix Inc. US","imageUri":"https://kqdxc4m5.de/logos_v2/120x60/57318d11cf6c112aca3df4055bb45695.gif","currencyCode":"EUR","defaultDomain":"oradix.com","domains":["oradix.com"],"categoryId":35,"description":null,"isActive":true,"countryCodes":["US"],"averageBasketValue":null,"averageCommission":null,"averageConfirmationTime":null,"averageCancellationRate":null,"minimumCommission":null,"maximumCommission":null,"commissionRates":[{"fixedCommission":null,"percentageCommission":9}],"trackingLink":"https://tatrck.com/h/0Hu30z9R0jXO","createdAt":"2023-12-13T17:21:32.087Z","updatedAt":"2024-08-21T11:30:31.762Z"},{"merchantId":186460,"name":"Seabedee LLC US","imageUri":"https://monetizeamex.com/v3/120x60/b285f1ac6ae44ff824fd606b8dd30c83.png","currencyCode":"EUR","defaultDomain":"seabedee.org","domains":["seabedee.org"],"categoryId":76,"description":null,"isActive":true,"countryCodes":["US"],"averageBasketValue":57.81,"averageCommission":13.87,"averageConfirmationTime":30,"averageCancellationRate":null,"minimumCommission":null,"maximumCommission":null,"commissionRates":[{"fixedCommission":null,"percentageCommission":24}],"trackingLink":"https://tatrck.com/h/0Hu30z9R0jXS","createdAt":"2023-12-13T17:21:34.367Z","updatedAt":"2024-08-31T01:00:46.004Z"},{"merchantId":186463,"name":"Swag.com US","imageUri":"https://kqdxc4m5.de/logos_v2/120x60/c3e2e1c61e2f78d261d076f7e196479a.gif","currencyCode":"EUR","defaultDomain":"swag.com","domains":["swag.com"],"categoryId":41,"description":null,"isActive":true,"countryCodes":["US"],"averageBasketValue":2,"averageCommission":26.84,"averageConfirmationTime":4,"averageCancellationRate":2.4,"minimumCommission":0.03,"maximumCommission":422.05,"commissionRates":[{"fixedCommission":null,"percentageCommission":0.6}],"trackingLink":"https://tatrck.com/h/0Hu30z9R0jXV","createdAt":"2023-12-13T17:21:34.399Z","updatedAt":"2024-08-30T05:52:15.751Z"},{"merchantId":186481,"name":"Le Cuir Est Dans Le Pré FR","imageUri":"https://monetizeamex.com/v3/120x60/37c748f57bdeebc716810f86dccfb246.png","currencyCode":"EUR","defaultDomain":"lecuirestdanslepre.fr","domains":["lecuirestdanslepre.fr"],"categoryId":40,"description":null,"isActive":true,"countryCodes":["FR"],"averageBasketValue":null,"averageCommission":null,"averageConfirmationTime":null,"averageCancellationRate":null,"minimumCommission":null,"maximumCommission":null,"commissionRates":[{"fixedCommission":null,"percentageCommission":4.8},{"fixedCommission":null,"percentageCommission":5.3999999999999995},{"fixedCommission":null,"percentageCommission":6.6},{"fixedCommission":null,"percentageCommission":4.2},{"fixedCommission":null,"percentageCommission":3}],"trackingLink":"https://tatrck.com/h/0Hu30z9R0jXn","createdAt":"2023-12-13T17:21:40.187Z","updatedAt":"2024-09-03T17:07:32.197Z"},{"merchantId":186490,"name":"Horizn-studios.co.uk UK","imageUri":"https://monetizeamex.com/v3/120x60/6c05a1e28aae7dd1b9395c7ed2369039.png","currencyCode":"EUR","defaultDomain":"horizn-studios.co.uk","domains":["horizn-studios.co.uk"],"categoryId":63,"description":null,"isActive":true,"countryCodes":["DE"],"averageBasketValue":null,"averageCommission":null,"averageConfirmationTime":null,"averageCancellationRate":null,"minimumCommission":null,"maximumCommission":null,"commissionRates":[],"trackingLink":"https://tatrck.com/h/0Hu30z9R0jXw","createdAt":"2023-12-13T17:21:41.869Z","updatedAt":"2024-09-03T17:04:50.799Z"},{"merchantId":186500,"name":"Baked by Melissa","imageUri":"https://kqdxc4m5.de/logos_v2/120x60/2bada4a6105456a01b0cdf94d4e5ed6d.gif","currencyCode":"EUR","defaultDomain":"bakedbymelissa.com","domains":["bakedbymelissa.com"],"categoryId":14,"description":null,"isActive":true,"countryCodes":["US"],"averageBasketValue":54.28,"averageCommission":0.96,"averageConfirmationTime":null,"averageCancellationRate":null,"minimumCommission":0.51,"maximumCommission":7.69,"commissionRates":[{"fixedCommission":null,"percentageCommission":0.96}],"trackingLink":"https://tatrck.com/h/0Hu30z9R0jY4","createdAt":"2023-12-13T17:21:44.381Z","updatedAt":"2024-09-03T17:04:43.322Z"},{"merchantId":186501,"name":"Dr. Jart+ US","imageUri":"https://kqdxc4m5.de/logos_v2/120x60/6f32ff0f741e99ba0d314a553f80bd74.gif","currencyCode":"EUR","defaultDomain":"drjart.com","domains":["drjart.com"],"categoryId":28,"description":null,"isActive":true,"countryCodes":["US"],"averageBasketValue":44.5,"averageCommission":0.73,"averageConfirmationTime":null,"averageCancellationRate":null,"minimumCommission":0.3,"maximumCommission":1.94,"commissionRates":[{"fixedCommission":null,"percentageCommission":1.44}],"trackingLink":"https://tatrck.com/h/0Hu30z9R0jY5","createdAt":"2023-12-13T17:21:44.674Z","updatedAt":"2024-09-03T17:07:46.468Z"},{"merchantId":186507,"name":"Petal & Pup AU","imageUri":"https://monetizeamex.com/v3/120x60/8ad033a1797de36e697aae0b1bf600c6.png","currencyCode":"EUR","defaultDomain":"petalandpup.com.au","domains":["petalandpup.com.au"],"categoryId":40,"description":"female fashion","isActive":true,"countryCodes":["AU"],"averageBasketValue":32.34,"averageCommission":0.74,"averageConfirmationTime":null,"averageCancellationRate":null,"minimumCommission":0.84,"maximumCommission":0.84,"commissionRates":[{"fixedCommission":null,"percentageCommission":2.4}],"trackingLink":"https://tatrck.com/h/0Hu30z9R0jYB","createdAt":"2023-12-13T17:21:45.885Z","updatedAt":"2024-09-03T05:49:07.872Z"},{"merchantId":186509,"name":"Roadtrippers.com US","imageUri":"https://monetizeamex.com/v3/120x60/de86ebdd9bc7c6a8f595ba4c55b49794.png","currencyCode":"EUR","defaultDomain":"roadtrippers.com","domains":["roadtrippers.com"],"categoryId":63,"description":null,"isActive":true,"countryCodes":[],"averageBasketValue":null,"averageCommission":2.61,"averageConfirmationTime":null,"averageCancellationRate":21,"minimumCommission":2.76,"maximumCommission":3.61,"commissionRates":[],"trackingLink":"https://tatrck.com/h/0Hu30z9R0jYD","createdAt":"2023-12-13T17:21:46.478Z","updatedAt":"2024-09-03T17:03:29.274Z"},{"merchantId":186514,"name":"Vanessa Bruno FR","imageUri":"https://monetizeamex.com/v3/120x60/cd6e2edc7cff29560e7abe8a19983baa.png","currencyCode":"EUR","defaultDomain":"vanessabruno.fr","domains":["vanessabruno.fr"],"categoryId":40,"description":null,"isActive":true,"countryCodes":["FR"],"averageBasketValue":153.51,"averageCommission":7.36,"averageConfirmationTime":null,"averageCancellationRate":null,"minimumCommission":0.61,"maximumCommission":9.36,"commissionRates":[],"trackingLink":"https://tatrck.com/h/0Hu30z9R0jYI","createdAt":"2023-12-13T17:21:49.466Z","updatedAt":"2024-09-03T17:05:41.373Z"},{"merchantId":186515,"name":"vPost","imageUri":"https://kqdxc4m5.de/logos_v2/120x60/fd24f3ac7248349b8a851cc355896201.gif","currencyCode":"EUR","defaultDomain":"sg.vpost.com","domains":["sg.vpost.com","vpost.com"],"categoryId":21,"description":null,"isActive":true,"countryCodes":["AU","SG"],"averageBasketValue":40.08,"averageCommission":1.2,"averageConfirmationTime":null,"averageCancellationRate":null,"minimumCommission":0.22,"maximumCommission":5.14,"commissionRates":[{"fixedCommission":null,"percentageCommission":3}],"trackingLink":"https://tatrck.com/h/0Hu30z9R0jYJ","createdAt":"2023-12-13T17:21:49.871Z","updatedAt":"2024-09-03T17:08:47.902Z"}]}