{"meta":{"next":160320},"data":[{"merchantId":159807,"name":"Norfolk Hideaways UK","imageUri":"https://monetizeamex.com/v3/120x60/61617ba80c4ef1c7e8ee4aeb34ad291f.png","currencyCode":"EUR","defaultDomain":"norfolkhideaways.co.uk","domains":["norfolkhideaways.co.uk"],"categoryId":63,"description":null,"isActive":true,"countryCodes":["GB"],"averageBasketValue":1,"averageCommission":50.68,"averageConfirmationTime":null,"averageCancellationRate":null,"minimumCommission":25.03,"maximumCommission":110.45,"commissionRates":[{"fixedCommission":null,"percentageCommission":4.2}],"trackingLink":"https://tatrck.com/h/0Hu30z9R0d0_","createdAt":"2023-12-13T15:21:54.590Z","updatedAt":"2024-09-03T17:07:12.409Z"},{"merchantId":159810,"name":"Reef US","imageUri":"https://monetizeamex.com/v3/120x60/6591515be5599665f54ec8a0f34de4dc.png","currencyCode":"EUR","defaultDomain":"reef.com","domains":["reef.com"],"categoryId":40,"description":null,"isActive":true,"countryCodes":["US"],"averageBasketValue":72.32,"averageCommission":0.82,"averageConfirmationTime":null,"averageCancellationRate":null,"minimumCommission":0.34,"maximumCommission":1.48,"commissionRates":[{"fixedCommission":null,"percentageCommission":1.5}],"trackingLink":"https://tatrck.com/h/0Hu30z9R0d12","createdAt":"2023-12-13T15:21:55.778Z","updatedAt":"2024-09-03T05:52:23.185Z"},{"merchantId":159811,"name":"Rome & Vatican Pass US","imageUri":"https://monetizeamex.com/v3/120x60/b1341fe9635b1c235517ba7118e94ea3.png","currencyCode":"EUR","defaultDomain":"romeandvaticanpass.com","domains":["romeandvaticanpass.com"],"categoryId":63,"description":null,"isActive":true,"countryCodes":[],"averageBasketValue":null,"averageCommission":null,"averageConfirmationTime":null,"averageCancellationRate":null,"minimumCommission":null,"maximumCommission":null,"commissionRates":[{"fixedCommission":null,"percentageCommission":0}],"trackingLink":"https://tatrck.com/h/0Hu30z9R0d13","createdAt":"2023-12-13T15:21:56.499Z","updatedAt":"2024-08-21T11:35:47.805Z"},{"merchantId":159858,"name":"Indusind Forex Card IN","imageUri":"https://monetizeamex.com/v3/120x60/9ac205ea593539a66217e79ed10b3331.png","currencyCode":"EUR","defaultDomain":"indusind.com","domains":["indusind.com"],"categoryId":66,"description":null,"isActive":true,"countryCodes":["IN"],"averageBasketValue":null,"averageCommission":5.35,"averageConfirmationTime":null,"averageCancellationRate":5.6,"minimumCommission":4.33,"maximumCommission":4.33,"commissionRates":[{"fixedCommission":0.6,"percentageCommission":null}],"trackingLink":"https://tatrck.com/h/0Hu30z9R0d1o","createdAt":"2023-12-13T15:22:11.305Z","updatedAt":"2024-09-01T05:53:51.424Z"},{"merchantId":159859,"name":"iTimes IN","imageUri":"https://monetizeamex.com/v3/120x60/50e41ad11199ae648381026518b1033a.png","currencyCode":"EUR","defaultDomain":"indiatimes.com","domains":["indiatimes.com","itimes.com"],"categoryId":79,"description":null,"isActive":true,"countryCodes":["ET","IN"],"averageBasketValue":0.05,"averageCommission":0.17,"averageConfirmationTime":58,"averageCancellationRate":3,"minimumCommission":0,"maximumCommission":0.3,"commissionRates":[{"fixedCommission":210,"percentageCommission":null},{"fixedCommission":0.03,"percentageCommission":null}],"trackingLink":"https://tatrck.com/h/0Hu30z9R0d1p","createdAt":"2023-12-13T15:22:11.879Z","updatedAt":"2024-08-29T14:01:07.499Z"},{"merchantId":159870,"name":"My Credit UA","imageUri":"https://monetizeamex.com/v3/120x60/c2cfbccfbd51e010f85b463ad0f2dd4e.png","currencyCode":"EUR","defaultDomain":"mycredit.ua","domains":["mycredit.ua"],"categoryId":15,"description":null,"isActive":true,"countryCodes":["UA"],"averageBasketValue":0.02,"averageCommission":5.28,"averageConfirmationTime":null,"averageCancellationRate":null,"minimumCommission":4.83,"maximumCommission":4.86,"commissionRates":[],"trackingLink":"https://tatrck.com/h/0Hu30z9R0d1-","createdAt":"2023-12-13T15:22:14.572Z","updatedAt":"2024-08-15T09:06:13.719Z"},{"merchantId":159882,"name":"Rotita US","imageUri":"https://monetizeamex.com/v3/120x60/74de0622065b5ccac1268a0d48ccc07b.png","currencyCode":"EUR","defaultDomain":"rotita.com","domains":["rotita.com"],"categoryId":40,"description":null,"isActive":true,"countryCodes":[],"averageBasketValue":78.01,"averageCommission":3.77,"averageConfirmationTime":null,"averageCancellationRate":14.299999999999999,"minimumCommission":4.64,"maximumCommission":4.77,"commissionRates":[{"fixedCommission":0,"percentageCommission":null},{"fixedCommission":null,"percentageCommission":4.8},{"fixedCommission":null,"percentageCommission":4.8}],"trackingLink":"https://tatrck.com/h/0Hu30z9R0d2A","createdAt":"2023-12-13T15:22:18.571Z","updatedAt":"2024-09-03T17:08:51.881Z"},{"merchantId":159887,"name":"Star Stable","imageUri":"https://monetizeamex.com/v3/120x60/f68dcebe6ea7896cb0dbe45e4fd18f42.png","currencyCode":"EUR","defaultDomain":"starstable.com","domains":["starstable.com"],"categoryId":42,"description":null,"isActive":true,"countryCodes":["FR","SE"],"averageBasketValue":1.15,"averageCommission":0.57,"averageConfirmationTime":43,"averageCancellationRate":1.6,"minimumCommission":0.14,"maximumCommission":5.44,"commissionRates":[],"trackingLink":"https://tatrck.com/h/0Hu30z9R0d2F","createdAt":"2023-12-13T15:22:20.689Z","updatedAt":"2024-09-03T05:53:36.356Z"},{"merchantId":159912,"name":"Telhanorte BR","imageUri":"https://monetizeamex.com/v3/120x60/1ca9a5e215564b69313513078ecdc3cb.png","currencyCode":"EUR","defaultDomain":"telhanorte.com.br","domains":["telhanorte.com.br"],"categoryId":74,"description":null,"isActive":true,"countryCodes":["BR"],"averageBasketValue":66.61,"averageCommission":2.76,"averageConfirmationTime":null,"averageCancellationRate":null,"minimumCommission":0.96,"maximumCommission":1.41,"commissionRates":[{"fixedCommission":null,"percentageCommission":3.5999999999999996}],"trackingLink":"https://tatrck.com/h/0Hu30z9R0d2e","createdAt":"2023-12-13T15:22:27.795Z","updatedAt":"2024-09-03T17:09:16.369Z"},{"merchantId":159913,"name":"Mister-Sandman DE","imageUri":"https://monetizeamex.com/v3/120x60/f3e9622d99df9bba611e7015b46c1a75.png","currencyCode":"EUR","defaultDomain":"mister-sandman.de","domains":["mister-sandman.de"],"categoryId":74,"description":null,"isActive":true,"countryCodes":["DE"],"averageBasketValue":99.05,"averageCommission":2.97,"averageConfirmationTime":null,"averageCancellationRate":18.2,"minimumCommission":1.5,"maximumCommission":1.5,"commissionRates":[{"fixedCommission":null,"percentageCommission":3}],"trackingLink":"https://tatrck.com/h/0Hu30z9R0d2f","createdAt":"2023-12-13T15:22:28.176Z","updatedAt":"2024-09-03T17:08:32.736Z"},{"merchantId":159925,"name":"checkVIENNA DE","imageUri":"https://monetizeamex.com/v3/120x60/760f58152bdd822ad9d7c4d79d95688c.png","currencyCode":"EUR","defaultDomain":"checkvienna.com","domains":["checkvienna.com"],"categoryId":63,"description":null,"isActive":true,"countryCodes":["DE"],"averageBasketValue":240.49,"averageCommission":10.09,"averageConfirmationTime":null,"averageCancellationRate":null,"minimumCommission":6.03,"maximumCommission":6.03,"commissionRates":[{"fixedCommission":null,"percentageCommission":4.2}],"trackingLink":"https://tatrck.com/h/0Hu30z9R0d2r","createdAt":"2023-12-13T15:22:31.668Z","updatedAt":"2024-08-30T05:19:26.471Z"},{"merchantId":159938,"name":"Joseph UK","imageUri":"https://monetizeamex.com/v3/120x60/35a6c616928b342b410d4fcfe8c6ac8f.png","currencyCode":"EUR","defaultDomain":"joseph-fashion.com","domains":["joseph-fashion.com","joseph-fashion.co.uk"],"categoryId":40,"description":null,"isActive":true,"countryCodes":["GB"],"averageBasketValue":12.54,"averageCommission":0.3,"averageConfirmationTime":null,"averageCancellationRate":null,"minimumCommission":0.69,"maximumCommission":0.69,"commissionRates":[],"trackingLink":"https://tatrck.com/h/0Hu30z9R0d32","createdAt":"2023-12-13T15:22:36.269Z","updatedAt":"2024-09-03T17:03:48.966Z"},{"merchantId":159944,"name":"Gusto US","imageUri":"https://monetizeamex.com/v3/120x60/c8127f430aa0333dd324edd253c2fbf5.png","currencyCode":"EUR","defaultDomain":"gusto.com","domains":["gusto.com"],"categoryId":41,"description":null,"isActive":true,"countryCodes":[],"averageBasketValue":null,"averageCommission":null,"averageConfirmationTime":null,"averageCancellationRate":null,"minimumCommission":null,"maximumCommission":null,"commissionRates":[],"trackingLink":"https://tatrck.com/h/0Hu30z9R0d38","createdAt":"2023-12-13T15:22:39.984Z","updatedAt":"2024-08-21T11:43:21.752Z"},{"merchantId":159959,"name":"TomboyX US","imageUri":"https://monetizeamex.com/v3/120x60/dc9042e6788989bde18a63630ae9c804.png","currencyCode":"EUR","defaultDomain":"tomboyx.com","domains":["tomboyx.com"],"categoryId":40,"description":null,"isActive":true,"countryCodes":["US"],"averageBasketValue":18.51,"averageCommission":0.21,"averageConfirmationTime":2,"averageCancellationRate":0.4,"minimumCommission":0.09,"maximumCommission":2.08,"commissionRates":[],"trackingLink":"https://tatrck.com/h/0Hu30z9R0d3N","createdAt":"2023-12-13T15:22:44.082Z","updatedAt":"2024-09-03T05:52:33.405Z"},{"merchantId":159973,"name":"Moses-verlag DE","imageUri":"https://monetizeamex.com/v3/120x60/b905a375e82c01b998ec5838770cbc6b.png","currencyCode":"EUR","defaultDomain":"moses-verlag.de","domains":["moses-verlag.de"],"categoryId":17,"description":null,"isActive":true,"countryCodes":["DE"],"averageBasketValue":37.66,"averageCommission":1.8,"averageConfirmationTime":null,"averageCancellationRate":null,"minimumCommission":1.86,"maximumCommission":3.52,"commissionRates":[{"fixedCommission":null,"percentageCommission":4.8}],"trackingLink":"https://tatrck.com/h/0Hu30z9R0d3b","createdAt":"2023-12-13T15:22:49.074Z","updatedAt":"2024-09-03T17:08:43.632Z"},{"merchantId":159983,"name":"Away Resorts UK","imageUri":"https://monetizeamex.com/v3/120x60/e31d7aaf01cc3d6d9c20f2402f1ddcc1.png","currencyCode":"EUR","defaultDomain":"awayresorts.co.uk","domains":["awayresorts.co.uk"],"categoryId":63,"description":null,"isActive":true,"countryCodes":["GB"],"averageBasketValue":540.87,"averageCommission":7.05,"averageConfirmationTime":13,"averageCancellationRate":null,"minimumCommission":0.28,"maximumCommission":93.55,"commissionRates":[{"fixedCommission":null,"percentageCommission":1.5},{"fixedCommission":null,"percentageCommission":0.6}],"trackingLink":"https://tatrck.com/h/0Hu30z9R0d3l","createdAt":"2023-12-13T15:22:53.990Z","updatedAt":"2024-09-03T17:07:31.555Z"},{"merchantId":159986,"name":"Current Boutique US","imageUri":"https://monetizeamex.com/v3/120x60/c36a99bb1aa469362c653be2bce08e60.png","currencyCode":"EUR","defaultDomain":"currentboutique.com","domains":["currentboutique.com"],"categoryId":40,"description":null,"isActive":true,"countryCodes":["US"],"averageBasketValue":155.11,"averageCommission":7.44,"averageConfirmationTime":null,"averageCancellationRate":null,"minimumCommission":7.44,"maximumCommission":7.44,"commissionRates":[{"fixedCommission":null,"percentageCommission":4.8}],"trackingLink":"https://tatrck.com/h/0Hu30z9R0d3o","createdAt":"2023-12-13T15:22:53.486Z","updatedAt":"2024-08-21T11:35:14.273Z"},{"merchantId":159987,"name":"Cynthia Rowley US","imageUri":"https://monetizeamex.com/v3/120x60/bb052f60fe193d5c188edaa24fbd493a.png","currencyCode":"EUR","defaultDomain":"cynthiarowley.com","domains":["cynthiarowley.com"],"categoryId":40,"description":null,"isActive":true,"countryCodes":["US"],"averageBasketValue":365.91,"averageCommission":16.72,"averageConfirmationTime":null,"averageCancellationRate":null,"minimumCommission":9.9,"maximumCommission":22.75,"commissionRates":[],"trackingLink":"https://tatrck.com/h/0Hu30z9R0d3p","createdAt":"2023-12-13T15:22:54.274Z","updatedAt":"2024-09-03T17:04:00.726Z"},{"merchantId":159988,"name":"Immune Tree US","imageUri":"https://kqdxc4m5.de/logos_v2/120x60/ab7c05c19afb4726d9deb08b8d0ec900.gif","currencyCode":"EUR","defaultDomain":"immunetree.com","domains":["immunetree.com"],"categoryId":35,"description":null,"isActive":true,"countryCodes":["US"],"averageBasketValue":null,"averageCommission":null,"averageConfirmationTime":null,"averageCancellationRate":null,"minimumCommission":null,"maximumCommission":null,"commissionRates":[{"fixedCommission":null,"percentageCommission":12}],"trackingLink":"https://tatrck.com/h/0Hu30z9R0d3q","createdAt":"2023-12-13T15:22:56.196Z","updatedAt":"2024-08-23T15:01:28.034Z"},{"merchantId":159993,"name":"Combell BE","imageUri":"https://monetizeamex.com/v3/120x60/259e2c8920915209e512d10d922d351e.png","currencyCode":"EUR","defaultDomain":"combell.com","domains":["combell.com"],"categoryId":49,"description":null,"isActive":true,"countryCodes":["NL"],"averageBasketValue":18.54,"averageCommission":5.45,"averageConfirmationTime":null,"averageCancellationRate":null,"minimumCommission":4.5,"maximumCommission":21.54,"commissionRates":[],"trackingLink":"https://tatrck.com/h/0Hu30z9R0d3v","createdAt":"2023-12-13T15:22:56.594Z","updatedAt":"2024-08-30T05:19:36.361Z"},{"merchantId":159996,"name":"Eurogifts BE","imageUri":"https://kqdxc4m5.de/logos_v2/120x60/650f9af624cfe1b2fda60a4a2a623b22.gif","currencyCode":"EUR","defaultDomain":"eurogifts.be","domains":["eurogifts.be"],"categoryId":40,"description":null,"isActive":true,"countryCodes":["BE"],"averageBasketValue":589.76,"averageCommission":19.81,"averageConfirmationTime":null,"averageCancellationRate":null,"minimumCommission":2.35,"maximumCommission":2.35,"commissionRates":[],"trackingLink":"https://tatrck.com/h/0Hu30z9R0d3y","createdAt":"2023-12-13T15:22:57.478Z","updatedAt":"2024-08-23T05:16:59.649Z"},{"merchantId":160006,"name":"Unbound NL","imageUri":"https://kqdxc4m5.de/logos_v2/120x60/c3ea6866846d3ae9b5d4a5895bced628.gif","currencyCode":"EUR","defaultDomain":"unboundxr.nl","domains":["unboundxr.nl"],"categoryId":77,"description":null,"isActive":true,"countryCodes":["NL"],"averageBasketValue":258.42,"averageCommission":1.08,"averageConfirmationTime":null,"averageCancellationRate":null,"minimumCommission":null,"maximumCommission":null,"commissionRates":[],"trackingLink":"https://tatrck.com/h/0Hu30z9R0d46","createdAt":"2023-12-13T15:23:00.884Z","updatedAt":"2024-08-21T11:31:35.181Z"},{"merchantId":160031,"name":"Audible FR","imageUri":"https://monetizeamex.com/v3/120x60/f7902b1d5c2b6824f0f42856eb72101d.png","currencyCode":"EUR","defaultDomain":"audible.fr","domains":["audible.fr"],"categoryId":42,"description":null,"isActive":true,"countryCodes":["FR"],"averageBasketValue":null,"averageCommission":4.59,"averageConfirmationTime":null,"averageCancellationRate":null,"minimumCommission":9,"maximumCommission":9,"commissionRates":[],"trackingLink":"https://tatrck.com/h/0Hu30z9R0d4V","createdAt":"2023-12-13T15:23:10.675Z","updatedAt":"2024-09-03T05:53:41.535Z"},{"merchantId":160048,"name":"Decitre FR","imageUri":"https://monetizeamex.com/v3/120x60/1cb78b9a085378ea3cdf931dd6abd975.png","currencyCode":"EUR","defaultDomain":"decitre.fr","domains":["decitre.fr"],"categoryId":21,"description":null,"isActive":true,"countryCodes":["FR"],"averageBasketValue":30.47,"averageCommission":1.08,"averageConfirmationTime":null,"averageCancellationRate":2.9,"minimumCommission":0.06,"maximumCommission":5.69,"commissionRates":[],"trackingLink":"https://tatrck.com/h/0Hu30z9R0d4m","createdAt":"2023-12-13T15:23:15.265Z","updatedAt":"2024-09-03T17:03:50.910Z"},{"merchantId":160052,"name":"Digixo FR","imageUri":"https://monetizeamex.com/v3/120x60/1be1a14c16145fb02e17cac91da843a5.png","currencyCode":"EUR","defaultDomain":"digixo.com","domains":["digixo.com","digixo.fr"],"categoryId":80,"description":null,"isActive":true,"countryCodes":["FR"],"averageBasketValue":456.68,"averageCommission":5.47,"averageConfirmationTime":null,"averageCancellationRate":null,"minimumCommission":0.45,"maximumCommission":26.37,"commissionRates":[{"fixedCommission":null,"percentageCommission":1.2},{"fixedCommission":null,"percentageCommission":6},{"fixedCommission":null,"percentageCommission":5.3999999999999995}],"trackingLink":"https://tatrck.com/h/0Hu30z9R0d4q","createdAt":"2023-12-13T15:23:17.778Z","updatedAt":"2024-09-02T05:18:04.594Z"},{"merchantId":160056,"name":"FilmoTV FR","imageUri":"https://monetizeamex.com/v3/120x60/037396c190052959fbb4e1fc6c16b4d6.png","currencyCode":"EUR","defaultDomain":"filmotv.fr","domains":["filmotv.fr"],"categoryId":53,"description":null,"isActive":true,"countryCodes":["FR"],"averageBasketValue":3.74,"averageCommission":1.38,"averageConfirmationTime":4,"averageCancellationRate":null,"minimumCommission":0.06,"maximumCommission":6,"commissionRates":[{"fixedCommission":null,"percentageCommission":3.9},{"fixedCommission":10.2,"percentageCommission":null},{"fixedCommission":6,"percentageCommission":null}],"trackingLink":"https://tatrck.com/h/0Hu30z9R0d4u","createdAt":"2023-12-13T15:23:18.505Z","updatedAt":"2024-08-30T05:19:28.328Z"},{"merchantId":160066,"name":"IZY BE","imageUri":"https://monetizeamex.com/v3/120x60/015df2157d469fd0611957f807a20536.png","currencyCode":"EUR","defaultDomain":"izy.com","domains":["izy.be","izy.com"],"categoryId":63,"description":null,"isActive":true,"countryCodes":["BE","FR"],"averageBasketValue":null,"averageCommission":null,"averageConfirmationTime":null,"averageCancellationRate":null,"minimumCommission":null,"maximumCommission":null,"commissionRates":[{"fixedCommission":null,"percentageCommission":4.2}],"trackingLink":"https://tatrck.com/h/0Hu30z9R0d52","createdAt":"2023-12-13T15:23:21.873Z","updatedAt":"2024-08-15T09:06:21.049Z"},{"merchantId":160073,"name":"Michenaud FR","imageUri":"https://monetizeamex.com/v3/120x60/7ee13c5f345b3ba8b8d3012a21a254c5.png","currencyCode":"EUR","defaultDomain":"michenaud.com","domains":["michenaud.com"],"categoryId":43,"description":null,"isActive":true,"countryCodes":["FR"],"averageBasketValue":378.34,"averageCommission":11.35,"averageConfirmationTime":6,"averageCancellationRate":null,"minimumCommission":11.35,"maximumCommission":11.35,"commissionRates":[{"fixedCommission":null,"percentageCommission":3}],"trackingLink":"https://tatrck.com/h/0Hu30z9R0d59","createdAt":"2023-12-13T15:23:23.472Z","updatedAt":"2024-08-15T09:06:17.733Z"},{"merchantId":160082,"name":"Promosejours FR","imageUri":"https://monetizeamex.com/v3/120x60/6865a59f76ccbbf3bcda1b73ab10855c.png","currencyCode":"EUR","defaultDomain":"promosejours.com","domains":["promosejours.com","promosejours.fr"],"categoryId":63,"description":null,"isActive":true,"countryCodes":["FR"],"averageBasketValue":1,"averageCommission":9,"averageConfirmationTime":18,"averageCancellationRate":null,"minimumCommission":9,"maximumCommission":9,"commissionRates":[{"fixedCommission":30,"percentageCommission":null},{"fixedCommission":9,"percentageCommission":null}],"trackingLink":"https://tatrck.com/h/0Hu30z9R0d5I","createdAt":"2023-12-13T15:23:26.771Z","updatedAt":"2024-08-25T05:17:31.136Z"},{"merchantId":160083,"name":"Puy du Fou FR","imageUri":"https://monetizeamex.com/v3/120x60/817beecd18e92f930223dd7741b875ff.png","currencyCode":"EUR","defaultDomain":"puydufou.com","domains":["puydufou.com","puydufou.fr"],"categoryId":53,"description":null,"isActive":true,"countryCodes":["BE"],"averageBasketValue":182.39,"averageCommission":3.83,"averageConfirmationTime":5,"averageCancellationRate":null,"minimumCommission":3.46,"maximumCommission":39.17,"commissionRates":[],"trackingLink":"https://tatrck.com/h/0Hu30z9R0d5J","createdAt":"2023-12-13T15:23:27.073Z","updatedAt":"2024-09-03T05:31:12.369Z"},{"merchantId":160090,"name":"Travelstart ZA","imageUri":"https://monetizeamex.com/v3/120x60/546856b377f38bf092e3cc54a300ae6f.png","currencyCode":"EUR","defaultDomain":"travelstart.co.za","domains":["travelstart.co.za"],"categoryId":71,"description":null,"isActive":true,"countryCodes":[],"averageBasketValue":null,"averageCommission":3.69,"averageConfirmationTime":30,"averageCancellationRate":6.7,"minimumCommission":3.84,"maximumCommission":3.97,"commissionRates":[{"fixedCommission":60,"percentageCommission":null},{"fixedCommission":43.2,"percentageCommission":null},{"fixedCommission":null,"percentageCommission":24}],"trackingLink":"https://tatrck.com/h/0Hu30z9R0d5Q","createdAt":"2023-12-13T15:23:30.366Z","updatedAt":"2024-09-03T05:52:24.237Z"},{"merchantId":160099,"name":"Witt International FR","imageUri":"https://monetizeamex.com/v3/120x60/3484ed7991d31f1798b64d533e14845d.png","currencyCode":"EUR","defaultDomain":"wittinternational.fr","domains":["wittinternational.fr"],"categoryId":74,"description":null,"isActive":true,"countryCodes":["FR"],"averageBasketValue":72.18,"averageCommission":2.79,"averageConfirmationTime":null,"averageCancellationRate":null,"minimumCommission":0.5,"maximumCommission":12.43,"commissionRates":[{"fixedCommission":null,"percentageCommission":3.5999999999999996},{"fixedCommission":null,"percentageCommission":10.799999999999999},{"fixedCommission":null,"percentageCommission":5.3999999999999995},{"fixedCommission":null,"percentageCommission":2.4}],"trackingLink":"https://tatrck.com/h/0Hu30z9R0d5Z","createdAt":"2023-12-13T15:23:33.231Z","updatedAt":"2024-08-30T13:01:07.064Z"},{"merchantId":160113,"name":"Co-operative Travel Insurance UK","imageUri":"https://monetizeamex.com/v3/120x60/83eff344e2dbf5db6e2f3058a88bcf14.png","currencyCode":"EUR","defaultDomain":"cooptravelinsurance.coop","domains":["cooptravelinsurance.coop"],"categoryId":56,"description":null,"isActive":true,"countryCodes":["GB"],"averageBasketValue":null,"averageCommission":null,"averageConfirmationTime":null,"averageCancellationRate":null,"minimumCommission":null,"maximumCommission":null,"commissionRates":[{"fixedCommission":null,"percentageCommission":0.6}],"trackingLink":"https://tatrck.com/h/0Hu30z9R0d5n","createdAt":"2023-12-13T15:23:36.485Z","updatedAt":"2024-09-03T17:08:46.025Z"},{"merchantId":160153,"name":"Medical Travel insurance UK","imageUri":"https://monetizeamex.com/v3/120x60/192351f36c333dc67c2144c329f3edaf.png","currencyCode":"EUR","defaultDomain":"medicaltravelinsurance.co.uk","domains":["medicaltravelinsurance.co.uk"],"categoryId":56,"description":null,"isActive":true,"countryCodes":["GB"],"averageBasketValue":null,"averageCommission":null,"averageConfirmationTime":null,"averageCancellationRate":null,"minimumCommission":null,"maximumCommission":null,"commissionRates":[{"fixedCommission":null,"percentageCommission":9}],"trackingLink":"https://tatrck.com/h/0Hu30z9R0d6P","createdAt":"2023-12-13T15:23:52.668Z","updatedAt":"2024-09-03T17:09:23.491Z"},{"merchantId":160158,"name":"Culture Studio US","imageUri":"https://monetizeamex.com/v3/120x60/6152f957e144b6a529266f2a8b3cf64d.png","currencyCode":"EUR","defaultDomain":"culturestudio.net","domains":["culturestudio.net"],"categoryId":40,"description":null,"isActive":true,"countryCodes":["US"],"averageBasketValue":null,"averageCommission":null,"averageConfirmationTime":null,"averageCancellationRate":null,"minimumCommission":null,"maximumCommission":null,"commissionRates":[{"fixedCommission":null,"percentageCommission":9}],"trackingLink":"https://tatrck.com/h/0Hu30z9R0d6U","createdAt":"2023-12-13T15:23:52.994Z","updatedAt":"2024-08-21T11:29:00.581Z"},{"merchantId":160159,"name":"Find Costume US","imageUri":"https://monetizeamex.com/v3/120x60/208d29c2fe310f81bf718bc67ea520e3.png","currencyCode":"EUR","defaultDomain":"findcostume.com","domains":["findcostume.com"],"categoryId":60,"description":null,"isActive":true,"countryCodes":["US"],"averageBasketValue":null,"averageCommission":null,"averageConfirmationTime":null,"averageCancellationRate":null,"minimumCommission":null,"maximumCommission":null,"commissionRates":[{"fixedCommission":null,"percentageCommission":4.8}],"trackingLink":"https://tatrck.com/h/0Hu30z9R0d6V","createdAt":"2023-12-13T15:23:53.164Z","updatedAt":"2024-08-21T11:37:29.234Z"},{"merchantId":160162,"name":"Musthaves NL","imageUri":"https://monetizeamex.com/v3/120x60/8d4311c4a4912b8081730c071ea3fd47.png","currencyCode":"EUR","defaultDomain":"musthaves.nl","domains":["musthaves.nl"],"categoryId":34,"description":null,"isActive":true,"countryCodes":["NL"],"averageBasketValue":462.49,"averageCommission":6.88,"averageConfirmationTime":null,"averageCancellationRate":40,"minimumCommission":6.31,"maximumCommission":6.31,"commissionRates":[],"trackingLink":"https://tatrck.com/h/0Hu30z9R0d6Y","createdAt":"2023-12-13T15:23:55.487Z","updatedAt":"2024-08-30T05:40:03.077Z"},{"merchantId":160178,"name":"Vitafy CH","imageUri":"https://monetizeamex.com/v3/120x60/08ff625762a747845cf36fd6dc3b4288.png","currencyCode":"EUR","defaultDomain":"vitafy.ch","domains":["vitafy.ch"],"categoryId":68,"description":null,"isActive":true,"countryCodes":["CH"],"averageBasketValue":63.26,"averageCommission":3.03,"averageConfirmationTime":28,"averageCancellationRate":null,"minimumCommission":1.37,"maximumCommission":5.58,"commissionRates":[{"fixedCommission":null,"percentageCommission":4.8}],"trackingLink":"https://tatrck.com/h/0Hu30z9R0d6o","createdAt":"2023-12-13T15:23:59.802Z","updatedAt":"2024-09-03T17:08:42.249Z"},{"merchantId":160194,"name":"Full Circle Farms US","imageUri":"https://monetizeamex.com/v3/120x60/52323b4901785a067afdc7ce01983ffb.png","currencyCode":"EUR","defaultDomain":"fullcircle.com","domains":["fullcircle.com"],"categoryId":14,"description":null,"isActive":true,"countryCodes":["US"],"averageBasketValue":52.25,"averageCommission":8.75,"averageConfirmationTime":null,"averageCancellationRate":null,"minimumCommission":8.71,"maximumCommission":8.79,"commissionRates":[{"fixedCommission":48,"percentageCommission":null}],"trackingLink":"https://tatrck.com/h/0Hu30z9R0d72","createdAt":"2023-12-13T15:24:05.491Z","updatedAt":"2024-08-26T09:01:18.930Z"},{"merchantId":160212,"name":"Siroko ES","imageUri":"https://monetizeamex.com/v3/120x60/2f0c51d672e1b58ee7cc68b602a2122f.png","currencyCode":"EUR","defaultDomain":"siroko.com","domains":["siroko.com"],"categoryId":40,"description":null,"isActive":true,"countryCodes":["GB","PL"],"averageBasketValue":92.44,"averageCommission":3.88,"averageConfirmationTime":29,"averageCancellationRate":49,"minimumCommission":1.59,"maximumCommission":6.8,"commissionRates":[{"fixedCommission":null,"percentageCommission":3.15},{"fixedCommission":null,"percentageCommission":3.5999999999999996}],"trackingLink":"https://tatrck.com/h/0Hu30z9R0d7K","createdAt":"2023-12-13T15:24:11.569Z","updatedAt":"2024-09-02T05:57:02.227Z"},{"merchantId":160255,"name":"Title Nine US","imageUri":"https://monetizeamex.com/v3/120x60/377cc24ea99608ae94b9b0c993f9df71.png","currencyCode":"EUR","defaultDomain":"titlenine.com","domains":["titlenine.com"],"categoryId":40,"description":null,"isActive":true,"countryCodes":["US"],"averageBasketValue":117.9,"averageCommission":3.53,"averageConfirmationTime":null,"averageCancellationRate":null,"minimumCommission":null,"maximumCommission":null,"commissionRates":[{"fixedCommission":null,"percentageCommission":1.2}],"trackingLink":"https://tatrck.com/h/0Hu30z9R0d7_","createdAt":"2023-12-13T15:24:26.772Z","updatedAt":"2024-08-21T11:40:14.195Z"},{"merchantId":160258,"name":"Victorias Secret MX","imageUri":"https://monetizeamex.com/v3/120x60/3b1861760cece9303a1a0bf18643ebd2.png","currencyCode":"EUR","defaultDomain":"sp.victoriassecret.com","domains":["sp.victoriassecret.com"],"categoryId":28,"description":null,"isActive":true,"countryCodes":[],"averageBasketValue":null,"averageCommission":null,"averageConfirmationTime":null,"averageCancellationRate":null,"minimumCommission":null,"maximumCommission":null,"commissionRates":[{"fixedCommission":null,"percentageCommission":1.476}],"trackingLink":"https://tatrck.com/h/0Hu30z9R0d82","createdAt":"2023-12-13T15:24:29.071Z","updatedAt":"2024-08-21T11:39:05.182Z"},{"merchantId":160261,"name":"Appaman US","imageUri":"https://monetizeamex.com/v3/120x60/ce0f9bbc8bb1be343f68b5fbaff0bf4a.png","currencyCode":"EUR","defaultDomain":"appaman.com","domains":["appaman.com"],"categoryId":40,"description":null,"isActive":true,"countryCodes":["US"],"averageBasketValue":78.64,"averageCommission":0.94,"averageConfirmationTime":null,"averageCancellationRate":null,"minimumCommission":0.94,"maximumCommission":0.94,"commissionRates":[],"trackingLink":"https://tatrck.com/h/0Hu30z9R0d85","createdAt":"2023-12-13T15:24:28.675Z","updatedAt":"2024-08-15T21:01:11.249Z"},{"merchantId":160281,"name":"Ouidad US","imageUri":"https://kqdxc4m5.de/logos_v2/120x60/5b30c8e458c5deb005e78f66652308a6.gif","currencyCode":"EUR","defaultDomain":"ouidad.com","domains":["ouidad.com"],"categoryId":28,"description":null,"isActive":true,"countryCodes":["US"],"averageBasketValue":39.05,"averageCommission":0.75,"averageConfirmationTime":null,"averageCancellationRate":null,"minimumCommission":null,"maximumCommission":null,"commissionRates":[{"fixedCommission":null,"percentageCommission":1.92}],"trackingLink":"https://tatrck.com/h/0Hu30z9R0d8P","createdAt":"2023-12-13T15:24:36.575Z","updatedAt":"2024-08-24T05:52:25.057Z"},{"merchantId":160301,"name":"Trachten DE","imageUri":"https://monetizeamex.com/v3/120x60/2cd890c4d2164b777e7806aa5f399c0b.png","currencyCode":"EUR","defaultDomain":"trachten.de","domains":["trachten.de"],"categoryId":40,"description":"Ihr Trusted Shops zertifizierter Webshop für Dirndl und Lederhose aus der Trachtenmode- Landhausmode-Collection Stockerpoint auf AlpenClassics.de","isActive":true,"countryCodes":["DE"],"averageBasketValue":157.09,"averageCommission":10.36,"averageConfirmationTime":null,"averageCancellationRate":null,"minimumCommission":4.43,"maximumCommission":4.43,"commissionRates":[{"fixedCommission":null,"percentageCommission":6.6}],"trackingLink":"https://tatrck.com/h/0Hu30z9R0d8j","createdAt":"2023-12-13T15:24:41.983Z","updatedAt":"2024-09-03T17:09:16.649Z"},{"merchantId":160318,"name":"Banner Buzz CA","imageUri":"https://monetizeamex.com/v3/120x60/5ff9f23f34572aec70794d5dc033c1c8.png","currencyCode":"EUR","defaultDomain":"bannerbuzz.ca","domains":["bannerbuzz.ca"],"categoryId":41,"description":null,"isActive":true,"countryCodes":["CA"],"averageBasketValue":239.75,"averageCommission":8.95,"averageConfirmationTime":null,"averageCancellationRate":null,"minimumCommission":1.53,"maximumCommission":6.72,"commissionRates":[{"fixedCommission":null,"percentageCommission":4.8}],"trackingLink":"https://tatrck.com/h/0Hu30z9R0d8-","createdAt":"2023-12-13T15:24:48.176Z","updatedAt":"2024-09-03T17:09:33.343Z"},{"merchantId":160319,"name":"BannerBuzz AU","imageUri":"https://monetizeamex.com/v3/120x60/289a2ff7b7147cb716013c7c679ec015.png","currencyCode":"EUR","defaultDomain":"bannerbuzz.com.au","domains":["bannerbuzz.com.au"],"categoryId":41,"description":null,"isActive":true,"countryCodes":["AU"],"averageBasketValue":115.33,"averageCommission":5.53,"averageConfirmationTime":null,"averageCancellationRate":null,"minimumCommission":0.89,"maximumCommission":1.6,"commissionRates":[{"fixedCommission":null,"percentageCommission":0.48}],"trackingLink":"https://tatrck.com/h/0Hu30z9R0d8_","createdAt":"2023-12-13T15:24:48.579Z","updatedAt":"2024-09-03T17:07:03.377Z"}]}