{"meta":{"next":141397},"data":[{"merchantId":140898,"name":"Stores et Rideaux FR","imageUri":"https://monetizeamex.com/v3/120x60/8f1cb895d2b4502f3db7d64addffa797.png","currencyCode":"EUR","defaultDomain":"stores-et-rideaux.com","domains":["stores-et-rideaux.com","stores-et-rideaux.fr"],"categoryId":74,"description":null,"isActive":true,"countryCodes":["FR"],"averageBasketValue":61.11,"averageCommission":3.72,"averageConfirmationTime":3,"averageCancellationRate":null,"minimumCommission":2.88,"maximumCommission":89.18,"commissionRates":[],"trackingLink":"https://tatrck.com/h/0Hu30z9R0YPY","createdAt":"2023-12-13T13:35:03.694Z","updatedAt":"2024-09-03T17:06:43.118Z"},{"merchantId":140899,"name":"Street One FR","imageUri":"https://monetizeamex.com/v3/120x60/a016f3de32fcc1f2d88e5f05fc7b3d84.png","currencyCode":"EUR","defaultDomain":"street-one.fr","domains":["street-one.fr"],"categoryId":40,"description":null,"isActive":true,"countryCodes":["FR"],"averageBasketValue":null,"averageCommission":null,"averageConfirmationTime":null,"averageCancellationRate":null,"minimumCommission":null,"maximumCommission":null,"commissionRates":[{"fixedCommission":null,"percentageCommission":6}],"trackingLink":"https://tatrck.com/h/0Hu30z9R0YPZ","createdAt":"2023-12-13T13:35:04.665Z","updatedAt":"2024-09-03T17:05:10.699Z"},{"merchantId":140910,"name":"Condé Nast FR","imageUri":"https://monetizeamex.com/v3/120x60/6f4f60ef4fc7507dc81cd2abcab95847.png","currencyCode":"EUR","defaultDomain":"abonnement.condenast.fr","domains":["abonnement.condenast.fr"],"categoryId":79,"description":null,"isActive":true,"countryCodes":["FR"],"averageBasketValue":null,"averageCommission":1.78,"averageConfirmationTime":null,"averageCancellationRate":null,"minimumCommission":1.03,"maximumCommission":3.15,"commissionRates":[],"trackingLink":"https://tatrck.com/h/0Hu30z9R0YPk","createdAt":"2023-12-13T13:35:09.080Z","updatedAt":"2024-08-22T11:06:10.793Z"},{"merchantId":140989,"name":"La Stampa IT","imageUri":"https://monetizeamex.com/v3/120x60/3a380e58a605fb5ee6d34bcc1e9e6fb6.png","currencyCode":"EUR","defaultDomain":"lastampa.it","domains":["lastampa.it"],"categoryId":50,"description":null,"isActive":true,"countryCodes":["IT"],"averageBasketValue":1,"averageCommission":9,"averageConfirmationTime":null,"averageCancellationRate":null,"minimumCommission":null,"maximumCommission":null,"commissionRates":[],"trackingLink":"https://tatrck.com/h/0Hu30z9R0YQz","createdAt":"2023-12-13T13:35:36.795Z","updatedAt":"2024-09-03T17:08:24.675Z"},{"merchantId":140991,"name":"Lycamobile AU","imageUri":"https://monetizeamex.com/v3/120x60/ad646aa5a31de645eb88939c81056138.png","currencyCode":"EUR","defaultDomain":"lycamobile.com.au","domains":["lycamobile.com.au"],"categoryId":58,"description":null,"isActive":true,"countryCodes":["AU"],"averageBasketValue":12.36,"averageCommission":2.31,"averageConfirmationTime":3,"averageCancellationRate":null,"minimumCommission":9.04,"maximumCommission":9.04,"commissionRates":[{"fixedCommission":null,"percentageCommission":0.6},{"fixedCommission":15,"percentageCommission":null}],"trackingLink":"https://tatrck.com/h/0Hu30z9R0YQ_","createdAt":"2023-12-13T13:35:38.370Z","updatedAt":"2024-08-21T11:36:21.261Z"},{"merchantId":141002,"name":"UnderArmour NL","imageUri":"https://monetizeamex.com/v3/120x60/7ab316406bcbbbc083127b499550a6d1.png","currencyCode":"EUR","defaultDomain":"underarmour.nl","domains":["underarmour.nl"],"categoryId":40,"description":null,"isActive":true,"countryCodes":["NL"],"averageBasketValue":72.19,"averageCommission":3.46,"averageConfirmationTime":null,"averageCancellationRate":null,"minimumCommission":0.71,"maximumCommission":8.91,"commissionRates":[],"trackingLink":"https://tatrck.com/h/0Hu30z9R0YRA","createdAt":"2023-12-13T13:35:42.581Z","updatedAt":"2024-08-21T05:54:35.582Z"},{"merchantId":141035,"name":"Vans US","imageUri":"https://monetizeamex.com/v3/120x60/3a49f2697b6332701ceb8971c439982a.png","currencyCode":"EUR","defaultDomain":"vans.com","domains":["vans.com"],"categoryId":40,"description":"Entdecke angesagte trendige Schuhe, Bekleidung und Accessoires wie Sonnenbrillen, Mützen, Rucksäcke für Männer, Frauen und Kinder der Top Marke Vans.","isActive":true,"countryCodes":["US"],"averageBasketValue":43.01,"averageCommission":0.4,"averageConfirmationTime":null,"averageCancellationRate":null,"minimumCommission":0.03,"maximumCommission":1.48,"commissionRates":[{"fixedCommission":null,"percentageCommission":0.96}],"trackingLink":"https://tatrck.com/h/0Hu30z9R0YRh","createdAt":"2023-12-13T13:35:58.483Z","updatedAt":"2024-09-03T05:45:35.378Z"},{"merchantId":141040,"name":"Kids Pass UK","imageUri":"https://monetizeamex.com/v3/120x60/a7bf6a2b7f78be99adc3a4b3658d277d.png","currencyCode":"EUR","defaultDomain":"kidspass.co.uk","domains":["kidspass.co.uk"],"categoryId":53,"description":null,"isActive":true,"countryCodes":["GB"],"averageBasketValue":1.06,"averageCommission":1,"averageConfirmationTime":16,"averageCancellationRate":5.3,"minimumCommission":0.94,"maximumCommission":1.88,"commissionRates":[{"fixedCommission":0.9,"percentageCommission":null}],"trackingLink":"https://tatrck.com/h/0Hu30z9R0YRm","createdAt":"2023-12-13T13:35:59.887Z","updatedAt":"2024-09-03T17:14:39.799Z"},{"merchantId":141046,"name":"Reifentiefpreis DE","imageUri":"https://monetizeamex.com/v3/120x60/f5b54fe64159b99b92b540e6de1e3107.png","currencyCode":"EUR","defaultDomain":"reifentiefpreis.de","domains":["reifentiefpreis.de"],"categoryId":50,"description":"Im Online-Shop Reifentiefpreis finden sie preiswerte Sommer- und Winterreifen, Offroadreifen, Kompletträder, Felgen in Alu oder Stahl für PKW und Motorrad von bekannten Marken wie Dunlop, Goodyear, Continental, Hankook und viele andere.","isActive":true,"countryCodes":["DE"],"averageBasketValue":332.34,"averageCommission":4.11,"averageConfirmationTime":null,"averageCancellationRate":null,"minimumCommission":2.64,"maximumCommission":2.64,"commissionRates":[{"fixedCommission":null,"percentageCommission":1.2},{"fixedCommission":null,"percentageCommission":1.7999999999999998}],"trackingLink":"https://tatrck.com/h/0Hu30z9R0YRs","createdAt":"2023-12-13T13:36:04.764Z","updatedAt":"2024-09-03T17:08:48.420Z"},{"merchantId":141069,"name":"Spartanien DE","imageUri":"https://monetizeamex.com/v3/120x60/0d7e739547d8158cc85089dd6e15b921.png","currencyCode":"EUR","defaultDomain":"spartanien.de","domains":["spartanien.de"],"categoryId":20,"description":"Spartanien ist die perfekte Welt für alle Sparfüchse. Hier findest du ständig neue Angebote, bei denen du mit Amazon-Gutscheinen belohnt wirst. Dies können sowohl kostenlose als auch kostenpflichtige Aktionen sein.","isActive":true,"countryCodes":["DE"],"averageBasketValue":1,"averageCommission":0.87,"averageConfirmationTime":null,"averageCancellationRate":null,"minimumCommission":0.24,"maximumCommission":1.5,"commissionRates":[{"fixedCommission":1.5,"percentageCommission":null},{"fixedCommission":0.24,"percentageCommission":null}],"trackingLink":"https://tatrck.com/h/0Hu30z9R0YSD","createdAt":"2023-12-13T13:36:13.480Z","updatedAt":"2024-08-30T05:32:08.098Z"},{"merchantId":141072,"name":"Wunderwerk DE","imageUri":"https://monetizeamex.com/v3/120x60/eac2d6466907b59dab0a04bdd4b2d8d1.png","currencyCode":"EUR","defaultDomain":"wunderwerk.com","domains":["wunderwerk.com","wunderwerk.de"],"categoryId":40,"description":"Das Modelabel Wunderwerk steht für modisches Design, komfortable Passform, anschmiegsame, wertige und naturbelassene nachhaltige Stoffe. Die Jacken, Hosen, Kleider, Blusen, Shirts, Hemden und Accessoires sind für trendorientierte und modische Frauen und Männer.","isActive":true,"countryCodes":["DE"],"averageBasketValue":220.23,"averageCommission":11.89,"averageConfirmationTime":null,"averageCancellationRate":null,"minimumCommission":4.84,"maximumCommission":7.54,"commissionRates":[{"fixedCommission":null,"percentageCommission":5.3999999999999995}],"trackingLink":"https://tatrck.com/h/0Hu30z9R0YSG","createdAt":"2023-12-13T13:36:14.894Z","updatedAt":"2024-08-15T08:58:40.135Z"},{"merchantId":141123,"name":"Jack Wills UK","imageUri":"https://monetizeamex.com/v3/120x60/a67103dd46097e526bcbaacc161288b6.png","currencyCode":"EUR","defaultDomain":"jackwills.com","domains":["jackwills.com"],"categoryId":40,"description":null,"isActive":true,"countryCodes":["GB"],"averageBasketValue":64.2,"averageCommission":1.14,"averageConfirmationTime":null,"averageCancellationRate":0.9,"minimumCommission":0.06,"maximumCommission":6.43,"commissionRates":[{"fixedCommission":null,"percentageCommission":1.7999999999999998}],"trackingLink":"https://tatrck.com/h/0Hu30z9R0YT3","createdAt":"2023-12-13T13:36:36.982Z","updatedAt":"2024-09-03T05:47:11.472Z"},{"merchantId":141125,"name":"Pink Boutique UK","imageUri":"https://monetizeamex.com/v3/120x60/b242a15c26b1e1badf18cf7da3fd2b48.png","currencyCode":"EUR","defaultDomain":"pinkboutique.co.uk","domains":["pinkboutique.co.uk"],"categoryId":40,"description":null,"isActive":true,"countryCodes":["US"],"averageBasketValue":47.28,"averageCommission":0.38,"averageConfirmationTime":null,"averageCancellationRate":null,"minimumCommission":0.07,"maximumCommission":0.75,"commissionRates":[],"trackingLink":"https://tatrck.com/h/0Hu30z9R0YT5","createdAt":"2023-12-13T13:36:38.187Z","updatedAt":"2024-09-02T05:50:40.221Z"},{"merchantId":141144,"name":"Amrita Aromatherapy US","imageUri":"https://monetizeamex.com/v3/120x60/769a68576cc2a0e8b39a135b37f2d9fd.png","currencyCode":"EUR","defaultDomain":"amrita.net","domains":["amrita.net"],"categoryId":28,"description":null,"isActive":true,"countryCodes":["US"],"averageBasketValue":51.95,"averageCommission":1.55,"averageConfirmationTime":null,"averageCancellationRate":null,"minimumCommission":1.77,"maximumCommission":1.89,"commissionRates":[{"fixedCommission":null,"percentageCommission":6}],"trackingLink":"https://tatrck.com/h/0Hu30z9R0YTO","createdAt":"2023-12-13T13:36:44.273Z","updatedAt":"2024-08-21T11:31:08.854Z"},{"merchantId":141149,"name":"BattlBox US","imageUri":"https://monetizeamex.com/v3/120x60/db52a15e87d7d0f8e75a1117181e90ad.png","currencyCode":"EUR","defaultDomain":"battlbox.com","domains":["battlbox.com"],"categoryId":55,"description":null,"isActive":true,"countryCodes":["US"],"averageBasketValue":133.47,"averageCommission":5.41,"averageConfirmationTime":10,"averageCancellationRate":null,"minimumCommission":0.6,"maximumCommission":21.28,"commissionRates":[{"fixedCommission":null,"percentageCommission":4.8},{"fixedCommission":null,"percentageCommission":4.2}],"trackingLink":"https://tatrck.com/h/0Hu30z9R0YTT","createdAt":"2023-12-13T13:36:46.080Z","updatedAt":"2024-09-03T05:52:21.382Z"},{"merchantId":141177,"name":"Halftee US","imageUri":"https://monetizeamex.com/v3/120x60/a06521a2c214bbb2de24d333fab65c69.png","currencyCode":"EUR","defaultDomain":"halftee.com","domains":["halftee.com"],"categoryId":40,"description":null,"isActive":true,"countryCodes":["US"],"averageBasketValue":34.36,"averageCommission":2.05,"averageConfirmationTime":null,"averageCancellationRate":null,"minimumCommission":0.51,"maximumCommission":3.34,"commissionRates":[{"fixedCommission":null,"percentageCommission":6}],"trackingLink":"https://tatrck.com/h/0Hu30z9R0YTv","createdAt":"2023-12-13T13:36:55.767Z","updatedAt":"2024-08-21T11:39:24.227Z"},{"merchantId":141208,"name":"PetVet Express US","imageUri":"https://monetizeamex.com/v3/120x60/284b2a9fd18f2e334abb605f0db25128.png","currencyCode":"EUR","defaultDomain":"bestdealpetsupply.com","domains":["bestdealpetsupply.com"],"categoryId":61,"description":null,"isActive":true,"countryCodes":["US"],"averageBasketValue":82.21,"averageCommission":3.94,"averageConfirmationTime":null,"averageCancellationRate":null,"minimumCommission":2.6,"maximumCommission":12.22,"commissionRates":[{"fixedCommission":null,"percentageCommission":4.8}],"trackingLink":"https://tatrck.com/h/0Hu30z9R0YUO","createdAt":"2023-12-13T13:37:05.178Z","updatedAt":"2024-08-21T11:35:18.769Z"},{"merchantId":141209,"name":"Proozy US","imageUri":"https://monetizeamex.com/v3/120x60/ebde479fa508377c0c821630c185e8b3.png","currencyCode":"EUR","defaultDomain":"proozy.com","domains":["proozy.com"],"categoryId":21,"description":null,"isActive":true,"countryCodes":["US"],"averageBasketValue":51.99,"averageCommission":1.54,"averageConfirmationTime":33,"averageCancellationRate":2.3,"minimumCommission":0.24,"maximumCommission":1.61,"commissionRates":[{"fixedCommission":null,"percentageCommission":3}],"trackingLink":"https://tatrck.com/h/0Hu30z9R0YUP","createdAt":"2023-12-13T13:37:05.013Z","updatedAt":"2024-09-02T05:46:00.241Z"},{"merchantId":141211,"name":"Qbedding US","imageUri":"https://monetizeamex.com/v3/120x60/3e9a8c7f6c6dda01f88c0208b21174d7.png","currencyCode":"EUR","defaultDomain":"qbedding.com","domains":["qbedding.com"],"categoryId":74,"description":null,"isActive":true,"countryCodes":["US"],"averageBasketValue":101.18,"averageCommission":3.03,"averageConfirmationTime":1,"averageCancellationRate":null,"minimumCommission":2.48,"maximumCommission":3.17,"commissionRates":[{"fixedCommission":null,"percentageCommission":3}],"trackingLink":"https://tatrck.com/h/0Hu30z9R0YUR","createdAt":"2023-12-13T13:37:07.182Z","updatedAt":"2024-08-21T11:35:14.350Z"},{"merchantId":141214,"name":"Reneotech US","imageUri":"https://monetizeamex.com/v3/120x60/dd08d809a22a687325524a28dafe64cb.png","currencyCode":"EUR","defaultDomain":"ecoraiderusa.com","domains":["ecoraiderusa.com"],"categoryId":74,"description":null,"isActive":true,"countryCodes":["US"],"averageBasketValue":null,"averageCommission":null,"averageConfirmationTime":null,"averageCancellationRate":null,"minimumCommission":null,"maximumCommission":null,"commissionRates":[{"fixedCommission":null,"percentageCommission":6}],"trackingLink":"https://tatrck.com/h/0Hu30z9R0YUU","createdAt":"2023-12-13T13:37:08.175Z","updatedAt":"2024-08-21T11:31:14.156Z"},{"merchantId":141217,"name":"Sebastian Cruz Couture US","imageUri":"https://monetizeamex.com/v3/120x60/45fcdbb06313f6984e80ec99620fd9ef.png","currencyCode":"EUR","defaultDomain":"sebastiancruzcouture.com","domains":["sebastiancruzcouture.com"],"categoryId":40,"description":null,"isActive":true,"countryCodes":["US"],"averageBasketValue":923.61,"averageCommission":44.32,"averageConfirmationTime":null,"averageCancellationRate":null,"minimumCommission":61.17,"maximumCommission":61.17,"commissionRates":[{"fixedCommission":null,"percentageCommission":6}],"trackingLink":"https://tatrck.com/h/0Hu30z9R0YUX","createdAt":"2023-12-13T13:37:08.008Z","updatedAt":"2024-08-21T11:39:24.046Z"},{"merchantId":141222,"name":"Sock Panda US","imageUri":"https://monetizeamex.com/v3/120x60/35e572ba075b5493cdbe4cae20cdb6d6.png","currencyCode":"EUR","defaultDomain":"sockpanda.com","domains":["sockpanda.com"],"categoryId":40,"description":null,"isActive":true,"countryCodes":["US"],"averageBasketValue":null,"averageCommission":null,"averageConfirmationTime":null,"averageCancellationRate":null,"minimumCommission":null,"maximumCommission":null,"commissionRates":[{"fixedCommission":4.8,"percentageCommission":null},{"fixedCommission":null,"percentageCommission":4.8},{"fixedCommission":null,"percentageCommission":6}],"trackingLink":"https://tatrck.com/h/0Hu30z9R0YUc","createdAt":"2023-12-13T13:37:09.494Z","updatedAt":"2024-08-21T11:37:44.140Z"},{"merchantId":141230,"name":"The Dark Knot Limited US","imageUri":"https://monetizeamex.com/v3/120x60/c147690dbfd0e5dab0a2e2c3ba6803fc.png","currencyCode":"EUR","defaultDomain":"thedarkknot.com","domains":["thedarkknot.com"],"categoryId":40,"description":null,"isActive":true,"countryCodes":["US"],"averageBasketValue":94.56,"averageCommission":5.52,"averageConfirmationTime":null,"averageCancellationRate":null,"minimumCommission":1.82,"maximumCommission":1.82,"commissionRates":[{"fixedCommission":null,"percentageCommission":6}],"trackingLink":"https://tatrck.com/h/0Hu30z9R0YUk","createdAt":"2023-12-13T13:37:13.068Z","updatedAt":"2024-08-21T11:45:18.325Z"},{"merchantId":141235,"name":"ToGoSpa US","imageUri":"https://monetizeamex.com/v3/120x60/0d28926fd3db3c222dabb5b083534ece.png","currencyCode":"EUR","defaultDomain":"togospa.com","domains":["togospa.com"],"categoryId":28,"description":null,"isActive":true,"countryCodes":["US"],"averageBasketValue":189.77,"averageCommission":11.95,"averageConfirmationTime":null,"averageCancellationRate":null,"minimumCommission":4.53,"maximumCommission":19.36,"commissionRates":[],"trackingLink":"https://tatrck.com/h/0Hu30z9R0YUp","createdAt":"2023-12-13T13:37:13.469Z","updatedAt":"2024-08-26T09:01:27.633Z"},{"merchantId":141236,"name":"TruConnect Mobile US","imageUri":"https://monetizeamex.com/v3/120x60/ecec9095414e2570b52804cebbf18c7c.png","currencyCode":"EUR","defaultDomain":"truconnect.com","domains":["truconnect.com"],"categoryId":58,"description":null,"isActive":true,"countryCodes":["US"],"averageBasketValue":4.53,"averageCommission":1.62,"averageConfirmationTime":null,"averageCancellationRate":3.7,"minimumCommission":0.24,"maximumCommission":12.06,"commissionRates":[{"fixedCommission":12,"percentageCommission":null},{"fixedCommission":7.2,"percentageCommission":null},{"fixedCommission":3.6,"percentageCommission":null},{"fixedCommission":4.8,"percentageCommission":null},{"fixedCommission":0.48,"percentageCommission":null},{"fixedCommission":6,"percentageCommission":null},{"fixedCommission":0.24,"percentageCommission":null},{"fixedCommission":8.4,"percentageCommission":null},{"fixedCommission":2.4,"percentageCommission":null}],"trackingLink":"https://tatrck.com/h/0Hu30z9R0YUq","createdAt":"2023-12-13T13:37:13.974Z","updatedAt":"2024-09-02T05:52:34.316Z"},{"merchantId":141243,"name":"WellPath Solutions US","imageUri":"https://monetizeamex.com/v3/120x60/fbf6af9084572494bf723425fd360da9.png","currencyCode":"EUR","defaultDomain":"gowellpath.com","domains":["gowellpath.com"],"categoryId":68,"description":null,"isActive":true,"countryCodes":["US"],"averageBasketValue":null,"averageCommission":null,"averageConfirmationTime":null,"averageCancellationRate":null,"minimumCommission":null,"maximumCommission":null,"commissionRates":[{"fixedCommission":null,"percentageCommission":6}],"trackingLink":"https://tatrck.com/h/0Hu30z9R0YUx","createdAt":"2023-12-13T13:37:15.572Z","updatedAt":"2024-08-21T11:31:13.549Z"},{"merchantId":141245,"name":"Your Bijoux Box US","imageUri":"https://monetizeamex.com/v3/120x60/b9660996b4551a06f83f02a5456e8422.png","currencyCode":"EUR","defaultDomain":"yourbijouxbox.com","domains":["yourbijouxbox.com"],"categoryId":40,"description":null,"isActive":true,"countryCodes":["US"],"averageBasketValue":null,"averageCommission":null,"averageConfirmationTime":null,"averageCancellationRate":null,"minimumCommission":null,"maximumCommission":null,"commissionRates":[{"fixedCommission":null,"percentageCommission":6}],"trackingLink":"https://tatrck.com/h/0Hu30z9R0YUz","createdAt":"2023-12-13T13:37:16.786Z","updatedAt":"2024-08-21T11:43:03.740Z"},{"merchantId":141251,"name":"40plusrelatie NL","imageUri":"https://monetizeamex.com/v3/120x60/5c8d06639a08fc46b021babd37dec739.png","currencyCode":"EUR","defaultDomain":"40plusrelatie.nl","domains":["40plusrelatie.nl"],"categoryId":16,"description":null,"isActive":true,"countryCodes":["NL"],"averageBasketValue":null,"averageCommission":1.23,"averageConfirmationTime":null,"averageCancellationRate":100,"minimumCommission":2.4,"maximumCommission":2.4,"commissionRates":[],"trackingLink":"https://tatrck.com/h/0Hu30z9R0YV3","createdAt":"2023-12-13T13:37:18.676Z","updatedAt":"2024-08-28T05:12:04.362Z"},{"merchantId":141288,"name":"Dieetpro NL","imageUri":"https://monetizeamex.com/v3/120x60/f0143f2659d475b35d7c9899d27afd3e.png","currencyCode":"EUR","defaultDomain":"dieetpro.nl","domains":["dieetpro.nl"],"categoryId":68,"description":null,"isActive":true,"countryCodes":["NL"],"averageBasketValue":45.82,"averageCommission":0.97,"averageConfirmationTime":4,"averageCancellationRate":null,"minimumCommission":0.08,"maximumCommission":1.37,"commissionRates":[],"trackingLink":"https://tatrck.com/h/0Hu30z9R0YVe","createdAt":"2023-12-13T13:37:30.573Z","updatedAt":"2024-08-21T11:45:22.520Z"},{"merchantId":141293,"name":"Dudubags IT","imageUri":"https://monetizeamex.com/v3/120x60/673bf264134857f098024714c5e604f8.png","currencyCode":"EUR","defaultDomain":"dudubags.com","domains":["dudubags.com","dudubags.it"],"categoryId":40,"description":null,"isActive":true,"countryCodes":["IT"],"averageBasketValue":null,"averageCommission":null,"averageConfirmationTime":null,"averageCancellationRate":null,"minimumCommission":null,"maximumCommission":null,"commissionRates":[{"fixedCommission":null,"percentageCommission":3.78}],"trackingLink":"https://tatrck.com/h/0Hu30z9R0YVj","createdAt":"2023-12-13T13:37:31.688Z","updatedAt":"2024-08-21T11:30:36.853Z"},{"merchantId":141313,"name":"Flyer BE","imageUri":"https://monetizeamex.com/v3/120x60/15c8adfff29f98a64130d4f5eb8088c2.png","currencyCode":"EUR","defaultDomain":"flyer.be","domains":["flyer.be"],"categoryId":50,"description":null,"isActive":true,"countryCodes":["BE"],"averageBasketValue":78.67,"averageCommission":1.11,"averageConfirmationTime":6,"averageCancellationRate":16.7,"minimumCommission":0.28,"maximumCommission":1.35,"commissionRates":[],"trackingLink":"https://tatrck.com/h/0Hu30z9R0YW1","createdAt":"2023-12-13T13:37:37.586Z","updatedAt":"2024-09-03T05:45:03.645Z"},{"merchantId":141328,"name":"HostingTG ES","imageUri":"https://monetizeamex.com/v3/120x60/df978870fdbfd70b073cd11276ac296f.png","currencyCode":"EUR","defaultDomain":"hostingtg.com","domains":["hostingtg.com"],"categoryId":19,"description":null,"isActive":true,"countryCodes":["ES"],"averageBasketValue":20.19,"averageCommission":0.78,"averageConfirmationTime":null,"averageCancellationRate":null,"minimumCommission":0.78,"maximumCommission":0.78,"commissionRates":[],"trackingLink":"https://tatrck.com/h/0Hu30z9R0YWG","createdAt":"2023-12-13T13:37:42.673Z","updatedAt":"2024-08-21T11:43:36.749Z"},{"merchantId":141331,"name":"ihre-kontaktlinsen DE","imageUri":"https://monetizeamex.com/v3/120x60/b206205e109cb6651c0f2bf5c94f87a1.png","currencyCode":"EUR","defaultDomain":"ihre-kontaktlinsen.de","domains":["ihre-kontaktlinsen.de"],"categoryId":76,"description":"Komplettes Sortiment an Kontaktlinsen und Pflegemitteln. Angeboten werden unteranderem Monatslinsen, Tageslinsen, Farblinsen, Kontaktlinsenpflegemittel, Augentropfen und vieles mehr für Kontaktlinsenträger.","isActive":true,"countryCodes":["DE"],"averageBasketValue":91.11,"averageCommission":1.74,"averageConfirmationTime":58,"averageCancellationRate":0.2,"minimumCommission":0.13,"maximumCommission":8.61,"commissionRates":[],"trackingLink":"https://tatrck.com/h/0Hu30z9R0YWJ","createdAt":"2023-12-13T13:37:43.866Z","updatedAt":"2024-09-03T05:41:04.882Z"},{"merchantId":141332,"name":"JHP-Fashion NL","imageUri":"https://monetizeamex.com/v3/120x60/686aef930421e4f84e1d2e2ee6e533b6.png","currencyCode":"EUR","defaultDomain":"jhpfashion.nl","domains":["jhp-fashion.nl","jhpfashion.nl"],"categoryId":40,"description":null,"isActive":true,"countryCodes":["BE","NL"],"averageBasketValue":178.68,"averageCommission":10.04,"averageConfirmationTime":46,"averageCancellationRate":4.7,"minimumCommission":2.4,"maximumCommission":8.07,"commissionRates":[{"fixedCommission":null,"percentageCommission":6}],"trackingLink":"https://tatrck.com/h/0Hu30z9R0YWK","createdAt":"2023-12-13T13:37:43.585Z","updatedAt":"2024-09-03T17:06:15.479Z"},{"merchantId":141333,"name":"JokerCasino NL","imageUri":"https://monetizeamex.com/v3/120x60/bd82500094be818442c2a7515b8c4c4e.png","currencyCode":"EUR","defaultDomain":"jokercasino.com","domains":["jokercasino.com"],"categoryId":42,"description":null,"isActive":true,"countryCodes":["EE"],"averageBasketValue":null,"averageCommission":null,"averageConfirmationTime":null,"averageCancellationRate":null,"minimumCommission":null,"maximumCommission":null,"commissionRates":[],"trackingLink":"https://tatrck.com/h/0Hu30z9R0YWL","createdAt":"2023-12-13T13:37:43.697Z","updatedAt":"2024-08-21T11:27:54.137Z"},{"merchantId":141344,"name":"Alensa AT","imageUri":"https://monetizeamex.com/v3/120x60/3173d28a0fab58972d2d44cc1563d4cc.png","currencyCode":"EUR","defaultDomain":"alensa.at","domains":["alensa.at","alensa.no","alensa.rs","alensa.se","alensa.sk","alensa.uk","linsen24.at"],"categoryId":68,"description":"Komplettes Sortiment an Kontaktlinsen und Pflegemitteln. Angeboten werden unteranderem Monatslinsen, Tageslinsen, Farblinsen, Kontaktlinsenpflegemittel, Augentropfen und vieles mehr für Kontaktlinsenträger.","isActive":true,"countryCodes":["AT","SE"],"averageBasketValue":53.35,"averageCommission":1.02,"averageConfirmationTime":58,"averageCancellationRate":null,"minimumCommission":0.2,"maximumCommission":1.9,"commissionRates":[],"trackingLink":"https://tatrck.com/h/0Hu30z9R0YWW","createdAt":"2023-12-13T13:37:48.585Z","updatedAt":"2024-09-03T05:45:18.823Z"},{"merchantId":141354,"name":"Mytrendyphone UK","imageUri":"https://monetizeamex.com/v3/120x60/5ebf156628f5de6a938fd6aab9841a75.png","currencyCode":"EUR","defaultDomain":"mytrendyphone.co.uk","domains":["mytrendyphone.co.uk"],"categoryId":72,"description":null,"isActive":true,"countryCodes":["GB"],"averageBasketValue":24.9,"averageCommission":1.04,"averageConfirmationTime":null,"averageCancellationRate":75,"minimumCommission":0.58,"maximumCommission":1.26,"commissionRates":[],"trackingLink":"https://tatrck.com/h/0Hu30z9R0YWg","createdAt":"2023-12-13T13:37:50.870Z","updatedAt":"2024-08-30T05:19:01.094Z"},{"merchantId":141356,"name":"Nextlove DK","imageUri":"https://monetizeamex.com/v3/120x60/7717eab90d739f88e7b9a3105cedc7d1.png","currencyCode":"EUR","defaultDomain":"nextlove.dk","domains":["nextlove.dk"],"categoryId":16,"description":null,"isActive":true,"countryCodes":["DK"],"averageBasketValue":null,"averageCommission":null,"averageConfirmationTime":null,"averageCancellationRate":null,"minimumCommission":null,"maximumCommission":null,"commissionRates":[],"trackingLink":"https://tatrck.com/h/0Hu30z9R0YWi","createdAt":"2023-12-13T13:37:50.891Z","updatedAt":"2024-08-21T11:28:22.258Z"},{"merchantId":141386,"name":"Santafixie NL","imageUri":"https://monetizeamex.com/v3/120x60/b56c3e3bd2bd70a99892437a36d4160d.png","currencyCode":"EUR","defaultDomain":"santafixie.nl","domains":["santafixie.nl"],"categoryId":55,"description":null,"isActive":true,"countryCodes":["NL"],"averageBasketValue":39.14,"averageCommission":1.41,"averageConfirmationTime":null,"averageCancellationRate":null,"minimumCommission":0.21,"maximumCommission":2.02,"commissionRates":[{"fixedCommission":null,"percentageCommission":3.5999999999999996}],"trackingLink":"https://tatrck.com/h/0Hu30z9R0YXA","createdAt":"2023-12-13T13:38:01.398Z","updatedAt":"2024-08-21T11:36:22.065Z"}]}