{"meta":{"next":194177},"data":[{"merchantId":193542,"name":"Sephora MX","imageUri":"https://monetizeamex.com/v3/120x60/5a8cfa2c4af7a844486c0710b27bae45.png","currencyCode":"EUR","defaultDomain":"sephora.com.mx","domains":["sephora.com.mx"],"categoryId":28,"description":null,"isActive":true,"countryCodes":[],"averageBasketValue":54.73,"averageCommission":1.26,"averageConfirmationTime":35,"averageCancellationRate":1.6,"minimumCommission":0.31,"maximumCommission":1.5,"commissionRates":[{"fixedCommission":null,"percentageCommission":2.016}],"trackingLink":"https://tatrck.com/h/0Hu30z9R0lG6","createdAt":"2023-12-13T17:52:22.075Z","updatedAt":"2024-08-29T05:51:01.689Z"},{"merchantId":193545,"name":"Decathlon SG","imageUri":"https://kqdxc4m5.de/logos_v2/120x60/c0bff19ae47ab47534e228bc335a6a91.gif","currencyCode":"EUR","defaultDomain":"decathlon.sg","domains":["decathlon.sg"],"categoryId":55,"description":null,"isActive":true,"countryCodes":["SG"],"averageBasketValue":34.5,"averageCommission":0.88,"averageConfirmationTime":null,"averageCancellationRate":null,"minimumCommission":0.12,"maximumCommission":6.42,"commissionRates":[],"trackingLink":"https://tatrck.com/h/0Hu30z9R0lG9","createdAt":"2023-12-13T17:52:22.677Z","updatedAt":"2024-09-03T05:52:42.722Z"},{"merchantId":193548,"name":"Abbonamenti RCS IT","imageUri":"https://monetizeamex.com/v3/120x60/5498dc178eb8d4d0d13c88532bc08e24.png","currencyCode":"EUR","defaultDomain":"abbonamentircs.it","domains":["abbonamentircs.it"],"categoryId":79,"description":null,"isActive":true,"countryCodes":["IT"],"averageBasketValue":28.09,"averageCommission":2,"averageConfirmationTime":30,"averageCancellationRate":null,"minimumCommission":3.6,"maximumCommission":3.6,"commissionRates":[{"fixedCommission":null,"percentageCommission":6.9239999999999995},{"fixedCommission":null,"percentageCommission":9.228}],"trackingLink":"https://tatrck.com/h/0Hu30z9R0lGC","createdAt":"2023-12-13T17:52:23.467Z","updatedAt":"2024-09-03T17:07:29.458Z"},{"merchantId":193552,"name":"NexPlay FR","imageUri":"https://monetizeamex.com/v3/120x60/b607c78f10db548a191c0f159e8ea373.png","currencyCode":"EUR","defaultDomain":"nexplay.fr","domains":["nexplay.fr"],"categoryId":81,"description":null,"isActive":true,"countryCodes":["FR"],"averageBasketValue":30.9,"averageCommission":1.29,"averageConfirmationTime":28,"averageCancellationRate":8.3,"minimumCommission":1.22,"maximumCommission":1.22,"commissionRates":[{"fixedCommission":null,"percentageCommission":4.2}],"trackingLink":"https://tatrck.com/h/0Hu30z9R0lGG","createdAt":"2023-12-13T17:52:24.288Z","updatedAt":"2024-09-03T17:08:05.117Z"},{"merchantId":193555,"name":"MKF Collection US","imageUri":"https://monetizeamex.com/v3/120x60/3124713bd3983bedcfc919c7e286d053.png","currencyCode":"EUR","defaultDomain":"mkfcollection.com","domains":["mkfcollection.com"],"categoryId":40,"description":null,"isActive":true,"countryCodes":["US"],"averageBasketValue":51.03,"averageCommission":2.1,"averageConfirmationTime":null,"averageCancellationRate":null,"minimumCommission":1.08,"maximumCommission":1.54,"commissionRates":[{"fixedCommission":null,"percentageCommission":3.5999999999999996},{"fixedCommission":null,"percentageCommission":2.88},{"fixedCommission":null,"percentageCommission":3.84}],"trackingLink":"https://tatrck.com/h/0Hu30z9R0lGJ","createdAt":"2023-12-13T17:52:25.065Z","updatedAt":"2024-08-29T11:01:05.705Z"},{"merchantId":193556,"name":"Mohawk General Store US","imageUri":"https://monetizeamex.com/v3/120x60/4cd8a0d5781f18154f5ba64b29f91b6c.png","currencyCode":"EUR","defaultDomain":"mohawkgeneralstore.com","domains":["mohawkgeneralstore.com"],"categoryId":40,"description":null,"isActive":true,"countryCodes":["US"],"averageBasketValue":518.91,"averageCommission":31.13,"averageConfirmationTime":null,"averageCancellationRate":null,"minimumCommission":2.23,"maximumCommission":2.23,"commissionRates":[{"fixedCommission":null,"percentageCommission":6}],"trackingLink":"https://tatrck.com/h/0Hu30z9R0lGK","createdAt":"2023-12-13T17:52:25.589Z","updatedAt":"2024-08-21T11:30:30.232Z"},{"merchantId":193563,"name":"Kapiva [CPS] IN","imageUri":"https://monetizeamex.com/v3/120x60/f93e1aaaaacad0642b42bba3971a393d.png","currencyCode":"EUR","defaultDomain":"kapiva.in","domains":["kapiva.in"],"categoryId":35,"description":null,"isActive":true,"countryCodes":["IN"],"averageBasketValue":12.33,"averageCommission":1.03,"averageConfirmationTime":null,"averageCancellationRate":null,"minimumCommission":0.67,"maximumCommission":0.67,"commissionRates":[{"fixedCommission":null,"percentageCommission":4.2}],"trackingLink":"https://tatrck.com/h/0Hu30z9R0lGR","createdAt":"2023-12-13T17:52:27.280Z","updatedAt":"2024-09-02T05:55:00.809Z"},{"merchantId":193567,"name":"Fairhaven Health, LLC US","imageUri":"https://monetizeamex.com/v3/120x60/b7061c9bd021fa9e43f0ef13ca484e8b.png","currencyCode":"EUR","defaultDomain":"fairhavenhealth.com","domains":["fairhavenhealth.com"],"categoryId":35,"description":null,"isActive":true,"countryCodes":["US"],"averageBasketValue":null,"averageCommission":null,"averageConfirmationTime":null,"averageCancellationRate":null,"minimumCommission":null,"maximumCommission":null,"commissionRates":[],"trackingLink":"https://tatrck.com/h/0Hu30z9R0lGV","createdAt":"2023-12-13T17:52:27.971Z","updatedAt":"2024-08-21T11:30:59.825Z"},{"merchantId":193570,"name":"Readability US","imageUri":"https://kqdxc4m5.de/logos_v2/120x60/8da325777b1cc8f43b8f5448c7692ce9.gif","currencyCode":"EUR","defaultDomain":"readabilitytutor.com","domains":["readabilitytutor.com"],"categoryId":44,"description":null,"isActive":true,"countryCodes":["US"],"averageBasketValue":8.79,"averageCommission":1.72,"averageConfirmationTime":2,"averageCancellationRate":null,"minimumCommission":7.66,"maximumCommission":7.68,"commissionRates":[{"fixedCommission":9,"percentageCommission":null}],"trackingLink":"https://tatrck.com/h/0Hu30z9R0lGY","createdAt":"2023-12-13T17:52:29.078Z","updatedAt":"2024-09-02T05:30:15.042Z"},{"merchantId":193571,"name":"Spirit Hub US","imageUri":"https://monetizeamex.com/v3/120x60/ecfbf16a3cc08dcbbe329f0e5959e679.png","currencyCode":"EUR","defaultDomain":"spirithub.com","domains":["spirithub.com"],"categoryId":4,"description":null,"isActive":true,"countryCodes":["US"],"averageBasketValue":null,"averageCommission":null,"averageConfirmationTime":null,"averageCancellationRate":null,"minimumCommission":null,"maximumCommission":null,"commissionRates":[],"trackingLink":"https://tatrck.com/h/0Hu30z9R0lGZ","createdAt":"2023-12-13T17:52:30.690Z","updatedAt":"2024-08-21T11:36:54.808Z"},{"merchantId":193576,"name":"Humydry ES","imageUri":"https://monetizeamex.com/v3/120x60/21456875d1068877497a6ca683698816.png","currencyCode":"EUR","defaultDomain":"humydry.es","domains":["humydry.es"],"categoryId":72,"description":null,"isActive":true,"countryCodes":["ES"],"averageBasketValue":84.37,"averageCommission":2.43,"averageConfirmationTime":null,"averageCancellationRate":null,"minimumCommission":2.43,"maximumCommission":2.43,"commissionRates":[{"fixedCommission":null,"percentageCommission":2.88}],"trackingLink":"https://tatrck.com/h/0Hu30z9R0lGe","createdAt":"2023-12-13T17:52:30.564Z","updatedAt":"2024-08-15T09:12:37.625Z"},{"merchantId":193586,"name":"GioiaPura IT","imageUri":"https://monetizeamex.com/v3/120x60/58ba8651d9b62d3f873a99cee815ff73.png","currencyCode":"EUR","defaultDomain":"gioiapura.it","domains":["gioiapura.it"],"categoryId":73,"description":null,"isActive":true,"countryCodes":["IT"],"averageBasketValue":65.9,"averageCommission":1.86,"averageConfirmationTime":48,"averageCancellationRate":17.6,"minimumCommission":0.68,"maximumCommission":7.48,"commissionRates":[{"fixedCommission":null,"percentageCommission":2.16},{"fixedCommission":null,"percentageCommission":2.82}],"trackingLink":"https://tatrck.com/h/0Hu30z9R0lGo","createdAt":"2023-12-13T17:52:32.890Z","updatedAt":"2024-09-03T17:08:15.836Z"},{"merchantId":193597,"name":"INWARIA DE","imageUri":"https://kqdxc4m5.de/logos_v2/120x60/2303559a318aa4b593a1e2bdddb88b17.gif","currencyCode":"EUR","defaultDomain":"inwaria.de","domains":["inwaria.de"],"categoryId":73,"description":null,"isActive":true,"countryCodes":["DE"],"averageBasketValue":42.9,"averageCommission":2.57,"averageConfirmationTime":null,"averageCancellationRate":null,"minimumCommission":3.15,"maximumCommission":3.15,"commissionRates":[{"fixedCommission":null,"percentageCommission":6},{"fixedCommission":null,"percentageCommission":7.199999999999999}],"trackingLink":"https://tatrck.com/h/0Hu30z9R0lGz","createdAt":"2023-12-13T17:52:36.666Z","updatedAt":"2024-09-03T17:14:06.743Z"},{"merchantId":193601,"name":"Baby Bunting AU","imageUri":"https://kqdxc4m5.de/logos_v2/120x60/5214b40103bc7b60de798e1098b45c22.gif","currencyCode":"EUR","defaultDomain":"babybunting.com.au","domains":["babybunting.com.au"],"categoryId":17,"description":null,"isActive":true,"countryCodes":["AU"],"averageBasketValue":103.14,"averageCommission":3.34,"averageConfirmationTime":null,"averageCancellationRate":16.3,"minimumCommission":0,"maximumCommission":29.09,"commissionRates":[],"trackingLink":"https://tatrck.com/h/0Hu30z9R0lH1","createdAt":"2023-12-13T17:52:37.790Z","updatedAt":"2024-09-03T17:03:28.077Z"},{"merchantId":193609,"name":"The Gong Shop","imageUri":"https://kqdxc4m5.de/logos_v2/120x60/7c00f51e0cac064cd86312a94b3caa91.gif","currencyCode":"EUR","defaultDomain":"thegongshop.com","domains":["thegongshop.com"],"categoryId":43,"description":null,"isActive":true,"countryCodes":["US"],"averageBasketValue":111.82,"averageCommission":2.01,"averageConfirmationTime":null,"averageCancellationRate":null,"minimumCommission":5.13,"maximumCommission":5.13,"commissionRates":[],"trackingLink":"https://tatrck.com/h/0Hu30z9R0lH9","createdAt":"2023-12-13T17:52:39.489Z","updatedAt":"2024-07-29T10:50:21.315Z"},{"merchantId":193611,"name":"Webdock.io","imageUri":"https://monetizeamex.com/v3/120x60/2b0b0b8c135511a0256972372e5d7b56.png","currencyCode":"EUR","defaultDomain":"webdock.io","domains":["webdock.io"],"categoryId":22,"description":null,"isActive":true,"countryCodes":["DE"],"averageBasketValue":null,"averageCommission":null,"averageConfirmationTime":null,"averageCancellationRate":null,"minimumCommission":null,"maximumCommission":null,"commissionRates":[],"trackingLink":"https://tatrck.com/h/0Hu30z9R0lHB","createdAt":"2023-12-13T17:52:39.969Z","updatedAt":"2024-08-21T11:43:18.875Z"},{"merchantId":193620,"name":"One Pound E Liquid UK","imageUri":"https://monetizeamex.com/v3/120x60/935cbb2e720652a84e68127fecb40093.png","currencyCode":"EUR","defaultDomain":"onepoundeliquid.com","domains":["onepoundeliquid.com"],"categoryId":50,"description":null,"isActive":true,"countryCodes":["GB"],"averageBasketValue":25.25,"averageCommission":0.77,"averageConfirmationTime":null,"averageCancellationRate":null,"minimumCommission":0.1,"maximumCommission":2.65,"commissionRates":[{"fixedCommission":null,"percentageCommission":3},{"fixedCommission":null,"percentageCommission":6}],"trackingLink":"https://tatrck.com/h/0Hu30z9R0lHK","createdAt":"2023-12-13T17:52:41.578Z","updatedAt":"2024-09-02T05:52:46.778Z"},{"merchantId":193622,"name":"The Really Good Whisky Company UK","imageUri":"https://monetizeamex.com/v3/120x60/219f99cbbeae633292dcf7f3f98da8c2.png","currencyCode":"EUR","defaultDomain":"reallygoodwhisky.com","domains":["reallygoodwhisky.com"],"categoryId":21,"description":null,"isActive":true,"countryCodes":["GB"],"averageBasketValue":null,"averageCommission":null,"averageConfirmationTime":null,"averageCancellationRate":null,"minimumCommission":null,"maximumCommission":null,"commissionRates":[],"trackingLink":"https://tatrck.com/h/0Hu30z9R0lHM","createdAt":"2023-12-13T17:52:43.286Z","updatedAt":"2024-08-26T09:01:38.625Z"},{"merchantId":193624,"name":"Jonathan Adler US","imageUri":"https://monetizeamex.com/v3/120x60/7d699fe8519fb7f77a2db361636e5741.png","currencyCode":"EUR","defaultDomain":"jonathanadler.com","domains":["jonathanadler.com"],"categoryId":34,"description":null,"isActive":true,"countryCodes":["US","GB"],"averageBasketValue":110.21,"averageCommission":3.29,"averageConfirmationTime":null,"averageCancellationRate":null,"minimumCommission":1.42,"maximumCommission":10.48,"commissionRates":[{"fixedCommission":null,"percentageCommission":3},{"fixedCommission":null,"percentageCommission":4.8}],"trackingLink":"https://tatrck.com/h/0Hu30z9R0lHO","createdAt":"2023-12-13T17:52:42.873Z","updatedAt":"2024-09-03T17:03:23.498Z"},{"merchantId":193633,"name":"Emmiol US","imageUri":"https://monetizeamex.com/v3/120x60/17b99fdde3d4f1b813b4f65f99a9cf64.png","currencyCode":"EUR","defaultDomain":"emmiol.com","domains":["emmiol.com"],"categoryId":40,"description":null,"isActive":true,"countryCodes":["US"],"averageBasketValue":71.5,"averageCommission":2.97,"averageConfirmationTime":null,"averageCancellationRate":null,"minimumCommission":0.69,"maximumCommission":5.25,"commissionRates":[{"fixedCommission":null,"percentageCommission":9.6}],"trackingLink":"https://tatrck.com/h/0Hu30z9R0lHX","createdAt":"2023-12-13T17:52:45.679Z","updatedAt":"2024-08-23T15:05:39.083Z"},{"merchantId":193656,"name":"Firefly Airlines MY","imageUri":"https://monetizeamex.com/v3/120x60/dff447893bbdc14be200c4be334ca896.png","currencyCode":"EUR","defaultDomain":"fireflyz.com.my","domains":["fireflyz.com.my"],"categoryId":62,"description":null,"isActive":true,"countryCodes":[],"averageBasketValue":0.21,"averageCommission":0.45,"averageConfirmationTime":28,"averageCancellationRate":null,"minimumCommission":0.25,"maximumCommission":0.33,"commissionRates":[],"trackingLink":"https://tatrck.com/h/0Hu30z9R0lHu","createdAt":"2023-12-13T17:52:51.778Z","updatedAt":"2024-09-03T05:51:03.489Z"},{"merchantId":193662,"name":"Christow Home UK","imageUri":"https://monetizeamex.com/v3/120x60/3394c8dfb270c308da1afacc53f4cb60.png","currencyCode":"EUR","defaultDomain":"christowhome.co.uk","domains":["christowhome.co.uk"],"categoryId":74,"description":null,"isActive":true,"countryCodes":["GB"],"averageBasketValue":89.19,"averageCommission":2.67,"averageConfirmationTime":23,"averageCancellationRate":null,"minimumCommission":0.53,"maximumCommission":16.25,"commissionRates":[],"trackingLink":"https://tatrck.com/h/0Hu30z9R0lH-","createdAt":"2023-12-13T17:52:53.277Z","updatedAt":"2024-09-03T17:03:48.770Z"},{"merchantId":193664,"name":"Clove Technology UK","imageUri":"https://kqdxc4m5.de/logos_v2/120x60/9151143072a03b17635486a73a28cac6.gif","currencyCode":"EUR","defaultDomain":"clove.co.uk","domains":["clove.co.uk"],"categoryId":21,"description":null,"isActive":true,"countryCodes":["GB"],"averageBasketValue":318.8,"averageCommission":1.9,"averageConfirmationTime":null,"averageCancellationRate":null,"minimumCommission":null,"maximumCommission":null,"commissionRates":[{"fixedCommission":null,"percentageCommission":0.6}],"trackingLink":"https://tatrck.com/h/0Hu30z9R0lI0","createdAt":"2023-12-13T17:52:53.571Z","updatedAt":"2024-09-03T17:08:56.469Z"},{"merchantId":193665,"name":"Kaykay Beauty UK","imageUri":"https://monetizeamex.com/v3/120x60/3f7564bde624631d9b21dfff2492b66b.png","currencyCode":"EUR","defaultDomain":"kaykaybeauty.com","domains":["kaykaybeauty.com"],"categoryId":28,"description":null,"isActive":true,"countryCodes":["GB"],"averageBasketValue":null,"averageCommission":null,"averageConfirmationTime":null,"averageCancellationRate":null,"minimumCommission":null,"maximumCommission":null,"commissionRates":[{"fixedCommission":null,"percentageCommission":4.8}],"trackingLink":"https://tatrck.com/h/0Hu30z9R0lI1","createdAt":"2023-12-13T17:52:54.170Z","updatedAt":"2024-09-03T17:04:14.714Z"},{"merchantId":193670,"name":"Amberwing Organics US","imageUri":"https://monetizeamex.com/v3/120x60/1262c54bd10906d03ca68019577aa36c.png","currencyCode":"EUR","defaultDomain":"amberwingorganics.com","domains":["amberwingorganics.com"],"categoryId":35,"description":null,"isActive":true,"countryCodes":["US"],"averageBasketValue":null,"averageCommission":null,"averageConfirmationTime":null,"averageCancellationRate":null,"minimumCommission":null,"maximumCommission":null,"commissionRates":[{"fixedCommission":null,"percentageCommission":6},{"fixedCommission":null,"percentageCommission":14.399999999999999}],"trackingLink":"https://tatrck.com/h/0Hu30z9R0lI6","createdAt":"2023-12-13T17:52:55.265Z","updatedAt":"2024-08-21T11:43:49.762Z"},{"merchantId":193682,"name":"Helsinki Pass (APAC)","imageUri":"https://monetizeamex.com/v3/120x60/5cdbaaacfb8267356b97b2f644f3de00.png","currencyCode":"EUR","defaultDomain":"helsinkicard.com","domains":["helsinkicard.com"],"categoryId":63,"description":null,"isActive":true,"countryCodes":[],"averageBasketValue":null,"averageCommission":null,"averageConfirmationTime":null,"averageCancellationRate":null,"minimumCommission":null,"maximumCommission":null,"commissionRates":[{"fixedCommission":null,"percentageCommission":0}],"trackingLink":"https://tatrck.com/h/0Hu30z9R0lII","createdAt":"2023-12-13T17:52:57.720Z","updatedAt":"2024-08-21T11:25:15.795Z"},{"merchantId":193698,"name":"Luxe Tones UK","imageUri":"https://monetizeamex.com/v3/120x60/78bebabb37ddbcb15c088ba8af5123e4.png","currencyCode":"EUR","defaultDomain":"luxetones.com","domains":["luxetones.com"],"categoryId":40,"description":null,"isActive":true,"countryCodes":["GB"],"averageBasketValue":23.15,"averageCommission":0.13,"averageConfirmationTime":null,"averageCancellationRate":11.1,"minimumCommission":0.06,"maximumCommission":0.33,"commissionRates":[],"trackingLink":"https://tatrck.com/h/0Hu30z9R0lIY","createdAt":"2023-12-13T17:53:00.742Z","updatedAt":"2024-08-23T15:01:54.326Z"},{"merchantId":193705,"name":"Rikoland PL","imageUri":"https://monetizeamex.com/v3/120x60/3c4ead635dac34d2412f437c0bf486a3.png","currencyCode":"EUR","defaultDomain":"rikoland.pl","domains":["rikoland.pl"],"categoryId":61,"description":null,"isActive":true,"countryCodes":["PL"],"averageBasketValue":null,"averageCommission":null,"averageConfirmationTime":null,"averageCancellationRate":null,"minimumCommission":null,"maximumCommission":null,"commissionRates":[],"trackingLink":"https://tatrck.com/h/0Hu30z9R0lIf","createdAt":"2023-12-13T17:53:02.554Z","updatedAt":"2024-08-20T17:05:39.994Z"},{"merchantId":193713,"name":"HIKERS Co. US","imageUri":"https://kqdxc4m5.de/logos_v2/120x60/9b0b7053eafd803a6f749f83ebc33683.gif","currencyCode":"EUR","defaultDomain":"hikersco.com","domains":["hikersco.com"],"categoryId":40,"description":null,"isActive":true,"countryCodes":["US"],"averageBasketValue":40.84,"averageCommission":2.44,"averageConfirmationTime":null,"averageCancellationRate":null,"minimumCommission":2.82,"maximumCommission":2.82,"commissionRates":[{"fixedCommission":null,"percentageCommission":6}],"trackingLink":"https://tatrck.com/h/0Hu30z9R0lIn","createdAt":"2023-12-13T17:53:05.067Z","updatedAt":"2024-08-28T05:33:06.307Z"},{"merchantId":193718,"name":"Lysman.com SE","imageUri":"https://monetizeamex.com/v3/120x60/cef21950d7bfe1ed7c4aa98da27c75db.png","currencyCode":"EUR","defaultDomain":"lysman.com","domains":["lysman.com"],"categoryId":74,"description":null,"isActive":true,"countryCodes":["SE"],"averageBasketValue":63.59,"averageCommission":3.05,"averageConfirmationTime":null,"averageCancellationRate":null,"minimumCommission":1.32,"maximumCommission":5.14,"commissionRates":[{"fixedCommission":null,"percentageCommission":4.8}],"trackingLink":"https://tatrck.com/h/0Hu30z9R0lIs","createdAt":"2023-12-13T17:53:06.385Z","updatedAt":"2024-09-02T05:51:53.435Z"},{"merchantId":193720,"name":"DGM Outlet  NL","imageUri":"https://kqdxc4m5.de/logos_v2/120x60/020ef59e4226b408b8cbe645b107d4d7.gif","currencyCode":"EUR","defaultDomain":"dgmoutlet.nl","domains":["dgmoutlet.nl"],"categoryId":21,"description":null,"isActive":true,"countryCodes":["NL"],"averageBasketValue":70.7,"averageCommission":3.18,"averageConfirmationTime":58,"averageCancellationRate":null,"minimumCommission":3.9,"maximumCommission":3.9,"commissionRates":[{"fixedCommission":null,"percentageCommission":4.5}],"trackingLink":"https://tatrck.com/h/0Hu30z9R0lIu","createdAt":"2023-12-13T17:53:06.890Z","updatedAt":"2024-09-03T17:08:45.309Z"},{"merchantId":193721,"name":"Flowers & Plants Co. UK","imageUri":"https://monetizeamex.com/v3/120x60/e2ec4b66092e07eb515d7910b3a2be5c.png","currencyCode":"EUR","defaultDomain":"flowersandplantsco.com","domains":["flowersandplantsco.com"],"categoryId":47,"description":null,"isActive":true,"countryCodes":["GB"],"averageBasketValue":59.78,"averageCommission":3.58,"averageConfirmationTime":28,"averageCancellationRate":null,"minimumCommission":1.53,"maximumCommission":4.54,"commissionRates":[{"fixedCommission":null,"percentageCommission":6}],"trackingLink":"https://tatrck.com/h/0Hu30z9R0lIv","createdAt":"2023-12-13T17:53:07.373Z","updatedAt":"2024-09-03T17:07:11.557Z"},{"merchantId":193732,"name":"The Derma Co [CPS] IN","imageUri":"https://monetizeamex.com/v3/120x60/640fd4d010a122d112c900c8f4242fda.png","currencyCode":"EUR","defaultDomain":"thedermaco.com","domains":["thedermaco.com"],"categoryId":28,"description":null,"isActive":true,"countryCodes":["IN"],"averageBasketValue":7.38,"averageCommission":0.49,"averageConfirmationTime":null,"averageCancellationRate":null,"minimumCommission":0.47,"maximumCommission":1.06,"commissionRates":[],"trackingLink":"https://tatrck.com/h/0Hu30z9R0lJ4","createdAt":"2023-12-13T17:53:09.593Z","updatedAt":"2024-09-03T05:54:02.901Z"},{"merchantId":193739,"name":"Książka „Finansowa Forteca” - Marcin Iwuć PL","imageUri":"https://monetizeamex.com/v3/120x60/0d9696218d90bd41311a3f8ea8cddcd5.png","currencyCode":"EUR","defaultDomain":"finansowaforteca.pl","domains":["finansowaforteca.pl"],"categoryId":20,"description":null,"isActive":true,"countryCodes":["PL"],"averageBasketValue":20.35,"averageCommission":2.74,"averageConfirmationTime":29,"averageCancellationRate":null,"minimumCommission":0.57,"maximumCommission":3.7,"commissionRates":[],"trackingLink":"https://tatrck.com/h/0Hu30z9R0lJB","createdAt":"2023-12-13T17:53:10.802Z","updatedAt":"2024-08-21T05:27:06.323Z"},{"merchantId":193740,"name":"Aviya Mattress US","imageUri":"https://kqdxc4m5.de/logos_v2/120x60/1fd296916d11bfd966e1aa550d7225f4.gif","currencyCode":"EUR","defaultDomain":"aviyamattress.com","domains":["aviyamattress.com"],"categoryId":34,"description":null,"isActive":true,"countryCodes":["US"],"averageBasketValue":null,"averageCommission":null,"averageConfirmationTime":null,"averageCancellationRate":null,"minimumCommission":null,"maximumCommission":null,"commissionRates":[{"fixedCommission":null,"percentageCommission":6}],"trackingLink":"https://tatrck.com/h/0Hu30z9R0lJC","createdAt":"2023-12-13T17:53:11.870Z","updatedAt":"2024-08-21T11:44:02.297Z"},{"merchantId":193744,"name":"Proper Wild US","imageUri":"https://kqdxc4m5.de/logos_v2/120x60/b32df7a09d2ed429b05aff756332b703.gif","currencyCode":"EUR","defaultDomain":"properwild.com","domains":["properwild.com"],"categoryId":35,"description":null,"isActive":true,"countryCodes":["US"],"averageBasketValue":null,"averageCommission":null,"averageConfirmationTime":null,"averageCancellationRate":null,"minimumCommission":null,"maximumCommission":null,"commissionRates":[{"fixedCommission":null,"percentageCommission":9.6},{"fixedCommission":9,"percentageCommission":null}],"trackingLink":"https://tatrck.com/h/0Hu30z9R0lJG","createdAt":"2023-12-13T17:53:12.983Z","updatedAt":"2024-08-21T11:39:13.850Z"},{"merchantId":193745,"name":"Paris Saint-Germain Store","imageUri":"https://monetizeamex.com/v3/120x60/50c0577183b1712f1fdea2a8570cbef8.png","currencyCode":"EUR","defaultDomain":"store3.psg.fr","domains":["store3.psg.fr","store.psg.fr"],"categoryId":55,"description":null,"isActive":true,"countryCodes":["AU"],"averageBasketValue":80.18,"averageCommission":0.96,"averageConfirmationTime":58,"averageCancellationRate":null,"minimumCommission":1.34,"maximumCommission":1.34,"commissionRates":[],"trackingLink":"https://tatrck.com/h/0Hu30z9R0lJH","createdAt":"2023-12-13T17:53:13.584Z","updatedAt":"2024-08-15T09:08:49.683Z"},{"merchantId":193747,"name":"MLSStore.com","imageUri":"https://kqdxc4m5.de/logos_v2/120x60/954f48590d692c70a44625b3da7f4139.gif","currencyCode":"EUR","defaultDomain":"mlsstore.com","domains":["mlsstore.com"],"categoryId":60,"description":null,"isActive":true,"countryCodes":["CA","MX","US"],"averageBasketValue":86.05,"averageCommission":4.12,"averageConfirmationTime":58,"averageCancellationRate":2.5,"minimumCommission":0.19,"maximumCommission":15,"commissionRates":[],"trackingLink":"https://tatrck.com/h/0Hu30z9R0lJJ","createdAt":"2023-12-13T17:53:14.177Z","updatedAt":"2024-09-02T05:46:13.925Z"},{"merchantId":193794,"name":"V&YOU UK","imageUri":"https://monetizeamex.com/v3/120x60/14e8a1874881a36e75de2440356ab986.png","currencyCode":"EUR","defaultDomain":"vandyou.com","domains":["vandyou.com"],"categoryId":35,"description":null,"isActive":true,"countryCodes":["GB"],"averageBasketValue":25.15,"averageCommission":0.3,"averageConfirmationTime":null,"averageCancellationRate":null,"minimumCommission":0.27,"maximumCommission":0.35,"commissionRates":[{"fixedCommission":null,"percentageCommission":1.2}],"trackingLink":"https://tatrck.com/h/0Hu30z9R0lK2","createdAt":"2023-12-13T17:53:26.510Z","updatedAt":"2024-09-03T17:07:06.915Z"},{"merchantId":193796,"name":"YourZooki UK","imageUri":"https://monetizeamex.com/v3/120x60/558f0a1e89a9bf7c9ba25c994306e7aa.png","currencyCode":"EUR","defaultDomain":"yourzooki.com","domains":["yourzooki.com"],"categoryId":68,"description":null,"isActive":true,"countryCodes":["GB"],"averageBasketValue":null,"averageCommission":null,"averageConfirmationTime":null,"averageCancellationRate":null,"minimumCommission":null,"maximumCommission":null,"commissionRates":[{"fixedCommission":null,"percentageCommission":7.8}],"trackingLink":"https://tatrck.com/h/0Hu30z9R0lK4","createdAt":"2023-12-13T17:53:27.585Z","updatedAt":"2024-09-03T17:09:36.916Z"},{"merchantId":193813,"name":"EroticFeel ES","imageUri":"https://monetizeamex.com/v3/120x60/ebfc5ed81e77af3bc2c99a7227a507af.png","currencyCode":"EUR","defaultDomain":"eroticfeel.com","domains":["eroticfeel.com"],"categoryId":60,"description":null,"isActive":true,"countryCodes":["ES"],"averageBasketValue":58.36,"averageCommission":0.66,"averageConfirmationTime":null,"averageCancellationRate":null,"minimumCommission":2.59,"maximumCommission":2.59,"commissionRates":[],"trackingLink":"https://tatrck.com/h/0Hu30z9R0lKL","createdAt":"2023-12-13T17:53:28.866Z","updatedAt":"2024-08-21T11:31:41.385Z"},{"merchantId":193815,"name":"Kunaq ES","imageUri":"https://monetizeamex.com/v3/120x60/c72789a892df26cde7cce2ff10ff8552.png","currencyCode":"EUR","defaultDomain":"mi-salud-integral.com","domains":["mi-salud-integral.com"],"categoryId":28,"description":null,"isActive":true,"countryCodes":["ES"],"averageBasketValue":null,"averageCommission":null,"averageConfirmationTime":null,"averageCancellationRate":null,"minimumCommission":null,"maximumCommission":null,"commissionRates":[],"trackingLink":"https://tatrck.com/h/0Hu30z9R0lKN","createdAt":"2023-12-13T17:53:29.880Z","updatedAt":"2024-08-21T11:47:09.687Z"},{"merchantId":193816,"name":"Led Diretto IT","imageUri":"https://monetizeamex.com/v3/120x60/b72c81e604bb523dc46089df276e180a.png","currencyCode":"EUR","defaultDomain":"leddiretto.it","domains":["leddiretto.it"],"categoryId":72,"description":null,"isActive":true,"countryCodes":["IT"],"averageBasketValue":177.45,"averageCommission":7.45,"averageConfirmationTime":3,"averageCancellationRate":null,"minimumCommission":3.41,"maximumCommission":14.64,"commissionRates":[],"trackingLink":"https://tatrck.com/h/0Hu30z9R0lKO","createdAt":"2023-12-13T17:53:29.675Z","updatedAt":"2024-08-21T11:35:14.322Z"},{"merchantId":193830,"name":"Winparts.nl NL","imageUri":"https://monetizeamex.com/v3/120x60/643000eebd677c90a1be33b1bf44f39b.png","currencyCode":"EUR","defaultDomain":"winparts.nl","domains":["winparts.nl"],"categoryId":59,"description":null,"isActive":true,"countryCodes":["NL"],"averageBasketValue":86.29,"averageCommission":2.5,"averageConfirmationTime":36,"averageCancellationRate":0.1,"minimumCommission":0,"maximumCommission":87.87,"commissionRates":[],"trackingLink":"https://tatrck.com/h/0Hu30z9R0lKc","createdAt":"2023-12-13T17:53:33.369Z","updatedAt":"2024-09-03T05:29:19.697Z"},{"merchantId":193838,"name":"Logitech G EMEA","imageUri":"https://monetizeamex.com/v3/120x60/7b52a68b8ea866b161e0b61c08899e5c.png","currencyCode":"EUR","defaultDomain":"logitechg.com","domains":["logitechg.com"],"categoryId":42,"description":null,"isActive":true,"countryCodes":["US","BY","AT","DE","ES","GB"],"averageBasketValue":1,"averageCommission":5.53,"averageConfirmationTime":null,"averageCancellationRate":0.5,"minimumCommission":0.16,"maximumCommission":5.41,"commissionRates":[{"fixedCommission":null,"percentageCommission":0.96},{"fixedCommission":null,"percentageCommission":1.92}],"trackingLink":"https://tatrck.com/h/0Hu30z9R0lKk","createdAt":"2023-12-13T17:53:34.868Z","updatedAt":"2024-09-03T05:52:31.752Z"},{"merchantId":193843,"name":"Sportservice PL","imageUri":"https://monetizeamex.com/v3/120x60/1577dd2fe98be00c7bc862211b6a7cb3.png","currencyCode":"EUR","defaultDomain":"sportservice.pl","domains":["sportservice.pl"],"categoryId":55,"description":null,"isActive":true,"countryCodes":["PL"],"averageBasketValue":53.67,"averageCommission":3.2,"averageConfirmationTime":37,"averageCancellationRate":4,"minimumCommission":0.16,"maximumCommission":1.86,"commissionRates":[],"trackingLink":"https://tatrck.com/h/0Hu30z9R0lKp","createdAt":"2023-12-13T17:53:35.967Z","updatedAt":"2024-08-30T05:57:22.912Z"},{"merchantId":193890,"name":"BrandResumes.com US","imageUri":"https://kqdxc4m5.de/logos_v2/120x60/8bc8b69f19a0ce1ab37e7f940507ba08.gif","currencyCode":"EUR","defaultDomain":"brandresumes.com","domains":["brandresumes.com"],"categoryId":44,"description":null,"isActive":true,"countryCodes":["US"],"averageBasketValue":null,"averageCommission":null,"averageConfirmationTime":null,"averageCancellationRate":null,"minimumCommission":null,"maximumCommission":null,"commissionRates":[{"fixedCommission":null,"percentageCommission":7.199999999999999},{"fixedCommission":null,"percentageCommission":9}],"trackingLink":"https://tatrck.com/h/0Hu30z9R0lLY","createdAt":"2023-12-13T17:53:47.178Z","updatedAt":"2024-08-21T11:29:43.774Z"},{"merchantId":193891,"name":"Chili Chews US","imageUri":"https://kqdxc4m5.de/logos_v2/120x60/6c6d52961e9b85f0297d5ee509e4a354.gif","currencyCode":"EUR","defaultDomain":"chilichews.com","domains":["chilichews.com"],"categoryId":14,"description":null,"isActive":true,"countryCodes":["US"],"averageBasketValue":null,"averageCommission":null,"averageConfirmationTime":null,"averageCancellationRate":null,"minimumCommission":null,"maximumCommission":null,"commissionRates":[{"fixedCommission":null,"percentageCommission":4.8}],"trackingLink":"https://tatrck.com/h/0Hu30z9R0lLZ","createdAt":"2023-12-13T17:53:47.671Z","updatedAt":"2024-08-21T11:31:15.507Z"},{"merchantId":193895,"name":"Sweave US","imageUri":"https://kqdxc4m5.de/logos_v2/120x60/757dd806b530234c317b300be4065764.gif","currencyCode":"EUR","defaultDomain":"sweavebedding.com","domains":["sweavebedding.com"],"categoryId":74,"description":null,"isActive":true,"countryCodes":["US"],"averageBasketValue":null,"averageCommission":null,"averageConfirmationTime":null,"averageCancellationRate":null,"minimumCommission":null,"maximumCommission":null,"commissionRates":[{"fixedCommission":null,"percentageCommission":6}],"trackingLink":"https://tatrck.com/h/0Hu30z9R0lLd","createdAt":"2023-12-13T17:53:49.168Z","updatedAt":"2024-08-21T11:39:40.390Z"},{"merchantId":193896,"name":"The Hemp Division US","imageUri":"https://kqdxc4m5.de/logos_v2/120x60/ce8b680bad0228ec58f82f29416641ce.gif","currencyCode":"EUR","defaultDomain":"thehempdivision.com","domains":["thehempdivision.com"],"categoryId":28,"description":null,"isActive":true,"countryCodes":["US"],"averageBasketValue":null,"averageCommission":null,"averageConfirmationTime":null,"averageCancellationRate":null,"minimumCommission":null,"maximumCommission":null,"commissionRates":[{"fixedCommission":null,"percentageCommission":6},{"fixedCommission":null,"percentageCommission":7.199999999999999}],"trackingLink":"https://tatrck.com/h/0Hu30z9R0lLe","createdAt":"2023-12-13T17:53:50.584Z","updatedAt":"2024-08-23T15:01:46.276Z"},{"merchantId":193908,"name":"KCOM UK","imageUri":"https://monetizeamex.com/v3/120x60/c8f8397630682fb1be45258459aa272d.png","currencyCode":"EUR","defaultDomain":"kcom.com","domains":["kcom.com","kcomhome.com"],"categoryId":49,"description":null,"isActive":true,"countryCodes":["GB"],"averageBasketValue":35.14,"averageCommission":17.83,"averageConfirmationTime":null,"averageCancellationRate":null,"minimumCommission":6.6,"maximumCommission":6.6,"commissionRates":[{"fixedCommission":48,"percentageCommission":null},{"fixedCommission":0.6,"percentageCommission":null},{"fixedCommission":6,"percentageCommission":null}],"trackingLink":"https://tatrck.com/h/0Hu30z9R0lLq","createdAt":"2023-12-13T17:53:52.088Z","updatedAt":"2024-09-03T17:05:24.964Z"},{"merchantId":193918,"name":"KAYAK FR","imageUri":"https://kqdxc4m5.de/logos_v2/120x60/c1cfcb259eb71d81a55531604a03e19a.gif","currencyCode":"EUR","defaultDomain":"kayak.fr","domains":["kayak.fr"],"categoryId":63,"description":null,"isActive":true,"countryCodes":["FR"],"averageBasketValue":null,"averageCommission":0.12,"averageConfirmationTime":null,"averageCancellationRate":null,"minimumCommission":0.07,"maximumCommission":0.15,"commissionRates":[],"trackingLink":"https://tatrck.com/h/0Hu30z9R0lL-","createdAt":"2023-12-13T17:53:56.364Z","updatedAt":"2024-08-21T11:28:07.241Z"},{"merchantId":193927,"name":"Casino.fr - Standard FR","imageUri":"https://monetizeamex.com/v3/120x60/94fe28d21521cce2e4c480772921d788.png","currencyCode":"EUR","defaultDomain":"casino.fr","domains":["casino.fr"],"categoryId":42,"description":null,"isActive":true,"countryCodes":["FR"],"averageBasketValue":36.1,"averageCommission":0.14,"averageConfirmationTime":3,"averageCancellationRate":0.1,"minimumCommission":0.36,"maximumCommission":0.36,"commissionRates":[],"trackingLink":"https://tatrck.com/h/0Hu30z9R0lM7","createdAt":"2023-12-13T17:53:56.492Z","updatedAt":"2024-09-03T17:06:35.474Z"},{"merchantId":193932,"name":"Interdesign24 DE","imageUri":"https://monetizeamex.com/v3/120x60/b42f3719b4e1900fc45f793f26f1a435.png","currencyCode":"EUR","defaultDomain":"interdesign24.de","domains":["interdesign24.de"],"categoryId":74,"description":null,"isActive":true,"countryCodes":["DE"],"averageBasketValue":1,"averageCommission":30.88,"averageConfirmationTime":null,"averageCancellationRate":null,"minimumCommission":30.88,"maximumCommission":30.88,"commissionRates":[],"trackingLink":"https://tatrck.com/h/0Hu30z9R0lMC","createdAt":"2023-12-13T17:53:57.574Z","updatedAt":"2024-08-21T11:32:44.613Z"},{"merchantId":193940,"name":"Nitro | Document Productivity","imageUri":"https://monetizeamex.com/v3/120x60/4ea151e214ce658a53c3a271885555ec.png","currencyCode":"EUR","defaultDomain":"gonitro.com","domains":["gonitro.com"],"categoryId":49,"description":null,"isActive":true,"countryCodes":[],"averageBasketValue":127.08,"averageCommission":8.76,"averageConfirmationTime":24,"averageCancellationRate":14.3,"minimumCommission":4.35,"maximumCommission":11.83,"commissionRates":[{"fixedCommission":null,"percentageCommission":6}],"trackingLink":"https://tatrck.com/h/0Hu30z9R0lMK","createdAt":"2023-12-13T17:53:59.985Z","updatedAt":"2024-08-22T05:53:06.571Z"},{"merchantId":193943,"name":"Keepershandschoenen NL","imageUri":"https://monetizeamex.com/v3/120x60/1b7802d0f1f2a2016a7d8827100eb9f5.png","currencyCode":"EUR","defaultDomain":"keepershandschoenen.nl","domains":["keepershandschoenen.nl"],"categoryId":55,"description":null,"isActive":true,"countryCodes":["NL"],"averageBasketValue":83.79,"averageCommission":5.02,"averageConfirmationTime":null,"averageCancellationRate":null,"minimumCommission":6.06,"maximumCommission":6.06,"commissionRates":[{"fixedCommission":null,"percentageCommission":6}],"trackingLink":"https://tatrck.com/h/0Hu30z9R0lMN","createdAt":"2023-12-13T17:54:00.975Z","updatedAt":"2024-09-03T17:06:45.148Z"},{"merchantId":193949,"name":"Skinnylove BE","imageUri":"https://monetizeamex.com/v3/120x60/a4c68da56dbce9647010b767c7d07510.png","currencyCode":"EUR","defaultDomain":"skinnylove.be","domains":["skinnylove.be"],"categoryId":68,"description":null,"isActive":true,"countryCodes":["BE"],"averageBasketValue":147.39,"averageCommission":0.54,"averageConfirmationTime":6,"averageCancellationRate":null,"minimumCommission":9.28,"maximumCommission":9.28,"commissionRates":[{"fixedCommission":null,"percentageCommission":7.199999999999999}],"trackingLink":"https://tatrck.com/h/0Hu30z9R0lMT","createdAt":"2023-12-13T17:54:02.988Z","updatedAt":"2024-09-03T17:14:15.550Z"},{"merchantId":193950,"name":"Softwarehunter DE","imageUri":"https://monetizeamex.com/v3/120x60/acda9dd2548578aa510438d5b364bf97.png","currencyCode":"EUR","defaultDomain":"softwarehunter.de","domains":["softwarehunter.de"],"categoryId":22,"description":null,"isActive":true,"countryCodes":["AT","DE"],"averageBasketValue":20.39,"averageCommission":1.73,"averageConfirmationTime":36,"averageCancellationRate":1.2,"minimumCommission":0.6,"maximumCommission":3.61,"commissionRates":[{"fixedCommission":null,"percentageCommission":7.199999999999999}],"trackingLink":"https://tatrck.com/h/0Hu30z9R0lMU","createdAt":"2023-12-13T17:54:03.580Z","updatedAt":"2024-09-03T17:07:32.181Z"},{"merchantId":193954,"name":"Wondershare IT","imageUri":"https://kqdxc4m5.de/logos_v2/120x60/3e6abcb50dccb48100cdddcd67b66f7c.gif","currencyCode":"EUR","defaultDomain":"wondershare.it","domains":["wondershare.it"],"categoryId":65,"description":null,"isActive":true,"countryCodes":["IT"],"averageBasketValue":43.62,"averageCommission":7.85,"averageConfirmationTime":30,"averageCancellationRate":null,"minimumCommission":7.22,"maximumCommission":17.94,"commissionRates":[{"fixedCommission":null,"percentageCommission":18}],"trackingLink":"https://tatrck.com/h/0Hu30z9R0lMY","createdAt":"2023-12-13T17:54:05.083Z","updatedAt":"2024-09-03T17:09:37.423Z"},{"merchantId":193955,"name":"Scandinavian Biolabs UK","imageUri":"https://monetizeamex.com/v3/120x60/3fa8c5f29ee6d34ba3680e5cab1daef1.png","currencyCode":"EUR","defaultDomain":"scandinavianbiolabs.co.uk","domains":["scandinavianbiolabs.co.uk"],"categoryId":28,"description":null,"isActive":true,"countryCodes":["DK"],"averageBasketValue":142.05,"averageCommission":17.04,"averageConfirmationTime":null,"averageCancellationRate":null,"minimumCommission":17.04,"maximumCommission":17.04,"commissionRates":[],"trackingLink":"https://tatrck.com/h/0Hu30z9R0lMZ","createdAt":"2023-12-13T17:54:06.066Z","updatedAt":"2024-09-03T17:03:35.115Z"},{"merchantId":193960,"name":"Gymboree WW US","imageUri":"https://monetizeamex.com/v3/120x60/3a5f72ffee14e5a6c2ec590e6885bbcc.png","currencyCode":"EUR","defaultDomain":"gymboree.com","domains":["gymboree.com"],"categoryId":17,"description":null,"isActive":true,"countryCodes":["US"],"averageBasketValue":64.12,"averageCommission":0.15,"averageConfirmationTime":58,"averageCancellationRate":1.3,"minimumCommission":0.16,"maximumCommission":0.57,"commissionRates":[{"fixedCommission":null,"percentageCommission":0.96}],"trackingLink":"https://tatrck.com/h/0Hu30z9R0lMe","createdAt":"2023-12-13T17:54:06.783Z","updatedAt":"2024-09-02T05:53:29.645Z"},{"merchantId":193969,"name":"EndNote | Reference Management Software","imageUri":"https://kqdxc4m5.de/logos_v2/120x60/6f5483319471e3fd78851cbbc52fe79c.gif","currencyCode":"EUR","defaultDomain":"endnote.com","domains":["endnote.com"],"categoryId":75,"description":null,"isActive":true,"countryCodes":[],"averageBasketValue":46.44,"averageCommission":2.91,"averageConfirmationTime":13,"averageCancellationRate":4.5,"minimumCommission":6.07,"maximumCommission":7.81,"commissionRates":[{"fixedCommission":null,"percentageCommission":6},{"fixedCommission":null,"percentageCommission":6}],"trackingLink":"https://tatrck.com/h/0Hu30z9R0lMn","createdAt":"2023-12-13T17:54:07.293Z","updatedAt":"2024-09-03T05:52:17.122Z"},{"merchantId":193979,"name":"Extract Labs","imageUri":"https://kqdxc4m5.de/logos_v2/120x60/816a283e6529c2a4689a23a0400aec82.gif","currencyCode":"EUR","defaultDomain":"extractlabs.com","domains":["extractlabs.com"],"categoryId":35,"description":null,"isActive":true,"countryCodes":[],"averageBasketValue":86.92,"averageCommission":4.86,"averageConfirmationTime":47,"averageCancellationRate":null,"minimumCommission":1.28,"maximumCommission":8.25,"commissionRates":[{"fixedCommission":null,"percentageCommission":7.199999999999999}],"trackingLink":"https://tatrck.com/h/0Hu30z9R0lMx","createdAt":"2023-12-13T17:54:09.966Z","updatedAt":"2024-09-03T05:52:30.546Z"},{"merchantId":193980,"name":"RentRedi","imageUri":"https://monetizeamex.com/v3/120x60/5b3c72fcf330e201519baa0e7d5d20f6.png","currencyCode":"EUR","defaultDomain":"rentredi.com","domains":["rentredi.com"],"categoryId":39,"description":null,"isActive":true,"countryCodes":[],"averageBasketValue":0.09,"averageCommission":0.01,"averageConfirmationTime":4,"averageCancellationRate":null,"minimumCommission":0.19,"maximumCommission":0.19,"commissionRates":[{"fixedCommission":null,"percentageCommission":19.2}],"trackingLink":"https://tatrck.com/h/0Hu30z9R0lMy","createdAt":"2023-12-13T17:54:10.507Z","updatedAt":"2024-08-29T06:03:02.672Z"},{"merchantId":193990,"name":"1000Farmacie IT","imageUri":"https://kqdxc4m5.de/logos_v2/120x60/6a1eb7fc13a278d6e785ab8d4ce3f507.gif","currencyCode":"EUR","defaultDomain":"1000farmacie.it","domains":["1000farmacie.it"],"categoryId":27,"description":null,"isActive":true,"countryCodes":["IT"],"averageBasketValue":39.07,"averageCommission":2.65,"averageConfirmationTime":12,"averageCancellationRate":18.1,"minimumCommission":0.54,"maximumCommission":21.96,"commissionRates":[],"trackingLink":"https://tatrck.com/h/0Hu30z9R0lN6","createdAt":"2023-12-13T17:54:12.487Z","updatedAt":"2024-09-03T17:08:33.069Z"},{"merchantId":193992,"name":"Core Balance Fitness UK","imageUri":"https://monetizeamex.com/v3/120x60/f61d58585d1935b6c441a8180a3ea3db.png","currencyCode":"EUR","defaultDomain":"corebalancefitness.co.uk","domains":["corebalancefitness.co.uk"],"categoryId":68,"description":null,"isActive":true,"countryCodes":["GB"],"averageBasketValue":40.81,"averageCommission":1.22,"averageConfirmationTime":null,"averageCancellationRate":null,"minimumCommission":0.51,"maximumCommission":3.96,"commissionRates":[],"trackingLink":"https://tatrck.com/h/0Hu30z9R0lN8","createdAt":"2023-12-13T17:54:13.277Z","updatedAt":"2024-09-03T17:04:23.546Z"},{"merchantId":193993,"name":"Dome Beauty US","imageUri":"https://monetizeamex.com/v3/120x60/2abc8110535ce4505584d06362ee2a72.png","currencyCode":"EUR","defaultDomain":"domebeauty.com","domains":["domebeauty.com"],"categoryId":28,"description":null,"isActive":true,"countryCodes":["US"],"averageBasketValue":null,"averageCommission":null,"averageConfirmationTime":null,"averageCancellationRate":null,"minimumCommission":null,"maximumCommission":null,"commissionRates":[{"fixedCommission":null,"percentageCommission":10.799999999999999}],"trackingLink":"https://tatrck.com/h/0Hu30z9R0lN9","createdAt":"2023-12-13T17:54:13.569Z","updatedAt":"2024-09-03T17:13:56.048Z"},{"merchantId":193995,"name":"FlightGuruUS","imageUri":"https://monetizeamex.com/v3/120x60/6d6fd6127da9a29dc0d24e742d8aabe3.png","currencyCode":"EUR","defaultDomain":"flightguru.com","domains":["flightguru.com"],"categoryId":63,"description":null,"isActive":true,"countryCodes":["US"],"averageBasketValue":null,"averageCommission":null,"averageConfirmationTime":null,"averageCancellationRate":null,"minimumCommission":null,"maximumCommission":null,"commissionRates":[{"fixedCommission":3,"percentageCommission":null},{"fixedCommission":4.8,"percentageCommission":null},{"fixedCommission":6.6,"percentageCommission":null}],"trackingLink":"https://tatrck.com/h/0Hu30z9R0lNB","createdAt":"2023-12-13T17:54:15.276Z","updatedAt":"2024-09-03T17:07:44.991Z"},{"merchantId":194014,"name":"Stone Refurb UK","imageUri":"https://monetizeamex.com/v3/120x60/da91c2d0503206befb16eb30c8de391e.png","currencyCode":"EUR","defaultDomain":"stonerefurb.co.uk","domains":["stonerefurb.co.uk"],"categoryId":72,"description":null,"isActive":true,"countryCodes":["GB"],"averageBasketValue":229.75,"averageCommission":6.01,"averageConfirmationTime":null,"averageCancellationRate":27.3,"minimumCommission":2.68,"maximumCommission":9.66,"commissionRates":[{"fixedCommission":null,"percentageCommission":1.7999999999999998},{"fixedCommission":null,"percentageCommission":0.6}],"trackingLink":"https://tatrck.com/h/0Hu30z9R0lNU","createdAt":"2023-12-13T17:54:20.083Z","updatedAt":"2024-09-03T17:07:40.963Z"},{"merchantId":194016,"name":"Telefoonglaasje NL","imageUri":"https://monetizeamex.com/v3/120x60/1a2e18a78c3c04e6ebdadd2d3638348c.png","currencyCode":"EUR","defaultDomain":"telefoonglaasje.nl","domains":["telefoonglaasje.nl"],"categoryId":38,"description":null,"isActive":true,"countryCodes":["NL"],"averageBasketValue":16.73,"averageCommission":0.85,"averageConfirmationTime":null,"averageCancellationRate":null,"minimumCommission":0.41,"maximumCommission":1.78,"commissionRates":[{"fixedCommission":null,"percentageCommission":6},{"fixedCommission":null,"percentageCommission":4.8}],"trackingLink":"https://tatrck.com/h/0Hu30z9R0lNW","createdAt":"2023-12-13T17:54:21.584Z","updatedAt":"2024-09-03T17:08:28.617Z"},{"merchantId":194022,"name":"Wondershare PT","imageUri":"https://monetizeamex.com/v3/120x60/297fc9e423d47ba9647d3cd60b5f0dbb.png","currencyCode":"EUR","defaultDomain":"wondershare.com.br","domains":["wondershare.com.br"],"categoryId":65,"description":null,"isActive":true,"countryCodes":["BR","PT"],"averageBasketValue":30.28,"averageCommission":5.02,"averageConfirmationTime":1,"averageCancellationRate":null,"minimumCommission":0.59,"maximumCommission":9.93,"commissionRates":[{"fixedCommission":null,"percentageCommission":18},{"fixedCommission":null,"percentageCommission":19.2}],"trackingLink":"https://tatrck.com/h/0Hu30z9R0lNc","createdAt":"2023-12-13T17:54:22.375Z","updatedAt":"2024-09-03T17:07:01.730Z"},{"merchantId":194032,"name":"Matchbox","imageUri":"https://kqdxc4m5.de/logos_v2/120x60/b50ef3dab442adecc1dd841849f065b0.gif","currencyCode":"EUR","defaultDomain":"matchbox.com.au","domains":["matchbox.com.au"],"categoryId":72,"description":null,"isActive":true,"countryCodes":["AU"],"averageBasketValue":71.54,"averageCommission":2.57,"averageConfirmationTime":null,"averageCancellationRate":null,"minimumCommission":5.86,"maximumCommission":5.86,"commissionRates":[],"trackingLink":"https://tatrck.com/h/0Hu30z9R0lNm","createdAt":"2023-12-13T17:54:25.375Z","updatedAt":"2024-09-03T17:07:53.103Z"},{"merchantId":194033,"name":"NIUCOCO US","imageUri":"https://monetizeamex.com/v3/120x60/2b4eccbac0c85fc3dd8861bd1176b94b.png","currencyCode":"EUR","defaultDomain":"niucoco.com","domains":["niucoco.com"],"categoryId":28,"description":null,"isActive":true,"countryCodes":["US"],"averageBasketValue":null,"averageCommission":null,"averageConfirmationTime":null,"averageCancellationRate":null,"minimumCommission":null,"maximumCommission":null,"commissionRates":[],"trackingLink":"https://tatrck.com/h/0Hu30z9R0lNn","createdAt":"2023-12-13T17:54:25.514Z","updatedAt":"2024-09-03T17:09:18.383Z"},{"merchantId":194035,"name":"PREMIUM BANDAI USA JP","imageUri":"https://monetizeamex.com/v3/120x60/4646b348f76e564e5c0820e5c112ab6d.png","currencyCode":"EUR","defaultDomain":"p-bandai.com","domains":["p-bandai.com"],"categoryId":21,"description":null,"isActive":true,"countryCodes":["US"],"averageBasketValue":null,"averageCommission":null,"averageConfirmationTime":null,"averageCancellationRate":100,"minimumCommission":null,"maximumCommission":null,"commissionRates":[],"trackingLink":"https://tatrck.com/h/0Hu30z9R0lNp","createdAt":"2023-12-13T17:54:27.791Z","updatedAt":"2024-09-03T17:07:54.666Z"},{"merchantId":194041,"name":"Miguelina US","imageUri":"https://monetizeamex.com/v3/120x60/74bac72bb39df87753946b427a20d386.png","currencyCode":"EUR","defaultDomain":"miguelina.com","domains":["miguelina.com"],"categoryId":40,"description":null,"isActive":true,"countryCodes":["US"],"averageBasketValue":147.74,"averageCommission":1.41,"averageConfirmationTime":null,"averageCancellationRate":null,"minimumCommission":1.41,"maximumCommission":1.41,"commissionRates":[{"fixedCommission":null,"percentageCommission":1.2}],"trackingLink":"https://tatrck.com/h/0Hu30z9R0lNv","createdAt":"2023-12-13T17:54:27.879Z","updatedAt":"2024-08-23T15:01:34.013Z"},{"merchantId":194043,"name":"UnderPar US","imageUri":"https://monetizeamex.com/v3/120x60/42d77d982617ec936d7d0118b3585958.png","currencyCode":"EUR","defaultDomain":"underpar.com","domains":["underpar.com"],"categoryId":81,"description":null,"isActive":true,"countryCodes":["US"],"averageBasketValue":176.11,"averageCommission":2.6,"averageConfirmationTime":null,"averageCancellationRate":null,"minimumCommission":0.45,"maximumCommission":7.18,"commissionRates":[{"fixedCommission":null,"percentageCommission":3},{"fixedCommission":null,"percentageCommission":1.2}],"trackingLink":"https://tatrck.com/h/0Hu30z9R0lNx","createdAt":"2023-12-13T17:54:30.078Z","updatedAt":"2024-08-23T15:05:44.666Z"},{"merchantId":194044,"name":"Rekt - Standard FR","imageUri":"https://monetizeamex.com/v3/120x60/4fe1581c5e268398de6613cc7550be90.png","currencyCode":"EUR","defaultDomain":"rekt.fr","domains":["rekt.fr"],"categoryId":34,"description":null,"isActive":true,"countryCodes":["FR"],"averageBasketValue":308.64,"averageCommission":3.7,"averageConfirmationTime":27,"averageCancellationRate":17.6,"minimumCommission":1.9,"maximumCommission":6.03,"commissionRates":[],"trackingLink":"https://tatrck.com/h/0Hu30z9R0lNy","createdAt":"2023-12-13T17:54:28.871Z","updatedAt":"2024-09-03T17:07:55.014Z"},{"merchantId":194073,"name":"Avrelife, Inc US","imageUri":"https://kqdxc4m5.de/logos_v2/120x60/83a21a7556ec6946214b5d5a55f9a5d4.gif","currencyCode":"EUR","defaultDomain":"avrelife.com","domains":["avrelife.com"],"categoryId":40,"description":null,"isActive":true,"countryCodes":["US"],"averageBasketValue":33.35,"averageCommission":1.99,"averageConfirmationTime":null,"averageCancellationRate":null,"minimumCommission":1.99,"maximumCommission":1.99,"commissionRates":[{"fixedCommission":null,"percentageCommission":9.6},{"fixedCommission":null,"percentageCommission":4.8}],"trackingLink":"https://tatrck.com/h/0Hu30z9R0lOP","createdAt":"2023-12-13T17:54:35.973Z","updatedAt":"2024-08-21T11:40:00.552Z"},{"merchantId":194076,"name":"Buy Wines Online US","imageUri":"https://kqdxc4m5.de/logos_v2/120x60/5be1a4d6eb7344fdf71e00c4c0150d9d.gif","currencyCode":"EUR","defaultDomain":"buywinesonline.com","domains":["buywinesonline.com"],"categoryId":4,"description":null,"isActive":true,"countryCodes":["US"],"averageBasketValue":131.17,"averageCommission":3.71,"averageConfirmationTime":2,"averageCancellationRate":null,"minimumCommission":1.74,"maximumCommission":25.77,"commissionRates":[{"fixedCommission":null,"percentageCommission":3.5999999999999996}],"trackingLink":"https://tatrck.com/h/0Hu30z9R0lOS","createdAt":"2023-12-13T17:54:35.992Z","updatedAt":"2024-08-21T11:37:28.313Z"},{"merchantId":194078,"name":"Campos, Inc. US","imageUri":"https://kqdxc4m5.de/logos_v2/120x60/8a7f5cc902ccd9dbf319ada8b220396b.gif","currencyCode":"EUR","defaultDomain":"vapemood.com","domains":["vapemood.com"],"categoryId":77,"description":null,"isActive":true,"countryCodes":["US"],"averageBasketValue":null,"averageCommission":null,"averageConfirmationTime":null,"averageCancellationRate":null,"minimumCommission":null,"maximumCommission":null,"commissionRates":[{"fixedCommission":null,"percentageCommission":6}],"trackingLink":"https://tatrck.com/h/0Hu30z9R0lOU","createdAt":"2023-12-13T17:54:36.874Z","updatedAt":"2024-08-21T11:45:28.947Z"},{"merchantId":194079,"name":"Capsuline US","imageUri":"https://kqdxc4m5.de/logos_v2/120x60/5d3ad23247d89fcef574a2cda5acda98.gif","currencyCode":"EUR","defaultDomain":"capsuline.com","domains":["capsuline.com"],"categoryId":68,"description":null,"isActive":true,"countryCodes":["US"],"averageBasketValue":47.73,"averageCommission":2,"averageConfirmationTime":null,"averageCancellationRate":null,"minimumCommission":0.54,"maximumCommission":5.19,"commissionRates":[{"fixedCommission":null,"percentageCommission":4.2}],"trackingLink":"https://tatrck.com/h/0Hu30z9R0lOV","createdAt":"2023-12-13T17:54:36.982Z","updatedAt":"2024-08-21T11:35:16.547Z"},{"merchantId":194080,"name":"Caravan Group LLC US","imageUri":"https://monetizeamex.com/v3/120x60/c4cb4c3b19af377aad575ac60e45f7a2.png","currencyCode":"EUR","defaultDomain":"paviliahome.com","domains":["paviliahome.com"],"categoryId":34,"description":null,"isActive":true,"countryCodes":["US"],"averageBasketValue":null,"averageCommission":null,"averageConfirmationTime":null,"averageCancellationRate":null,"minimumCommission":null,"maximumCommission":null,"commissionRates":[],"trackingLink":"https://tatrck.com/h/0Hu30z9R0lOW","createdAt":"2023-12-13T17:54:37.302Z","updatedAt":"2024-08-21T11:37:56.126Z"},{"merchantId":194081,"name":"CBD ReThink US","imageUri":"https://kqdxc4m5.de/logos_v2/120x60/7227a53c3e928983ebe5766b0e425adf.gif","currencyCode":"EUR","defaultDomain":"cbdrethink.com","domains":["cbdrethink.com"],"categoryId":68,"description":null,"isActive":true,"countryCodes":["US"],"averageBasketValue":35.08,"averageCommission":3.78,"averageConfirmationTime":null,"averageCancellationRate":null,"minimumCommission":4.35,"maximumCommission":4.35,"commissionRates":[{"fixedCommission":null,"percentageCommission":8.64},{"fixedCommission":null,"percentageCommission":10.799999999999999}],"trackingLink":"https://tatrck.com/h/0Hu30z9R0lOX","createdAt":"2023-12-13T17:54:37.979Z","updatedAt":"2024-08-25T05:45:18.882Z"},{"merchantId":194083,"name":"Clean Remedies, LLC US","imageUri":"https://monetizeamex.com/v3/120x60/fe90473ba058a84a1f11b596f57c2894.png","currencyCode":"EUR","defaultDomain":"cleanremedies.com","domains":["cleanremedies.com"],"categoryId":28,"description":null,"isActive":true,"countryCodes":["US"],"averageBasketValue":null,"averageCommission":null,"averageConfirmationTime":null,"averageCancellationRate":null,"minimumCommission":null,"maximumCommission":null,"commissionRates":[],"trackingLink":"https://tatrck.com/h/0Hu30z9R0lOZ","createdAt":"2023-12-13T17:54:38.298Z","updatedAt":"2024-08-21T11:29:52.993Z"},{"merchantId":194085,"name":"Debutify Inc. US","imageUri":"https://monetizeamex.com/v3/120x60/54b2ab6b0a99835a6ceb8633c7744b52.png","currencyCode":"EUR","defaultDomain":"debutify.com","domains":["debutify.com"],"categoryId":77,"description":null,"isActive":true,"countryCodes":["US"],"averageBasketValue":52.7,"averageCommission":5.75,"averageConfirmationTime":35,"averageCancellationRate":1.7,"minimumCommission":1.04,"maximumCommission":179.11,"commissionRates":[],"trackingLink":"https://tatrck.com/h/0Hu30z9R0lOb","createdAt":"2023-12-13T17:54:39.001Z","updatedAt":"2024-09-03T05:52:39.176Z"},{"merchantId":194086,"name":"Drink Monday Inc. US","imageUri":"https://kqdxc4m5.de/logos_v2/120x60/6a525f279b099c660686692c371ed48c.gif","currencyCode":"EUR","defaultDomain":"drinkmonday.co","domains":["drinkmonday.co"],"categoryId":4,"description":null,"isActive":true,"countryCodes":["US"],"averageBasketValue":91.46,"averageCommission":5.46,"averageConfirmationTime":null,"averageCancellationRate":null,"minimumCommission":1.54,"maximumCommission":13.57,"commissionRates":[{"fixedCommission":null,"percentageCommission":6}],"trackingLink":"https://tatrck.com/h/0Hu30z9R0lOc","createdAt":"2023-12-13T17:54:39.481Z","updatedAt":"2024-09-02T05:48:03.754Z"},{"merchantId":194088,"name":"Eklexic US","imageUri":"https://kqdxc4m5.de/logos_v2/120x60/05c9c348e5c8b480e22b3fc5de296d18.gif","currencyCode":"EUR","defaultDomain":"eklexic.com","domains":["eklexic.com"],"categoryId":40,"description":null,"isActive":true,"countryCodes":["US"],"averageBasketValue":null,"averageCommission":null,"averageConfirmationTime":null,"averageCancellationRate":null,"minimumCommission":null,"maximumCommission":null,"commissionRates":[{"fixedCommission":null,"percentageCommission":6}],"trackingLink":"https://tatrck.com/h/0Hu30z9R0lOe","createdAt":"2023-12-13T17:54:39.378Z","updatedAt":"2024-08-21T11:46:14.636Z"},{"merchantId":194090,"name":"FarmHaven US","imageUri":"https://kqdxc4m5.de/logos_v2/120x60/60ec058d0381bdbd7678d2836378bd7b.gif","currencyCode":"EUR","defaultDomain":"thefarmhaven.com","domains":["thefarmhaven.com"],"categoryId":68,"description":null,"isActive":true,"countryCodes":["US"],"averageBasketValue":null,"averageCommission":null,"averageConfirmationTime":null,"averageCancellationRate":null,"minimumCommission":null,"maximumCommission":null,"commissionRates":[{"fixedCommission":null,"percentageCommission":12}],"trackingLink":"https://tatrck.com/h/0Hu30z9R0lOg","createdAt":"2023-12-13T17:54:39.476Z","updatedAt":"2024-08-21T11:36:47.605Z"},{"merchantId":194093,"name":"GROWN ALCHEMIST US","imageUri":"https://kqdxc4m5.de/logos_v2/120x60/9fc0d30eb9cb80382844686e0ebf0e8f.gif","currencyCode":"EUR","defaultDomain":"grownalchemist.com","domains":["grownalchemist.com"],"categoryId":28,"description":null,"isActive":true,"countryCodes":["GB","US"],"averageBasketValue":61.28,"averageCommission":5.51,"averageConfirmationTime":4,"averageCancellationRate":null,"minimumCommission":null,"maximumCommission":null,"commissionRates":[],"trackingLink":"https://tatrck.com/h/0Hu30z9R0lOj","createdAt":"2023-12-13T17:54:40.484Z","updatedAt":"2024-09-03T17:07:44.379Z"},{"merchantId":194095,"name":"Halals Best US","imageUri":"https://kqdxc4m5.de/logos_v2/120x60/c62dd899d9b2f3ff5477ba72b99798f2.gif","currencyCode":"EUR","defaultDomain":"halals-best.com","domains":["halals-best.com"],"categoryId":14,"description":null,"isActive":true,"countryCodes":["US"],"averageBasketValue":null,"averageCommission":null,"averageConfirmationTime":null,"averageCancellationRate":null,"minimumCommission":null,"maximumCommission":null,"commissionRates":[{"fixedCommission":null,"percentageCommission":6}],"trackingLink":"https://tatrck.com/h/0Hu30z9R0lOl","createdAt":"2023-12-13T17:54:42.766Z","updatedAt":"2024-08-21T11:43:55.754Z"},{"merchantId":194096,"name":"HALOlife US","imageUri":"https://kqdxc4m5.de/logos_v2/120x60/dc33c4a35f32a134c43d60dbdf3b024c.gif","currencyCode":"EUR","defaultDomain":"halolife.io","domains":["halolife.io"],"categoryId":68,"description":null,"isActive":true,"countryCodes":["US"],"averageBasketValue":null,"averageCommission":null,"averageConfirmationTime":null,"averageCancellationRate":null,"minimumCommission":null,"maximumCommission":null,"commissionRates":[],"trackingLink":"https://tatrck.com/h/0Hu30z9R0lOm","createdAt":"2023-12-13T17:54:41.570Z","updatedAt":"2024-08-21T11:28:19.119Z"},{"merchantId":194097,"name":"Innovet Pet Products US","imageUri":"https://monetizeamex.com/v3/120x60/05553a47b384bb47f068dab5f50bf233.png","currencyCode":"EUR","defaultDomain":"innovetpet.com","domains":["innovetpet.com"],"categoryId":61,"description":null,"isActive":true,"countryCodes":["US"],"averageBasketValue":60.27,"averageCommission":7.23,"averageConfirmationTime":58,"averageCancellationRate":null,"minimumCommission":2.5,"maximumCommission":15.43,"commissionRates":[],"trackingLink":"https://tatrck.com/h/0Hu30z9R0lOn","createdAt":"2023-12-13T17:54:42.877Z","updatedAt":"2024-09-03T17:09:18.562Z"},{"merchantId":194098,"name":"Karma and Luck US","imageUri":"https://kqdxc4m5.de/logos_v2/120x60/772023b3b56b61df351c894a78f31183.gif","currencyCode":"EUR","defaultDomain":"karmaandluck.com","domains":["karmaandluck.com"],"categoryId":73,"description":null,"isActive":true,"countryCodes":["US"],"averageBasketValue":96.63,"averageCommission":5.1,"averageConfirmationTime":1,"averageCancellationRate":null,"minimumCommission":1.1,"maximumCommission":1.1,"commissionRates":[{"fixedCommission":null,"percentageCommission":7.8},{"fixedCommission":0.96,"percentageCommission":null}],"trackingLink":"https://tatrck.com/h/0Hu30z9R0lOo","createdAt":"2023-12-13T17:54:43.087Z","updatedAt":"2024-08-31T05:46:44.989Z"},{"merchantId":194101,"name":"Lovability US","imageUri":"https://monetizeamex.com/v3/120x60/c0fe6d71c5ae588b03137e6c911bbd1a.png","currencyCode":"EUR","defaultDomain":"lovabilityinc.com","domains":["lovabilityinc.com"],"categoryId":60,"description":null,"isActive":true,"countryCodes":["US"],"averageBasketValue":32.76,"averageCommission":1.96,"averageConfirmationTime":null,"averageCancellationRate":null,"minimumCommission":1.91,"maximumCommission":1.91,"commissionRates":[],"trackingLink":"https://tatrck.com/h/0Hu30z9R0lOr","createdAt":"2023-12-13T17:54:44.077Z","updatedAt":"2024-09-03T17:08:45.872Z"},{"merchantId":194102,"name":"Maker Forte US","imageUri":"https://monetizeamex.com/v3/120x60/ed37a449f557b379c9325607677c5712.png","currencyCode":"EUR","defaultDomain":"makerforte.com","domains":["makerforte.com"],"categoryId":82,"description":null,"isActive":true,"countryCodes":["US"],"averageBasketValue":null,"averageCommission":null,"averageConfirmationTime":null,"averageCancellationRate":null,"minimumCommission":null,"maximumCommission":null,"commissionRates":[{"fixedCommission":null,"percentageCommission":4.8}],"trackingLink":"https://tatrck.com/h/0Hu30z9R0lOs","createdAt":"2023-12-13T17:54:44.470Z","updatedAt":"2024-08-21T11:28:02.080Z"},{"merchantId":194103,"name":"MASKC US","imageUri":"https://kqdxc4m5.de/logos_v2/120x60/38c496b2a33f2185055199157048de4a.gif","currencyCode":"EUR","defaultDomain":"shopmaskc.com","domains":["shopmaskc.com"],"categoryId":28,"description":null,"isActive":true,"countryCodes":["US"],"averageBasketValue":19.36,"averageCommission":1.15,"averageConfirmationTime":8,"averageCancellationRate":null,"minimumCommission":0.4,"maximumCommission":1.2,"commissionRates":[{"fixedCommission":null,"percentageCommission":6}],"trackingLink":"https://tatrck.com/h/0Hu30z9R0lOt","createdAt":"2023-12-13T17:54:44.680Z","updatedAt":"2024-08-21T11:29:46.000Z"},{"merchantId":194106,"name":"Nadula Hair Company US","imageUri":"https://kqdxc4m5.de/logos_v2/120x60/ebb870488c322ec3cf1d0f2692468e88.gif","currencyCode":"EUR","defaultDomain":"nadula.com","domains":["nadula.com"],"categoryId":28,"description":null,"isActive":true,"countryCodes":["US","DM"],"averageBasketValue":171.54,"averageCommission":6.17,"averageConfirmationTime":28,"averageCancellationRate":88.2,"minimumCommission":null,"maximumCommission":null,"commissionRates":[{"fixedCommission":null,"percentageCommission":4.2},{"fixedCommission":null,"percentageCommission":3.5999999999999996}],"trackingLink":"https://tatrck.com/h/0Hu30z9R0lOw","createdAt":"2023-12-13T17:54:45.686Z","updatedAt":"2024-09-03T17:08:18.423Z"},{"merchantId":194108,"name":"Nguyen Coffee Supply US","imageUri":"https://kqdxc4m5.de/logos_v2/120x60/dd58fb05ed0715d08c1e7f1b4171b470.gif","currencyCode":"EUR","defaultDomain":"nguyencoffeesupply.com","domains":["nguyencoffeesupply.com"],"categoryId":34,"description":null,"isActive":true,"countryCodes":["US"],"averageBasketValue":35.42,"averageCommission":2.12,"averageConfirmationTime":null,"averageCancellationRate":null,"minimumCommission":1.87,"maximumCommission":1.98,"commissionRates":[{"fixedCommission":null,"percentageCommission":4.8},{"fixedCommission":null,"percentageCommission":3.36},{"fixedCommission":null,"percentageCommission":6}],"trackingLink":"https://tatrck.com/h/0Hu30z9R0lOy","createdAt":"2023-12-13T17:54:45.569Z","updatedAt":"2024-08-23T15:02:10.321Z"},{"merchantId":194109,"name":"OAKYWOOD US","imageUri":"https://kqdxc4m5.de/logos_v2/120x60/ca78171d69537cc0088ba4ef6e92dab0.gif","currencyCode":"EUR","defaultDomain":"oakywood.shop","domains":["oakywood.shop"],"categoryId":34,"description":null,"isActive":true,"countryCodes":["US"],"averageBasketValue":245.72,"averageCommission":7,"averageConfirmationTime":30,"averageCancellationRate":33.3,"minimumCommission":1.55,"maximumCommission":1.62,"commissionRates":[{"fixedCommission":null,"percentageCommission":0.6}],"trackingLink":"https://tatrck.com/h/0Hu30z9R0lOz","createdAt":"2023-12-13T17:54:46.585Z","updatedAt":"2024-09-03T05:26:08.530Z"},{"merchantId":194113,"name":"Oxford Biolabs Ltd US","imageUri":"https://kqdxc4m5.de/logos_v2/120x60/777f81589a5699dcbef96dffe53abac8.gif","currencyCode":"EUR","defaultDomain":"oxbiolabs.com","domains":["oxbiolabs.com"],"categoryId":68,"description":null,"isActive":true,"countryCodes":["US"],"averageBasketValue":null,"averageCommission":null,"averageConfirmationTime":null,"averageCancellationRate":null,"minimumCommission":null,"maximumCommission":null,"commissionRates":[{"fixedCommission":null,"percentageCommission":6}],"trackingLink":"https://tatrck.com/h/0Hu30z9R0lP1","createdAt":"2023-12-13T17:54:48.065Z","updatedAt":"2024-08-21T11:29:52.779Z"},{"merchantId":194114,"name":"Pacific Resources International, Inc US","imageUri":"https://kqdxc4m5.de/logos_v2/120x60/173025455b692ab54e2303e39c247d2d.gif","currencyCode":"EUR","defaultDomain":"shoppri.com","domains":["shoppri.com"],"categoryId":35,"description":null,"isActive":true,"countryCodes":["US"],"averageBasketValue":null,"averageCommission":null,"averageConfirmationTime":null,"averageCancellationRate":null,"minimumCommission":null,"maximumCommission":null,"commissionRates":[{"fixedCommission":null,"percentageCommission":6}],"trackingLink":"https://tatrck.com/h/0Hu30z9R0lP2","createdAt":"2023-12-13T17:54:48.143Z","updatedAt":"2024-08-21T11:33:25.095Z"},{"merchantId":194115,"name":"PALEO POWDER SEASONINGS LLC US","imageUri":"https://kqdxc4m5.de/logos_v2/120x60/bccd4f82bde2e973bf0012e20ef4ceeb.gif","currencyCode":"EUR","defaultDomain":"paleopowderseasoning.com","domains":["paleopowderseasoning.com"],"categoryId":14,"description":null,"isActive":true,"countryCodes":["US"],"averageBasketValue":null,"averageCommission":null,"averageConfirmationTime":null,"averageCancellationRate":null,"minimumCommission":null,"maximumCommission":null,"commissionRates":[{"fixedCommission":null,"percentageCommission":12}],"trackingLink":"https://tatrck.com/h/0Hu30z9R0lP3","createdAt":"2023-12-13T17:54:48.595Z","updatedAt":"2024-08-21T11:31:01.524Z"},{"merchantId":194116,"name":"Pure Organics US","imageUri":"https://monetizeamex.com/v3/120x60/b0a25c829b0c74c83f725dadd40d1793.png","currencyCode":"EUR","defaultDomain":"pureorganics.co","domains":["pureorganics.co"],"categoryId":28,"description":null,"isActive":true,"countryCodes":["US"],"averageBasketValue":null,"averageCommission":null,"averageConfirmationTime":null,"averageCancellationRate":null,"minimumCommission":null,"maximumCommission":null,"commissionRates":[],"trackingLink":"https://tatrck.com/h/0Hu30z9R0lP4","createdAt":"2023-12-13T17:54:48.877Z","updatedAt":"2024-08-21T11:27:54.508Z"},{"merchantId":194119,"name":"SAILO, INC US","imageUri":"https://kqdxc4m5.de/logos_v2/120x60/5ce6607abf7e38436071e7d3ad623b47.gif","currencyCode":"EUR","defaultDomain":"sailo.com","domains":["sailo.com"],"categoryId":5,"description":null,"isActive":true,"countryCodes":["US"],"averageBasketValue":2,"averageCommission":75.12,"averageConfirmationTime":null,"averageCancellationRate":null,"minimumCommission":139.35,"maximumCommission":139.35,"commissionRates":[{"fixedCommission":null,"percentageCommission":3}],"trackingLink":"https://tatrck.com/h/0Hu30z9R0lP7","createdAt":"2023-12-13T17:54:49.066Z","updatedAt":"2024-08-30T11:01:02.126Z"},{"merchantId":194123,"name":"SkinnyFit US","imageUri":"https://kqdxc4m5.de/logos_v2/120x60/7635e0da27f32c1bfbfc02fd7df6597e.gif","currencyCode":"EUR","defaultDomain":"skinnyfit.com","domains":["skinnyfit.com"],"categoryId":68,"description":null,"isActive":true,"countryCodes":["US"],"averageBasketValue":88.48,"averageCommission":8.65,"averageConfirmationTime":null,"averageCancellationRate":null,"minimumCommission":3.61,"maximumCommission":6.7,"commissionRates":[{"fixedCommission":null,"percentageCommission":4.8}],"trackingLink":"https://tatrck.com/h/0Hu30z9R0lPB","createdAt":"2023-12-13T17:54:50.188Z","updatedAt":"2024-09-03T05:46:05.583Z"},{"merchantId":194124,"name":"Snailax US","imageUri":"https://kqdxc4m5.de/logos_v2/120x60/0523cedfb9a3b336814e4cbec876213d.gif","currencyCode":"EUR","defaultDomain":"snailax.com","domains":["snailax.com"],"categoryId":35,"description":null,"isActive":true,"countryCodes":["US"],"averageBasketValue":121.53,"averageCommission":7.29,"averageConfirmationTime":1,"averageCancellationRate":null,"minimumCommission":4.92,"maximumCommission":9.43,"commissionRates":[{"fixedCommission":null,"percentageCommission":6}],"trackingLink":"https://tatrck.com/h/0Hu30z9R0lPC","createdAt":"2023-12-13T17:54:51.174Z","updatedAt":"2024-08-21T11:44:03.809Z"},{"merchantId":194125,"name":"Spectrum Boutique US","imageUri":"https://kqdxc4m5.de/logos_v2/120x60/81647d80ed461e0a5a34d7808f1dfbcf.gif","currencyCode":"EUR","defaultDomain":"spectrumboutique.com","domains":["spectrumboutique.com"],"categoryId":60,"description":null,"isActive":true,"countryCodes":["US"],"averageBasketValue":83.65,"averageCommission":5.01,"averageConfirmationTime":null,"averageCancellationRate":null,"minimumCommission":7.1,"maximumCommission":7.1,"commissionRates":[{"fixedCommission":null,"percentageCommission":6}],"trackingLink":"https://tatrck.com/h/0Hu30z9R0lPD","createdAt":"2023-12-13T17:54:51.084Z","updatedAt":"2024-09-01T05:45:30.342Z"},{"merchantId":194126,"name":"Spocket US","imageUri":"https://kqdxc4m5.de/logos_v2/120x60/a3af0688693f78ce215d500a3c284cbb.gif","currencyCode":"EUR","defaultDomain":"spocket.co","domains":["spocket.co"],"categoryId":50,"description":null,"isActive":true,"countryCodes":[],"averageBasketValue":0.37,"averageCommission":0.03,"averageConfirmationTime":28,"averageCancellationRate":0.3,"minimumCommission":0.78,"maximumCommission":29.94,"commissionRates":[{"fixedCommission":null,"percentageCommission":9.6},{"fixedCommission":null,"percentageCommission":12}],"trackingLink":"https://tatrck.com/h/0Hu30z9R0lPE","createdAt":"2023-12-13T17:54:51.276Z","updatedAt":"2024-08-27T09:01:02.248Z"},{"merchantId":194127,"name":"SQ Medical US","imageUri":"https://monetizeamex.com/v3/120x60/024e07a7fceb8e2ddd7e76ac1a38529f.png","currencyCode":"EUR","defaultDomain":"sqmedicalsupplies.com","domains":["sqmedicalsupplies.com"],"categoryId":27,"description":null,"isActive":true,"countryCodes":["US"],"averageBasketValue":null,"averageCommission":null,"averageConfirmationTime":null,"averageCancellationRate":null,"minimumCommission":null,"maximumCommission":null,"commissionRates":[{"fixedCommission":null,"percentageCommission":14.399999999999999},{"fixedCommission":null,"percentageCommission":7.199999999999999}],"trackingLink":"https://tatrck.com/h/0Hu30z9R0lPF","createdAt":"2023-12-13T17:54:51.366Z","updatedAt":"2024-08-21T11:36:57.378Z"},{"merchantId":194131,"name":"TideWe US","imageUri":"https://kqdxc4m5.de/logos_v2/120x60/b9a43649866df6d9d9a03325b0907845.gif","currencyCode":"EUR","defaultDomain":"tidewe.com","domains":["tidewe.com"],"categoryId":55,"description":null,"isActive":true,"countryCodes":["US"],"averageBasketValue":112.28,"averageCommission":6.65,"averageConfirmationTime":2,"averageCancellationRate":0.4,"minimumCommission":1.69,"maximumCommission":25.44,"commissionRates":[{"fixedCommission":null,"percentageCommission":7.68},{"fixedCommission":4.8,"percentageCommission":null},{"fixedCommission":null,"percentageCommission":5.76},{"fixedCommission":null,"percentageCommission":4.8},{"fixedCommission":null,"percentageCommission":6}],"trackingLink":"https://tatrck.com/h/0Hu30z9R0lPJ","createdAt":"2023-12-13T17:54:52.586Z","updatedAt":"2024-08-27T05:49:18.930Z"},{"merchantId":194133,"name":"Uppercut Deluxe Co Inc US","imageUri":"https://kqdxc4m5.de/logos_v2/120x60/bbd5d7008c791bf634ae6b0563b2ee40.gif","currencyCode":"EUR","defaultDomain":"uppercutdeluxe.com","domains":["uppercutdeluxe.com"],"categoryId":28,"description":null,"isActive":true,"countryCodes":["US"],"averageBasketValue":null,"averageCommission":null,"averageConfirmationTime":null,"averageCancellationRate":null,"minimumCommission":null,"maximumCommission":null,"commissionRates":[{"fixedCommission":null,"percentageCommission":6}],"trackingLink":"https://tatrck.com/h/0Hu30z9R0lPL","createdAt":"2023-12-13T17:54:53.279Z","updatedAt":"2024-08-26T09:01:03.796Z"},{"merchantId":194137,"name":"Xuchang longqi E-commerce Co., Ltd US","imageUri":"https://kqdxc4m5.de/logos_v2/120x60/ef09557d2791ed90e45f68eff1086912.gif","currencyCode":"EUR","defaultDomain":"beautyforever.com","domains":["beautyforever.com"],"categoryId":28,"description":null,"isActive":true,"countryCodes":["US"],"averageBasketValue":140.92,"averageCommission":4.08,"averageConfirmationTime":4,"averageCancellationRate":8.1,"minimumCommission":1.33,"maximumCommission":8.71,"commissionRates":[{"fixedCommission":null,"percentageCommission":3}],"trackingLink":"https://tatrck.com/h/0Hu30z9R0lPP","createdAt":"2023-12-13T17:54:54.495Z","updatedAt":"2024-08-29T06:02:04.455Z"},{"merchantId":194139,"name":"Yellow Owl Workshop US","imageUri":"https://kqdxc4m5.de/logos_v2/120x60/aa42692364a0ed28d75fa3b856b39e43.gif","currencyCode":"EUR","defaultDomain":"yellowowlworkshop.com","domains":["yellowowlworkshop.com"],"categoryId":82,"description":null,"isActive":true,"countryCodes":["US"],"averageBasketValue":45.73,"averageCommission":2.74,"averageConfirmationTime":null,"averageCancellationRate":null,"minimumCommission":1.23,"maximumCommission":1.23,"commissionRates":[{"fixedCommission":null,"percentageCommission":6}],"trackingLink":"https://tatrck.com/h/0Hu30z9R0lPR","createdAt":"2023-12-13T17:54:55.673Z","updatedAt":"2024-08-21T11:46:13.909Z"},{"merchantId":194140,"name":"Yensa US","imageUri":"https://kqdxc4m5.de/logos_v2/120x60/65337d585ed0873c3154ff954aa3bd9b.gif","currencyCode":"EUR","defaultDomain":"yensa.com","domains":["yensa.com"],"categoryId":28,"description":null,"isActive":true,"countryCodes":["US"],"averageBasketValue":40.52,"averageCommission":2.43,"averageConfirmationTime":null,"averageCancellationRate":null,"minimumCommission":5.38,"maximumCommission":5.38,"commissionRates":[{"fixedCommission":null,"percentageCommission":4.8},{"fixedCommission":null,"percentageCommission":7.199999999999999},{"fixedCommission":null,"percentageCommission":6}],"trackingLink":"https://tatrck.com/h/0Hu30z9R0lPS","createdAt":"2023-12-13T17:54:55.574Z","updatedAt":"2024-08-31T05:48:08.504Z"},{"merchantId":194154,"name":"SERUMS SEGLE CLINICAL ES","imageUri":"https://monetizeamex.com/v3/120x60/31857f8f7bc6db24a49e05ee8f22d784.png","currencyCode":"EUR","defaultDomain":"segleclinical.com","domains":["segleclinical.com"],"categoryId":28,"description":null,"isActive":true,"countryCodes":["ES"],"averageBasketValue":128.41,"averageCommission":6.16,"averageConfirmationTime":1,"averageCancellationRate":50,"minimumCommission":3.06,"maximumCommission":3.06,"commissionRates":[{"fixedCommission":null,"percentageCommission":4.8}],"trackingLink":"https://tatrck.com/h/0Hu30z9R0lPg","createdAt":"2023-12-13T17:55:00.628Z","updatedAt":"2024-09-03T17:14:36.078Z"},{"merchantId":194156,"name":"Totto ES","imageUri":"https://monetizeamex.com/v3/120x60/c443b7e0273acb58ce5ebc4730857b55.png","currencyCode":"EUR","defaultDomain":"totto.es","domains":["totto.es"],"categoryId":21,"description":null,"isActive":true,"countryCodes":["ES"],"averageBasketValue":55.1,"averageCommission":1.79,"averageConfirmationTime":10,"averageCancellationRate":16.1,"minimumCommission":0.95,"maximumCommission":2.26,"commissionRates":[{"fixedCommission":null,"percentageCommission":3},{"fixedCommission":null,"percentageCommission":4.2}],"trackingLink":"https://tatrck.com/h/0Hu30z9R0lPi","createdAt":"2023-12-13T17:55:00.980Z","updatedAt":"2024-09-03T17:07:28.570Z"}]}