{"meta":{"next":116238},"data":[{"merchantId":115715,"name":"SchenkEinBaeumchen DE","imageUri":"https://monetizeamex.com/v3/120x60/31dac5b703c2c31a411e6291a2305886.png","currencyCode":"EUR","defaultDomain":"schenkeinbaeumchen.de","domains":["schenkeinbaeumchen.de"],"categoryId":47,"description":"Mit dem Geschenk wird eine alte Tradition wiederhergestellt: einen Baum zu pflanzen, wenn ein wichtiges Ereignis im Leben geschieht. Geburt, Hochzeit, Geburtstag, zum Einzug oder als Dankeschön, für jede Gelegenheit wird ein junger Baum mit entsprechender Symbolik als Geschenk gewählt.","isActive":true,"countryCodes":["DE"],"averageBasketValue":null,"averageCommission":null,"averageConfirmationTime":null,"averageCancellationRate":null,"minimumCommission":null,"maximumCommission":null,"commissionRates":[],"trackingLink":"https://tatrck.com/h/0Hu30z9R0SG3","createdAt":"2023-12-13T11:04:49.368Z","updatedAt":"2024-08-21T11:43:12.889Z"},{"merchantId":115731,"name":"E Cigarette Web UK","imageUri":"https://monetizeamex.com/v3/120x60/051a190cc929e95650fae004684e23b9.png","currencyCode":"EUR","defaultDomain":"ecigaretteweb.co.uk","domains":["ecigaretteweb.co.uk"],"categoryId":57,"description":null,"isActive":true,"countryCodes":["GB"],"averageBasketValue":null,"averageCommission":null,"averageConfirmationTime":null,"averageCancellationRate":null,"minimumCommission":null,"maximumCommission":null,"commissionRates":[{"fixedCommission":0,"percentageCommission":null}],"trackingLink":"https://tatrck.com/h/0Hu30z9R0SGJ","createdAt":"2023-12-13T11:04:55.676Z","updatedAt":"2024-08-21T11:34:49.928Z"},{"merchantId":115740,"name":"Jon Richard UK","imageUri":"https://monetizeamex.com/v3/120x60/e364407c96d8b39c6226649073f5cc4d.png","currencyCode":"EUR","defaultDomain":"jonrichard.com","domains":["jonrichard.com"],"categoryId":40,"description":null,"isActive":true,"countryCodes":["GB"],"averageBasketValue":32.04,"averageCommission":1.14,"averageConfirmationTime":44,"averageCancellationRate":null,"minimumCommission":0.31,"maximumCommission":2.48,"commissionRates":[{"fixedCommission":null,"percentageCommission":4.8}],"trackingLink":"https://tatrck.com/h/0Hu30z9R0SGS","createdAt":"2023-12-13T11:04:58.971Z","updatedAt":"2024-08-21T11:32:37.752Z"},{"merchantId":115741,"name":"Lamp Shop Online UK","imageUri":"https://monetizeamex.com/v3/120x60/9760a264bef8949f1a768c5aefcfac05.png","currencyCode":"EUR","defaultDomain":"lampshoponline.com","domains":["lampshoponline.com","lampshoponline.co.uk"],"categoryId":74,"description":null,"isActive":true,"countryCodes":["GB"],"averageBasketValue":75.02,"averageCommission":1.35,"averageConfirmationTime":58,"averageCancellationRate":null,"minimumCommission":0.07,"maximumCommission":9.03,"commissionRates":[{"fixedCommission":null,"percentageCommission":0.6},{"fixedCommission":null,"percentageCommission":1.7999999999999998}],"trackingLink":"https://tatrck.com/h/0Hu30z9R0SGT","createdAt":"2023-12-13T11:04:59.127Z","updatedAt":"2024-09-03T17:07:36.861Z"},{"merchantId":115769,"name":"World of Tanks","imageUri":"https://monetizeamex.com/v3/120x60/25cf5cb349129dd39a520b74aabe5164.png","currencyCode":"EUR","defaultDomain":"worldoftanks.eu","domains":["worldoftanks.asia","worldoftanks.com","worldoftanks.eu"],"categoryId":42,"description":"World of Tanks ist ein kostenloses Online-Spiel, das den Panzerwagen der Mitte des 20. Jahrhunderts gewidmet ist. Spieler werden Kette an Kette mit anderen Anhänger der Stahlriesen aus aller Welt um die weltweite Panzerherrschaft kämpfen.","isActive":true,"countryCodes":["AD","AE","AF","AG","AI","AL","AM","AO","AR","AS","AT","AU","AW","AZ","BA","BB","BD","BE","BF","BG","BH","BI","BJ","BM","BN","BO","BR","BS","BT","BV","BW","BZ","CA","CC","CD","CF","CG","CH","CI","CK","CL","CM","CN","CO","CR","CU","CV","CX","CY","CZ","DE","DJ","DK","DM","DO","DZ","EC","EE","EG","EH","ER","ES","ET","FI","FJ","FK","FM","FO","FR","GA","GB","GD","GE","GF","GH","GI","GL","GM","GN","GP","GQ","GR","GT","GU","GW","GY","HK","HM","HN","HR","HT","HU","ID","IE","IL","IN","IO","IQ","IR","IS","IT","JM","JO","JP","KE","KG","KH","KI","KM","KN","KP","KR","KW","KY","KZ","LA","LB","LC","LI","LK","LR","LS","LT","LU","LV","LY","MA","MC","MD","MG","MH","MK","ML","MM","MN","MO","MP","MQ","MR","MS","MT","MU","MV","MW","MX","MY","MZ","NA","NC","NE","NF","NG","NI","NL","NO","NP","NR","NU","NZ","OM","PA","PE","PF","PG","PH","PK","PL","PM","PN","PR","PS","PT","PW","PY","QA","RE","RO","RW","SA","SB","SC","SD","SE","SG","SH","SI","SJ","SK","SL","SM","SN","SO","SR","ST","SV","SY","SZ","TC","TD","TF","TG","TH","TJ","TL","TM","TN","TO","TR","TT","TV","TW","TZ","UA","UG","UM","US","UY","UZ","VA","VC","VE","VG","VI","VN","VU","WF","WS","YE","YT","ZA","ZM","ZW"],"averageBasketValue":null,"averageCommission":1.81,"averageConfirmationTime":null,"averageCancellationRate":1.4000000000000001,"minimumCommission":0.05,"maximumCommission":5.14,"commissionRates":[],"trackingLink":"https://tatrck.com/h/0Hu30z9R0SGv","createdAt":"2023-12-13T11:05:09.705Z","updatedAt":"2024-09-03T05:53:27.804Z"},{"merchantId":115778,"name":"FeelGood FR","imageUri":"https://monetizeamex.com/v3/120x60/63a6215aa16efabac77815f5736ded98.png","currencyCode":"EUR","defaultDomain":"feelgoodcontacts.com","domains":["feelgoodcontacts.com"],"categoryId":28,"description":null,"isActive":true,"countryCodes":["GB","FR"],"averageBasketValue":42.41,"averageCommission":0.39,"averageConfirmationTime":22,"averageCancellationRate":52.29999999999999,"minimumCommission":0.06,"maximumCommission":1.71,"commissionRates":[{"fixedCommission":null,"percentageCommission":1.2},{"fixedCommission":null,"percentageCommission":0.48},{"fixedCommission":null,"percentageCommission":0.96},{"fixedCommission":null,"percentageCommission":2.4},{"fixedCommission":null,"percentageCommission":1.2}],"trackingLink":"https://tatrck.com/h/0Hu30z9R0SH2","createdAt":"2023-12-13T11:05:11.791Z","updatedAt":"2024-08-31T06:05:02.814Z"},{"merchantId":115814,"name":"StickerYou US","imageUri":"https://monetizeamex.com/v3/120x60/8031e5665259c1b48273fdd6a12daa6f.png","currencyCode":"EUR","defaultDomain":"stickeryou.com","domains":["stickeryou.com"],"categoryId":82,"description":null,"isActive":true,"countryCodes":["CA"],"averageBasketValue":88.83,"averageCommission":2.2,"averageConfirmationTime":null,"averageCancellationRate":null,"minimumCommission":0.19,"maximumCommission":9.76,"commissionRates":[],"trackingLink":"https://tatrck.com/h/0Hu30z9R0SHc","createdAt":"2023-12-13T11:05:23.778Z","updatedAt":"2024-09-03T17:03:35.010Z"},{"merchantId":115815,"name":"SuperBoletería US","imageUri":"https://monetizeamex.com/v3/120x60/ab384f410d40cb0674b68453fca5862d.png","currencyCode":"EUR","defaultDomain":"superboleteria.com","domains":["superboleteria.com"],"categoryId":53,"description":null,"isActive":true,"countryCodes":["US"],"averageBasketValue":null,"averageCommission":null,"averageConfirmationTime":null,"averageCancellationRate":null,"minimumCommission":null,"maximumCommission":null,"commissionRates":[{"fixedCommission":null,"percentageCommission":5.3999999999999995}],"trackingLink":"https://tatrck.com/h/0Hu30z9R0SHd","createdAt":"2023-12-13T11:05:24.867Z","updatedAt":"2024-09-03T17:08:37.481Z"},{"merchantId":115866,"name":"Weekendesk ES","imageUri":"https://monetizeamex.com/v3/120x60/af444786bb1fe224ad7bd6a73c5c88cb.png","currencyCode":"EUR","defaultDomain":"weekendesk.es","domains":["weekendesk.es"],"categoryId":46,"description":null,"isActive":true,"countryCodes":["ES"],"averageBasketValue":null,"averageCommission":6.41,"averageConfirmationTime":1,"averageCancellationRate":null,"minimumCommission":null,"maximumCommission":null,"commissionRates":[],"trackingLink":"https://tatrck.com/h/0Hu30z9R0SIQ","createdAt":"2023-12-13T11:05:43.571Z","updatedAt":"2024-08-28T06:03:01.495Z"},{"merchantId":115899,"name":"Tirendo DE","imageUri":"https://monetizeamex.com/v3/120x60/df71879ae30939b40ed3f068d1afe2f8.png","currencyCode":"EUR","defaultDomain":"tirendo.de","domains":["tirendo.de"],"categoryId":21,"description":"Bei tirendo.de finden Sie die besten Reifen zu den besten Preisen. Ganz gleich, ob Sie Winterreifen, Sommerreifen oder Ganzjahresreifen suchen – auf tirendo.de finden Sie eine große Auswahl an Markenreifen für jedes Auto und jedes Motorrad.","isActive":true,"countryCodes":["DE"],"averageBasketValue":472.43,"averageCommission":8.5,"averageConfirmationTime":26,"averageCancellationRate":31.1,"minimumCommission":2.71,"maximumCommission":9.58,"commissionRates":[{"fixedCommission":null,"percentageCommission":1.7999999999999998}],"trackingLink":"https://tatrck.com/h/0Hu30z9R0SIx","createdAt":"2023-12-13T11:05:53.476Z","updatedAt":"2024-09-03T17:07:30.399Z"},{"merchantId":115903,"name":"Worten ES","imageUri":"https://monetizeamex.com/v3/120x60/202004c66c0cf661ba303270adfe1171.png","currencyCode":"EUR","defaultDomain":"worten.es","domains":["worten.es"],"categoryId":72,"description":null,"isActive":true,"countryCodes":["ES"],"averageBasketValue":null,"averageCommission":0.51,"averageConfirmationTime":1,"averageCancellationRate":null,"minimumCommission":null,"maximumCommission":null,"commissionRates":[],"trackingLink":"https://tatrck.com/h/0Hu30z9R0SI_","createdAt":"2023-12-13T11:05:54.592Z","updatedAt":"2024-08-28T06:03:01.019Z"},{"merchantId":115904,"name":"Worten PT","imageUri":"https://monetizeamex.com/v3/120x60/17db7c991e8482bea9a646c53f1fa8e5.png","currencyCode":"EUR","defaultDomain":"worten.pt","domains":["worten.pt"],"categoryId":72,"description":null,"isActive":true,"countryCodes":["PT"],"averageBasketValue":null,"averageCommission":0.04,"averageConfirmationTime":1,"averageCancellationRate":null,"minimumCommission":0.08,"maximumCommission":8.84,"commissionRates":[],"trackingLink":"https://tatrck.com/h/0Hu30z9R0SJ0","createdAt":"2023-12-13T11:05:56.278Z","updatedAt":"2024-09-01T05:53:04.280Z"},{"merchantId":115920,"name":"zooplus CZ","imageUri":"https://monetizeamex.com/v3/120x60/9bdaed2625e168941f4529119c933511.png","currencyCode":"EUR","defaultDomain":"zoohit.cz","domains":["zoohit.cz"],"categoryId":61,"description":null,"isActive":true,"countryCodes":["CZ","SK"],"averageBasketValue":66.38,"averageCommission":0.54,"averageConfirmationTime":25,"averageCancellationRate":1.3,"minimumCommission":0.05,"maximumCommission":3.64,"commissionRates":[{"fixedCommission":null,"percentageCommission":0.9239999999999999},{"fixedCommission":null,"percentageCommission":0.786},{"fixedCommission":null,"percentageCommission":2.31},{"fixedCommission":null,"percentageCommission":0.46199999999999997},{"fixedCommission":null,"percentageCommission":0}],"trackingLink":"https://tatrck.com/h/0Hu30z9R0SJG","createdAt":"2023-12-13T11:06:01.869Z","updatedAt":"2024-09-03T17:09:21.773Z"},{"merchantId":115934,"name":"NFL Gamepass DE","imageUri":"https://monetizeamex.com/v3/120x60/538acfba67cdc27e10ce43c05b87d183.png","currencyCode":"EUR","defaultDomain":"nfl.com","domains":["nfl.com"],"categoryId":55,"description":"Die National Football League ist eine US-amerikanische Profiliga im American Football, Sie besteht aus 32 Teams. Hier findest Du aktuelle NFL-Nachrichten, Video-Highlights, Fantasy-Football-, Spiel-Tage-Abdeckung, Zeitpläne, Statistiken, Ergebnisse und vieles mehr.","isActive":true,"countryCodes":["US"],"averageBasketValue":18.56,"averageCommission":1.08,"averageConfirmationTime":58,"averageCancellationRate":null,"minimumCommission":0.34,"maximumCommission":4.94,"commissionRates":[{"fixedCommission":null,"percentageCommission":6},{"fixedCommission":null,"percentageCommission":4.8},{"fixedCommission":null,"percentageCommission":6.24}],"trackingLink":"https://tatrck.com/h/0Hu30z9R0SJU","createdAt":"2023-12-13T11:06:06.797Z","updatedAt":"2024-09-02T05:52:19.492Z"},{"merchantId":115977,"name":"SWK.de - Stadtwerke Krefeld DE","imageUri":"https://monetizeamex.com/v3/120x60/c1b043a2c43e0ca40edafcc3b686f87c.png","currencyCode":"EUR","defaultDomain":"swk.de","domains":["swk.de","swk-direkt.de"],"categoryId":51,"description":"Die SWK Energie GmbH ist ein regionaler Stromanbieter in Nordrhein Westfalen. Die Stadtwerke beliefern sie mit Ökostrom und Erdgas.","isActive":true,"countryCodes":["DE"],"averageBasketValue":298.03,"averageCommission":55.71,"averageConfirmationTime":null,"averageCancellationRate":null,"minimumCommission":30,"maximumCommission":30,"commissionRates":[{"fixedCommission":30,"percentageCommission":null}],"trackingLink":"https://tatrck.com/h/0Hu30z9R0SK9","createdAt":"2023-12-13T11:06:20.580Z","updatedAt":"2024-09-03T17:06:45.162Z"},{"merchantId":115981,"name":"Bravofly HU","imageUri":"https://monetizeamex.com/v3/120x60/d15a155fce1a770027b80bb52f201eb5.png","currencyCode":"EUR","defaultDomain":"bravofly.hu","domains":["bravofly.hu"],"categoryId":63,"description":null,"isActive":true,"countryCodes":["HU"],"averageBasketValue":1,"averageCommission":26.22,"averageConfirmationTime":null,"averageCancellationRate":null,"minimumCommission":48.21,"maximumCommission":48.21,"commissionRates":[],"trackingLink":"https://tatrck.com/h/0Hu30z9R0SKD","createdAt":"2023-12-13T11:06:21.389Z","updatedAt":"2024-08-23T05:22:54.567Z"},{"merchantId":116002,"name":"MyBeautyBox IT","imageUri":"https://monetizeamex.com/v3/120x60/6241712c96d5c631025af73a0b418576.png","currencyCode":"EUR","defaultDomain":"mybeautybox.it","domains":["mybeautybox.it"],"categoryId":28,"description":null,"isActive":true,"countryCodes":["IT"],"averageBasketValue":15.57,"averageCommission":1.4,"averageConfirmationTime":null,"averageCancellationRate":null,"minimumCommission":1.4,"maximumCommission":1.4,"commissionRates":[{"fixedCommission":null,"percentageCommission":9}],"trackingLink":"https://tatrck.com/h/0Hu30z9R0SKY","createdAt":"2023-12-13T11:06:27.471Z","updatedAt":"2024-08-21T11:42:21.974Z"},{"merchantId":116011,"name":"Scandic DK","imageUri":"https://monetizeamex.com/v3/120x60/d8c5de561ac8626dcd060c2ac146fd28.png","currencyCode":"EUR","defaultDomain":"scandichotels.dk","domains":["scandichotels.dk"],"categoryId":45,"description":null,"isActive":true,"countryCodes":["DK"],"averageBasketValue":229.79,"averageCommission":5.8,"averageConfirmationTime":58,"averageCancellationRate":5.7,"minimumCommission":1.73,"maximumCommission":38.25,"commissionRates":[],"trackingLink":"https://tatrck.com/h/0Hu30z9R0SKh","createdAt":"2023-12-13T11:06:30.289Z","updatedAt":"2024-09-03T17:06:56.366Z"},{"merchantId":116012,"name":"Scandic EU","imageUri":"https://monetizeamex.com/v3/120x60/582bb5967712af6f5b213119d248245d.png","currencyCode":"EUR","defaultDomain":"scandichotels.de","domains":["scandichotels.de"],"categoryId":63,"description":"Hotels.com | Find cheap hotels and discounts when you book on Hotels.com. Compare hotel deals, offers and read unbiased reviews on hotels.","isActive":true,"countryCodes":["DE"],"averageBasketValue":344.81,"averageCommission":16.55,"averageConfirmationTime":null,"averageCancellationRate":17.1,"minimumCommission":6.24,"maximumCommission":66.07,"commissionRates":[],"trackingLink":"https://tatrck.com/h/0Hu30z9R0SKi","createdAt":"2023-12-13T11:06:30.465Z","updatedAt":"2024-09-03T17:07:42.669Z"},{"merchantId":116013,"name":"Scandic FI","imageUri":"https://monetizeamex.com/v3/120x60/aed0798d78885839defce59d7f5378f0.png","currencyCode":"EUR","defaultDomain":"scandichotels.fi","domains":["scandichotels.fi"],"categoryId":63,"description":null,"isActive":true,"countryCodes":["FI"],"averageBasketValue":167.11,"averageCommission":4.03,"averageConfirmationTime":48,"averageCancellationRate":1.3,"minimumCommission":0.48,"maximumCommission":92.06,"commissionRates":[],"trackingLink":"https://tatrck.com/h/0Hu30z9R0SKj","createdAt":"2023-12-13T11:06:31.478Z","updatedAt":"2024-09-03T17:09:37.411Z"},{"merchantId":116016,"name":"Tatilcom TR","imageUri":"https://monetizeamex.com/v3/120x60/b47f24dad65eb93196989701c3fe771a.png","currencyCode":"EUR","defaultDomain":"tatil.com","domains":["tatil.com"],"categoryId":71,"description":null,"isActive":true,"countryCodes":["AZ"],"averageBasketValue":null,"averageCommission":null,"averageConfirmationTime":null,"averageCancellationRate":null,"minimumCommission":null,"maximumCommission":null,"commissionRates":[],"trackingLink":"https://tatrck.com/h/0Hu30z9R0SKm","createdAt":"2023-12-13T11:06:31.664Z","updatedAt":"2024-08-21T11:37:30.345Z"},{"merchantId":116022,"name":"zooplus SI","imageUri":"https://monetizeamex.com/v3/120x60/f43687e6cf63c58f8104d5c982c7640a.png","currencyCode":"EUR","defaultDomain":"zoohit.si","domains":["zoohit.si"],"categoryId":61,"description":null,"isActive":true,"countryCodes":["DE","SI"],"averageBasketValue":45.56,"averageCommission":0.33,"averageConfirmationTime":29,"averageCancellationRate":null,"minimumCommission":0.23,"maximumCommission":1.2,"commissionRates":[{"fixedCommission":null,"percentageCommission":0.6},{"fixedCommission":null,"percentageCommission":1.2},{"fixedCommission":null,"percentageCommission":1.7999999999999998}],"trackingLink":"https://tatrck.com/h/0Hu30z9R0SKs","createdAt":"2023-12-13T11:06:33.778Z","updatedAt":"2024-09-03T17:09:25.179Z"},{"merchantId":116031,"name":"Paintball Onlineshop DE","imageUri":"https://monetizeamex.com/v3/120x60/7ea99d4faefde4510aafc1921500a053.png","currencyCode":"EUR","defaultDomain":"paintballsports.de","domains":["paintballshop-hannover.de","paintballsports.de"],"categoryId":55,"description":"Der Paintball Gotcha Onlineshop bietet Dir eine riesen Auswahl an Paintball Artikeln aller führenden Paintball Marken und Hersteller zu günstigen Preisen. Der Shop führt  Paintball Markierer, Masken, Paintballs, HP Systeme, Bekleidung, Battlepacks und Zubehör.","isActive":true,"countryCodes":["DE"],"averageBasketValue":355.45,"averageCommission":4.98,"averageConfirmationTime":null,"averageCancellationRate":5.4,"minimumCommission":0.2,"maximumCommission":3.27,"commissionRates":[{"fixedCommission":null,"percentageCommission":1.2},{"fixedCommission":null,"percentageCommission":1.2}],"trackingLink":"https://tatrck.com/h/0Hu30z9R0SK_","createdAt":"2023-12-13T11:06:37.282Z","updatedAt":"2024-09-03T05:43:07.486Z"},{"merchantId":116038,"name":"Anthropologie (FR)","imageUri":"https://monetizeamex.com/v3/120x60/b597bafd0a859215232dd0b4ca74d7a1.png","currencyCode":"EUR","defaultDomain":"anthropologie.com","domains":["anthropologie.com","anthropologie.de","anthropologie.eu"],"categoryId":74,"description":"Bei Anthropologie findest Du stilvolle Kleidung, tolle Accessoires, Geschenke und Heim-Dekorationen, die ihren persönlichen Stil widerspiegeln und ihr Lebensfeuer entfachen.","isActive":true,"countryCodes":["AT","BE","BG","CY","CZ","DE","DK","EE","ES","FI","FR","GB","GR","HR","HU","IE","IT","LT","LU","LV","MT","NL","PL","PT","RO","SE","SI","SK"],"averageBasketValue":2.23,"averageCommission":0.09,"averageConfirmationTime":1,"averageCancellationRate":null,"minimumCommission":4.27,"maximumCommission":4.27,"commissionRates":[],"trackingLink":"https://tatrck.com/h/0Hu30z9R0SL6","createdAt":"2023-12-13T11:06:38.390Z","updatedAt":"2024-09-03T17:07:57.959Z"},{"merchantId":116047,"name":"Giordano Vins FR","imageUri":"https://monetizeamex.com/v3/120x60/da771f9878c8254053bb7a8085dc9990.png","currencyCode":"EUR","defaultDomain":"giordanovins.fr","domains":["giordanovins.fr"],"categoryId":14,"description":null,"isActive":true,"countryCodes":["FR"],"averageBasketValue":65.45,"averageCommission":2.74,"averageConfirmationTime":null,"averageCancellationRate":null,"minimumCommission":2.04,"maximumCommission":3.25,"commissionRates":[],"trackingLink":"https://tatrck.com/h/0Hu30z9R0SLF","createdAt":"2023-12-13T11:06:41.704Z","updatedAt":"2024-08-26T09:01:24.208Z"},{"merchantId":116058,"name":"Berlin Pass UK","imageUri":"https://monetizeamex.com/v3/120x60/a62800f640889e2506af3ac20773eca6.png","currencyCode":"EUR","defaultDomain":"berlinpass.com","domains":["berlinpass.com"],"categoryId":63,"description":null,"isActive":true,"countryCodes":[],"averageBasketValue":null,"averageCommission":null,"averageConfirmationTime":null,"averageCancellationRate":null,"minimumCommission":null,"maximumCommission":null,"commissionRates":[{"fixedCommission":null,"percentageCommission":0}],"trackingLink":"https://tatrck.com/h/0Hu30z9R0SLQ","createdAt":"2023-12-13T11:06:43.868Z","updatedAt":"2024-08-21T11:27:06.536Z"},{"merchantId":116115,"name":"French Connection UK","imageUri":"https://monetizeamex.com/v3/120x60/dd9e1726c1441ff94c21e5d1beab4e8b.png","currencyCode":"EUR","defaultDomain":"frenchconnection.com","domains":["frenchconnection.com"],"categoryId":40,"description":"Im Online-Shop French Connection finden Sie stylische, moderne und aktuelle Mode für Damen und Herren. Angeboten werden Jacken, Mäntel, Hosen, Bademode und Schuhe sowie auch Accessoires und Taschen.","isActive":true,"countryCodes":["IE","US","GB"],"averageBasketValue":90.72,"averageCommission":1.62,"averageConfirmationTime":null,"averageCancellationRate":null,"minimumCommission":1.1,"maximumCommission":4.08,"commissionRates":[{"fixedCommission":null,"percentageCommission":1.92},{"fixedCommission":null,"percentageCommission":2.4}],"trackingLink":"https://tatrck.com/h/0Hu30z9R0SMJ","createdAt":"2023-12-13T11:07:02.853Z","updatedAt":"2024-09-03T17:07:44.065Z"},{"merchantId":116122,"name":"Iberia Express ES","imageUri":"https://monetizeamex.com/v3/120x60/33f273922e5ad61f6defbc184e3d81b1.png","currencyCode":"EUR","defaultDomain":"iberiaexpress.com","domains":["iberiaexpress.com","iberiaexpress.es"],"categoryId":9,"description":null,"isActive":true,"countryCodes":["ES"],"averageBasketValue":null,"averageCommission":0.46,"averageConfirmationTime":2,"averageCancellationRate":null,"minimumCommission":0,"maximumCommission":11.07,"commissionRates":[],"trackingLink":"https://tatrck.com/h/0Hu30z9R0SMQ","createdAt":"2023-12-13T11:07:07.371Z","updatedAt":"2024-08-28T05:51:35.455Z"},{"merchantId":116137,"name":"Porto Seguro BR","imageUri":"https://monetizeamex.com/v3/120x60/7c16bf890eae7e3d77a34e8884e02d0d.png","currencyCode":"EUR","defaultDomain":"portoseguro.com.br","domains":["portoseguro.com.br"],"categoryId":66,"description":null,"isActive":true,"countryCodes":["BR"],"averageBasketValue":null,"averageCommission":1.51,"averageConfirmationTime":null,"averageCancellationRate":null,"minimumCommission":1.03,"maximumCommission":1.03,"commissionRates":[],"trackingLink":"https://tatrck.com/h/0Hu30z9R0SMf","createdAt":"2023-12-13T11:07:10.767Z","updatedAt":"2024-08-25T05:53:50.104Z"},{"merchantId":116144,"name":"Vertbaudet BE","imageUri":"https://monetizeamex.com/v3/120x60/0acabbb9a772e0593c86ac13f0ec01f8.png","currencyCode":"EUR","defaultDomain":"vertbaudet.be","domains":["vertbaudet.be"],"categoryId":40,"description":null,"isActive":true,"countryCodes":["BE"],"averageBasketValue":75.33,"averageCommission":1.83,"averageConfirmationTime":30,"averageCancellationRate":null,"minimumCommission":0.01,"maximumCommission":13,"commissionRates":[],"trackingLink":"https://tatrck.com/h/0Hu30z9R0SMm","createdAt":"2023-12-13T11:07:13.175Z","updatedAt":"2024-08-31T05:44:20.947Z"},{"merchantId":116147,"name":"zooplus HU","imageUri":"https://monetizeamex.com/v3/120x60/4e1cf4c36a617b195aa480c2f90e911e.png","currencyCode":"EUR","defaultDomain":"zooplus.hu","domains":["zooplus.hu"],"categoryId":61,"description":null,"isActive":true,"countryCodes":["HU"],"averageBasketValue":37.5,"averageCommission":0.25,"averageConfirmationTime":1,"averageCancellationRate":1.2,"minimumCommission":0.07,"maximumCommission":0.69,"commissionRates":[{"fixedCommission":null,"percentageCommission":1.2},{"fixedCommission":null,"percentageCommission":0.6}],"trackingLink":"https://tatrck.com/h/0Hu30z9R0SMp","createdAt":"2023-12-13T11:07:14.973Z","updatedAt":"2024-09-03T17:07:02.482Z"},{"merchantId":116148,"name":"FineBuy DE","imageUri":"https://monetizeamex.com/v3/120x60/63226350aa8adf5ab66f4384f30d7c9b.png","currencyCode":"EUR","defaultDomain":"finebuy.de","domains":["finebuy.de"],"categoryId":34,"description":"Sich richtig zuhause fühlen, das kann man am besten in den eigenen vier Wänden. Vor allem wenn die Einrichtung stimmt. Ob im Wohnzimmer, Schlafzimmer, Badezimmer, Garderobe, in der Küche, im Garten oder im Büro: die passende Einrichtung trägt maßgeblich zur Lebensqualität bei und will daher mit Bedacht gewählt sein.","isActive":true,"countryCodes":["DE"],"averageBasketValue":287.75,"averageCommission":17.26,"averageConfirmationTime":null,"averageCancellationRate":null,"minimumCommission":23.94,"maximumCommission":23.94,"commissionRates":[],"trackingLink":"https://tatrck.com/h/0Hu30z9R0SMq","createdAt":"2023-12-13T11:07:15.665Z","updatedAt":"2024-09-03T17:07:31.465Z"},{"merchantId":116193,"name":"HPI Check UK","imageUri":"https://monetizeamex.com/v3/120x60/976b0a1968042d1c6022cae656f68139.png","currencyCode":"EUR","defaultDomain":"hpicheck.com","domains":["hpicheck.com","hpicheck.co.uk"],"categoryId":59,"description":null,"isActive":true,"countryCodes":["GB"],"averageBasketValue":20.98,"averageCommission":3.14,"averageConfirmationTime":1,"averageCancellationRate":null,"minimumCommission":0.79,"maximumCommission":4.91,"commissionRates":[],"trackingLink":"https://tatrck.com/h/0Hu30z9R0SNX","createdAt":"2023-12-13T11:07:29.572Z","updatedAt":"2024-08-28T05:58:02.973Z"},{"merchantId":116208,"name":"Skullcandy US","imageUri":"https://monetizeamex.com/v3/120x60/6c90ce5f9a5a7f9fd0e5e8be15fbf540.png","currencyCode":"EUR","defaultDomain":"skullcandy.com","domains":["skullcandy.com"],"categoryId":72,"description":null,"isActive":true,"countryCodes":["US"],"averageBasketValue":101.37,"averageCommission":2.18,"averageConfirmationTime":null,"averageCancellationRate":null,"minimumCommission":0.19,"maximumCommission":6.82,"commissionRates":[{"fixedCommission":null,"percentageCommission":2.4}],"trackingLink":"https://tatrck.com/h/0Hu30z9R0SNm","createdAt":"2023-12-13T11:07:34.780Z","updatedAt":"2024-08-31T05:52:32.123Z"},{"merchantId":116218,"name":"Water Filters US","imageUri":"https://monetizeamex.com/v3/120x60/14c3f30509b6eb637ee5a70fdc99c40a.png","currencyCode":"EUR","defaultDomain":"waterfilters.net","domains":["waterfilters.net"],"categoryId":21,"description":null,"isActive":true,"countryCodes":["US"],"averageBasketValue":null,"averageCommission":null,"averageConfirmationTime":null,"averageCancellationRate":null,"minimumCommission":null,"maximumCommission":null,"commissionRates":[],"trackingLink":"https://tatrck.com/h/0Hu30z9R0SNw","createdAt":"2023-12-13T11:07:37.689Z","updatedAt":"2024-08-23T15:01:31.661Z"},{"merchantId":116234,"name":"agFashion DE","imageUri":"https://monetizeamex.com/v3/120x60/50d11320ab5ec5c1dc403d9b6965fb32.png","currencyCode":"EUR","defaultDomain":"agfashion.de","domains":["agfashion.de"],"categoryId":40,"description":"Der Shop Angies Glamor Fashion hat sexy Damenmode für trendige Frauen von heute. Das Angebot reicht von aktueller Jeansmode wie Hüftjeans oder Röhrenjeans, bis hin zu Tops, Sexy Minikleidern und Abendkleidern.","isActive":true,"countryCodes":["DE"],"averageBasketValue":30.06,"averageCommission":1.44,"averageConfirmationTime":1,"averageCancellationRate":null,"minimumCommission":2.65,"maximumCommission":2.65,"commissionRates":[{"fixedCommission":null,"percentageCommission":4.8}],"trackingLink":"https://tatrck.com/h/0Hu30z9R0SOA","createdAt":"2023-12-13T11:07:43.167Z","updatedAt":"2024-09-03T17:08:40.181Z"}]}