{"meta":{"next":205275},"data":[{"merchantId":204001,"name":"Obé Fitness US CA US","imageUri":"https://monetizeamex.com/v3/120x60/d5b6aaa7a446e98dc4cd8fe06830d7eb.png","currencyCode":"EUR","defaultDomain":"obefitness.com","domains":["obefitness.com"],"categoryId":68,"description":null,"isActive":true,"countryCodes":["US"],"averageBasketValue":16.1,"averageCommission":2.27,"averageConfirmationTime":null,"averageCancellationRate":null,"minimumCommission":20.46,"maximumCommission":20.46,"commissionRates":[{"fixedCommission":24,"percentageCommission":null},{"fixedCommission":4.8,"percentageCommission":null}],"trackingLink":"https://tatrck.com/h/0Hu30z9R0npX","createdAt":"2023-12-13T18:29:18.778Z","updatedAt":"2024-08-29T05:52:10.167Z"},{"merchantId":204005,"name":"FIRST CONCIERGERIE FR","imageUri":"https://monetizeamex.com/v3/120x60/0c1bf45d39f5633a0e5e8b95e9ef8895.png","currencyCode":"EUR","defaultDomain":"firstconciergerie.fr","domains":["firstconciergerie.fr"],"categoryId":63,"description":null,"isActive":true,"countryCodes":["FR"],"averageBasketValue":null,"averageCommission":null,"averageConfirmationTime":null,"averageCancellationRate":null,"minimumCommission":null,"maximumCommission":null,"commissionRates":[],"trackingLink":"https://tatrck.com/h/0Hu30z9R0npb","createdAt":"2023-12-13T18:29:18.370Z","updatedAt":"2024-09-03T17:07:19.747Z"},{"merchantId":204006,"name":"Gamer SaloonUS","imageUri":"https://monetizeamex.com/v3/120x60/3f2c9c0a6d2942859a37aaec09b745b3.png","currencyCode":"EUR","defaultDomain":"gamersaloon.com","domains":["gamersaloon.com"],"categoryId":81,"description":null,"isActive":true,"countryCodes":["US"],"averageBasketValue":0.83,"averageCommission":12.6,"averageConfirmationTime":null,"averageCancellationRate":33.3,"minimumCommission":12.84,"maximumCommission":12.84,"commissionRates":[{"fixedCommission":15,"percentageCommission":null}],"trackingLink":"https://tatrck.com/h/0Hu30z9R0npc","createdAt":"2023-12-13T18:29:20.394Z","updatedAt":"2024-09-03T17:08:57.195Z"},{"merchantId":204010,"name":"Purity Hemp Company UK","imageUri":"https://monetizeamex.com/v3/120x60/b893c5b61083c55a480285a1d9fcdcb8.png","currencyCode":"EUR","defaultDomain":"purityhempco.com","domains":["purityhempco.com"],"categoryId":28,"description":null,"isActive":true,"countryCodes":["GB"],"averageBasketValue":50.02,"averageCommission":6,"averageConfirmationTime":null,"averageCancellationRate":null,"minimumCommission":6,"maximumCommission":6,"commissionRates":[],"trackingLink":"https://tatrck.com/h/0Hu30z9R0npg","createdAt":"2023-12-13T18:29:19.676Z","updatedAt":"2024-09-03T17:07:35.399Z"},{"merchantId":204014,"name":"YouFibre UK","imageUri":"https://monetizeamex.com/v3/120x60/04bbda84d80c5c64af8f999c2e2bce1f.png","currencyCode":"EUR","defaultDomain":"youfibre.com","domains":["youfibre.com"],"categoryId":58,"description":null,"isActive":true,"countryCodes":["GB"],"averageBasketValue":2.64,"averageCommission":3.46,"averageConfirmationTime":null,"averageCancellationRate":null,"minimumCommission":31.61,"maximumCommission":32.13,"commissionRates":[],"trackingLink":"https://tatrck.com/h/0Hu30z9R0npk","createdAt":"2023-12-13T18:29:22.469Z","updatedAt":"2024-09-03T05:53:31.460Z"},{"merchantId":204015,"name":"hotelbreak ES","imageUri":"https://monetizeamex.com/v3/120x60/69f06bf7e0ebc59b19e23ecbe1ea4166.png","currencyCode":"EUR","defaultDomain":"hotelbreak.com","domains":["hotelbreak.com"],"categoryId":63,"description":null,"isActive":true,"countryCodes":["ES"],"averageBasketValue":149.34,"averageCommission":4.48,"averageConfirmationTime":58,"averageCancellationRate":4.6,"minimumCommission":1.5,"maximumCommission":15.93,"commissionRates":[],"trackingLink":"https://tatrck.com/h/0Hu30z9R0npl","createdAt":"2023-12-13T18:29:21.509Z","updatedAt":"2024-09-03T17:09:26.562Z"},{"merchantId":204018,"name":"Annies Pooch Pops US","imageUri":"https://kqdxc4m5.de/logos_v2/120x60/7c26481011fec6e4cc697afd87ffaf10.gif","currencyCode":"EUR","defaultDomain":"anniespoochpops.com","domains":["anniespoochpops.com"],"categoryId":61,"description":null,"isActive":true,"countryCodes":["US"],"averageBasketValue":49.06,"averageCommission":1.47,"averageConfirmationTime":1,"averageCancellationRate":null,"minimumCommission":0.54,"maximumCommission":3.44,"commissionRates":[{"fixedCommission":null,"percentageCommission":3}],"trackingLink":"https://tatrck.com/h/0Hu30z9R0npo","createdAt":"2023-12-13T18:29:22.667Z","updatedAt":"2024-08-28T05:29:01.991Z"},{"merchantId":204021,"name":"EWIN International Corp., Ltd US","imageUri":"https://kqdxc4m5.de/logos_v2/120x60/09f1b18a8799b22d8fd0c0be626e1cf0.gif","currencyCode":"EUR","defaultDomain":"koalagp.com","domains":["koalagp.com"],"categoryId":70,"description":null,"isActive":true,"countryCodes":["US"],"averageBasketValue":null,"averageCommission":null,"averageConfirmationTime":null,"averageCancellationRate":null,"minimumCommission":null,"maximumCommission":null,"commissionRates":[{"fixedCommission":null,"percentageCommission":9}],"trackingLink":"https://tatrck.com/h/0Hu30z9R0npr","createdAt":"2023-12-13T18:29:23.671Z","updatedAt":"2024-08-21T11:39:43.822Z"},{"merchantId":204025,"name":"REVITALVISION US","imageUri":"https://kqdxc4m5.de/logos_v2/120x60/18c473065da53a51298524548e59c91d.gif","currencyCode":"EUR","defaultDomain":"revitalvision.com","domains":["revitalvision.com"],"categoryId":68,"description":null,"isActive":true,"countryCodes":["US"],"averageBasketValue":null,"averageCommission":null,"averageConfirmationTime":null,"averageCancellationRate":null,"minimumCommission":null,"maximumCommission":null,"commissionRates":[],"trackingLink":"https://tatrck.com/h/0Hu30z9R0npv","createdAt":"2023-12-13T18:29:24.189Z","updatedAt":"2024-09-03T17:08:55.272Z"},{"merchantId":204027,"name":"LEGO","imageUri":"https://monetizeamex.com/v3/120x60/b6a34766f7afc732b46b8b49bc43bee1.png","currencyCode":"EUR","defaultDomain":"lego.com","domains":["lego.com"],"categoryId":17,"description":null,"isActive":true,"countryCodes":[],"averageBasketValue":100.94,"averageCommission":1.95,"averageConfirmationTime":null,"averageCancellationRate":1.5999999999999999,"minimumCommission":0,"maximumCommission":24.99,"commissionRates":[{"fixedCommission":null,"percentageCommission":1.44},{"fixedCommission":0.76,"percentageCommission":null},{"fixedCommission":null,"percentageCommission":3.84},{"fixedCommission":null,"percentageCommission":1.44},{"fixedCommission":1.2,"percentageCommission":null},{"fixedCommission":null,"percentageCommission":1.44},{"fixedCommission":1.2,"percentageCommission":null},{"fixedCommission":null,"percentageCommission":3.84},{"fixedCommission":null,"percentageCommission":1.44},{"fixedCommission":null,"percentageCommission":1.44},{"fixedCommission":null,"percentageCommission":3.36}],"trackingLink":"https://tatrck.com/h/0Hu30z9R0npx","createdAt":"2023-12-13T18:29:24.769Z","updatedAt":"2024-09-03T17:07:57.783Z"},{"merchantId":204034,"name":"Katin USA US","imageUri":"https://kqdxc4m5.de/logos_v2/120x60/9b549d8b99eacf47377208a733254158.gif","currencyCode":"EUR","defaultDomain":"katinusa.com","domains":["katinusa.com"],"categoryId":40,"description":null,"isActive":true,"countryCodes":["US"],"averageBasketValue":89.7,"averageCommission":3.24,"averageConfirmationTime":null,"averageCancellationRate":null,"minimumCommission":1.71,"maximumCommission":1.71,"commissionRates":[{"fixedCommission":null,"percentageCommission":3}],"trackingLink":"https://tatrck.com/h/0Hu30z9R0nq2","createdAt":"2023-12-13T18:29:26.780Z","updatedAt":"2024-08-23T15:05:09.589Z"},{"merchantId":204049,"name":"Altes Gewürzamt - Gewürze von bester Qualität","imageUri":"https://kqdxc4m5.de/logos_v2/120x60/6ed77d4d7023ffc597e7863b323e6507.gif","currencyCode":"EUR","defaultDomain":"altesgewuerzamt.de","domains":["altesgewuerzamt.de"],"categoryId":14,"description":null,"isActive":true,"countryCodes":["AT"],"averageBasketValue":63.76,"averageCommission":3.06,"averageConfirmationTime":null,"averageCancellationRate":null,"minimumCommission":0.85,"maximumCommission":5,"commissionRates":[{"fixedCommission":null,"percentageCommission":4.8}],"trackingLink":"https://tatrck.com/h/0Hu30z9R0nqH","createdAt":"2023-12-13T18:29:28.574Z","updatedAt":"2024-08-08T05:29:08.177Z"},{"merchantId":204085,"name":"Fussmatten Welt - individuelle Fußmatten","imageUri":"https://monetizeamex.com/v3/120x60/7be36c651d65e6939fc53a1beb4ba25e.png","currencyCode":"EUR","defaultDomain":"fussmatte-individuell.de","domains":["fussmatte-individuell.de"],"categoryId":74,"description":null,"isActive":true,"countryCodes":["DE"],"averageBasketValue":74.29,"averageCommission":5.34,"averageConfirmationTime":6,"averageCancellationRate":null,"minimumCommission":null,"maximumCommission":null,"commissionRates":[{"fixedCommission":null,"percentageCommission":7.199999999999999}],"trackingLink":"https://tatrck.com/h/0Hu30z9R0nqr","createdAt":"2023-12-13T18:29:29.969Z","updatedAt":"2024-09-03T17:08:59.263Z"},{"merchantId":204137,"name":"Murbes - Abbigliamento, Scarpe e Borse dei Migliori brand","imageUri":"https://kqdxc4m5.de/logos_v2/120x60/ee5479157390adf4ceff7edecdbdf791.gif","currencyCode":"EUR","defaultDomain":"murbes.com","domains":["murbes.com"],"categoryId":40,"description":null,"isActive":true,"countryCodes":["FR"],"averageBasketValue":406.79,"averageCommission":24.4,"averageConfirmationTime":6,"averageCancellationRate":null,"minimumCommission":13.2,"maximumCommission":13.2,"commissionRates":[{"fixedCommission":null,"percentageCommission":6}],"trackingLink":"https://tatrck.com/h/0Hu30z9R0nrf","createdAt":"2023-12-13T18:29:31.978Z","updatedAt":"2024-08-29T05:27:48.985Z"},{"merchantId":204149,"name":"Petness - Loja de animais online","imageUri":"https://monetizeamex.com/v3/120x60/22d1dad94bdaa5edbdd7de2d3ceae37c.png","currencyCode":"EUR","defaultDomain":"petness.pt","domains":["petness.pt"],"categoryId":21,"description":null,"isActive":true,"countryCodes":["FR"],"averageBasketValue":53.28,"averageCommission":0.39,"averageConfirmationTime":17,"averageCancellationRate":null,"minimumCommission":0.13,"maximumCommission":0.66,"commissionRates":[{"fixedCommission":null,"percentageCommission":0.6},{"fixedCommission":null,"percentageCommission":1.2}],"trackingLink":"https://tatrck.com/h/0Hu30z9R0nrr","createdAt":"2023-12-13T18:29:32.386Z","updatedAt":"2024-08-20T05:29:02.749Z"},{"merchantId":204158,"name":"Pure Schönheit - Naturkosmetik","imageUri":"https://kqdxc4m5.de/logos_v2/120x60/cdfad321922ae3cff669c1ddeedaaf7d.gif","currencyCode":"EUR","defaultDomain":"pure-schoenheit.de","domains":["pure-schoenheit.de"],"categoryId":28,"description":null,"isActive":true,"countryCodes":["DE"],"averageBasketValue":34.81,"averageCommission":1.66,"averageConfirmationTime":null,"averageCancellationRate":null,"minimumCommission":0.98,"maximumCommission":2.11,"commissionRates":[{"fixedCommission":null,"percentageCommission":4.8}],"trackingLink":"https://tatrck.com/h/0Hu30z9R0nr-","createdAt":"2023-12-13T18:29:32.983Z","updatedAt":"2024-08-08T05:29:09.789Z"},{"merchantId":204168,"name":"Santafixie UK","imageUri":"https://monetizeamex.com/v3/120x60/c213814e464241efc5e3adfa3d3d7a5f.png","currencyCode":"EUR","defaultDomain":"santafixie.co.uk","domains":["santafixie.co.uk"],"categoryId":55,"description":null,"isActive":true,"countryCodes":["GB"],"averageBasketValue":49.92,"averageCommission":1.79,"averageConfirmationTime":null,"averageCancellationRate":null,"minimumCommission":0.6,"maximumCommission":2.98,"commissionRates":[{"fixedCommission":null,"percentageCommission":3.5999999999999996}],"trackingLink":"https://tatrck.com/h/0Hu30z9R0ns8","createdAt":"2023-12-13T18:29:35.271Z","updatedAt":"2024-08-21T11:42:23.144Z"},{"merchantId":204174,"name":"Sonnenmax - Der Sichtschutz Spezialist","imageUri":"https://kqdxc4m5.de/logos_v2/120x60/3d84614a01c8101d0905f1f64fff38da.gif","currencyCode":"EUR","defaultDomain":"sonnenmax.de","domains":["sonnenmax.de"],"categoryId":55,"description":null,"isActive":true,"countryCodes":["DE"],"averageBasketValue":599.29,"averageCommission":22.44,"averageConfirmationTime":58,"averageCancellationRate":null,"minimumCommission":0.58,"maximumCommission":48.24,"commissionRates":[{"fixedCommission":null,"percentageCommission":3.5999999999999996}],"trackingLink":"https://tatrck.com/h/0Hu30z9R0nsE","createdAt":"2023-12-13T18:29:34.081Z","updatedAt":"2024-08-21T05:30:38.634Z"},{"merchantId":204226,"name":"hair-shop.com - Haarpflege- und Stylingprodukte","imageUri":"https://kqdxc4m5.de/logos_v2/120x60/baa4b0f7049e2709acee5c15545c11e3.gif","currencyCode":"EUR","defaultDomain":"hair-shop.com","domains":["hair-shop.com"],"categoryId":28,"description":null,"isActive":true,"countryCodes":[],"averageBasketValue":46.88,"averageCommission":2.81,"averageConfirmationTime":58,"averageCancellationRate":19.6,"minimumCommission":0.32,"maximumCommission":6.24,"commissionRates":[{"fixedCommission":null,"percentageCommission":6}],"trackingLink":"https://tatrck.com/h/0Hu30z9R0nt2","createdAt":"2023-12-13T18:29:37.569Z","updatedAt":"2024-09-03T05:28:08.989Z"},{"merchantId":204302,"name":"Psibufet.pl PL","imageUri":"https://kqdxc4m5.de/logos_v2/120x60/fd09a2835739232c83bec124ad8912de.gif","currencyCode":"EUR","defaultDomain":"psibufet.pl","domains":["psibufet.pl"],"categoryId":50,"description":null,"isActive":true,"countryCodes":["PL"],"averageBasketValue":0.03,"averageCommission":6.36,"averageConfirmationTime":2,"averageCancellationRate":3.6,"minimumCommission":6.33,"maximumCommission":6.55,"commissionRates":[],"trackingLink":"https://tatrck.com/h/0Hu30z9R0nuE","createdAt":"2023-12-13T18:29:48.381Z","updatedAt":"2024-09-03T05:39:07.029Z"},{"merchantId":204308,"name":"Spirits Kiosk UK","imageUri":"https://monetizeamex.com/v3/120x60/d196ff325ee3f1b171211b7e58813ecc.png","currencyCode":"EUR","defaultDomain":"spiritskiosk.com","domains":["spiritskiosk.com"],"categoryId":14,"description":null,"isActive":true,"countryCodes":["GB"],"averageBasketValue":175.47,"averageCommission":5.26,"averageConfirmationTime":null,"averageCancellationRate":null,"minimumCommission":6.02,"maximumCommission":6.02,"commissionRates":[{"fixedCommission":null,"percentageCommission":3}],"trackingLink":"https://tatrck.com/h/0Hu30z9R0nuK","createdAt":"2023-12-13T18:29:49.994Z","updatedAt":"2024-09-03T17:08:43.549Z"},{"merchantId":204309,"name":"Curious Cat Drinks","imageUri":"https://monetizeamex.com/v3/120x60/842a9e7c6f7c41ca078339b06d9a4851.png","currencyCode":"EUR","defaultDomain":"curiouscatdrinks.co.uk","domains":["curiouscatdrinks.co.uk"],"categoryId":4,"description":null,"isActive":true,"countryCodes":["GB"],"averageBasketValue":null,"averageCommission":null,"averageConfirmationTime":null,"averageCancellationRate":null,"minimumCommission":null,"maximumCommission":null,"commissionRates":[{"fixedCommission":null,"percentageCommission":4.8}],"trackingLink":"https://tatrck.com/h/0Hu30z9R0nuL","createdAt":"2023-12-13T18:29:50.476Z","updatedAt":"2024-08-15T09:11:14.264Z"},{"merchantId":204318,"name":"CZ Products LLC US","imageUri":"https://monetizeamex.com/v3/120x60/85f02ff97ffd7aee710b982d24911abd.png","currencyCode":"EUR","defaultDomain":"cannazall.com","domains":["cannazall.com"],"categoryId":35,"description":null,"isActive":true,"countryCodes":["US"],"averageBasketValue":null,"averageCommission":null,"averageConfirmationTime":null,"averageCancellationRate":null,"minimumCommission":null,"maximumCommission":null,"commissionRates":[{"fixedCommission":2.4,"percentageCommission":null},{"fixedCommission":null,"percentageCommission":16.8},{"fixedCommission":48,"percentageCommission":null}],"trackingLink":"https://tatrck.com/h/0Hu30z9R0nuU","createdAt":"2023-12-13T18:29:53.677Z","updatedAt":"2024-08-21T11:29:37.064Z"},{"merchantId":204319,"name":"Imperia Caviar, LLC US","imageUri":"https://monetizeamex.com/v3/120x60/28ded11849d9f5d7b9a6566f889e1527.png","currencyCode":"EUR","defaultDomain":"imperiacaviar.com","domains":["imperiacaviar.com"],"categoryId":73,"description":null,"isActive":true,"countryCodes":["US"],"averageBasketValue":101.67,"averageCommission":0.48,"averageConfirmationTime":null,"averageCancellationRate":null,"minimumCommission":2.05,"maximumCommission":2.05,"commissionRates":[{"fixedCommission":null,"percentageCommission":0.48},{"fixedCommission":null,"percentageCommission":1.92}],"trackingLink":"https://tatrck.com/h/0Hu30z9R0nuV","createdAt":"2023-12-13T18:29:53.976Z","updatedAt":"2024-08-21T11:37:56.265Z"},{"merchantId":204321,"name":"Myrah Penaloza US","imageUri":"https://monetizeamex.com/v3/120x60/a70ea87e80122209eeb7ad2fcd9adc2f.png","currencyCode":"EUR","defaultDomain":"myrahpenaloza.com","domains":["myrahpenaloza.com"],"categoryId":40,"description":null,"isActive":true,"countryCodes":["US"],"averageBasketValue":null,"averageCommission":null,"averageConfirmationTime":null,"averageCancellationRate":null,"minimumCommission":null,"maximumCommission":null,"commissionRates":[],"trackingLink":"https://tatrck.com/h/0Hu30z9R0nuX","createdAt":"2023-12-13T18:29:54.868Z","updatedAt":"2024-08-21T11:27:52.359Z"},{"merchantId":204323,"name":"ParrishLA US","imageUri":"https://monetizeamex.com/v3/120x60/018f11ec08c57e06ab8c4d41ebbed1e4.png","currencyCode":"EUR","defaultDomain":"parrishla.com","domains":["parrishla.com"],"categoryId":40,"description":null,"isActive":true,"countryCodes":["US"],"averageBasketValue":null,"averageCommission":null,"averageConfirmationTime":null,"averageCancellationRate":null,"minimumCommission":null,"maximumCommission":null,"commissionRates":[],"trackingLink":"https://tatrck.com/h/0Hu30z9R0nuZ","createdAt":"2023-12-13T18:29:54.878Z","updatedAt":"2024-08-21T11:39:02.981Z"},{"merchantId":204327,"name":"ENVE Composites US","imageUri":"https://monetizeamex.com/v3/120x60/654739c2598ad97d89b0a4def99db067.png","currencyCode":"EUR","defaultDomain":"enve.com","domains":["enve.com"],"categoryId":59,"description":null,"isActive":true,"countryCodes":["US"],"averageBasketValue":939.42,"averageCommission":27.05,"averageConfirmationTime":null,"averageCancellationRate":null,"minimumCommission":70.77,"maximumCommission":70.77,"commissionRates":[],"trackingLink":"https://tatrck.com/h/0Hu30z9R0nud","createdAt":"2023-12-13T18:29:56.374Z","updatedAt":"2024-08-21T11:28:06.996Z"},{"merchantId":204328,"name":"CARL GROSS DE","imageUri":"https://monetizeamex.com/v3/120x60/c310242136bec8b65f18bf095916e27b.png","currencyCode":"EUR","defaultDomain":"carlgross.de","domains":["carlgross.de"],"categoryId":40,"description":null,"isActive":true,"countryCodes":["AT","DE"],"averageBasketValue":168.01,"averageCommission":10.08,"averageConfirmationTime":null,"averageCancellationRate":null,"minimumCommission":8.06,"maximumCommission":8.06,"commissionRates":[{"fixedCommission":null,"percentageCommission":6}],"trackingLink":"https://tatrck.com/h/0Hu30z9R0nue","createdAt":"2023-12-13T18:29:56.882Z","updatedAt":"2024-09-03T17:09:26.783Z"},{"merchantId":204335,"name":"HER-MINE US","imageUri":"https://monetizeamex.com/v3/120x60/2e8c52ee219cf5796c20aa98fec4a375.png","currencyCode":"EUR","defaultDomain":"her-mine.com","domains":["her-mine.com"],"categoryId":22,"description":null,"isActive":true,"countryCodes":["US"],"averageBasketValue":null,"averageCommission":null,"averageConfirmationTime":null,"averageCancellationRate":null,"minimumCommission":null,"maximumCommission":null,"commissionRates":[],"trackingLink":"https://tatrck.com/h/0Hu30z9R0nul","createdAt":"2023-12-13T18:29:59.179Z","updatedAt":"2024-08-21T11:40:07.579Z"},{"merchantId":204337,"name":"Herbal Goodness US","imageUri":"https://monetizeamex.com/v3/120x60/a8b5627e574775373060d046e1b984f5.png","currencyCode":"EUR","defaultDomain":"herbalgoodnessco.com","domains":["herbalgoodnessco.com"],"categoryId":35,"description":null,"isActive":true,"countryCodes":["US"],"averageBasketValue":null,"averageCommission":null,"averageConfirmationTime":null,"averageCancellationRate":null,"minimumCommission":null,"maximumCommission":null,"commissionRates":[{"fixedCommission":null,"percentageCommission":9.6},{"fixedCommission":null,"percentageCommission":7.199999999999999},{"fixedCommission":null,"percentageCommission":4.8}],"trackingLink":"https://tatrck.com/h/0Hu30z9R0nun","createdAt":"2023-12-13T18:29:59.671Z","updatedAt":"2024-08-28T13:01:07.500Z"},{"merchantId":204338,"name":"Hugh & Grace US","imageUri":"https://kqdxc4m5.de/logos_v2/120x60/c0d07b16c578d1c098423cd73e9ed53f.gif","currencyCode":"EUR","defaultDomain":"hughandgrace.com","domains":["hughandgrace.com"],"categoryId":28,"description":null,"isActive":true,"countryCodes":["US"],"averageBasketValue":null,"averageCommission":null,"averageConfirmationTime":null,"averageCancellationRate":null,"minimumCommission":null,"maximumCommission":null,"commissionRates":[{"fixedCommission":null,"percentageCommission":12}],"trackingLink":"https://tatrck.com/h/0Hu30z9R0nuo","createdAt":"2023-12-13T18:30:00.282Z","updatedAt":"2024-08-21T11:39:25.128Z"},{"merchantId":204345,"name":"NOAH CLOTHING LLC US","imageUri":"https://kqdxc4m5.de/logos_v2/120x60/2de063f16388542946e5bd849d056263.gif","currencyCode":"EUR","defaultDomain":"noahny.com","domains":["noahny.com"],"categoryId":40,"description":null,"isActive":true,"countryCodes":["US"],"averageBasketValue":191.18,"averageCommission":2.31,"averageConfirmationTime":null,"averageCancellationRate":null,"minimumCommission":0.21,"maximumCommission":17.27,"commissionRates":[],"trackingLink":"https://tatrck.com/h/0Hu30z9R0nuv","createdAt":"2023-12-13T18:30:01.451Z","updatedAt":"2024-09-03T17:05:49.360Z"},{"merchantId":204360,"name":"Kitelinens US","imageUri":"https://monetizeamex.com/v3/120x60/3e012dc13ac13d1124af7a1425a4ab1e.png","currencyCode":"EUR","defaultDomain":"kitelinens.com","domains":["kitelinens.com"],"categoryId":74,"description":null,"isActive":true,"countryCodes":["US"],"averageBasketValue":null,"averageCommission":null,"averageConfirmationTime":null,"averageCancellationRate":null,"minimumCommission":null,"maximumCommission":null,"commissionRates":[{"fixedCommission":null,"percentageCommission":4.8},{"fixedCommission":null,"percentageCommission":1.2},{"fixedCommission":0,"percentageCommission":null}],"trackingLink":"https://tatrck.com/h/0Hu30z9R0nv8","createdAt":"2023-12-13T18:30:04.504Z","updatedAt":"2024-08-21T11:43:54.967Z"},{"merchantId":204362,"name":"LUNA ROSSA US","imageUri":"https://monetizeamex.com/v3/120x60/5f43f22bed9e5582847a260ab93855aa.png","currencyCode":"EUR","defaultDomain":"shoplunarossa.com","domains":["shoplunarossa.com"],"categoryId":40,"description":null,"isActive":true,"countryCodes":["US"],"averageBasketValue":null,"averageCommission":null,"averageConfirmationTime":null,"averageCancellationRate":null,"minimumCommission":null,"maximumCommission":null,"commissionRates":[],"trackingLink":"https://tatrck.com/h/0Hu30z9R0nvA","createdAt":"2023-12-13T18:30:05.783Z","updatedAt":"2024-08-21T11:32:44.399Z"},{"merchantId":204369,"name":"lovevook.com US","imageUri":"https://kqdxc4m5.de/logos_v2/120x60/70ef2959feaf9626923563c0f93e3d55.gif","currencyCode":"EUR","defaultDomain":"lovevook.com","domains":["lovevook.com"],"categoryId":40,"description":null,"isActive":true,"countryCodes":["US"],"averageBasketValue":null,"averageCommission":null,"averageConfirmationTime":null,"averageCancellationRate":null,"minimumCommission":null,"maximumCommission":null,"commissionRates":[],"trackingLink":"https://tatrck.com/h/0Hu30z9R0nvH","createdAt":"2023-12-13T18:30:05.485Z","updatedAt":"2024-08-21T11:39:04.784Z"},{"merchantId":204370,"name":"Circles Life","imageUri":"https://monetizeamex.com/v3/120x60/10707b7c90f81aaf41dc99e35aa33b33.png","currencyCode":"EUR","defaultDomain":"circles.life","domains":["circles.life"],"categoryId":58,"description":"Circles.Life launched in 2016as Asia’s first fully digital telco with a mission to give back power to the consumer.\r\n\r\nThrough its unique digital products and no-contract, data-focused mobile plans, Circles.Life aims to revolutionize the digital services industry through a customer-centric user journey.","isActive":true,"countryCodes":["SG"],"averageBasketValue":12.13,"averageCommission":2.52,"averageConfirmationTime":null,"averageCancellationRate":null,"minimumCommission":2.86,"maximumCommission":2.95,"commissionRates":[],"trackingLink":"https://tatrck.com/h/0Hu30z9R0nvI","createdAt":"2023-12-13T18:30:06.383Z","updatedAt":"2024-08-29T05:52:36.943Z"},{"merchantId":204401,"name":"Vintage Travel UK","imageUri":"https://monetizeamex.com/v3/120x60/07faad2271ab83c58f024f041a91c2d0.png","currencyCode":"EUR","defaultDomain":"vintagetravel.co.uk","domains":["vintagetravel.co.uk"],"categoryId":63,"description":null,"isActive":true,"countryCodes":["GB"],"averageBasketValue":null,"averageCommission":null,"averageConfirmationTime":null,"averageCancellationRate":null,"minimumCommission":null,"maximumCommission":null,"commissionRates":[{"fixedCommission":null,"percentageCommission":1.2}],"trackingLink":"https://tatrck.com/h/0Hu30z9R0nvn","createdAt":"2023-12-13T18:30:14.272Z","updatedAt":"2024-09-03T17:08:56.072Z"},{"merchantId":204402,"name":"Minis Forum US","imageUri":"https://monetizeamex.com/v3/120x60/b38b6d8422a83b340d0c63f789179bd4.png","currencyCode":"EUR","defaultDomain":"minisforum.com","domains":["minisforum.com","store.minisforum.com"],"categoryId":72,"description":null,"isActive":true,"countryCodes":["US"],"averageBasketValue":604.01,"averageCommission":7.24,"averageConfirmationTime":null,"averageCancellationRate":null,"minimumCommission":6.64,"maximumCommission":6.64,"commissionRates":[{"fixedCommission":null,"percentageCommission":1.44},{"fixedCommission":null,"percentageCommission":1.2}],"trackingLink":"https://tatrck.com/h/0Hu30z9R0nvo","createdAt":"2023-12-13T18:30:13.467Z","updatedAt":"2024-08-21T11:39:44.453Z"},{"merchantId":204404,"name":"Moken Enterprises Inc. / 1 Driving School US","imageUri":"https://monetizeamex.com/v3/120x60/a918da86fec52a88a4e653b928b2aa9d.png","currencyCode":"EUR","defaultDomain":"1drivingschool.com","domains":["1drivingschool.com"],"categoryId":44,"description":null,"isActive":true,"countryCodes":["US"],"averageBasketValue":null,"averageCommission":null,"averageConfirmationTime":null,"averageCancellationRate":null,"minimumCommission":null,"maximumCommission":null,"commissionRates":[{"fixedCommission":null,"percentageCommission":7.199999999999999}],"trackingLink":"https://tatrck.com/h/0Hu30z9R0nvq","createdAt":"2023-12-13T18:30:14.671Z","updatedAt":"2024-09-02T12:01:02.507Z"},{"merchantId":204406,"name":"Nanci US","imageUri":"https://monetizeamex.com/v3/120x60/25e697ca79727f9b85f398323d68a1a8.png","currencyCode":"EUR","defaultDomain":"nanci.app","domains":["nanci.app"],"categoryId":49,"description":null,"isActive":true,"countryCodes":["US"],"averageBasketValue":null,"averageCommission":null,"averageConfirmationTime":null,"averageCancellationRate":null,"minimumCommission":null,"maximumCommission":null,"commissionRates":[{"fixedCommission":4.8,"percentageCommission":null}],"trackingLink":"https://tatrck.com/h/0Hu30z9R0nvs","createdAt":"2023-12-13T18:30:14.898Z","updatedAt":"2024-08-21T11:32:44.445Z"},{"merchantId":204490,"name":"CBD One","imageUri":"https://monetizeamex.com/v3/120x60/756f6761e5bedb5aeb899387e090cdec.png","currencyCode":"EUR","defaultDomain":"cbd-one.co.uk","domains":["cbd-one.co.uk"],"categoryId":28,"description":null,"isActive":true,"countryCodes":["GB"],"averageBasketValue":54.43,"averageCommission":1.63,"averageConfirmationTime":6,"averageCancellationRate":null,"minimumCommission":1.63,"maximumCommission":1.63,"commissionRates":[],"trackingLink":"https://tatrck.com/h/0Hu30z9R0nxA","createdAt":"2023-12-13T18:30:22.178Z","updatedAt":"2024-09-03T17:07:39.262Z"},{"merchantId":204567,"name":"Flor Moments ES","imageUri":"https://monetizeamex.com/v3/120x60/d3d8d37c48813aac6c09266d44b5fa7b.png","currencyCode":"EUR","defaultDomain":"flormoments.com","domains":["flormoments.com"],"categoryId":47,"description":null,"isActive":true,"countryCodes":["ES"],"averageBasketValue":46.07,"averageCommission":0.81,"averageConfirmationTime":null,"averageCancellationRate":null,"minimumCommission":0.64,"maximumCommission":0.64,"commissionRates":[],"trackingLink":"https://tatrck.com/h/0Hu30z9R0nyN","createdAt":"2023-12-13T18:30:28.068Z","updatedAt":"2024-08-26T09:01:27.728Z"},{"merchantId":204630,"name":"I Fax App","imageUri":"https://monetizeamex.com/v3/120x60/7878415abf97bc0a36e2a8c92bb297cc.png","currencyCode":"EUR","defaultDomain":"ifaxapp.com","domains":["ifaxapp.com"],"categoryId":50,"description":null,"isActive":true,"countryCodes":["US"],"averageBasketValue":9.39,"averageCommission":0.56,"averageConfirmationTime":7,"averageCancellationRate":null,"minimumCommission":0.49,"maximumCommission":10.32,"commissionRates":[{"fixedCommission":null,"percentageCommission":6}],"trackingLink":"https://tatrck.com/h/0Hu30z9R0nzM","createdAt":"2023-12-13T18:30:33.790Z","updatedAt":"2024-09-02T05:41:03.106Z"},{"merchantId":204644,"name":"SMTP.com","imageUri":"https://monetizeamex.com/v3/120x60/240eb0ec028673c2964b34ee21b1b6c3.png","currencyCode":"EUR","defaultDomain":"smtp.com","domains":["smtp.com"],"categoryId":22,"description":null,"isActive":true,"countryCodes":[],"averageBasketValue":null,"averageCommission":3.45,"averageConfirmationTime":2,"averageCancellationRate":null,"minimumCommission":0.3,"maximumCommission":27.66,"commissionRates":[],"trackingLink":"https://tatrck.com/h/0Hu30z9R0nza","createdAt":"2023-12-13T18:30:34.477Z","updatedAt":"2024-08-23T05:53:40.468Z"},{"merchantId":204659,"name":"Keap US","imageUri":"https://monetizeamex.com/v3/120x60/832a497e962ff013a75eed80fe091811.png","currencyCode":"EUR","defaultDomain":"keap.com","domains":["keap.com"],"categoryId":41,"description":null,"isActive":true,"countryCodes":[],"averageBasketValue":null,"averageCommission":null,"averageConfirmationTime":null,"averageCancellationRate":null,"minimumCommission":null,"maximumCommission":null,"commissionRates":[],"trackingLink":"https://tatrck.com/h/0Hu30z9R0nzp","createdAt":"2023-12-13T18:30:34.873Z","updatedAt":"2024-08-15T09:10:45.455Z"},{"merchantId":204689,"name":"Mandarin Blueprint","imageUri":"https://kqdxc4m5.de/logos_v2/120x60/d28f63a4fca07aed171a49ee5115054a.gif","currencyCode":"EUR","defaultDomain":"mandarinblueprint.com","domains":["mandarinblueprint.com"],"categoryId":44,"description":null,"isActive":true,"countryCodes":["US"],"averageBasketValue":null,"averageCommission":null,"averageConfirmationTime":null,"averageCancellationRate":100,"minimumCommission":null,"maximumCommission":null,"commissionRates":[{"fixedCommission":0,"percentageCommission":null},{"fixedCommission":0,"percentageCommission":null}],"trackingLink":"https://tatrck.com/h/0Hu30z9R0n-H","createdAt":"2023-12-13T18:30:36.787Z","updatedAt":"2024-08-21T11:41:26.029Z"},{"merchantId":204699,"name":"MiiN Cosmetics ES","imageUri":"https://monetizeamex.com/v3/120x60/46f0f3b5877a4351f9f2d05f47513917.png","currencyCode":"EUR","defaultDomain":"miin-cosmetics.com","domains":["miin-cosmetics.com"],"categoryId":28,"description":null,"isActive":true,"countryCodes":["ES"],"averageBasketValue":49.56,"averageCommission":1.89,"averageConfirmationTime":28,"averageCancellationRate":null,"minimumCommission":0.81,"maximumCommission":3.18,"commissionRates":[],"trackingLink":"https://tatrck.com/h/0Hu30z9R0n-R","createdAt":"2023-12-13T18:30:37.183Z","updatedAt":"2024-09-03T17:08:40.813Z"},{"merchantId":204752,"name":"OVHcloud","imageUri":"https://monetizeamex.com/v3/120x60/c171168fc137714709d8bae8b9bf78d4.png","currencyCode":"EUR","defaultDomain":"ovhcloud.com","domains":["ovhcloud.com"],"categoryId":49,"description":null,"isActive":true,"countryCodes":["IT","BE","FR","ES","PL","CA","PT","SE","BR","GB","DE"],"averageBasketValue":null,"averageCommission":1.66,"averageConfirmationTime":5,"averageCancellationRate":1.6,"minimumCommission":0.01,"maximumCommission":52.93,"commissionRates":[{"fixedCommission":null,"percentageCommission":1.7999999999999998},{"fixedCommission":null,"percentageCommission":7.199999999999999}],"trackingLink":"https://tatrck.com/h/0Hu30z9R0n_G","createdAt":"2023-12-13T18:30:40.089Z","updatedAt":"2024-09-02T05:43:16.748Z"},{"merchantId":204766,"name":"Padmate","imageUri":"https://monetizeamex.com/v3/120x60/9bf05056e785c58a07d3deeb9c567a97.png","currencyCode":"EUR","defaultDomain":"padmate-tech.com","domains":["padmate-tech.com"],"categoryId":72,"description":null,"isActive":true,"countryCodes":["HK"],"averageBasketValue":null,"averageCommission":null,"averageConfirmationTime":null,"averageCancellationRate":null,"minimumCommission":null,"maximumCommission":null,"commissionRates":[],"trackingLink":"https://tatrck.com/h/0Hu30z9R0n_U","createdAt":"2023-12-13T18:30:40.465Z","updatedAt":"2024-08-26T09:01:27.730Z"},{"merchantId":204774,"name":"PeaTos","imageUri":"https://monetizeamex.com/v3/120x60/a1f6ca5615a504d3450cae9f00706ecf.png","currencyCode":"EUR","defaultDomain":"peatos.com","domains":["peatos.com"],"categoryId":14,"description":null,"isActive":true,"countryCodes":["US"],"averageBasketValue":null,"averageCommission":null,"averageConfirmationTime":null,"averageCancellationRate":null,"minimumCommission":null,"maximumCommission":null,"commissionRates":[],"trackingLink":"https://tatrck.com/h/0Hu30z9R0n_c","createdAt":"2023-12-13T18:30:41.693Z","updatedAt":"2024-08-21T11:35:39.131Z"},{"merchantId":204788,"name":"Proscenic US","imageUri":"https://monetizeamex.com/v3/120x60/bb99313f2d7fdadc99f9300ac182f54f.png","currencyCode":"EUR","defaultDomain":"proscenic.com","domains":["proscenic.com"],"categoryId":72,"description":null,"isActive":true,"countryCodes":[],"averageBasketValue":null,"averageCommission":null,"averageConfirmationTime":null,"averageCancellationRate":null,"minimumCommission":null,"maximumCommission":null,"commissionRates":[{"fixedCommission":null,"percentageCommission":4.8}],"trackingLink":"https://tatrck.com/h/0Hu30z9R0n_q","createdAt":"2023-12-13T18:30:44.776Z","updatedAt":"2024-08-21T11:31:15.049Z"},{"merchantId":204817,"name":"Silver Cuisine by bistroMD","imageUri":"https://monetizeamex.com/v3/120x60/9a8c43b2f3e6edf8529126f26e607e56.png","currencyCode":"EUR","defaultDomain":"silvercuisine.com","domains":["silvercuisine.com"],"categoryId":60,"description":null,"isActive":true,"countryCodes":["US"],"averageBasketValue":10.81,"averageCommission":0.31,"averageConfirmationTime":null,"averageCancellationRate":null,"minimumCommission":0.19,"maximumCommission":0.69,"commissionRates":[],"trackingLink":"https://tatrck.com/h/0Hu30z9R0o0H","createdAt":"2023-12-13T18:30:45.687Z","updatedAt":"2024-08-31T06:04:01.599Z"},{"merchantId":204831,"name":"Steves Goods","imageUri":"https://monetizeamex.com/v3/120x60/1f163a6bb2d4ebf1bed7767314e8974f.png","currencyCode":"EUR","defaultDomain":"stevesgoods.com","domains":["stevesgoods.com"],"categoryId":28,"description":null,"isActive":true,"countryCodes":["US"],"averageBasketValue":65.1,"averageCommission":7.02,"averageConfirmationTime":null,"averageCancellationRate":null,"minimumCommission":5.89,"maximumCommission":5.89,"commissionRates":[{"fixedCommission":null,"percentageCommission":10.799999999999999}],"trackingLink":"https://tatrck.com/h/0Hu30z9R0o0V","createdAt":"2023-12-13T18:30:46.985Z","updatedAt":"2024-08-22T05:42:31.658Z"},{"merchantId":204833,"name":"Studio Moderna PL","imageUri":"https://kqdxc4m5.de/logos_v2/120x60/3731ee516c5d6d292c19095f78d20746.gif","currencyCode":"EUR","defaultDomain":"dormeo.pl","domains":["dormeo.pl"],"categoryId":74,"description":null,"isActive":true,"countryCodes":["PL"],"averageBasketValue":94.12,"averageCommission":5.08,"averageConfirmationTime":null,"averageCancellationRate":null,"minimumCommission":2.98,"maximumCommission":3.69,"commissionRates":[{"fixedCommission":null,"percentageCommission":4.05}],"trackingLink":"https://tatrck.com/h/0Hu30z9R0o0X","createdAt":"2023-12-13T18:30:46.996Z","updatedAt":"2024-08-21T11:46:13.388Z"},{"merchantId":204856,"name":"Territory Foods US","imageUri":"https://monetizeamex.com/v3/120x60/6e3fb9d460e7198ecbd3fa3092071b5e.png","currencyCode":"EUR","defaultDomain":"territoryfoods.com","domains":["territoryfoods.com"],"categoryId":14,"description":null,"isActive":true,"countryCodes":["US"],"averageBasketValue":null,"averageCommission":null,"averageConfirmationTime":null,"averageCancellationRate":null,"minimumCommission":null,"maximumCommission":null,"commissionRates":[],"trackingLink":"https://tatrck.com/h/0Hu30z9R0o0u","createdAt":"2023-12-13T18:30:47.780Z","updatedAt":"2024-08-15T09:11:45.292Z"},{"merchantId":204858,"name":"The House of Bruar","imageUri":"https://monetizeamex.com/v3/120x60/c464384c7236235b3dd49fac91a1fcd6.png","currencyCode":"EUR","defaultDomain":"houseofbruar.com","domains":["houseofbruar.com"],"categoryId":40,"description":null,"isActive":true,"countryCodes":[],"averageBasketValue":137.7,"averageCommission":4.12,"averageConfirmationTime":30,"averageCancellationRate":8.6,"minimumCommission":1.15,"maximumCommission":12.27,"commissionRates":[{"fixedCommission":null,"percentageCommission":3}],"trackingLink":"https://tatrck.com/h/0Hu30z9R0o0w","createdAt":"2023-12-13T18:30:49.568Z","updatedAt":"2024-09-03T05:38:03.504Z"},{"merchantId":204900,"name":"Vexels","imageUri":"https://monetizeamex.com/v3/120x60/f1171a1dda66f4fb1095e8edd5934e8d.png","currencyCode":"EUR","defaultDomain":"vexels.com","domains":["vexels.com"],"categoryId":null,"description":null,"isActive":true,"countryCodes":[],"averageBasketValue":null,"averageCommission":1.51,"averageConfirmationTime":1,"averageCancellationRate":null,"minimumCommission":null,"maximumCommission":null,"commissionRates":[],"trackingLink":"https://tatrck.com/h/0Hu30z9R0o1a","createdAt":"2023-12-13T18:30:50.569Z","updatedAt":"2024-08-28T05:54:54.799Z"},{"merchantId":204971,"name":"Selldorado - Hailo Shop FR","imageUri":"https://kqdxc4m5.de/logos_v2/120x60/36869c40b44a49e70ea910db62b54dc4.gif","currencyCode":"EUR","defaultDomain":"hailo-shop.fr","domains":["hailo-shop.fr"],"categoryId":74,"description":null,"isActive":true,"countryCodes":["FR"],"averageBasketValue":158.31,"averageCommission":5.7,"averageConfirmationTime":null,"averageCancellationRate":2.6,"minimumCommission":1.32,"maximumCommission":25.49,"commissionRates":[],"trackingLink":"https://tatrck.com/h/0Hu30z9R0o2h","createdAt":"2023-12-13T18:30:55.079Z","updatedAt":"2024-09-03T17:08:54.509Z"},{"merchantId":204977,"name":"Naturopathica US","imageUri":"https://monetizeamex.com/v3/120x60/a2b9b919cf60e32eaa3a00fc1bddd469.png","currencyCode":"EUR","defaultDomain":"naturopathica.com","domains":["naturopathica.com"],"categoryId":27,"description":null,"isActive":true,"countryCodes":["US"],"averageBasketValue":49.12,"averageCommission":1.02,"averageConfirmationTime":null,"averageCancellationRate":25,"minimumCommission":1.05,"maximumCommission":1.05,"commissionRates":[],"trackingLink":"https://tatrck.com/h/0Hu30z9R0o2n","createdAt":"2023-12-13T18:30:58.493Z","updatedAt":"2024-08-26T09:01:22.814Z"},{"merchantId":204989,"name":"Pottery Barn Kids","imageUri":"https://kqdxc4m5.de/logos_v2/120x60/85106d0b319bc05fe00492bd6486bad8.gif","currencyCode":"EUR","defaultDomain":"potterybarnkids.ae","domains":["potterybarnkids.ae"],"categoryId":65,"description":null,"isActive":true,"countryCodes":["AE"],"averageBasketValue":95.83,"averageCommission":9.19,"averageConfirmationTime":58,"averageCancellationRate":null,"minimumCommission":null,"maximumCommission":null,"commissionRates":[{"fixedCommission":null,"percentageCommission":3}],"trackingLink":"https://tatrck.com/h/0Hu30z9R0o2z","createdAt":"2023-12-13T18:30:59.843Z","updatedAt":"2024-08-21T11:43:43.305Z"},{"merchantId":205003,"name":"BeClinic PL","imageUri":"https://monetizeamex.com/v3/120x60/c90da05a4f9f1133f06d6bc9ebdb0c87.png","currencyCode":"EUR","defaultDomain":"beclinic.pl","domains":["beclinic.pl"],"categoryId":28,"description":null,"isActive":true,"countryCodes":["PL"],"averageBasketValue":35.39,"averageCommission":1.33,"averageConfirmationTime":null,"averageCancellationRate":null,"minimumCommission":null,"maximumCommission":null,"commissionRates":[],"trackingLink":"https://tatrck.com/h/0Hu30z9R0o3B","createdAt":"2023-12-13T18:31:04.980Z","updatedAt":"2024-08-15T09:12:38.544Z"},{"merchantId":205006,"name":"Crunch UK","imageUri":"https://monetizeamex.com/v3/120x60/460482d9a452e885f7796b3466a24ecf.png","currencyCode":"EUR","defaultDomain":"crunch.co.uk","domains":["crunch.co.uk"],"categoryId":66,"description":null,"isActive":true,"countryCodes":["GB"],"averageBasketValue":null,"averageCommission":null,"averageConfirmationTime":null,"averageCancellationRate":null,"minimumCommission":null,"maximumCommission":null,"commissionRates":[{"fixedCommission":null,"percentageCommission":3},{"fixedCommission":0.6,"percentageCommission":null}],"trackingLink":"https://tatrck.com/h/0Hu30z9R0o3E","createdAt":"2023-12-13T18:31:04.192Z","updatedAt":"2024-09-03T17:08:47.526Z"},{"merchantId":205008,"name":"See Tickets ES","imageUri":"https://monetizeamex.com/v3/120x60/e52ff18c61fb4d26a4015ed7ddc57ce9.png","currencyCode":"EUR","defaultDomain":"seetickets.es","domains":["seetickets.es"],"categoryId":7,"description":null,"isActive":true,"countryCodes":["ES"],"averageBasketValue":72.46,"averageCommission":0.43,"averageConfirmationTime":6,"averageCancellationRate":null,"minimumCommission":0.26,"maximumCommission":0.59,"commissionRates":[{"fixedCommission":null,"percentageCommission":0.6}],"trackingLink":"https://tatrck.com/h/0Hu30z9R0o3G","createdAt":"2023-12-13T18:31:05.116Z","updatedAt":"2024-09-03T17:08:04.605Z"},{"merchantId":205012,"name":"APPEARANZ INC US","imageUri":"https://monetizeamex.com/v3/120x60/69abac3c55c8c037bd7f47c63e02301d.png","currencyCode":"EUR","defaultDomain":"lavividhair.com","domains":["lavividhair.com"],"categoryId":28,"description":null,"isActive":true,"countryCodes":["US"],"averageBasketValue":136.18,"averageCommission":4.08,"averageConfirmationTime":null,"averageCancellationRate":null,"minimumCommission":3.81,"maximumCommission":4.35,"commissionRates":[{"fixedCommission":null,"percentageCommission":3}],"trackingLink":"https://tatrck.com/h/0Hu30z9R0o3K","createdAt":"2023-12-13T18:31:06.479Z","updatedAt":"2024-08-21T11:39:24.962Z"},{"merchantId":205014,"name":"Berkeley Gold US","imageUri":"https://monetizeamex.com/v3/120x60/24a569a84f22c1ac1a52b734faf0c79a.png","currencyCode":"EUR","defaultDomain":"berkeleygold.com","domains":["berkeleygold.com"],"categoryId":68,"description":null,"isActive":true,"countryCodes":["US"],"averageBasketValue":null,"averageCommission":null,"averageConfirmationTime":null,"averageCancellationRate":null,"minimumCommission":null,"maximumCommission":null,"commissionRates":[{"fixedCommission":null,"percentageCommission":9.6}],"trackingLink":"https://tatrck.com/h/0Hu30z9R0o3M","createdAt":"2023-12-13T18:31:06.268Z","updatedAt":"2024-08-21T11:36:48.514Z"},{"merchantId":205023,"name":"Gel Blaster, LLC US","imageUri":"https://monetizeamex.com/v3/120x60/bd73baa6e5074a196bbc47cbe673ff1b.png","currencyCode":"EUR","defaultDomain":"gelblaster.com","domains":["gelblaster.com"],"categoryId":17,"description":null,"isActive":true,"countryCodes":["US"],"averageBasketValue":109.27,"averageCommission":10.48,"averageConfirmationTime":null,"averageCancellationRate":null,"minimumCommission":11.85,"maximumCommission":11.85,"commissionRates":[{"fixedCommission":null,"percentageCommission":9.6}],"trackingLink":"https://tatrck.com/h/0Hu30z9R0o3V","createdAt":"2023-12-13T18:31:08.277Z","updatedAt":"2024-08-23T15:01:51.704Z"},{"merchantId":205029,"name":"The Perfect Haircare US","imageUri":"https://monetizeamex.com/v3/120x60/51d72f82ec8f3aaf8c10d43f227c167a.png","currencyCode":"EUR","defaultDomain":"theperfecthaircare.com","domains":["theperfecthaircare.com"],"categoryId":28,"description":null,"isActive":true,"countryCodes":["US"],"averageBasketValue":null,"averageCommission":null,"averageConfirmationTime":null,"averageCancellationRate":null,"minimumCommission":null,"maximumCommission":null,"commissionRates":[{"fixedCommission":null,"percentageCommission":4.8}],"trackingLink":"https://tatrck.com/h/0Hu30z9R0o3b","createdAt":"2023-12-13T18:31:10.691Z","updatedAt":"2024-08-21T11:28:24.691Z"},{"merchantId":205032,"name":"fiido.com US","imageUri":"https://monetizeamex.com/v3/120x60/58f581aca6a60b2986025ff65af67cd8.png","currencyCode":"EUR","defaultDomain":"fiido.com","domains":["fiido.com"],"categoryId":3,"description":null,"isActive":true,"countryCodes":["US"],"averageBasketValue":883.27,"averageCommission":21.56,"averageConfirmationTime":1,"averageCancellationRate":16.7,"minimumCommission":0.61,"maximumCommission":64.69,"commissionRates":[{"fixedCommission":null,"percentageCommission":2.4},{"fixedCommission":null,"percentageCommission":4.8},{"fixedCommission":null,"percentageCommission":2.88},{"fixedCommission":null,"percentageCommission":1.44},{"fixedCommission":null,"percentageCommission":2.4}],"trackingLink":"https://tatrck.com/h/0Hu30z9R0o3e","createdAt":"2023-12-13T18:31:11.677Z","updatedAt":"2024-08-22T05:45:38.363Z"},{"merchantId":205038,"name":"Origami Owl US","imageUri":"https://monetizeamex.com/v3/120x60/7b36d5e3354138a8c0c9caa6139aaf2f.png","currencyCode":"EUR","defaultDomain":"origamiowl.com","domains":["origamiowl.com"],"categoryId":73,"description":null,"isActive":true,"countryCodes":["US"],"averageBasketValue":null,"averageCommission":null,"averageConfirmationTime":null,"averageCancellationRate":null,"minimumCommission":null,"maximumCommission":null,"commissionRates":[{"fixedCommission":null,"percentageCommission":3.84}],"trackingLink":"https://tatrck.com/h/0Hu30z9R0o3k","createdAt":"2023-12-13T18:31:11.968Z","updatedAt":"2024-08-21T11:26:05.679Z"},{"merchantId":205042,"name":"Renas Organic US","imageUri":"https://kqdxc4m5.de/logos_v2/120x60/f6bd1b8561a12b4dc14181f2cd00ce50.gif","currencyCode":"EUR","defaultDomain":"renasorganic.com","domains":["renasorganic.com"],"categoryId":35,"description":null,"isActive":true,"countryCodes":["US"],"averageBasketValue":null,"averageCommission":null,"averageConfirmationTime":null,"averageCancellationRate":null,"minimumCommission":null,"maximumCommission":null,"commissionRates":[{"fixedCommission":null,"percentageCommission":6}],"trackingLink":"https://tatrck.com/h/0Hu30z9R0o3o","createdAt":"2023-12-13T18:31:12.882Z","updatedAt":"2024-08-21T11:32:09.998Z"},{"merchantId":205059,"name":"Kontramarka UA","imageUri":"https://monetizeamex.com/v3/120x60/300db6195e6432901a7a96b9b6be3940.png","currencyCode":"EUR","defaultDomain":"kontramarka.ua","domains":["kontramarka.ua"],"categoryId":7,"description":null,"isActive":true,"countryCodes":["UA"],"averageBasketValue":19.34,"averageCommission":0.39,"averageConfirmationTime":26,"averageCancellationRate":2.5,"minimumCommission":0.04,"maximumCommission":0.82,"commissionRates":[{"fixedCommission":null,"percentageCommission":2.1}],"trackingLink":"https://tatrck.com/h/0Hu30z9R0o43","createdAt":"2023-12-13T18:31:17.226Z","updatedAt":"2024-09-03T05:46:05.881Z"},{"merchantId":205064,"name":"Ruvi US","imageUri":"https://monetizeamex.com/v3/120x60/5f951a268a8abd71ca0df5297f5fb205.png","currencyCode":"EUR","defaultDomain":"goruvi.com","domains":["goruvi.com"],"categoryId":35,"description":null,"isActive":true,"countryCodes":["US"],"averageBasketValue":131.38,"averageCommission":12.61,"averageConfirmationTime":1,"averageCancellationRate":null,"minimumCommission":12.61,"maximumCommission":12.61,"commissionRates":[{"fixedCommission":null,"percentageCommission":9.6},{"fixedCommission":null,"percentageCommission":7.8}],"trackingLink":"https://tatrck.com/h/0Hu30z9R0o48","createdAt":"2023-12-13T18:31:19.594Z","updatedAt":"2024-08-22T05:44:14.715Z"},{"merchantId":205067,"name":"SPIRIT ANIMAL COFFEE, LLC US","imageUri":"https://monetizeamex.com/v3/120x60/3a1e0b0b36435a5879ad7ff2c87a64d0.png","currencyCode":"EUR","defaultDomain":"spiritanimalcoffee.com","domains":["spiritanimalcoffee.com"],"categoryId":14,"description":null,"isActive":true,"countryCodes":["US"],"averageBasketValue":53.58,"averageCommission":6.42,"averageConfirmationTime":null,"averageCancellationRate":null,"minimumCommission":6.42,"maximumCommission":6.42,"commissionRates":[{"fixedCommission":24,"percentageCommission":null},{"fixedCommission":null,"percentageCommission":12},{"fixedCommission":null,"percentageCommission":10.799999999999999},{"fixedCommission":null,"percentageCommission":9.6},{"fixedCommission":14.88,"percentageCommission":null},{"fixedCommission":null,"percentageCommission":12}],"trackingLink":"https://tatrck.com/h/0Hu30z9R0o4B","createdAt":"2023-12-13T18:31:19.477Z","updatedAt":"2024-08-21T11:39:04.495Z"},{"merchantId":205068,"name":"Skin Beautiful Organics US","imageUri":"https://monetizeamex.com/v3/120x60/4ad21d61bfec5d2b439ffadd0778fe03.png","currencyCode":"EUR","defaultDomain":"skinbeautifulorganics.com","domains":["skinbeautifulorganics.com"],"categoryId":27,"description":null,"isActive":true,"countryCodes":["US"],"averageBasketValue":null,"averageCommission":null,"averageConfirmationTime":null,"averageCancellationRate":null,"minimumCommission":null,"maximumCommission":null,"commissionRates":[{"fixedCommission":null,"percentageCommission":4.8}],"trackingLink":"https://tatrck.com/h/0Hu30z9R0o4C","createdAt":"2023-12-13T18:31:19.574Z","updatedAt":"2024-08-26T09:01:37.134Z"},{"merchantId":205069,"name":"SmokeEraser US","imageUri":"https://monetizeamex.com/v3/120x60/73fe50b23d91ff786d6d721730924e40.png","currencyCode":"EUR","defaultDomain":"smokeeraser.com","domains":["smokeeraser.com"],"categoryId":68,"description":null,"isActive":true,"countryCodes":["US"],"averageBasketValue":null,"averageCommission":null,"averageConfirmationTime":null,"averageCancellationRate":null,"minimumCommission":null,"maximumCommission":null,"commissionRates":[{"fixedCommission":null,"percentageCommission":7.8}],"trackingLink":"https://tatrck.com/h/0Hu30z9R0o4D","createdAt":"2023-12-13T18:31:20.768Z","updatedAt":"2024-08-21T11:29:44.274Z"},{"merchantId":205072,"name":"savagecbd.com US","imageUri":"https://monetizeamex.com/v3/120x60/b79123bf462264e1a53ebbbd44fdfc1a.png","currencyCode":"EUR","defaultDomain":"savagecbd.com","domains":["savagecbd.com"],"categoryId":35,"description":null,"isActive":true,"countryCodes":["US"],"averageBasketValue":null,"averageCommission":null,"averageConfirmationTime":null,"averageCancellationRate":null,"minimumCommission":null,"maximumCommission":null,"commissionRates":[],"trackingLink":"https://tatrck.com/h/0Hu30z9R0o4G","createdAt":"2023-12-13T18:31:20.681Z","updatedAt":"2024-08-21T11:39:30.772Z"},{"merchantId":205077,"name":"Lucky Hemp DE","imageUri":"https://kqdxc4m5.de/logos_v2/120x60/d8d4b461c534ebd19c3c84c5e5c45088.gif","currencyCode":"EUR","defaultDomain":"luckyhemp.de","domains":["luckyhemp.de"],"categoryId":28,"description":null,"isActive":true,"countryCodes":["DE"],"averageBasketValue":65.29,"averageCommission":5.35,"averageConfirmationTime":58,"averageCancellationRate":null,"minimumCommission":0.93,"maximumCommission":14.46,"commissionRates":[{"fixedCommission":null,"percentageCommission":4.5},{"fixedCommission":null,"percentageCommission":9}],"trackingLink":"https://tatrck.com/h/0Hu30z9R0o4L","createdAt":"2023-12-13T18:31:21.674Z","updatedAt":"2024-09-01T05:42:16.257Z"},{"merchantId":205089,"name":"Firmoo DE","imageUri":"https://monetizeamex.com/v3/120x60/ead265cba090824a07df6edbca4de904.png","currencyCode":"EUR","defaultDomain":"firmoo.de","domains":["firmoo.de"],"categoryId":40,"description":null,"isActive":true,"countryCodes":["DE"],"averageBasketValue":61.39,"averageCommission":1.89,"averageConfirmationTime":null,"averageCancellationRate":16,"minimumCommission":0.3,"maximumCommission":3.76,"commissionRates":[],"trackingLink":"https://tatrck.com/h/0Hu30z9R0o4X","createdAt":"2023-12-13T18:31:26.569Z","updatedAt":"2024-09-03T17:08:37.859Z"},{"merchantId":205101,"name":"Stix US","imageUri":"https://monetizeamex.com/v3/120x60/d59327d72b98c562283a02a5625a09ef.png","currencyCode":"EUR","defaultDomain":"getstix.co","domains":["getstix.co"],"categoryId":68,"description":null,"isActive":true,"countryCodes":["US"],"averageBasketValue":24.11,"averageCommission":1.15,"averageConfirmationTime":null,"averageCancellationRate":null,"minimumCommission":0.86,"maximumCommission":0.86,"commissionRates":[{"fixedCommission":null,"percentageCommission":4.8}],"trackingLink":"https://tatrck.com/h/0Hu30z9R0o4j","createdAt":"2023-12-13T18:31:28.078Z","updatedAt":"2024-08-29T05:46:04.375Z"},{"merchantId":205108,"name":"Profectus Beauty US","imageUri":"https://monetizeamex.com/v3/120x60/62f138169df62caca5bf101b5b06ffd8.png","currencyCode":"EUR","defaultDomain":"shop.keranique.com","domains":["shop.keranique.com"],"categoryId":28,"description":null,"isActive":true,"countryCodes":["US"],"averageBasketValue":null,"averageCommission":null,"averageConfirmationTime":null,"averageCancellationRate":null,"minimumCommission":null,"maximumCommission":null,"commissionRates":[{"fixedCommission":null,"percentageCommission":9}],"trackingLink":"https://tatrck.com/h/0Hu30z9R0o4q","createdAt":"2023-12-13T18:31:28.386Z","updatedAt":"2024-08-21T11:33:26.456Z"},{"merchantId":205119,"name":"Raised Right Pets US","imageUri":"https://monetizeamex.com/v3/120x60/1476c5af1edf4f6e6dc38cad5cebda12.png","currencyCode":"EUR","defaultDomain":"raisedrightpets.com","domains":["raisedrightpets.com"],"categoryId":13,"description":null,"isActive":true,"countryCodes":["US"],"averageBasketValue":123.84,"averageCommission":1,"averageConfirmationTime":56,"averageCancellationRate":1.8,"minimumCommission":null,"maximumCommission":null,"commissionRates":[],"trackingLink":"https://tatrck.com/h/0Hu30z9R0o4_","createdAt":"2023-12-13T18:31:33.780Z","updatedAt":"2024-09-02T05:33:41.248Z"},{"merchantId":205121,"name":"Snow US","imageUri":"https://kqdxc4m5.de/logos_v2/120x60/76a79ebb444186676fec95771b649b77.gif","currencyCode":"EUR","defaultDomain":"trysnow.com","domains":["trysnow.com"],"categoryId":35,"description":"SNOW® is the premium leader in oral care products that delivers professional level results at-home. The future of oral care has never looked brighter! SNOW® teeth whitening products are loved by millions.  Over 13 million shipped in 2021 alone!","isActive":true,"countryCodes":["US"],"averageBasketValue":117.46,"averageCommission":3.43,"averageConfirmationTime":25,"averageCancellationRate":null,"minimumCommission":0.24,"maximumCommission":25.59,"commissionRates":[{"fixedCommission":null,"percentageCommission":0.96}],"trackingLink":"https://tatrck.com/h/0Hu30z9R0o51","createdAt":"2023-12-13T18:31:32.287Z","updatedAt":"2024-08-25T06:05:11.933Z"},{"merchantId":205122,"name":"Switch US","imageUri":"https://kqdxc4m5.de/logos_v2/120x60/39fc9a0182de812bda2d318c0a0dbb6e.gif","currencyCode":"EUR","defaultDomain":"joinswitch.com","domains":["joinswitch.com"],"categoryId":51,"description":null,"isActive":true,"countryCodes":["US"],"averageBasketValue":null,"averageCommission":null,"averageConfirmationTime":null,"averageCancellationRate":null,"minimumCommission":null,"maximumCommission":null,"commissionRates":[{"fixedCommission":9,"percentageCommission":null},{"fixedCommission":7.2,"percentageCommission":null}],"trackingLink":"https://tatrck.com/h/0Hu30z9R0o52","createdAt":"2023-12-13T18:31:33.474Z","updatedAt":"2024-08-21T11:45:35.852Z"},{"merchantId":205127,"name":"Comvita UK","imageUri":"https://monetizeamex.com/v3/120x60/a7f9e66dd515edf81ddb6157f60b80d3.png","currencyCode":"EUR","defaultDomain":"comvita.co.uk","domains":["comvita.co.uk"],"categoryId":68,"description":null,"isActive":true,"countryCodes":["GB"],"averageBasketValue":52.33,"averageCommission":4.71,"averageConfirmationTime":null,"averageCancellationRate":null,"minimumCommission":2.23,"maximumCommission":10.92,"commissionRates":[],"trackingLink":"https://tatrck.com/h/0Hu30z9R0o57","createdAt":"2023-12-13T18:31:34.868Z","updatedAt":"2024-09-03T17:08:43.447Z"},{"merchantId":205144,"name":"КэшДрайв [CPS] RU","imageUri":"https://kqdxc4m5.de/logos_v2/120x60/ca9b6df4e03c1c9be083fbcb0b39959f.gif","currencyCode":"EUR","defaultDomain":"cashdrive.ru","domains":["cashdrive.ru"],"categoryId":66,"description":null,"isActive":true,"countryCodes":["RU"],"averageBasketValue":null,"averageCommission":6.43,"averageConfirmationTime":null,"averageCancellationRate":null,"minimumCommission":7.14,"maximumCommission":7.47,"commissionRates":[],"trackingLink":"https://tatrck.com/h/0Hu30z9R0o5O","createdAt":"2023-12-13T18:31:38.002Z","updatedAt":"2024-08-29T15:02:16.516Z"},{"merchantId":205149,"name":"Adelante Shoe Co US","imageUri":"https://kqdxc4m5.de/logos_v2/120x60/f8e2d7b72e580dc100b23abfb69650b8.gif","currencyCode":"EUR","defaultDomain":"adelanteshoes.com","domains":["adelanteshoes.com"],"categoryId":40,"description":null,"isActive":true,"countryCodes":["US"],"averageBasketValue":220.06,"averageCommission":4.47,"averageConfirmationTime":null,"averageCancellationRate":null,"minimumCommission":13.4,"maximumCommission":13.4,"commissionRates":[{"fixedCommission":null,"percentageCommission":6},{"fixedCommission":null,"percentageCommission":4.8},{"fixedCommission":null,"percentageCommission":2.4},{"fixedCommission":null,"percentageCommission":0.96}],"trackingLink":"https://tatrck.com/h/0Hu30z9R0o5T","createdAt":"2023-12-13T18:31:39.797Z","updatedAt":"2024-08-26T05:49:12.602Z"},{"merchantId":205151,"name":"AirLoop US","imageUri":"https://monetizeamex.com/v3/120x60/cdf07d4985968f43c87ff562d1c4d627.png","currencyCode":"EUR","defaultDomain":"airloop.tech","domains":["airloop.tech"],"categoryId":58,"description":null,"isActive":true,"countryCodes":["US"],"averageBasketValue":null,"averageCommission":null,"averageConfirmationTime":null,"averageCancellationRate":null,"minimumCommission":null,"maximumCommission":null,"commissionRates":[{"fixedCommission":null,"percentageCommission":3.84}],"trackingLink":"https://tatrck.com/h/0Hu30z9R0o5V","createdAt":"2023-12-13T18:31:39.772Z","updatedAt":"2024-08-23T15:01:59.305Z"},{"merchantId":205152,"name":"Arsis Jewelry US","imageUri":"https://monetizeamex.com/v3/120x60/8971f5ec0fe4b5e2ea2151267e1fbc82.png","currencyCode":"EUR","defaultDomain":"arsisjewelry.com","domains":["arsisjewelry.com"],"categoryId":73,"description":null,"isActive":true,"countryCodes":["US"],"averageBasketValue":null,"averageCommission":null,"averageConfirmationTime":null,"averageCancellationRate":null,"minimumCommission":null,"maximumCommission":null,"commissionRates":[{"fixedCommission":null,"percentageCommission":9}],"trackingLink":"https://tatrck.com/h/0Hu30z9R0o5W","createdAt":"2023-12-13T18:31:40.883Z","updatedAt":"2024-08-21T11:32:15.370Z"},{"merchantId":205154,"name":"Tomasso Black US","imageUri":"https://monetizeamex.com/v3/120x60/adf3278a2cb87875768de3aeb0403d7c.png","currencyCode":"EUR","defaultDomain":"tomassoblack.com","domains":["tomassoblack.com"],"categoryId":40,"description":null,"isActive":true,"countryCodes":["US"],"averageBasketValue":258.99,"averageCommission":13.83,"averageConfirmationTime":null,"averageCancellationRate":null,"minimumCommission":13.66,"maximumCommission":13.66,"commissionRates":[{"fixedCommission":null,"percentageCommission":4.8},{"fixedCommission":null,"percentageCommission":4.8}],"trackingLink":"https://tatrck.com/h/0Hu30z9R0o5Y","createdAt":"2023-12-13T18:31:40.969Z","updatedAt":"2024-08-21T11:31:12.999Z"},{"merchantId":205155,"name":"Touch Up US","imageUri":"https://monetizeamex.com/v3/120x60/e00ed504366b5cc556cb9787e462abe6.png","currencyCode":"EUR","defaultDomain":"touchupcares.store","domains":["touchupcares.store"],"categoryId":28,"description":null,"isActive":true,"countryCodes":["US"],"averageBasketValue":null,"averageCommission":null,"averageConfirmationTime":null,"averageCancellationRate":null,"minimumCommission":null,"maximumCommission":null,"commissionRates":[],"trackingLink":"https://tatrck.com/h/0Hu30z9R0o5Z","createdAt":"2023-12-13T18:31:41.598Z","updatedAt":"2024-08-21T11:31:28.178Z"},{"merchantId":205161,"name":"Wild One US","imageUri":"https://monetizeamex.com/v3/120x60/f6772d5eefea114a6196f0ef67c28b04.png","currencyCode":"EUR","defaultDomain":"wildone.com","domains":["wildone.com"],"categoryId":61,"description":"Bygg bedriften din på nett med vår komplette websideløsning. Registrer domenet ditt i dag! Inneholder personlig e-post, SSL, 24/7 support med mer.","isActive":true,"countryCodes":["US"],"averageBasketValue":81.47,"averageCommission":3.9,"averageConfirmationTime":null,"averageCancellationRate":null,"minimumCommission":1.1,"maximumCommission":7.72,"commissionRates":[{"fixedCommission":null,"percentageCommission":4.8}],"trackingLink":"https://tatrck.com/h/0Hu30z9R0o5f","createdAt":"2023-12-13T18:31:41.768Z","updatedAt":"2024-08-31T05:58:03.420Z"},{"merchantId":205162,"name":"Wise Woman Herbals US","imageUri":"https://monetizeamex.com/v3/120x60/6ac74f809fcc0c4991aeaa3edbc4c4a4.png","currencyCode":"EUR","defaultDomain":"wisewomanherbals.com","domains":["wisewomanherbals.com"],"categoryId":68,"description":null,"isActive":true,"countryCodes":["US"],"averageBasketValue":36.76,"averageCommission":2.2,"averageConfirmationTime":null,"averageCancellationRate":null,"minimumCommission":2.58,"maximumCommission":2.58,"commissionRates":[{"fixedCommission":null,"percentageCommission":4.8},{"fixedCommission":48,"percentageCommission":null}],"trackingLink":"https://tatrck.com/h/0Hu30z9R0o5g","createdAt":"2023-12-13T18:31:41.985Z","updatedAt":"2024-08-21T11:29:45.523Z"},{"merchantId":205169,"name":"ArgoPrep US","imageUri":"https://monetizeamex.com/v3/120x60/61817cfc0eb987ec84ed89e3f19fec57.png","currencyCode":"EUR","defaultDomain":"argoprep.com","domains":["argoprep.com"],"categoryId":44,"description":null,"isActive":true,"countryCodes":["US"],"averageBasketValue":null,"averageCommission":null,"averageConfirmationTime":null,"averageCancellationRate":null,"minimumCommission":null,"maximumCommission":null,"commissionRates":[{"fixedCommission":null,"percentageCommission":9.6}],"trackingLink":"https://tatrck.com/h/0Hu30z9R0o5n","createdAt":"2023-12-13T18:31:43.173Z","updatedAt":"2024-08-21T11:39:44.279Z"},{"merchantId":205170,"name":"Armorina Inc US","imageUri":"https://monetizeamex.com/v3/120x60/7c2615cee5e3ff2b8c5bddea2d6b6230.png","currencyCode":"EUR","defaultDomain":"armorina.com","domains":["armorina.com"],"categoryId":59,"description":null,"isActive":true,"countryCodes":["US"],"averageBasketValue":null,"averageCommission":null,"averageConfirmationTime":null,"averageCancellationRate":null,"minimumCommission":null,"maximumCommission":null,"commissionRates":[{"fixedCommission":null,"percentageCommission":7.199999999999999}],"trackingLink":"https://tatrck.com/h/0Hu30z9R0o5o","createdAt":"2023-12-13T18:31:45.477Z","updatedAt":"2024-08-21T11:36:47.080Z"},{"merchantId":205174,"name":"BedStory US","imageUri":"https://monetizeamex.com/v3/120x60/1dbe8e39f02a8b28c11fb42cb07509a5.png","currencyCode":"EUR","defaultDomain":"bedstory.com","domains":["bedstory.com"],"categoryId":74,"description":null,"isActive":true,"countryCodes":["US"],"averageBasketValue":null,"averageCommission":null,"averageConfirmationTime":null,"averageCancellationRate":null,"minimumCommission":null,"maximumCommission":null,"commissionRates":[{"fixedCommission":null,"percentageCommission":4.8},{"fixedCommission":null,"percentageCommission":3.84},{"fixedCommission":null,"percentageCommission":4.8}],"trackingLink":"https://tatrck.com/h/0Hu30z9R0o5s","createdAt":"2023-12-13T18:31:44.067Z","updatedAt":"2024-08-23T15:03:24.028Z"},{"merchantId":205179,"name":"EasyTerra UK","imageUri":"https://kqdxc4m5.de/logos_v2/120x60/60d336dcc94c285bd2a33606c186da10.gif","currencyCode":"EUR","defaultDomain":"easyterra.co.uk","domains":["easyterra.co.uk"],"categoryId":5,"description":null,"isActive":true,"countryCodes":["GB"],"averageBasketValue":285.08,"averageCommission":0,"averageConfirmationTime":null,"averageCancellationRate":25,"minimumCommission":null,"maximumCommission":null,"commissionRates":[{"fixedCommission":0,"percentageCommission":null}],"trackingLink":"https://tatrck.com/h/0Hu30z9R0o5x","createdAt":"2023-12-13T18:31:47.678Z","updatedAt":"2024-09-01T05:29:01.765Z"},{"merchantId":205180,"name":"Muddy Puddles UK","imageUri":"https://kqdxc4m5.de/logos_v2/120x60/5d95095d16240f73db0b1d70ce725ce2.gif","currencyCode":"EUR","defaultDomain":"muddypuddles.com","domains":["muddypuddles.com"],"categoryId":40,"description":null,"isActive":true,"countryCodes":["GB"],"averageBasketValue":60.49,"averageCommission":1.81,"averageConfirmationTime":null,"averageCancellationRate":34.8,"minimumCommission":0.7,"maximumCommission":3.18,"commissionRates":[{"fixedCommission":null,"percentageCommission":3}],"trackingLink":"https://tatrck.com/h/0Hu30z9R0o5y","createdAt":"2023-12-13T18:31:46.571Z","updatedAt":"2024-09-02T05:29:03.533Z"},{"merchantId":205182,"name":"SeedsMan UK","imageUri":"https://kqdxc4m5.de/logos_v2/120x60/111aa1f8d684536051144ed5f185f2a0.gif","currencyCode":"EUR","defaultDomain":"seedsman.com","domains":["seedsman.com"],"categoryId":60,"description":null,"isActive":true,"countryCodes":["GB"],"averageBasketValue":104.57,"averageCommission":7.84,"averageConfirmationTime":null,"averageCancellationRate":null,"minimumCommission":null,"maximumCommission":null,"commissionRates":[{"fixedCommission":null,"percentageCommission":7.5}],"trackingLink":"https://tatrck.com/h/0Hu30z9R0o5-","createdAt":"2023-12-13T18:31:47.698Z","updatedAt":"2024-09-03T05:28:14.043Z"},{"merchantId":205183,"name":"Binoid CBD US","imageUri":"https://kqdxc4m5.de/logos_v2/120x60/d5be53b20820fc70d77aebdcd3cc680b.gif","currencyCode":"EUR","defaultDomain":"binoidcbd.com","domains":["binoidcbd.com"],"categoryId":68,"description":null,"isActive":true,"countryCodes":["US"],"averageBasketValue":61.1,"averageCommission":8.43,"averageConfirmationTime":8,"averageCancellationRate":null,"minimumCommission":1.81,"maximumCommission":121.29,"commissionRates":[{"fixedCommission":null,"percentageCommission":13.799999999999999}],"trackingLink":"https://tatrck.com/h/0Hu30z9R0o5_","createdAt":"2023-12-13T18:31:47.666Z","updatedAt":"2024-09-02T05:41:01.399Z"},{"merchantId":205185,"name":"CBDSPAZA US","imageUri":"https://monetizeamex.com/v3/120x60/6f63068f047b00a98957a9f183d57861.png","currencyCode":"EUR","defaultDomain":"cbdspaza.com","domains":["cbdspaza.com"],"categoryId":35,"description":null,"isActive":true,"countryCodes":["US"],"averageBasketValue":null,"averageCommission":null,"averageConfirmationTime":null,"averageCancellationRate":null,"minimumCommission":null,"maximumCommission":null,"commissionRates":[{"fixedCommission":null,"percentageCommission":7.199999999999999}],"trackingLink":"https://tatrck.com/h/0Hu30z9R0o61","createdAt":"2023-12-13T18:31:48.573Z","updatedAt":"2024-08-21T11:30:35.568Z"},{"merchantId":205188,"name":"Chloe and Cotton US","imageUri":"https://monetizeamex.com/v3/120x60/2fdb10f24fd6a30703caee8998f989a7.png","currencyCode":"EUR","defaultDomain":"chloeandcotton.com","domains":["chloeandcotton.com"],"categoryId":40,"description":null,"isActive":true,"countryCodes":["US"],"averageBasketValue":null,"averageCommission":null,"averageConfirmationTime":null,"averageCancellationRate":null,"minimumCommission":null,"maximumCommission":null,"commissionRates":[{"fixedCommission":null,"percentageCommission":4.2}],"trackingLink":"https://tatrck.com/h/0Hu30z9R0o64","createdAt":"2023-12-13T18:31:48.677Z","updatedAt":"2024-08-21T11:39:27.474Z"},{"merchantId":205191,"name":"Brooklyn Candle Studio","imageUri":"https://kqdxc4m5.de/logos_v2/120x60/3a0c0c885cbf409e99e54ae68c26211b.gif","currencyCode":"EUR","defaultDomain":"brooklyncandlestudio.com","domains":["brooklyncandlestudio.com"],"categoryId":34,"description":null,"isActive":true,"countryCodes":["US"],"averageBasketValue":62.13,"averageCommission":1.48,"averageConfirmationTime":58,"averageCancellationRate":20,"minimumCommission":1.18,"maximumCommission":1.6,"commissionRates":[],"trackingLink":"https://tatrck.com/h/0Hu30z9R0o67","createdAt":"2023-12-13T18:31:49.673Z","updatedAt":"2024-09-02T05:29:00.638Z"},{"merchantId":205200,"name":"Raffle House","imageUri":"https://kqdxc4m5.de/logos_v2/120x60/3b405ddfc7ba4e135d249fdee25dca8e.gif","currencyCode":"EUR","defaultDomain":"rafflehouse.com","domains":["rafflehouse.com"],"categoryId":39,"description":null,"isActive":true,"countryCodes":["GB"],"averageBasketValue":32.4,"averageCommission":1.17,"averageConfirmationTime":58,"averageCancellationRate":32.8,"minimumCommission":0.32,"maximumCommission":9.78,"commissionRates":[{"fixedCommission":null,"percentageCommission":3},{"fixedCommission":null,"percentageCommission":3}],"trackingLink":"https://tatrck.com/h/0Hu30z9R0o6G","createdAt":"2023-12-13T18:31:52.185Z","updatedAt":"2024-09-01T05:52:59.114Z"},{"merchantId":205201,"name":"The Great Black Detox","imageUri":"https://kqdxc4m5.de/logos_v2/120x60/803575754fe300a56132caba319d82e7.gif","currencyCode":"EUR","defaultDomain":"greatblackdetox.com","domains":["greatblackdetox.com"],"categoryId":68,"description":null,"isActive":true,"countryCodes":["CA","GB","US"],"averageBasketValue":213.2,"averageCommission":12.78,"averageConfirmationTime":null,"averageCancellationRate":null,"minimumCommission":null,"maximumCommission":null,"commissionRates":[],"trackingLink":"https://tatrck.com/h/0Hu30z9R0o6H","createdAt":"2023-12-13T18:31:50.779Z","updatedAt":"2024-07-29T11:08:47.522Z"},{"merchantId":205224,"name":"OutStore.pl PL","imageUri":"https://monetizeamex.com/v3/120x60/f895c48d6ef2bec7efe88074fe8e5bd2.png","currencyCode":"EUR","defaultDomain":"outstore.pl","domains":["outstore.pl"],"categoryId":21,"description":null,"isActive":true,"countryCodes":["PL"],"averageBasketValue":352.59,"averageCommission":14.8,"averageConfirmationTime":null,"averageCancellationRate":16.7,"minimumCommission":0.12,"maximumCommission":4.03,"commissionRates":[{"fixedCommission":null,"percentageCommission":4.2}],"trackingLink":"https://tatrck.com/h/0Hu30z9R0o6e","createdAt":"2023-12-13T18:31:55.284Z","updatedAt":"2024-08-21T11:36:20.843Z"},{"merchantId":205226,"name":"Space Engineers WW Wrld","imageUri":"https://kqdxc4m5.de/logos_v2/120x60/9746ba0ec91f08a0a07763bf50aa5723.gif","currencyCode":"EUR","defaultDomain":"spaceengineersgame.com","domains":["spaceengineersgame.com"],"categoryId":81,"description":null,"isActive":true,"countryCodes":["PS","IT"],"averageBasketValue":null,"averageCommission":null,"averageConfirmationTime":null,"averageCancellationRate":null,"minimumCommission":null,"maximumCommission":null,"commissionRates":[],"trackingLink":"https://tatrck.com/h/0Hu30z9R0o6g","createdAt":"2023-12-13T18:31:55.582Z","updatedAt":"2024-08-21T11:28:26.158Z"},{"merchantId":205227,"name":"Takomo VN","imageUri":"https://monetizeamex.com/v3/120x60/26afcaa1fe43404578cd80c3a6097e28.png","currencyCode":"EUR","defaultDomain":"takomo.vn","domains":["takomo.vn"],"categoryId":74,"description":null,"isActive":true,"countryCodes":["VN"],"averageBasketValue":null,"averageCommission":null,"averageConfirmationTime":null,"averageCancellationRate":null,"minimumCommission":null,"maximumCommission":null,"commissionRates":[{"fixedCommission":2.26,"percentageCommission":null},{"fixedCommission":2.27,"percentageCommission":null},{"fixedCommission":7.22,"percentageCommission":null},{"fixedCommission":7.21,"percentageCommission":null}],"trackingLink":"https://tatrck.com/h/0Hu30z9R0o6h","createdAt":"2023-12-13T18:31:56.071Z","updatedAt":"2024-09-03T05:51:01.800Z"},{"merchantId":205242,"name":"Home Sentry CO","imageUri":"https://monetizeamex.com/v3/120x60/f3215c2788fffe3f3789eae46cb5756b.png","currencyCode":"EUR","defaultDomain":"homesentry.co","domains":["homesentry.co"],"categoryId":74,"description":null,"isActive":true,"countryCodes":["CO"],"averageBasketValue":35.85,"averageCommission":0.45,"averageConfirmationTime":28,"averageCancellationRate":15.8,"minimumCommission":0.17,"maximumCommission":1.39,"commissionRates":[],"trackingLink":"https://tatrck.com/h/0Hu30z9R0o6w","createdAt":"2023-12-13T18:31:57.379Z","updatedAt":"2024-09-03T05:28:14.146Z"},{"merchantId":205266,"name":"Paper Cosmetics","imageUri":"https://monetizeamex.com/v3/120x60/d1579a680010e6cf4c13c7ace3a688d4.png","currencyCode":"EUR","defaultDomain":"papercosmetics.com","domains":["papercosmetics.com"],"categoryId":27,"description":null,"isActive":true,"countryCodes":["US"],"averageBasketValue":23.88,"averageCommission":2.58,"averageConfirmationTime":null,"averageCancellationRate":null,"minimumCommission":null,"maximumCommission":null,"commissionRates":[{"fixedCommission":null,"percentageCommission":10.799999999999999}],"trackingLink":"https://tatrck.com/h/0Hu30z9R0o7I","createdAt":"2023-12-13T18:32:03.228Z","updatedAt":"2024-08-21T11:37:24.563Z"}]}