{"meta":{"next":172667},"data":[{"merchantId":172045,"name":"Baabuk US","imageUri":"https://monetizeamex.com/v3/120x60/2758c94c21e9658054499a43ac81e163.png","currencyCode":"EUR","defaultDomain":"baabuk.com","domains":["baabuk.com"],"categoryId":40,"description":null,"isActive":true,"countryCodes":["US"],"averageBasketValue":78.65,"averageCommission":2.41,"averageConfirmationTime":null,"averageCancellationRate":null,"minimumCommission":null,"maximumCommission":null,"commissionRates":[],"trackingLink":"https://tatrck.com/h/0Hu30z9R0g0D","createdAt":"2023-12-13T16:24:33.188Z","updatedAt":"2024-08-21T11:39:30.339Z"},{"merchantId":172050,"name":"Blue Coolers US","imageUri":"https://kqdxc4m5.de/logos_v2/120x60/d379729120975155a40f789a197abd3e.gif","currencyCode":"EUR","defaultDomain":"bluecoolers.com","domains":["bluecoolers.com"],"categoryId":55,"description":null,"isActive":true,"countryCodes":["US"],"averageBasketValue":211.45,"averageCommission":5.07,"averageConfirmationTime":null,"averageCancellationRate":null,"minimumCommission":null,"maximumCommission":null,"commissionRates":[{"fixedCommission":null,"percentageCommission":2.4}],"trackingLink":"https://tatrck.com/h/0Hu30z9R0g0I","createdAt":"2023-12-13T16:24:36.481Z","updatedAt":"2024-08-26T05:54:38.957Z"},{"merchantId":172051,"name":"Born Tough US","imageUri":"https://monetizeamex.com/v3/120x60/d33c9b85474e919dbb4ced2547c625dd.png","currencyCode":"EUR","defaultDomain":"borntough.com","domains":["borntough.com"],"categoryId":40,"description":null,"isActive":true,"countryCodes":["US"],"averageBasketValue":null,"averageCommission":null,"averageConfirmationTime":null,"averageCancellationRate":null,"minimumCommission":null,"maximumCommission":null,"commissionRates":[{"fixedCommission":null,"percentageCommission":9}],"trackingLink":"https://tatrck.com/h/0Hu30z9R0g0J","createdAt":"2023-12-13T16:24:35.473Z","updatedAt":"2024-08-21T11:31:10.972Z"},{"merchantId":172052,"name":"CakeFlix US","imageUri":"https://monetizeamex.com/v3/120x60/4a33d47bed43b11d44da1964dd3b5502.png","currencyCode":"EUR","defaultDomain":"cakeflix.com","domains":["cakeflix.com"],"categoryId":44,"description":null,"isActive":true,"countryCodes":[],"averageBasketValue":null,"averageCommission":null,"averageConfirmationTime":null,"averageCancellationRate":null,"minimumCommission":null,"maximumCommission":null,"commissionRates":[],"trackingLink":"https://tatrck.com/h/0Hu30z9R0g0K","createdAt":"2023-12-13T16:24:36.011Z","updatedAt":"2024-08-15T09:07:41.018Z"},{"merchantId":172059,"name":"Culinary Teas US","imageUri":"https://kqdxc4m5.de/logos_v2/120x60/84e0d2b75172c7314eafea9d1e3b488a.gif","currencyCode":"EUR","defaultDomain":"culinaryteas.com","domains":["culinaryteas.com"],"categoryId":70,"description":null,"isActive":true,"countryCodes":["US"],"averageBasketValue":42.11,"averageCommission":null,"averageConfirmationTime":null,"averageCancellationRate":null,"minimumCommission":null,"maximumCommission":null,"commissionRates":[{"fixedCommission":null,"percentageCommission":6}],"trackingLink":"https://tatrck.com/h/0Hu30z9R0g0R","createdAt":"2023-12-13T16:24:39.675Z","updatedAt":"2024-08-21T11:31:12.921Z"},{"merchantId":172072,"name":"GoSkills US","imageUri":"https://kqdxc4m5.de/logos_v2/120x60/c588630715d9e896b4aa882616b3eeb9.gif","currencyCode":"EUR","defaultDomain":"goskills.com","domains":["goskills.com"],"categoryId":44,"description":null,"isActive":true,"countryCodes":["US"],"averageBasketValue":1.37,"averageCommission":0.08,"averageConfirmationTime":15,"averageCancellationRate":null,"minimumCommission":1.48,"maximumCommission":1.48,"commissionRates":[{"fixedCommission":0,"percentageCommission":null},{"fixedCommission":null,"percentageCommission":6}],"trackingLink":"https://tatrck.com/h/0Hu30z9R0g0e","createdAt":"2023-12-13T16:24:42.591Z","updatedAt":"2024-08-21T11:36:47.042Z"},{"merchantId":172080,"name":"americaint US","imageUri":"https://kqdxc4m5.de/logos_v2/120x60/130c2add56f53dcafac7df63b59df8ef.gif","currencyCode":"EUR","defaultDomain":"americaint.com","domains":["americaint.com"],"categoryId":37,"description":null,"isActive":true,"countryCodes":["US"],"averageBasketValue":null,"averageCommission":null,"averageConfirmationTime":null,"averageCancellationRate":null,"minimumCommission":null,"maximumCommission":null,"commissionRates":[{"fixedCommission":null,"percentageCommission":6}],"trackingLink":"https://tatrck.com/h/0Hu30z9R0g0m","createdAt":"2023-12-13T16:24:44.665Z","updatedAt":"2024-08-21T11:33:25.669Z"},{"merchantId":172085,"name":"KUVRD US","imageUri":"https://monetizeamex.com/v3/120x60/82709c3dfa0cf7a6af5cfd54c01be610.png","currencyCode":"EUR","defaultDomain":"kuvrdcamera.com","domains":["kuvrdcamera.com"],"categoryId":59,"description":null,"isActive":true,"countryCodes":["US"],"averageBasketValue":null,"averageCommission":null,"averageConfirmationTime":null,"averageCancellationRate":null,"minimumCommission":null,"maximumCommission":null,"commissionRates":[{"fixedCommission":null,"percentageCommission":9}],"trackingLink":"https://tatrck.com/h/0Hu30z9R0g0r","createdAt":"2023-12-13T16:24:46.768Z","updatedAt":"2024-08-21T11:29:46.914Z"},{"merchantId":172087,"name":"LifeFone US","imageUri":"https://monetizeamex.com/v3/120x60/6bb0de37aa4ccc96f0774c8db098ab56.png","currencyCode":"EUR","defaultDomain":"lifefone.com","domains":["lifefone.com"],"categoryId":68,"description":"Bygg bedriften din på nett med vår komplette websideløsning. Registrer domenet ditt i dag! Inneholder personlig e-post, SSL, 24/7 support med mer.","isActive":true,"countryCodes":["US"],"averageBasketValue":null,"averageCommission":null,"averageConfirmationTime":null,"averageCancellationRate":null,"minimumCommission":null,"maximumCommission":null,"commissionRates":[{"fixedCommission":45,"percentageCommission":null}],"trackingLink":"https://tatrck.com/h/0Hu30z9R0g0t","createdAt":"2023-12-13T16:24:46.665Z","updatedAt":"2024-08-21T11:32:15.480Z"},{"merchantId":172088,"name":"Little Me US","imageUri":"https://monetizeamex.com/v3/120x60/2ffc8ddd9a15946b75b7d0ef85c7e3af.png","currencyCode":"EUR","defaultDomain":"littleme.com","domains":["littleme.com"],"categoryId":17,"description":null,"isActive":true,"countryCodes":["US"],"averageBasketValue":59.81,"averageCommission":0.57,"averageConfirmationTime":null,"averageCancellationRate":null,"minimumCommission":0.2,"maximumCommission":0.9,"commissionRates":[{"fixedCommission":null,"percentageCommission":0.96}],"trackingLink":"https://tatrck.com/h/0Hu30z9R0g0u","createdAt":"2023-12-13T16:24:47.093Z","updatedAt":"2024-09-01T05:44:07.530Z"},{"merchantId":172090,"name":"Lucyd US","imageUri":"https://kqdxc4m5.de/logos_v2/120x60/f68d4bc9ee1efb1e505a341e1e52ec20.gif","currencyCode":"EUR","defaultDomain":"lucyd.co","domains":["lucyd.co"],"categoryId":40,"description":null,"isActive":true,"countryCodes":["US"],"averageBasketValue":312.45,"averageCommission":18.75,"averageConfirmationTime":null,"averageCancellationRate":null,"minimumCommission":null,"maximumCommission":null,"commissionRates":[{"fixedCommission":null,"percentageCommission":15}],"trackingLink":"https://tatrck.com/h/0Hu30z9R0g0w","createdAt":"2023-12-13T16:24:48.270Z","updatedAt":"2024-09-03T17:07:40.455Z"},{"merchantId":172091,"name":"LUYA Enterprise US","imageUri":"https://monetizeamex.com/v3/120x60/cdd17cdd1fc753565a3b5cb64df4f23f.png","currencyCode":"EUR","defaultDomain":"ivyrobes.com","domains":["ivyrobes.com"],"categoryId":40,"description":null,"isActive":true,"countryCodes":["US"],"averageBasketValue":28.62,"averageCommission":1.17,"averageConfirmationTime":null,"averageCancellationRate":null,"minimumCommission":0.66,"maximumCommission":0.66,"commissionRates":[{"fixedCommission":null,"percentageCommission":3.5999999999999996}],"trackingLink":"https://tatrck.com/h/0Hu30z9R0g0x","createdAt":"2023-12-13T16:24:48.782Z","updatedAt":"2024-08-21T11:32:16.671Z"},{"merchantId":172093,"name":"MegaFood US","imageUri":"https://monetizeamex.com/v3/120x60/58cf32d2aadc65d75653f17f0c7cdc2c.png","currencyCode":"EUR","defaultDomain":"megafood.com","domains":["megafood.com"],"categoryId":68,"description":null,"isActive":true,"countryCodes":["US"],"averageBasketValue":52.5,"averageCommission":2.05,"averageConfirmationTime":null,"averageCancellationRate":null,"minimumCommission":0.31,"maximumCommission":3.66,"commissionRates":[{"fixedCommission":null,"percentageCommission":3}],"trackingLink":"https://tatrck.com/h/0Hu30z9R0g0z","createdAt":"2023-12-13T16:24:48.668Z","updatedAt":"2024-08-23T15:05:43.366Z"},{"merchantId":172095,"name":"Mint Clothing Boutiques US","imageUri":"https://kqdxc4m5.de/logos_v2/120x60/c842a2d9e7955cb4ea93007e0b6a83ec.gif","currencyCode":"EUR","defaultDomain":"shopmint.com","domains":["shopmint.com"],"categoryId":40,"description":null,"isActive":true,"countryCodes":["US"],"averageBasketValue":114.02,"averageCommission":3.42,"averageConfirmationTime":null,"averageCancellationRate":null,"minimumCommission":null,"maximumCommission":null,"commissionRates":[{"fixedCommission":null,"percentageCommission":3}],"trackingLink":"https://tatrck.com/h/0Hu30z9R0g0_","createdAt":"2023-12-13T16:24:50.680Z","updatedAt":"2024-08-21T11:32:13.120Z"},{"merchantId":172103,"name":"OneBone US","imageUri":"https://kqdxc4m5.de/logos_v2/120x60/219dc9051d07d9a739ead8674fe9936a.gif","currencyCode":"EUR","defaultDomain":"onebonebrand.com","domains":["onebonebrand.com"],"categoryId":40,"description":null,"isActive":true,"countryCodes":["US"],"averageBasketValue":92.81,"averageCommission":0.25,"averageConfirmationTime":17,"averageCancellationRate":null,"minimumCommission":3.63,"maximumCommission":3.63,"commissionRates":[{"fixedCommission":null,"percentageCommission":4.8},{"fixedCommission":null,"percentageCommission":3.84}],"trackingLink":"https://tatrck.com/h/0Hu30z9R0g17","createdAt":"2023-12-13T16:24:51.668Z","updatedAt":"2024-08-21T11:43:32.060Z"},{"merchantId":172104,"name":"Pakt US","imageUri":"https://monetizeamex.com/v3/120x60/17744302da31f42295926e63d51ce307.png","currencyCode":"EUR","defaultDomain":"paktbags.com","domains":["paktbags.com"],"categoryId":63,"description":null,"isActive":true,"countryCodes":["US"],"averageBasketValue":258.15,"averageCommission":23.23,"averageConfirmationTime":null,"averageCancellationRate":null,"minimumCommission":23.23,"maximumCommission":23.23,"commissionRates":[{"fixedCommission":null,"percentageCommission":9}],"trackingLink":"https://tatrck.com/h/0Hu30z9R0g18","createdAt":"2023-12-13T16:24:51.778Z","updatedAt":"2024-08-21T11:35:18.572Z"},{"merchantId":172109,"name":"Pure Relief US","imageUri":"https://kqdxc4m5.de/logos_v2/120x60/5cbba3be5c3544eb4c42b8501b28d184.gif","currencyCode":"EUR","defaultDomain":"purerelief.com","domains":["purerelief.com"],"categoryId":68,"description":null,"isActive":true,"countryCodes":["US"],"averageBasketValue":null,"averageCommission":null,"averageConfirmationTime":null,"averageCancellationRate":null,"minimumCommission":null,"maximumCommission":null,"commissionRates":[{"fixedCommission":null,"percentageCommission":15}],"trackingLink":"https://tatrck.com/h/0Hu30z9R0g1D","createdAt":"2023-12-13T16:24:55.289Z","updatedAt":"2024-08-21T11:33:26.599Z"},{"merchantId":172117,"name":"smokstore US","imageUri":"https://kqdxc4m5.de/logos_v2/120x60/103902466fbdcbfab4ee5414a2ea7104.gif","currencyCode":"EUR","defaultDomain":"smokstore.com","domains":["smokstore.com"],"categoryId":21,"description":null,"isActive":true,"countryCodes":["US"],"averageBasketValue":58.15,"averageCommission":2.09,"averageConfirmationTime":20,"averageCancellationRate":null,"minimumCommission":3.56,"maximumCommission":3.56,"commissionRates":[{"fixedCommission":null,"percentageCommission":3.5999999999999996}],"trackingLink":"https://tatrck.com/h/0Hu30z9R0g1L","createdAt":"2023-12-13T16:24:56.275Z","updatedAt":"2024-08-21T11:31:16.923Z"},{"merchantId":172121,"name":"online star map  US","imageUri":"https://kqdxc4m5.de/logos_v2/120x60/70f04e633447861add17b8b35d165d82.gif","currencyCode":"EUR","defaultDomain":"onlinestarmap.com","domains":["onlinestarmap.com"],"categoryId":47,"description":null,"isActive":true,"countryCodes":["US"],"averageBasketValue":null,"averageCommission":null,"averageConfirmationTime":null,"averageCancellationRate":null,"minimumCommission":null,"maximumCommission":null,"commissionRates":[{"fixedCommission":null,"percentageCommission":12}],"trackingLink":"https://tatrck.com/h/0Hu30z9R0g1P","createdAt":"2023-12-13T16:24:57.287Z","updatedAt":"2024-08-21T11:30:33.708Z"},{"merchantId":172124,"name":"Survey Junkie","imageUri":"https://monetizeamex.com/v3/120x60/4af059a7564effc97fab570c9f15512e.png","currencyCode":"EUR","defaultDomain":"surveyjunkie.com","domains":["surveyjunkie.com"],"categoryId":36,"description":null,"isActive":true,"countryCodes":["AU","CA","US"],"averageBasketValue":null,"averageCommission":0.6,"averageConfirmationTime":58,"averageCancellationRate":null,"minimumCommission":0.7,"maximumCommission":0.75,"commissionRates":[{"fixedCommission":2.4,"percentageCommission":null},{"fixedCommission":9,"percentageCommission":null}],"trackingLink":"https://tatrck.com/h/0Hu30z9R0g1S","createdAt":"2023-12-13T16:24:58.405Z","updatedAt":"2024-08-30T05:57:43.320Z"},{"merchantId":172130,"name":"Whiskers Laces US","imageUri":"https://kqdxc4m5.de/logos_v2/120x60/69df0f304294dc9c18bd411e39fdbf89.gif","currencyCode":"EUR","defaultDomain":"whiskerslaces.com","domains":["whiskerslaces.com"],"categoryId":40,"description":null,"isActive":true,"countryCodes":["US"],"averageBasketValue":18.26,"averageCommission":2.19,"averageConfirmationTime":4,"averageCancellationRate":null,"minimumCommission":1.05,"maximumCommission":1.05,"commissionRates":[{"fixedCommission":null,"percentageCommission":12}],"trackingLink":"https://tatrck.com/h/0Hu30z9R0g1Y","createdAt":"2023-12-13T16:25:01.684Z","updatedAt":"2024-08-21T11:40:09.666Z"},{"merchantId":172153,"name":"Wego [CPV] IN","imageUri":"https://monetizeamex.com/v3/120x60/295fefb4e907ae4eb8c166e438da2410.png","currencyCode":"EUR","defaultDomain":"wego.co.in","domains":["wego.co.in"],"categoryId":63,"description":null,"isActive":true,"countryCodes":["DM","US"],"averageBasketValue":null,"averageCommission":0.18,"averageConfirmationTime":30,"averageCancellationRate":null,"minimumCommission":0.03,"maximumCommission":0.07,"commissionRates":[{"fixedCommission":0.04,"percentageCommission":null},{"fixedCommission":4.2,"percentageCommission":null},{"fixedCommission":3.36,"percentageCommission":null},{"fixedCommission":2.94,"percentageCommission":null},{"fixedCommission":2.52,"percentageCommission":null},{"fixedCommission":null,"percentageCommission":1.68},{"fixedCommission":1.26,"percentageCommission":null},{"fixedCommission":2.1,"percentageCommission":null},{"fixedCommission":1.68,"percentageCommission":null},{"fixedCommission":1.05,"percentageCommission":null},{"fixedCommission":1.89,"percentageCommission":null}],"trackingLink":"https://tatrck.com/h/0Hu30z9R0g1v","createdAt":"2023-12-13T16:25:07.084Z","updatedAt":"2024-08-30T10:01:02.099Z"},{"merchantId":172160,"name":"Bestprice VN","imageUri":"https://monetizeamex.com/v3/120x60/1c563f61d3f192050e40a7abfb0d4dcc.png","currencyCode":"EUR","defaultDomain":"bestprice.vn","domains":["bestprice.vn"],"categoryId":63,"description":null,"isActive":true,"countryCodes":["VN"],"averageBasketValue":101.83,"averageCommission":1.11,"averageConfirmationTime":28,"averageCancellationRate":33.3,"minimumCommission":5.09,"maximumCommission":5.09,"commissionRates":[],"trackingLink":"https://tatrck.com/h/0Hu30z9R0g20","createdAt":"2023-12-13T16:25:09.170Z","updatedAt":"2024-08-27T05:52:55.120Z"},{"merchantId":172165,"name":"Quke RU","imageUri":"https://kqdxc4m5.de/logos_v2/120x60/a8bd94cdfd5acbdfcae3cff1cc9420be.gif","currencyCode":"EUR","defaultDomain":"quke.ru","domains":["quke.ru"],"categoryId":79,"description":null,"isActive":true,"countryCodes":["RU"],"averageBasketValue":303.9,"averageCommission":3.04,"averageConfirmationTime":null,"averageCancellationRate":2.5,"minimumCommission":0.01,"maximumCommission":26.46,"commissionRates":[],"trackingLink":"https://tatrck.com/h/0Hu30z9R0g25","createdAt":"2023-12-13T16:25:11.983Z","updatedAt":"2024-09-03T05:51:40.280Z"},{"merchantId":172173,"name":"Woolworths AU","imageUri":"https://monetizeamex.com/v3/120x60/2910cb80992ebe9a1341ee267716c8cc.png","currencyCode":"EUR","defaultDomain":"woolworths.com.au","domains":["woolworths.com.au"],"categoryId":21,"description":null,"isActive":true,"countryCodes":[],"averageBasketValue":null,"averageCommission":1,"averageConfirmationTime":null,"averageCancellationRate":null,"minimumCommission":1.42,"maximumCommission":1.42,"commissionRates":[],"trackingLink":"https://tatrck.com/h/0Hu30z9R0g2D","createdAt":"2023-12-13T16:25:12.968Z","updatedAt":"2024-08-27T05:55:08.171Z"},{"merchantId":172176,"name":"Aster & Oak AU","imageUri":"https://monetizeamex.com/v3/120x60/ce97b1d5302941ba8436354584031fb2.png","currencyCode":"EUR","defaultDomain":"asterandoak.com.au","domains":["asterandoak.com.au"],"categoryId":17,"description":null,"isActive":true,"countryCodes":["AU"],"averageBasketValue":44.43,"averageCommission":2.67,"averageConfirmationTime":null,"averageCancellationRate":null,"minimumCommission":1.63,"maximumCommission":1.63,"commissionRates":[{"fixedCommission":null,"percentageCommission":6}],"trackingLink":"https://tatrck.com/h/0Hu30z9R0g2G","createdAt":"2023-12-13T16:25:12.996Z","updatedAt":"2024-09-03T17:09:15.569Z"},{"merchantId":172180,"name":"Chemist Direct AU","imageUri":"https://monetizeamex.com/v3/120x60/d50ac09e2dca92bf2fa8914255069693.png","currencyCode":"EUR","defaultDomain":"chemistdirect.com.au","domains":["chemistdirect.com.au"],"categoryId":27,"description":null,"isActive":true,"countryCodes":["AU"],"averageBasketValue":29.55,"averageCommission":0.6,"averageConfirmationTime":null,"averageCancellationRate":null,"minimumCommission":1,"maximumCommission":1,"commissionRates":[{"fixedCommission":null,"percentageCommission":3}],"trackingLink":"https://tatrck.com/h/0Hu30z9R0g2K","createdAt":"2023-12-13T16:25:13.980Z","updatedAt":"2024-09-03T17:06:18.867Z"},{"merchantId":172181,"name":"Cudo AU","imageUri":"https://monetizeamex.com/v3/120x60/5b7d34de4e760799683d929cbde2c049.png","currencyCode":"EUR","defaultDomain":"cudo.com.au","domains":["cudo.com.au"],"categoryId":63,"description":null,"isActive":true,"countryCodes":["AU"],"averageBasketValue":227.95,"averageCommission":6.67,"averageConfirmationTime":null,"averageCancellationRate":null,"minimumCommission":1.2,"maximumCommission":27.46,"commissionRates":[{"fixedCommission":null,"percentageCommission":0.6},{"fixedCommission":null,"percentageCommission":3}],"trackingLink":"https://tatrck.com/h/0Hu30z9R0g2L","createdAt":"2023-12-13T16:25:15.269Z","updatedAt":"2024-09-03T17:06:17.353Z"},{"merchantId":172185,"name":"Hoselink AU","imageUri":"https://kqdxc4m5.de/logos_v2/120x60/da1d90e79780687a494a1d5f4b4a57b4.gif","currencyCode":"EUR","defaultDomain":"hoselink.com.au","domains":["hoselink.com.au"],"categoryId":74,"description":null,"isActive":true,"countryCodes":["AU"],"averageBasketValue":67.37,"averageCommission":2.62,"averageConfirmationTime":58,"averageCancellationRate":20.6,"minimumCommission":0.04,"maximumCommission":15.9,"commissionRates":[{"fixedCommission":null,"percentageCommission":3.9}],"trackingLink":"https://tatrck.com/h/0Hu30z9R0g2P","createdAt":"2023-12-13T16:25:16.474Z","updatedAt":"2024-09-03T17:04:52.625Z"},{"merchantId":172203,"name":"Blumenshop.de","imageUri":"https://monetizeamex.com/v3/120x60/45e5ca491e089d4a9a12239a79bc4a4f.png","currencyCode":"EUR","defaultDomain":"blumenshop.de","domains":["blumenshop.de"],"categoryId":47,"description":null,"isActive":true,"countryCodes":["DE"],"averageBasketValue":27.66,"averageCommission":1.99,"averageConfirmationTime":32,"averageCancellationRate":0.2,"minimumCommission":1.14,"maximumCommission":5.93,"commissionRates":[],"trackingLink":"https://tatrck.com/h/0Hu30z9R0g2h","createdAt":"2023-12-13T16:25:21.624Z","updatedAt":"2024-09-03T17:07:59.175Z"},{"merchantId":172209,"name":"outfits24.de","imageUri":"https://monetizeamex.com/v3/120x60/6521ad6cf13c0501d8f213d7b0ef9023.png","currencyCode":"EUR","defaultDomain":"outfits24.de","domains":["outfits24.de"],"categoryId":40,"description":null,"isActive":true,"countryCodes":["DE"],"averageBasketValue":96.97,"averageCommission":4.35,"averageConfirmationTime":59,"averageCancellationRate":null,"minimumCommission":1.42,"maximumCommission":23.43,"commissionRates":[{"fixedCommission":null,"percentageCommission":4.2}],"trackingLink":"https://tatrck.com/h/0Hu30z9R0g2n","createdAt":"2023-12-13T16:25:23.199Z","updatedAt":"2024-09-03T17:09:32.824Z"},{"merchantId":172214,"name":"Mister-lady DE","imageUri":"https://monetizeamex.com/v3/120x60/d19d5bbd7f970dfdeb8dd5a78d92c5c6.png","currencyCode":"EUR","defaultDomain":"mister-lady.com","domains":["mister-lady.com","mister-lady.de"],"categoryId":40,"description":null,"isActive":true,"countryCodes":["DE"],"averageBasketValue":44.72,"averageCommission":1.34,"averageConfirmationTime":58,"averageCancellationRate":18.2,"minimumCommission":0.76,"maximumCommission":1.59,"commissionRates":[{"fixedCommission":null,"percentageCommission":3}],"trackingLink":"https://tatrck.com/h/0Hu30z9R0g2s","createdAt":"2023-12-13T16:25:26.144Z","updatedAt":"2024-09-03T17:08:16.027Z"},{"merchantId":172217,"name":"eclock BR","imageUri":"https://monetizeamex.com/v3/120x60/f74586d80b7cdb4fc2b845c402cba99a.png","currencyCode":"EUR","defaultDomain":"eclock.com.br","domains":["eclock.com.br"],"categoryId":40,"description":null,"isActive":true,"countryCodes":["BR"],"averageBasketValue":79.06,"averageCommission":4.02,"averageConfirmationTime":null,"averageCancellationRate":null,"minimumCommission":1.24,"maximumCommission":18.48,"commissionRates":[{"fixedCommission":null,"percentageCommission":5.1}],"trackingLink":"https://tatrck.com/h/0Hu30z9R0g2v","createdAt":"2023-12-13T16:25:25.967Z","updatedAt":"2024-09-03T17:08:31.282Z"},{"merchantId":172222,"name":"Memory PC DE","imageUri":"https://monetizeamex.com/v3/120x60/1295fa6188c8eef2741b184f68996d16.png","currencyCode":"EUR","defaultDomain":"memorypc.de","domains":["memorypc.de"],"categoryId":72,"description":null,"isActive":true,"countryCodes":["DE"],"averageBasketValue":1,"averageCommission":22.14,"averageConfirmationTime":45,"averageCancellationRate":0.2,"minimumCommission":3.01,"maximumCommission":96.26,"commissionRates":[{"fixedCommission":null,"percentageCommission":1.7999999999999998},{"fixedCommission":null,"percentageCommission":0.8999999999999999}],"trackingLink":"https://tatrck.com/h/0Hu30z9R0g2-","createdAt":"2023-12-13T16:25:28.090Z","updatedAt":"2024-09-03T17:08:16.910Z"},{"merchantId":172227,"name":"Savon du Monde DE","imageUri":"https://monetizeamex.com/v3/120x60/8322572bbc011c6d3d8429acf747d5ca.png","currencyCode":"EUR","defaultDomain":"savondumonde.de","domains":["savondumonde.de"],"categoryId":28,"description":null,"isActive":true,"countryCodes":["DE"],"averageBasketValue":17.26,"averageCommission":3.49,"averageConfirmationTime":28,"averageCancellationRate":30,"minimumCommission":1.1,"maximumCommission":1.88,"commissionRates":[{"fixedCommission":null,"percentageCommission":4.2}],"trackingLink":"https://tatrck.com/h/0Hu30z9R0g33","createdAt":"2023-12-13T16:25:28.967Z","updatedAt":"2024-08-15T09:07:40.505Z"},{"merchantId":172238,"name":"Huk Gear","imageUri":"https://monetizeamex.com/v3/120x60/c721089416488512db0c92cfd7f212fc.png","currencyCode":"EUR","defaultDomain":"hukgear.com","domains":["hukgear.com"],"categoryId":40,"description":null,"isActive":true,"countryCodes":["US"],"averageBasketValue":125.03,"averageCommission":1.27,"averageConfirmationTime":null,"averageCancellationRate":null,"minimumCommission":0.25,"maximumCommission":0.25,"commissionRates":[{"fixedCommission":null,"percentageCommission":1.44},{"fixedCommission":null,"percentageCommission":0.48}],"trackingLink":"https://tatrck.com/h/0Hu30z9R0g3E","createdAt":"2023-12-13T16:25:32.173Z","updatedAt":"2024-09-03T17:07:40.183Z"},{"merchantId":172252,"name":"Une Petite Mousse FR","imageUri":"https://monetizeamex.com/v3/120x60/5586b68e956348833c42ea146c61d911.png","currencyCode":"EUR","defaultDomain":"unepetitemousse.fr","domains":["unepetitemousse.fr"],"categoryId":13,"description":null,"isActive":true,"countryCodes":["FR"],"averageBasketValue":74.14,"averageCommission":3.72,"averageConfirmationTime":2,"averageCancellationRate":6.7,"minimumCommission":4.75,"maximumCommission":4.75,"commissionRates":[],"trackingLink":"https://tatrck.com/h/0Hu30z9R0g3S","createdAt":"2023-12-13T16:25:35.172Z","updatedAt":"2024-08-21T11:33:47.813Z"},{"merchantId":172257,"name":"Neato Robotics","imageUri":"https://monetizeamex.com/v3/120x60/a5e654e382584b256c9347b4ab70cfff.png","currencyCode":"EUR","defaultDomain":"neatorobotics.com","domains":["neatorobotics.com"],"categoryId":64,"description":null,"isActive":true,"countryCodes":[],"averageBasketValue":null,"averageCommission":null,"averageConfirmationTime":null,"averageCancellationRate":null,"minimumCommission":null,"maximumCommission":null,"commissionRates":[],"trackingLink":"https://tatrck.com/h/0Hu30z9R0g3X","createdAt":"2023-12-13T16:25:36.103Z","updatedAt":"2024-08-21T11:45:18.834Z"},{"merchantId":172261,"name":"Bruno Wickart CH","imageUri":"https://monetizeamex.com/v3/120x60/ac72bba3d1d0b27be1e5f3eb42e9e572.png","currencyCode":"EUR","defaultDomain":"bruno-wickart.ch","domains":["bruno-wickart.ch"],"categoryId":34,"description":null,"isActive":true,"countryCodes":["CH"],"averageBasketValue":1,"averageCommission":41.2,"averageConfirmationTime":null,"averageCancellationRate":28.6,"minimumCommission":3.34,"maximumCommission":3.34,"commissionRates":[{"fixedCommission":null,"percentageCommission":3}],"trackingLink":"https://tatrck.com/h/0Hu30z9R0g3b","createdAt":"2023-12-13T16:25:37.375Z","updatedAt":"2024-09-03T17:14:56.915Z"},{"merchantId":172262,"name":"Candles Direct UK","imageUri":"https://monetizeamex.com/v3/120x60/c0e996e139e1b6423230a0cf41c23a93.png","currencyCode":"EUR","defaultDomain":"candlesdirect.com","domains":["candlesdirect.com"],"categoryId":74,"description":null,"isActive":true,"countryCodes":["GB"],"averageBasketValue":23.68,"averageCommission":0.7,"averageConfirmationTime":null,"averageCancellationRate":null,"minimumCommission":0.48,"maximumCommission":0.48,"commissionRates":[{"fixedCommission":null,"percentageCommission":3}],"trackingLink":"https://tatrck.com/h/0Hu30z9R0g3c","createdAt":"2023-12-13T16:25:39.288Z","updatedAt":"2024-09-03T17:09:16.923Z"},{"merchantId":172265,"name":"Currentbody AU","imageUri":"https://monetizeamex.com/v3/120x60/68e2b79f6c9150777a67dd132560fa79.png","currencyCode":"EUR","defaultDomain":"currentbody.com.au","domains":["currentbody.com.au"],"categoryId":28,"description":null,"isActive":true,"countryCodes":["AU","HK","JP","NZ","SG","TW"],"averageBasketValue":386.27,"averageCommission":6.52,"averageConfirmationTime":null,"averageCancellationRate":null,"minimumCommission":9.15,"maximumCommission":9.15,"commissionRates":[{"fixedCommission":null,"percentageCommission":2.4},{"fixedCommission":null,"percentageCommission":1.2},{"fixedCommission":null,"percentageCommission":3.5999999999999996}],"trackingLink":"https://tatrck.com/h/0Hu30z9R0g3f","createdAt":"2023-12-13T16:25:38.971Z","updatedAt":"2024-09-03T17:08:57.774Z"},{"merchantId":172276,"name":"Ho.mobile Campaign IT","imageUri":"https://monetizeamex.com/v3/120x60/65518ede709de2115888e71d4453f049.png","currencyCode":"EUR","defaultDomain":"ho-mobile.it","domains":["ho-mobile.it"],"categoryId":79,"description":null,"isActive":true,"countryCodes":["IT"],"averageBasketValue":2.1,"averageCommission":6.64,"averageConfirmationTime":38,"averageCancellationRate":0.6,"minimumCommission":6.6,"maximumCommission":6.91,"commissionRates":[{"fixedCommission":6.6,"percentageCommission":null},{"fixedCommission":6.91,"percentageCommission":null}],"trackingLink":"https://tatrck.com/h/0Hu30z9R0g3q","createdAt":"2023-12-13T16:25:41.907Z","updatedAt":"2024-09-03T17:09:11.565Z"},{"merchantId":172287,"name":"MyHeritage","imageUri":"https://monetizeamex.com/v3/120x60/89b5747558671e72e29a0aab7095f502.png","currencyCode":"EUR","defaultDomain":"myheritage.com","domains":["myheritage.com"],"categoryId":44,"description":null,"isActive":true,"countryCodes":[],"averageBasketValue":46.05,"averageCommission":2.46,"averageConfirmationTime":58,"averageCancellationRate":1.8999999999999997,"minimumCommission":1.23,"maximumCommission":3.86,"commissionRates":[],"trackingLink":"https://tatrck.com/h/0Hu30z9R0g3_","createdAt":"2023-12-13T16:25:46.678Z","updatedAt":"2024-09-03T05:54:30.885Z"},{"merchantId":172313,"name":"Butomaniak PL","imageUri":"https://kqdxc4m5.de/logos_v2/120x60/0ac86545c7d9d15d63ac8bdb3b789ad7.gif","currencyCode":"EUR","defaultDomain":"butomaniak.pl","domains":["butomaniak.pl"],"categoryId":40,"description":null,"isActive":true,"countryCodes":["PL"],"averageBasketValue":125.9,"averageCommission":11.32,"averageConfirmationTime":null,"averageCancellationRate":null,"minimumCommission":null,"maximumCommission":null,"commissionRates":[{"fixedCommission":null,"percentageCommission":3.78}],"trackingLink":"https://tatrck.com/h/0Hu30z9R0g4P","createdAt":"2023-12-13T16:25:50.774Z","updatedAt":"2024-09-03T17:09:38.814Z"},{"merchantId":172319,"name":"Goos-e NL","imageUri":"https://kqdxc4m5.de/logos_v2/120x60/1c6f364cb8e69133fd907851f1ade975.gif","currencyCode":"EUR","defaultDomain":"goos-e.com","domains":["goos-e.com","goos-e.nl"],"categoryId":72,"description":null,"isActive":true,"countryCodes":["NL"],"averageBasketValue":62.78,"averageCommission":3.95,"averageConfirmationTime":null,"averageCancellationRate":57.1,"minimumCommission":2.29,"maximumCommission":2.29,"commissionRates":[],"trackingLink":"https://tatrck.com/h/0Hu30z9R0g4V","createdAt":"2023-12-13T16:25:54.072Z","updatedAt":"2024-08-21T11:28:28.628Z"},{"merchantId":172322,"name":"Just Paul PL","imageUri":"https://kqdxc4m5.de/logos_v2/120x60/b86c18befa6577b0c18162c449f0f893.gif","currencyCode":"EUR","defaultDomain":"justpaul.pl","domains":["justpaul.pl"],"categoryId":40,"description":null,"isActive":true,"countryCodes":["PL"],"averageBasketValue":124.04,"averageCommission":3.72,"averageConfirmationTime":null,"averageCancellationRate":null,"minimumCommission":2.13,"maximumCommission":5.3,"commissionRates":[{"fixedCommission":null,"percentageCommission":2.25}],"trackingLink":"https://tatrck.com/h/0Hu30z9R0g4Y","createdAt":"2023-12-13T16:25:53.968Z","updatedAt":"2024-08-21T11:40:10.593Z"},{"merchantId":172330,"name":"Nuvolari IT","imageUri":"https://monetizeamex.com/v3/120x60/f1891e97851c9398879b083deab95aed.png","currencyCode":"EUR","defaultDomain":"nuvolari.biz","domains":["nuvolari.biz"],"categoryId":40,"description":null,"isActive":true,"countryCodes":["IT"],"averageBasketValue":104.61,"averageCommission":3.76,"averageConfirmationTime":6,"averageCancellationRate":null,"minimumCommission":0.73,"maximumCommission":7.9,"commissionRates":[{"fixedCommission":null,"percentageCommission":3.5999999999999996}],"trackingLink":"https://tatrck.com/h/0Hu30z9R0g4g","createdAt":"2023-12-13T16:25:56.283Z","updatedAt":"2024-09-03T17:06:07.177Z"},{"merchantId":172333,"name":"SaludOnNet ES","imageUri":"https://monetizeamex.com/v3/120x60/07f376139ac30c24ac3b48c6564b526b.png","currencyCode":"EUR","defaultDomain":"saludonnet.com","domains":["saludonnet.com"],"categoryId":35,"description":null,"isActive":true,"countryCodes":["ES"],"averageBasketValue":60.92,"averageCommission":2.04,"averageConfirmationTime":28,"averageCancellationRate":7.7,"minimumCommission":0.91,"maximumCommission":3.43,"commissionRates":[{"fixedCommission":null,"percentageCommission":3},{"fixedCommission":3.6,"percentageCommission":null},{"fixedCommission":null,"percentageCommission":4.8},{"fixedCommission":null,"percentageCommission":3.5999999999999996},{"fixedCommission":null,"percentageCommission":1.2},{"fixedCommission":null,"percentageCommission":2.4},{"fixedCommission":null,"percentageCommission":0.6}],"trackingLink":"https://tatrck.com/h/0Hu30z9R0g4j","createdAt":"2023-12-13T16:25:56.884Z","updatedAt":"2024-09-03T17:09:31.677Z"},{"merchantId":172337,"name":"tualarmaSINcuotas ES","imageUri":"https://monetizeamex.com/v3/120x60/5442821709d75f8a1d571b6c799dddb9.png","currencyCode":"EUR","defaultDomain":"tualarmasincuotas.es","domains":["tualarmasincuotas.es"],"categoryId":64,"description":null,"isActive":true,"countryCodes":["ES"],"averageBasketValue":172.27,"averageCommission":5.65,"averageConfirmationTime":null,"averageCancellationRate":null,"minimumCommission":8.29,"maximumCommission":8.29,"commissionRates":[],"trackingLink":"https://tatrck.com/h/0Hu30z9R0g4n","createdAt":"2023-12-13T16:25:58.276Z","updatedAt":"2024-08-26T09:01:31.638Z"},{"merchantId":172338,"name":"Udacity Affiliate Program","imageUri":"https://monetizeamex.com/v3/120x60/6e8e336b8fdd781532c487d20e82e5e0.png","currencyCode":"EUR","defaultDomain":"udacity.com","domains":["udacity.com"],"categoryId":44,"description":null,"isActive":true,"countryCodes":["US"],"averageBasketValue":189.51,"averageCommission":23.46,"averageConfirmationTime":58,"averageCancellationRate":18.4,"minimumCommission":6,"maximumCommission":12.97,"commissionRates":[],"trackingLink":"https://tatrck.com/h/0Hu30z9R0g4o","createdAt":"2023-12-13T16:25:58.972Z","updatedAt":"2024-09-03T17:07:53.068Z"},{"merchantId":172346,"name":"Back Support Systems US","imageUri":"https://monetizeamex.com/v3/120x60/3261feae06b61883bf18f40921c715c7.png","currencyCode":"EUR","defaultDomain":"backsupportsystems.com","domains":["backsupportsystems.com"],"categoryId":35,"description":null,"isActive":true,"countryCodes":["US"],"averageBasketValue":null,"averageCommission":null,"averageConfirmationTime":null,"averageCancellationRate":null,"minimumCommission":null,"maximumCommission":null,"commissionRates":[{"fixedCommission":null,"percentageCommission":4.2}],"trackingLink":"https://tatrck.com/h/0Hu30z9R0g4w","createdAt":"2023-12-13T16:26:00.651Z","updatedAt":"2024-08-21T11:45:34.230Z"},{"merchantId":172362,"name":"MoreLabs CA","imageUri":"https://monetizeamex.com/v3/120x60/86a40e45801726bf6043c42561a69759.png","currencyCode":"EUR","defaultDomain":"morelabs.com","domains":["morelabs.com"],"categoryId":68,"description":null,"isActive":true,"countryCodes":["CA"],"averageBasketValue":207.75,"averageCommission":18.69,"averageConfirmationTime":null,"averageCancellationRate":null,"minimumCommission":18.69,"maximumCommission":18.69,"commissionRates":[{"fixedCommission":null,"percentageCommission":9}],"trackingLink":"https://tatrck.com/h/0Hu30z9R0g5A","createdAt":"2023-12-13T16:26:05.517Z","updatedAt":"2024-08-21T11:39:43.264Z"},{"merchantId":172368,"name":"Qunol US","imageUri":"https://kqdxc4m5.de/logos_v2/120x60/e69baf32f51a88a222bc76d768af7bd6.gif","currencyCode":"EUR","defaultDomain":"qunol.com","domains":["qunol.com"],"categoryId":35,"description":null,"isActive":true,"countryCodes":["US"],"averageBasketValue":38.74,"averageCommission":2.32,"averageConfirmationTime":9,"averageCancellationRate":null,"minimumCommission":null,"maximumCommission":null,"commissionRates":[{"fixedCommission":null,"percentageCommission":6}],"trackingLink":"https://tatrck.com/h/0Hu30z9R0g5G","createdAt":"2023-12-13T16:26:08.266Z","updatedAt":"2024-08-21T11:43:51.030Z"},{"merchantId":172369,"name":"Savory Spice Shop US","imageUri":"https://monetizeamex.com/v3/120x60/b3fd73545720c5ce2ac92c83f6cc2e68.png","currencyCode":"EUR","defaultDomain":"savoryspiceshop.com","domains":["savoryspiceshop.com"],"categoryId":21,"description":null,"isActive":true,"countryCodes":["US"],"averageBasketValue":null,"averageCommission":null,"averageConfirmationTime":null,"averageCancellationRate":null,"minimumCommission":null,"maximumCommission":null,"commissionRates":[{"fixedCommission":null,"percentageCommission":7.199999999999999}],"trackingLink":"https://tatrck.com/h/0Hu30z9R0g5H","createdAt":"2023-12-13T16:26:08.397Z","updatedAt":"2024-08-23T15:01:46.324Z"},{"merchantId":172385,"name":"HoraCredit [CPS] RO","imageUri":"https://monetizeamex.com/v3/120x60/bb6e79d547d0fd5fa3c72c6a8a32f3f9.png","currencyCode":"EUR","defaultDomain":"horacredit.ro","domains":["horacredit.ro"],"categoryId":66,"description":null,"isActive":true,"countryCodes":["RO"],"averageBasketValue":null,"averageCommission":13.31,"averageConfirmationTime":null,"averageCancellationRate":null,"minimumCommission":31.3,"maximumCommission":35.25,"commissionRates":[{"fixedCommission":0,"percentageCommission":null},{"fixedCommission":31.3,"percentageCommission":null}],"trackingLink":"https://tatrck.com/h/0Hu30z9R0g5X","createdAt":"2023-12-13T16:26:13.769Z","updatedAt":"2024-09-03T05:53:11.157Z"},{"merchantId":172415,"name":"Addax.com TR","imageUri":"https://kqdxc4m5.de/logos_v2/120x60/2d15a63fcbb4750ce4ed764ed5c19dea.gif","currencyCode":"EUR","defaultDomain":"addax.com.tr","domains":["addax.com.tr"],"categoryId":40,"description":null,"isActive":true,"countryCodes":[],"averageBasketValue":14.75,"averageCommission":0.35,"averageConfirmationTime":1,"averageCancellationRate":null,"minimumCommission":0.08,"maximumCommission":1.52,"commissionRates":[],"trackingLink":"https://tatrck.com/h/0Hu30z9R0g5_","createdAt":"2023-12-13T16:26:19.070Z","updatedAt":"2024-08-24T05:22:09.561Z"},{"merchantId":172484,"name":"Finbo PL","imageUri":"https://monetizeamex.com/v3/120x60/44e4a7848377e2ef90d217e7a7bc44c9.png","currencyCode":"EUR","defaultDomain":"finbo.pl","domains":["finbo.pl"],"categoryId":66,"description":null,"isActive":true,"countryCodes":["PL"],"averageBasketValue":null,"averageCommission":2.31,"averageConfirmationTime":null,"averageCancellationRate":null,"minimumCommission":2.36,"maximumCommission":2.36,"commissionRates":[],"trackingLink":"https://tatrck.com/h/0Hu30z9R0g74","createdAt":"2023-12-13T16:26:25.079Z","updatedAt":"2024-08-27T05:51:43.136Z"},{"merchantId":172485,"name":"Hultaj Polski PL","imageUri":"https://monetizeamex.com/v3/120x60/46dbf96402e7ed7d1818a15f4029140f.png","currencyCode":"EUR","defaultDomain":"hultajpolski.pl","domains":["hultajpolski.pl"],"categoryId":60,"description":null,"isActive":true,"countryCodes":["PL"],"averageBasketValue":2,"averageCommission":2.41,"averageConfirmationTime":null,"averageCancellationRate":null,"minimumCommission":3.19,"maximumCommission":3.19,"commissionRates":[{"fixedCommission":null,"percentageCommission":4.5}],"trackingLink":"https://tatrck.com/h/0Hu30z9R0g75","createdAt":"2023-12-13T16:26:25.575Z","updatedAt":"2024-08-21T11:30:35.882Z"},{"merchantId":172494,"name":"Twinset DE","imageUri":"https://monetizeamex.com/v3/120x60/03bf0abaee1ac5117fd3fbf5d7f8d36b.png","currencyCode":"EUR","defaultDomain":"twinset.com","domains":["twinset.com","twinset.de"],"categoryId":40,"description":null,"isActive":true,"countryCodes":["DE"],"averageBasketValue":166.92,"averageCommission":7.36,"averageConfirmationTime":null,"averageCancellationRate":null,"minimumCommission":1.33,"maximumCommission":21.64,"commissionRates":[],"trackingLink":"https://tatrck.com/h/0Hu30z9R0g7E","createdAt":"2023-12-13T16:26:28.391Z","updatedAt":"2024-09-03T17:07:59.708Z"},{"merchantId":172499,"name":"Solifex Global GB","imageUri":"https://monetizeamex.com/v3/120x60/310e1188e3fd3dac6f661f7765a82fc5.png","currencyCode":"EUR","defaultDomain":"vawoo.co.uk","domains":["vawoo.co.uk"],"categoryId":50,"description":null,"isActive":true,"countryCodes":["GB"],"averageBasketValue":41.88,"averageCommission":2.01,"averageConfirmationTime":null,"averageCancellationRate":null,"minimumCommission":1.23,"maximumCommission":4.29,"commissionRates":[{"fixedCommission":null,"percentageCommission":4.8}],"trackingLink":"https://tatrck.com/h/0Hu30z9R0g7J","createdAt":"2023-12-13T16:26:29.874Z","updatedAt":"2024-08-21T05:24:22.940Z"},{"merchantId":172509,"name":"Mytour VN","imageUri":"https://monetizeamex.com/v3/120x60/92acae038eb1616d9c0cc379e28cf24f.png","currencyCode":"EUR","defaultDomain":"mytour.vn","domains":["mytour.vn"],"categoryId":63,"description":null,"isActive":true,"countryCodes":["VN"],"averageBasketValue":null,"averageCommission":null,"averageConfirmationTime":null,"averageCancellationRate":null,"minimumCommission":null,"maximumCommission":null,"commissionRates":[],"trackingLink":"https://tatrck.com/h/0Hu30z9R0g7T","createdAt":"2023-12-13T16:26:33.278Z","updatedAt":"2024-08-21T11:29:56.123Z"},{"merchantId":172512,"name":"Ria Money Transfer US","imageUri":"https://monetizeamex.com/v3/120x60/cd473efec3100c7712f7fcd795939dea.png","currencyCode":"EUR","defaultDomain":"riamoneytransfer.com","domains":["riamoneytransfer.com"],"categoryId":66,"description":null,"isActive":true,"countryCodes":["US"],"averageBasketValue":100.41,"averageCommission":3.06,"averageConfirmationTime":6,"averageCancellationRate":14,"minimumCommission":6.57,"maximumCommission":7.57,"commissionRates":[],"trackingLink":"https://tatrck.com/h/0Hu30z9R0g7W","createdAt":"2023-12-13T16:26:32.997Z","updatedAt":"2024-09-03T05:42:10.780Z"},{"merchantId":172515,"name":"Unica VN","imageUri":"https://monetizeamex.com/v3/120x60/af42a84d62c841b469ac1bf9785bdd08.png","currencyCode":"EUR","defaultDomain":"unica.vn","domains":["unica.vn"],"categoryId":44,"description":null,"isActive":true,"countryCodes":["VN"],"averageBasketValue":942.23,"averageCommission":1.98,"averageConfirmationTime":28,"averageCancellationRate":null,"minimumCommission":2.2,"maximumCommission":2.28,"commissionRates":[],"trackingLink":"https://tatrck.com/h/0Hu30z9R0g7Z","createdAt":"2023-12-13T16:26:34.170Z","updatedAt":"2024-09-02T05:51:36.312Z"},{"merchantId":172518,"name":"Brandless","imageUri":"https://monetizeamex.com/v3/120x60/a0bf9eda594d34d6cc54923cf94ef29c.png","currencyCode":"EUR","defaultDomain":"brandless.com","domains":["brandless.com"],"categoryId":50,"description":null,"isActive":true,"countryCodes":["US"],"averageBasketValue":81.9,"averageCommission":7.36,"averageConfirmationTime":19,"averageCancellationRate":null,"minimumCommission":11.3,"maximumCommission":11.3,"commissionRates":[{"fixedCommission":null,"percentageCommission":9},{"fixedCommission":null,"percentageCommission":3.5999999999999996}],"trackingLink":"https://tatrck.com/h/0Hu30z9R0g7c","createdAt":"2023-12-13T16:26:35.107Z","updatedAt":"2024-08-23T15:01:40.424Z"},{"merchantId":172537,"name":"i-Run ES","imageUri":"https://monetizeamex.com/v3/120x60/4042073723f59a3df39b43cf677331c4.png","currencyCode":"EUR","defaultDomain":"i-run.es","domains":["i-run.es"],"categoryId":55,"description":null,"isActive":true,"countryCodes":["ES"],"averageBasketValue":null,"averageCommission":9.57,"averageConfirmationTime":null,"averageCancellationRate":12.6,"minimumCommission":2.2,"maximumCommission":16.93,"commissionRates":[],"trackingLink":"https://tatrck.com/h/0Hu30z9R0g7v","createdAt":"2023-12-13T16:26:40.784Z","updatedAt":"2024-09-03T05:53:44.943Z"},{"merchantId":172543,"name":"ST Dupont CPA FR","imageUri":"https://monetizeamex.com/v3/120x60/0fae61b582596be0eaf78ca31f4f37f6.png","currencyCode":"EUR","defaultDomain":"st-dupont.com","domains":["st-dupont.com"],"categoryId":73,"description":null,"isActive":true,"countryCodes":["DE","ST","FR","GB"],"averageBasketValue":null,"averageCommission":4.41,"averageConfirmationTime":null,"averageCancellationRate":null,"minimumCommission":3.6,"maximumCommission":18.17,"commissionRates":[],"trackingLink":"https://tatrck.com/h/0Hu30z9R0g7_","createdAt":"2023-12-13T16:26:41.277Z","updatedAt":"2024-09-03T05:39:10.432Z"},{"merchantId":172546,"name":"Therm-ic FR","imageUri":"https://monetizeamex.com/v3/120x60/e0c238dd1400b4a8039bf34f8030000d.png","currencyCode":"EUR","defaultDomain":"therm-ic.com","domains":["therm-ic.com"],"categoryId":40,"description":null,"isActive":true,"countryCodes":["FR"],"averageBasketValue":null,"averageCommission":5.08,"averageConfirmationTime":null,"averageCancellationRate":null,"minimumCommission":3.33,"maximumCommission":3.33,"commissionRates":[],"trackingLink":"https://tatrck.com/h/0Hu30z9R0g82","createdAt":"2023-12-13T16:26:42.313Z","updatedAt":"2024-08-27T05:32:04.256Z"},{"merchantId":172563,"name":"Chengdu iSlide Network Technology Co., Ltd. - islide.cc US","imageUri":"https://monetizeamex.com/v3/120x60/7f980331624121f5928a3d5c64171ef0.png","currencyCode":"EUR","defaultDomain":"islide.cc","domains":["islide.cc"],"categoryId":37,"description":null,"isActive":true,"countryCodes":[],"averageBasketValue":null,"averageCommission":null,"averageConfirmationTime":null,"averageCancellationRate":null,"minimumCommission":null,"maximumCommission":null,"commissionRates":[{"fixedCommission":null,"percentageCommission":15}],"trackingLink":"https://tatrck.com/h/0Hu30z9R0g8J","createdAt":"2023-12-13T16:26:46.819Z","updatedAt":"2024-08-15T09:08:53.456Z"},{"merchantId":172564,"name":"Cream Software-Rafal Platek - creamsoft.com US","imageUri":"https://monetizeamex.com/v3/120x60/17f18fe0011c27e43d4c707fc1ab2b0a.png","currencyCode":"EUR","defaultDomain":"creamsoft.com","domains":["creamsoft.com"],"categoryId":37,"description":null,"isActive":true,"countryCodes":[],"averageBasketValue":null,"averageCommission":null,"averageConfirmationTime":null,"averageCancellationRate":null,"minimumCommission":null,"maximumCommission":null,"commissionRates":[{"fixedCommission":null,"percentageCommission":27}],"trackingLink":"https://tatrck.com/h/0Hu30z9R0g8K","createdAt":"2023-12-13T16:26:46.875Z","updatedAt":"2024-08-15T09:07:46.941Z"},{"merchantId":172571,"name":"Xiamen Zest Investment & Consulting Parnership Company (Limited Partnership) - textseek.net US","imageUri":"https://monetizeamex.com/v3/120x60/121094fad355c4240c0f87d37bc1f179.png","currencyCode":"EUR","defaultDomain":"textseek.net","domains":["textseek.net"],"categoryId":22,"description":null,"isActive":true,"countryCodes":[],"averageBasketValue":45.09,"averageCommission":6.76,"averageConfirmationTime":null,"averageCancellationRate":null,"minimumCommission":6.76,"maximumCommission":6.76,"commissionRates":[{"fixedCommission":null,"percentageCommission":15}],"trackingLink":"https://tatrck.com/h/0Hu30z9R0g8R","createdAt":"2023-12-13T16:26:49.274Z","updatedAt":"2024-08-15T09:07:47.949Z"},{"merchantId":172572,"name":"Zevrix Solutions - zevrix.com US","imageUri":"https://monetizeamex.com/v3/120x60/9367a3b110a84d11496ce5d60a1dfff6.png","currencyCode":"EUR","defaultDomain":"zevrix.com","domains":["zevrix.com"],"categoryId":49,"description":null,"isActive":true,"countryCodes":[],"averageBasketValue":25.72,"averageCommission":3.85,"averageConfirmationTime":null,"averageCancellationRate":null,"minimumCommission":3.85,"maximumCommission":3.85,"commissionRates":[],"trackingLink":"https://tatrck.com/h/0Hu30z9R0g8S","createdAt":"2023-12-13T16:26:49.522Z","updatedAt":"2024-09-03T05:28:54.812Z"},{"merchantId":172577,"name":"Executive Shaving","imageUri":"https://monetizeamex.com/v3/120x60/440ac206d69e18fe4ffc562551c0ef24.png","currencyCode":"EUR","defaultDomain":"executive-shaving.co.uk","domains":["executive-shaving.co.uk"],"categoryId":27,"description":null,"isActive":true,"countryCodes":["GB","IE"],"averageBasketValue":61.35,"averageCommission":1.82,"averageConfirmationTime":null,"averageCancellationRate":null,"minimumCommission":0.39,"maximumCommission":3.03,"commissionRates":[{"fixedCommission":null,"percentageCommission":3},{"fixedCommission":null,"percentageCommission":3}],"trackingLink":"https://tatrck.com/h/0Hu30z9R0g8X","createdAt":"2023-12-13T16:26:51.781Z","updatedAt":"2024-08-21T11:28:41.658Z"},{"merchantId":172579,"name":"Instruments4music UK","imageUri":"https://kqdxc4m5.de/logos_v2/120x60/2c6be362c0938b0fbf48edade443e281.gif","currencyCode":"EUR","defaultDomain":"instruments4music.co.uk","domains":["instruments4music.co.uk"],"categoryId":43,"description":null,"isActive":true,"countryCodes":["GB"],"averageBasketValue":28.48,"averageCommission":0.85,"averageConfirmationTime":null,"averageCancellationRate":null,"minimumCommission":null,"maximumCommission":null,"commissionRates":[{"fixedCommission":null,"percentageCommission":3}],"trackingLink":"https://tatrck.com/h/0Hu30z9R0g8Z","createdAt":"2023-12-13T16:26:52.675Z","updatedAt":"2024-08-08T05:21:07.800Z"},{"merchantId":172580,"name":"KnickersBoxersGlory UK","imageUri":"https://kqdxc4m5.de/logos_v2/120x60/458e36865d4ce286e6b3b16c0988971b.gif","currencyCode":"EUR","defaultDomain":"knickersboxersglory.com","domains":["knickersboxersglory.com","knickersboxersglory.co.uk"],"categoryId":40,"description":null,"isActive":true,"countryCodes":["GB"],"averageBasketValue":28.17,"averageCommission":1.35,"averageConfirmationTime":null,"averageCancellationRate":null,"minimumCommission":0.73,"maximumCommission":2.64,"commissionRates":[{"fixedCommission":null,"percentageCommission":4.8}],"trackingLink":"https://tatrck.com/h/0Hu30z9R0g8a","createdAt":"2023-12-13T16:26:53.177Z","updatedAt":"2024-08-08T05:21:07.941Z"},{"merchantId":172581,"name":"Rock n Romance UK","imageUri":"https://kqdxc4m5.de/logos_v2/120x60/7020caf566b4348fabc650805e3215b4.gif","currencyCode":"EUR","defaultDomain":"rocknromancevintage.com","domains":["rocknromancevintage.com"],"categoryId":40,"description":null,"isActive":true,"countryCodes":["GB"],"averageBasketValue":null,"averageCommission":null,"averageConfirmationTime":null,"averageCancellationRate":null,"minimumCommission":null,"maximumCommission":null,"commissionRates":[{"fixedCommission":null,"percentageCommission":0},{"fixedCommission":null,"percentageCommission":6}],"trackingLink":"https://tatrck.com/h/0Hu30z9R0g8b","createdAt":"2023-12-13T16:26:53.678Z","updatedAt":"2024-09-03T17:08:44.087Z"},{"merchantId":172643,"name":"BrandCrowd US","imageUri":"https://kqdxc4m5.de/logos_v2/120x60/2a6b6c1160cf420c40846a533118f1ed.gif","currencyCode":"EUR","defaultDomain":"brandcrowd.com","domains":["brandcrowd.com"],"categoryId":50,"description":null,"isActive":true,"countryCodes":["US"],"averageBasketValue":29.83,"averageCommission":2.25,"averageConfirmationTime":null,"averageCancellationRate":null,"minimumCommission":null,"maximumCommission":null,"commissionRates":[{"fixedCommission":null,"percentageCommission":1.7999999999999998}],"trackingLink":"https://tatrck.com/h/0Hu30z9R0g9Z","createdAt":"2023-12-13T16:27:12.380Z","updatedAt":"2024-09-02T05:21:26.922Z"},{"merchantId":172644,"name":"Brooklyn Brew Shop US","imageUri":"https://kqdxc4m5.de/logos_v2/120x60/ce51c5c7387ff4f714d9bcaabc8df325.gif","currencyCode":"EUR","defaultDomain":"brooklynbrewshop.com","domains":["brooklynbrewshop.com"],"categoryId":70,"description":null,"isActive":true,"countryCodes":["US"],"averageBasketValue":34.64,"averageCommission":0.64,"averageConfirmationTime":15,"averageCancellationRate":null,"minimumCommission":1.23,"maximumCommission":1.23,"commissionRates":[{"fixedCommission":null,"percentageCommission":9}],"trackingLink":"https://tatrck.com/h/0Hu30z9R0g9a","createdAt":"2023-12-13T16:27:11.078Z","updatedAt":"2024-08-21T11:30:22.746Z"},{"merchantId":172645,"name":"Dock & Bay US","imageUri":"https://monetizeamex.com/v3/120x60/68294b852a694e9a2b7a0fc2c7094f10.png","currencyCode":"EUR","defaultDomain":"dockandbay.com","domains":["dockandbay.com"],"categoryId":63,"description":null,"isActive":true,"countryCodes":["US","GB"],"averageBasketValue":62.65,"averageCommission":3.31,"averageConfirmationTime":2,"averageCancellationRate":null,"minimumCommission":0.28,"maximumCommission":7.42,"commissionRates":[],"trackingLink":"https://tatrck.com/h/0Hu30z9R0g9b","createdAt":"2023-12-13T16:27:11.378Z","updatedAt":"2024-09-03T17:08:35.107Z"},{"merchantId":172652,"name":"Melodysusie US","imageUri":"https://kqdxc4m5.de/logos_v2/120x60/380680b421839caa5f28ccadb12dea6f.gif","currencyCode":"EUR","defaultDomain":"melodysusie.com","domains":["melodysusie.com"],"categoryId":28,"description":null,"isActive":true,"countryCodes":["US"],"averageBasketValue":105.09,"averageCommission":5.04,"averageConfirmationTime":null,"averageCancellationRate":null,"minimumCommission":0.61,"maximumCommission":14.85,"commissionRates":[{"fixedCommission":null,"percentageCommission":4.8}],"trackingLink":"https://tatrck.com/h/0Hu30z9R0g9i","createdAt":"2023-12-13T16:27:13.411Z","updatedAt":"2024-08-21T11:28:54.623Z"},{"merchantId":172655,"name":"Pet Krewe US","imageUri":"https://monetizeamex.com/v3/120x60/bd5ba2e0312421419e9effe417ccdb97.png","currencyCode":"EUR","defaultDomain":"petkrewe.com","domains":["petkrewe.com"],"categoryId":61,"description":null,"isActive":true,"countryCodes":["US"],"averageBasketValue":null,"averageCommission":null,"averageConfirmationTime":null,"averageCancellationRate":null,"minimumCommission":null,"maximumCommission":null,"commissionRates":[],"trackingLink":"https://tatrck.com/h/0Hu30z9R0g9l","createdAt":"2023-12-13T16:27:15.978Z","updatedAt":"2024-08-26T09:01:15.219Z"},{"merchantId":172656,"name":"photowhoa US","imageUri":"https://kqdxc4m5.de/logos_v2/120x60/85dc9c84c4bdae802a5226f477f7e714.gif","currencyCode":"EUR","defaultDomain":"photowhoa.com","domains":["photowhoa.com"],"categoryId":80,"description":null,"isActive":true,"countryCodes":["US"],"averageBasketValue":2.48,"averageCommission":0.15,"averageConfirmationTime":null,"averageCancellationRate":null,"minimumCommission":null,"maximumCommission":null,"commissionRates":[{"fixedCommission":null,"percentageCommission":12}],"trackingLink":"https://tatrck.com/h/0Hu30z9R0g9m","createdAt":"2023-12-13T16:27:14.595Z","updatedAt":"2024-08-29T05:47:47.529Z"},{"merchantId":172665,"name":"Especially Yours US","imageUri":"https://monetizeamex.com/v3/120x60/dfa949267d8b650bad02fab5123b571d.png","currencyCode":"EUR","defaultDomain":"especiallyyours.com","domains":["especiallyyours.com"],"categoryId":21,"description":null,"isActive":true,"countryCodes":["US"],"averageBasketValue":112.54,"averageCommission":1.74,"averageConfirmationTime":null,"averageCancellationRate":null,"minimumCommission":0.58,"maximumCommission":5.78,"commissionRates":[{"fixedCommission":null,"percentageCommission":1.2},{"fixedCommission":null,"percentageCommission":4.32},{"fixedCommission":null,"percentageCommission":3.36}],"trackingLink":"https://tatrck.com/h/0Hu30z9R0g9v","createdAt":"2023-12-13T16:27:17.686Z","updatedAt":"2024-09-03T05:51:21.128Z"}]}