{"meta":{"next":141916},"data":[{"merchantId":141399,"name":"Suikerarrangement NL","imageUri":"https://monetizeamex.com/v3/120x60/aedcc0e0e42f6fff668de85351792cef.png","currencyCode":"EUR","defaultDomain":"suikerarrangement.nl","domains":["suikerarrangement.nl"],"categoryId":16,"description":null,"isActive":true,"countryCodes":["NL"],"averageBasketValue":null,"averageCommission":0.94,"averageConfirmationTime":17,"averageCancellationRate":null,"minimumCommission":1.2,"maximumCommission":1.2,"commissionRates":[],"trackingLink":"https://tatrck.com/h/0Hu30z9R0YXN","createdAt":"2023-12-13T13:38:04.670Z","updatedAt":"2024-09-02T05:12:01.928Z"},{"merchantId":141412,"name":"Versio NL","imageUri":"https://monetizeamex.com/v3/120x60/367a52494cf4cb0d0ca97b4012de9f12.png","currencyCode":"EUR","defaultDomain":"versio.nl","domains":["versio.nl"],"categoryId":22,"description":null,"isActive":true,"countryCodes":["NL"],"averageBasketValue":34.46,"averageCommission":7.78,"averageConfirmationTime":null,"averageCancellationRate":14.1,"minimumCommission":0.03,"maximumCommission":45.7,"commissionRates":[],"trackingLink":"https://tatrck.com/h/0Hu30z9R0YXa","createdAt":"2023-12-13T13:38:08.895Z","updatedAt":"2024-09-03T05:44:56.924Z"},{"merchantId":141441,"name":"vidaXL AU","imageUri":"https://monetizeamex.com/v3/120x60/7eec795c98442258a3f2676878b04cfa.png","currencyCode":"EUR","defaultDomain":"vidaxl.com.au","domains":["vidaxl.com.au"],"categoryId":21,"description":null,"isActive":true,"countryCodes":["AU"],"averageBasketValue":null,"averageCommission":0.01,"averageConfirmationTime":1,"averageCancellationRate":null,"minimumCommission":null,"maximumCommission":null,"commissionRates":[{"fixedCommission":null,"percentageCommission":2.88},{"fixedCommission":null,"percentageCommission":4.8}],"trackingLink":"https://tatrck.com/h/0Hu30z9R0YY1","createdAt":"2023-12-13T13:38:18.880Z","updatedAt":"2024-08-23T15:01:36.693Z"},{"merchantId":141447,"name":"ComptoirsRichard FR","imageUri":"https://monetizeamex.com/v3/120x60/cfca6f153b9032bc3bfa3059a0e059a0.png","currencyCode":"EUR","defaultDomain":"comptoirsrichard.fr","domains":["comptoirsrichard.fr"],"categoryId":34,"description":null,"isActive":true,"countryCodes":["FR"],"averageBasketValue":30.34,"averageCommission":2.18,"averageConfirmationTime":null,"averageCancellationRate":null,"minimumCommission":2.18,"maximumCommission":2.18,"commissionRates":[],"trackingLink":"https://tatrck.com/h/0Hu30z9R0YY7","createdAt":"2023-12-13T13:38:20.000Z","updatedAt":"2024-09-03T17:03:42.530Z"},{"merchantId":141451,"name":"HUNKEMÖLLER AT","imageUri":"https://monetizeamex.com/v3/120x60/96ca3b042164c0712a7c04242788ba70.png","currencyCode":"EUR","defaultDomain":"hunkemoller.at","domains":["hunkemoller.at"],"categoryId":40,"description":"Bei hunkemöller finden Sie traumhaft schöne Wäsche zu bezahlbaren Preisen. Sie bekommen unteranderem Bh`s, Slips, Nachtwäsche, Shapewear, Bademode, Accessoires wie Strümpfe, Pantoffeln und vieles mehr.","isActive":true,"countryCodes":["AT"],"averageBasketValue":1.4,"averageCommission":0.08,"averageConfirmationTime":1,"averageCancellationRate":null,"minimumCommission":3.02,"maximumCommission":3.02,"commissionRates":[{"fixedCommission":null,"percentageCommission":6}],"trackingLink":"https://tatrck.com/h/0Hu30z9R0YYB","createdAt":"2023-12-13T13:38:20.969Z","updatedAt":"2024-09-03T17:09:22.318Z"},{"merchantId":141479,"name":"TopCashback US","imageUri":"https://monetizeamex.com/v3/120x60/70458626af33204022ac715fd7be3cb1.png","currencyCode":"EUR","defaultDomain":"topcashback.com","domains":["topcashback.com"],"categoryId":77,"description":null,"isActive":true,"countryCodes":["CA","US"],"averageBasketValue":483.27,"averageCommission":1.24,"averageConfirmationTime":null,"averageCancellationRate":null,"minimumCommission":5.77,"maximumCommission":5.87,"commissionRates":[],"trackingLink":"https://tatrck.com/h/0Hu30z9R0YYd","createdAt":"2023-12-13T13:38:30.167Z","updatedAt":"2024-08-30T05:28:55.304Z"},{"merchantId":141490,"name":"Online Spy Shop UK","imageUri":"https://monetizeamex.com/v3/120x60/0d1ab17b1c07a94182328adee9154ee6.png","currencyCode":"EUR","defaultDomain":"onlinespyshop.co.uk","domains":["onlinespyshop.co.uk"],"categoryId":72,"description":null,"isActive":true,"countryCodes":["GB"],"averageBasketValue":562.05,"averageCommission":16.86,"averageConfirmationTime":null,"averageCancellationRate":22.2,"minimumCommission":4.59,"maximumCommission":6.28,"commissionRates":[{"fixedCommission":null,"percentageCommission":3}],"trackingLink":"https://tatrck.com/h/0Hu30z9R0YYo","createdAt":"2023-12-13T13:38:34.815Z","updatedAt":"2024-08-15T09:09:56.696Z"},{"merchantId":141506,"name":"LULU Software - sodapdf.com US","imageUri":"https://monetizeamex.com/v3/120x60/e9b8d7a7abc2e723ad45fea0bbf8c945.png","currencyCode":"EUR","defaultDomain":"sodapdf.com","domains":["sodapdf.com"],"categoryId":37,"description":null,"isActive":true,"countryCodes":[],"averageBasketValue":null,"averageCommission":15.58,"averageConfirmationTime":null,"averageCancellationRate":null,"minimumCommission":15.42,"maximumCommission":15.42,"commissionRates":[{"fixedCommission":null,"percentageCommission":30},{"fixedCommission":null,"percentageCommission":39}],"trackingLink":"https://tatrck.com/h/0Hu30z9R0YZ2","createdAt":"2023-12-13T13:38:38.885Z","updatedAt":"2024-08-26T09:01:31.517Z"},{"merchantId":141513,"name":"Adrenalin AU","imageUri":"https://monetizeamex.com/v3/120x60/5ab93fe474528628cd1206068564f00d.png","currencyCode":"EUR","defaultDomain":"adrenaline.com.au","domains":["adrenalin.com.au","adrenaline.com.au"],"categoryId":55,"description":null,"isActive":true,"countryCodes":["AU"],"averageBasketValue":null,"averageCommission":null,"averageConfirmationTime":null,"averageCancellationRate":null,"minimumCommission":null,"maximumCommission":null,"commissionRates":[],"trackingLink":"https://tatrck.com/h/0Hu30z9R0YZ9","createdAt":"2023-12-13T13:38:41.065Z","updatedAt":"2024-08-15T08:58:54.613Z"},{"merchantId":141546,"name":"My Nametags UK","imageUri":"https://monetizeamex.com/v3/120x60/43e5a0408d822bd0638f1a9f2c0416b2.png","currencyCode":"EUR","defaultDomain":"mynametags.com","domains":["mynametags.com","mynametags.co.uk"],"categoryId":27,"description":null,"isActive":true,"countryCodes":["GB"],"averageBasketValue":18.08,"averageCommission":1.08,"averageConfirmationTime":null,"averageCancellationRate":null,"minimumCommission":0.72,"maximumCommission":0.83,"commissionRates":[],"trackingLink":"https://tatrck.com/h/0Hu30z9R0YZg","createdAt":"2023-12-13T13:38:51.172Z","updatedAt":"2024-09-03T17:09:34.423Z"},{"merchantId":141550,"name":"Rue du Cachemire FR","imageUri":"https://monetizeamex.com/v3/120x60/40bd9afc21910eed8841b4b0c04b7792.png","currencyCode":"EUR","defaultDomain":"rueducachemire.com","domains":["rueducachemire.com","rueducachemire.fr"],"categoryId":40,"description":null,"isActive":true,"countryCodes":["FR"],"averageBasketValue":null,"averageCommission":3.84,"averageConfirmationTime":null,"averageCancellationRate":null,"minimumCommission":null,"maximumCommission":null,"commissionRates":[],"trackingLink":"https://tatrck.com/h/0Hu30z9R0YZk","createdAt":"2023-12-13T13:38:53.305Z","updatedAt":"2024-08-22T11:06:24.893Z"},{"merchantId":141551,"name":"tampons-bureau FR","imageUri":"https://monetizeamex.com/v3/120x60/a75f01066d1c197de49f3dc66dfcc69b.png","currencyCode":"EUR","defaultDomain":"tampons-bureau.fr","domains":["tampons-bureau.fr"],"categoryId":70,"description":null,"isActive":true,"countryCodes":["FR"],"averageBasketValue":50.51,"averageCommission":1.14,"averageConfirmationTime":4,"averageCancellationRate":null,"minimumCommission":0.39,"maximumCommission":5.73,"commissionRates":[{"fixedCommission":null,"percentageCommission":2.4}],"trackingLink":"https://tatrck.com/h/0Hu30z9R0YZl","createdAt":"2023-12-13T13:38:52.390Z","updatedAt":"2024-09-03T17:09:16.847Z"},{"merchantId":141553,"name":"Flixbus NL","imageUri":"https://monetizeamex.com/v3/120x60/adbdae9a1bdc298de62d214ee9d85375.png","currencyCode":"EUR","defaultDomain":"flixbus.nl","domains":["flixbus.nl"],"categoryId":63,"description":null,"isActive":true,"countryCodes":["NL"],"averageBasketValue":7.95,"averageCommission":0.28,"averageConfirmationTime":null,"averageCancellationRate":null,"minimumCommission":0,"maximumCommission":2.8,"commissionRates":[],"trackingLink":"https://tatrck.com/h/0Hu30z9R0YZn","createdAt":"2023-12-13T13:38:52.765Z","updatedAt":"2024-09-01T05:19:25.355Z"},{"merchantId":141555,"name":"Withlocals NL","imageUri":"https://monetizeamex.com/v3/120x60/5e318e35a3b4e108336fbed59c2468cf.png","currencyCode":"EUR","defaultDomain":"withlocals.com","domains":["withlocals.com","withlocals.nl"],"categoryId":63,"description":null,"isActive":true,"countryCodes":["US","NL"],"averageBasketValue":236.57,"averageCommission":14.19,"averageConfirmationTime":4,"averageCancellationRate":null,"minimumCommission":7.9,"maximumCommission":26.4,"commissionRates":[],"trackingLink":"https://tatrck.com/h/0Hu30z9R0YZp","createdAt":"2023-12-13T13:38:55.568Z","updatedAt":"2024-09-03T17:09:33.775Z"},{"merchantId":141562,"name":"Bundles B.V. NL","imageUri":"https://monetizeamex.com/v3/120x60/f7a7aa861c9a1fc387d1e82a1a92a75d.png","currencyCode":"EUR","defaultDomain":"bundles.nl","domains":["bundles.nl"],"categoryId":72,"description":null,"isActive":true,"countryCodes":["NL"],"averageBasketValue":null,"averageCommission":null,"averageConfirmationTime":null,"averageCancellationRate":null,"minimumCommission":null,"maximumCommission":null,"commissionRates":[],"trackingLink":"https://tatrck.com/h/0Hu30z9R0YZw","createdAt":"2023-12-13T13:38:56.893Z","updatedAt":"2024-08-25T05:28:26.469Z"},{"merchantId":141581,"name":"JunoActive US","imageUri":"https://monetizeamex.com/v3/120x60/33248059e96eb242a9ce24d0feba0486.png","currencyCode":"EUR","defaultDomain":"junoactive.com","domains":["junoactive.com"],"categoryId":40,"description":null,"isActive":true,"countryCodes":["US"],"averageBasketValue":159.06,"averageCommission":2.86,"averageConfirmationTime":null,"averageCancellationRate":null,"minimumCommission":4.32,"maximumCommission":4.32,"commissionRates":[{"fixedCommission":null,"percentageCommission":1.7999999999999998},{"fixedCommission":null,"percentageCommission":1.44}],"trackingLink":"https://tatrck.com/h/0Hu30z9R0YaD","createdAt":"2023-12-13T13:39:03.677Z","updatedAt":"2024-08-27T05:54:34.530Z"},{"merchantId":141582,"name":"Luminar","imageUri":"https://monetizeamex.com/v3/120x60/3078f48b9f97f94f010bbb05e1343df6.png","currencyCode":"EUR","defaultDomain":"skylum.com","domains":["macphun.com","skylum.com"],"categoryId":49,"description":null,"isActive":true,"countryCodes":["DE","US","SE","FR","GB"],"averageBasketValue":30.33,"averageCommission":5.56,"averageConfirmationTime":58,"averageCancellationRate":2.6,"minimumCommission":0.26,"maximumCommission":22.62,"commissionRates":[{"fixedCommission":null,"percentageCommission":12},{"fixedCommission":null,"percentageCommission":40.8},{"fixedCommission":2.4,"percentageCommission":null},{"fixedCommission":null,"percentageCommission":14.399999999999999},{"fixedCommission":null,"percentageCommission":11.4},{"fixedCommission":null,"percentageCommission":10.5}],"trackingLink":"https://tatrck.com/h/0Hu30z9R0YaE","createdAt":"2023-12-13T13:39:02.631Z","updatedAt":"2024-09-03T05:53:41.454Z"},{"merchantId":141589,"name":"Boden AU","imageUri":"https://monetizeamex.com/v3/120x60/862694e62e26b2ae72990be880e7c84c.png","currencyCode":"EUR","defaultDomain":"bodenclothing.com.au","domains":["bodenclothing.com.au"],"categoryId":40,"description":null,"isActive":true,"countryCodes":["AU"],"averageBasketValue":174.65,"averageCommission":6.28,"averageConfirmationTime":null,"averageCancellationRate":null,"minimumCommission":2.59,"maximumCommission":12.86,"commissionRates":[],"trackingLink":"https://tatrck.com/h/0Hu30z9R0YaL","createdAt":"2023-12-13T13:39:05.984Z","updatedAt":"2024-08-30T05:57:29.711Z"},{"merchantId":141596,"name":"Eni IT","imageUri":"https://monetizeamex.com/v3/120x60/68d7552fb696abe218fc0f1cd996fae4.png","currencyCode":"EUR","defaultDomain":"eniplenitude.com","domains":["enigaseluce.com","eni.it","eniplenitude.com"],"categoryId":41,"description":null,"isActive":true,"countryCodes":["IT"],"averageBasketValue":0.98,"averageCommission":0.66,"averageConfirmationTime":28,"averageCancellationRate":0.10000000000000002,"minimumCommission":9,"maximumCommission":29.4,"commissionRates":[{"fixedCommission":9,"percentageCommission":null},{"fixedCommission":1.8,"percentageCommission":null},{"fixedCommission":25.2,"percentageCommission":null}],"trackingLink":"https://tatrck.com/h/0Hu30z9R0YaS","createdAt":"2023-12-13T13:39:06.977Z","updatedAt":"2024-09-03T17:09:18.846Z"},{"merchantId":141601,"name":"Heyah PL","imageUri":"https://monetizeamex.com/v3/120x60/f2ddf98ebb323c30df78a4ed23dcbb2f.png","currencyCode":"EUR","defaultDomain":"heyah.pl","domains":["heyah.pl"],"categoryId":58,"description":null,"isActive":true,"countryCodes":["PL"],"averageBasketValue":null,"averageCommission":null,"averageConfirmationTime":null,"averageCancellationRate":null,"minimumCommission":null,"maximumCommission":null,"commissionRates":[],"trackingLink":"https://tatrck.com/h/0Hu30z9R0YaX","createdAt":"2023-12-13T13:39:10.582Z","updatedAt":"2024-08-20T17:05:24.851Z"},{"merchantId":141631,"name":"servdiscount DE","imageUri":"https://monetizeamex.com/v3/120x60/de1aaedd1d63b4ae6381a5d5765e08e5.png","currencyCode":"EUR","defaultDomain":"servdiscount.com","domains":["servdiscount.com","servdiscount.de"],"categoryId":22,"description":"Servdiscount ist die Hosting-Marke, die hochwertige dedizierte Server-Systeme in einem hervorragenden Preis-Leistungsverhältnis an Privat- und kleinere Geschäftskunden anbietet. Qualtitative Hardware zu Top-Preisen und können dabei stets auf aktuelle Betriebssysteme für Ihren dedizierten Root Server setzen.","isActive":true,"countryCodes":["DE"],"averageBasketValue":null,"averageCommission":null,"averageConfirmationTime":null,"averageCancellationRate":null,"minimumCommission":null,"maximumCommission":null,"commissionRates":[{"fixedCommission":null,"percentageCommission":30}],"trackingLink":"https://tatrck.com/h/0Hu30z9R0Ya_","createdAt":"2023-12-13T13:39:17.886Z","updatedAt":"2024-09-03T17:06:57.960Z"},{"merchantId":141637,"name":"Svinando IT","imageUri":"https://monetizeamex.com/v3/120x60/55e9cabeb55c79010fa2611af62d3d8c.png","currencyCode":"EUR","defaultDomain":"svinando.com","domains":["svinando.com","svinando.it"],"categoryId":77,"description":null,"isActive":true,"countryCodes":["IT"],"averageBasketValue":81.7,"averageCommission":2.65,"averageConfirmationTime":17,"averageCancellationRate":null,"minimumCommission":1.29,"maximumCommission":6.73,"commissionRates":[{"fixedCommission":null,"percentageCommission":3.2279999999999998}],"trackingLink":"https://tatrck.com/h/0Hu30z9R0Yb5","createdAt":"2023-12-13T13:39:19.072Z","updatedAt":"2024-09-03T17:07:06.263Z"},{"merchantId":141639,"name":"Tirendo NL","imageUri":"https://monetizeamex.com/v3/120x60/a945a5250e2bb5a7df351d446ab507d6.png","currencyCode":"EUR","defaultDomain":"tirendo.nl","domains":["tirendo.nl"],"categoryId":21,"description":null,"isActive":true,"countryCodes":["NL"],"averageBasketValue":211.42,"averageCommission":3.81,"averageConfirmationTime":null,"averageCancellationRate":null,"minimumCommission":6.78,"maximumCommission":6.78,"commissionRates":[{"fixedCommission":null,"percentageCommission":1.7999999999999998}],"trackingLink":"https://tatrck.com/h/0Hu30z9R0Yb7","createdAt":"2023-12-13T13:39:19.870Z","updatedAt":"2024-09-03T17:09:46.124Z"},{"merchantId":141657,"name":"Holidu DE","imageUri":"https://monetizeamex.com/v3/120x60/f8b0ecbaf86446917287ad906947410b.png","currencyCode":"EUR","defaultDomain":"holidu.de","domains":["holidu.de"],"categoryId":63,"description":"Holidu bietet sehr viele Ferienwohnungen und Ferienhäuser zu günstigen Preisen. \r\nHolidu vergleicht und prüft mehr als eine Million Ferienwohnungen und Ferienhäuser aller wichtigen Ferienwohnungsportale wie Interchalet, TUI, Novasol, Booking.com, E-Domizil, Housetrip, Tripadvisor und viele mehr.","isActive":true,"countryCodes":["AT","CH","DE"],"averageBasketValue":1,"averageCommission":33.84,"averageConfirmationTime":23,"averageCancellationRate":24.7,"minimumCommission":9.5,"maximumCommission":67.88,"commissionRates":[],"trackingLink":"https://tatrck.com/h/0Hu30z9R0YbP","createdAt":"2023-12-13T13:39:25.693Z","updatedAt":"2024-09-03T17:06:54.857Z"},{"merchantId":141659,"name":"Ja-Hochzeitsshop DE","imageUri":"https://monetizeamex.com/v3/120x60/7d57f732ccd2b258f8afb7e45eb6c336.png","currencyCode":"EUR","defaultDomain":"ja-hochzeitsshop.de","domains":["ja-hochzeitsshop.de"],"categoryId":7,"description":"Der Hochzeitsshop mit den besonderen Hochzeitsaccessoires. Bei www.ja-hochzeitsshop.de erhalten sie wunderschöne Hochzeits-Gästebücher, Hochzeitsdeko, Namenskarten, eine große Auswahl an Gastgeschenken wie klassische Hochzeitsmandeln und vieles mehr.","isActive":true,"countryCodes":["DE"],"averageBasketValue":58.61,"averageCommission":1.97,"averageConfirmationTime":58,"averageCancellationRate":18.2,"minimumCommission":0.16,"maximumCommission":3.36,"commissionRates":[{"fixedCommission":null,"percentageCommission":1.7999999999999998}],"trackingLink":"https://tatrck.com/h/0Hu30z9R0YbR","createdAt":"2023-12-13T13:39:25.585Z","updatedAt":"2024-09-03T17:08:33.666Z"},{"merchantId":141665,"name":"Tamaris DE","imageUri":"https://monetizeamex.com/v3/120x60/81905b6df4f5ddd0bf0c41bec0e7a317.png","currencyCode":"EUR","defaultDomain":"tamaris.com","domains":["tamaris.com","tamaris.de"],"categoryId":40,"description":"Bei Tamaris finden sie eine riesige Auswahl und tolle Modelle an Schuhen, Handtaschen und Accessoires für Frauen. Entdecke Ballerinas, Pumps, Stiefel, Sneaker, Flip Flops, Handtaschen, Umhängetaschen, Gürtel, Geldbeutel, Schmuck und vieles mehr.","isActive":true,"countryCodes":["DE","BE","NL"],"averageBasketValue":120.97,"averageCommission":4.84,"averageConfirmationTime":53,"averageCancellationRate":2.7000000000000006,"minimumCommission":0.95,"maximumCommission":26.02,"commissionRates":[],"trackingLink":"https://tatrck.com/h/0Hu30z9R0YbX","createdAt":"2023-12-13T13:39:28.685Z","updatedAt":"2024-09-03T17:07:44.249Z"},{"merchantId":141668,"name":"Tonermacher DE","imageUri":"https://monetizeamex.com/v3/120x60/7faf37d56ff2c41a9f8c8306584bafdc.png","currencyCode":"EUR","defaultDomain":"tonermacher.de","domains":["tonermacher.de"],"categoryId":70,"description":"Finden Sie auf Tonermacher Tinten & Toner zu Spitzenpreisen. Der Shop führt sowohl Original-Herstellerware als auch deutlich günstigere und umweltfreundlichere kompatible Marken.","isActive":true,"countryCodes":["DE"],"averageBasketValue":237.97,"averageCommission":1.47,"averageConfirmationTime":28,"averageCancellationRate":7.1,"minimumCommission":0.3,"maximumCommission":16.65,"commissionRates":[{"fixedCommission":0.3,"percentageCommission":null},{"fixedCommission":null,"percentageCommission":9},{"fixedCommission":null,"percentageCommission":3},{"fixedCommission":null,"percentageCommission":6},{"fixedCommission":null,"percentageCommission":1.2}],"trackingLink":"https://tatrck.com/h/0Hu30z9R0Yba","createdAt":"2023-12-13T13:39:30.274Z","updatedAt":"2024-09-03T17:09:08.382Z"},{"merchantId":141684,"name":"hide.me","imageUri":"https://monetizeamex.com/v3/120x60/cf8c3de8e0db28d2e1b8e55897e1a51a.png","currencyCode":"EUR","defaultDomain":"hide.me","domains":["hide.me"],"categoryId":22,"description":null,"isActive":true,"countryCodes":[],"averageBasketValue":32.21,"averageCommission":6.61,"averageConfirmationTime":18,"averageCancellationRate":19.7,"minimumCommission":1.42,"maximumCommission":14.59,"commissionRates":[{"fixedCommission":null,"percentageCommission":18}],"trackingLink":"https://tatrck.com/h/0Hu30z9R0Ybq","createdAt":"2023-12-13T13:39:34.380Z","updatedAt":"2024-09-02T12:01:02.700Z"},{"merchantId":141690,"name":"Miss Hosting UK","imageUri":"https://monetizeamex.com/v3/120x60/0778277c2684291a7f82ea8f6bd45ac7.png","currencyCode":"EUR","defaultDomain":"misshosting.com","domains":["misshosting.com"],"categoryId":49,"description":null,"isActive":true,"countryCodes":["US"],"averageBasketValue":null,"averageCommission":null,"averageConfirmationTime":null,"averageCancellationRate":null,"minimumCommission":null,"maximumCommission":null,"commissionRates":[],"trackingLink":"https://tatrck.com/h/0Hu30z9R0Ybw","createdAt":"2023-12-13T13:39:37.407Z","updatedAt":"2024-08-15T08:58:58.777Z"},{"merchantId":141699,"name":"Shirtinator CZ","imageUri":"https://monetizeamex.com/v3/120x60/6c7a2847f1bbd041e5e764b4f55d1199.png","currencyCode":"EUR","defaultDomain":"shirtinator.cz","domains":["shirtinator.cz"],"categoryId":22,"description":null,"isActive":true,"countryCodes":["CZ"],"averageBasketValue":46.32,"averageCommission":3.33,"averageConfirmationTime":null,"averageCancellationRate":null,"minimumCommission":3.33,"maximumCommission":3.33,"commissionRates":[{"fixedCommission":null,"percentageCommission":7.199999999999999}],"trackingLink":"https://tatrck.com/h/0Hu30z9R0Yc3","createdAt":"2023-12-13T13:39:39.190Z","updatedAt":"2024-09-03T17:08:56.080Z"},{"merchantId":141712,"name":"Fitnessfirst UK","imageUri":"https://monetizeamex.com/v3/120x60/248fe83031dc8b58a8be11c72c0b7e0d.png","currencyCode":"EUR","defaultDomain":"fitnessfirst.co.uk","domains":["fitnessfirst.co.uk"],"categoryId":68,"description":null,"isActive":true,"countryCodes":[],"averageBasketValue":124.92,"averageCommission":4.62,"averageConfirmationTime":null,"averageCancellationRate":null,"minimumCommission":5.04,"maximumCommission":5.04,"commissionRates":[],"trackingLink":"https://tatrck.com/h/0Hu30z9R0YcG","createdAt":"2023-12-13T13:39:43.770Z","updatedAt":"2024-08-19T05:53:25.498Z"},{"merchantId":141713,"name":"Lebara UK","imageUri":"https://monetizeamex.com/v3/120x60/47b238c840542a9a7b1eecaf91ed8c6c.png","currencyCode":"EUR","defaultDomain":"lebara.co.uk","domains":["lebara.co.uk","mobile.lebara.com"],"categoryId":58,"description":null,"isActive":true,"countryCodes":["GB"],"averageBasketValue":10.77,"averageCommission":7.81,"averageConfirmationTime":58,"averageCancellationRate":1.7,"minimumCommission":2.44,"maximumCommission":19.66,"commissionRates":[{"fixedCommission":14.4,"percentageCommission":null},{"fixedCommission":4.32,"percentageCommission":null},{"fixedCommission":2.4,"percentageCommission":null},{"fixedCommission":9.6,"percentageCommission":null},{"fixedCommission":8.64,"percentageCommission":null},{"fixedCommission":3.36,"percentageCommission":null},{"fixedCommission":12,"percentageCommission":null},{"fixedCommission":4.8,"percentageCommission":null},{"fixedCommission":16.8,"percentageCommission":null},{"fixedCommission":3.84,"percentageCommission":null},{"fixedCommission":7.2,"percentageCommission":null},{"fixedCommission":19.2,"percentageCommission":null}],"trackingLink":"https://tatrck.com/h/0Hu30z9R0YcH","createdAt":"2023-12-13T13:39:43.793Z","updatedAt":"2024-09-03T17:09:36.251Z"},{"merchantId":141718,"name":"Viviscal US","imageUri":"https://monetizeamex.com/v3/120x60/3ca8068c0abd0dee74fe10727f06df87.png","currencyCode":"EUR","defaultDomain":"viviscal.com","domains":["viviscal.com"],"categoryId":28,"description":null,"isActive":true,"countryCodes":["US"],"averageBasketValue":32.72,"averageCommission":0.31,"averageConfirmationTime":null,"averageCancellationRate":null,"minimumCommission":0.27,"maximumCommission":0.54,"commissionRates":[{"fixedCommission":null,"percentageCommission":0.96}],"trackingLink":"https://tatrck.com/h/0Hu30z9R0YcM","createdAt":"2023-12-13T13:39:45.489Z","updatedAt":"2024-08-23T15:02:07.977Z"},{"merchantId":141722,"name":"AXA Travel Insurance IT","imageUri":"https://monetizeamex.com/v3/120x60/78dae31da15fb32cbb4d86acde08a56d.png","currencyCode":"EUR","defaultDomain":"axa-assistance.it","domains":["axa-assistance.it"],"categoryId":56,"description":null,"isActive":true,"countryCodes":["IT"],"averageBasketValue":90.42,"averageCommission":6.51,"averageConfirmationTime":null,"averageCancellationRate":null,"minimumCommission":1.48,"maximumCommission":13.83,"commissionRates":[{"fixedCommission":null,"percentageCommission":4.2},{"fixedCommission":null,"percentageCommission":7.199999999999999}],"trackingLink":"https://tatrck.com/h/0Hu30z9R0YcQ","createdAt":"2023-12-13T13:39:48.075Z","updatedAt":"2024-08-21T11:36:20.444Z"},{"merchantId":141736,"name":"flixbus BE","imageUri":"https://monetizeamex.com/v3/120x60/75b4c5ad9f36e690034d983dc9991304.png","currencyCode":"EUR","defaultDomain":"flixbus.be","domains":["flixbus.be"],"categoryId":63,"description":null,"isActive":true,"countryCodes":["BE"],"averageBasketValue":7.73,"averageCommission":0.27,"averageConfirmationTime":null,"averageCancellationRate":null,"minimumCommission":0,"maximumCommission":7.86,"commissionRates":[],"trackingLink":"https://tatrck.com/h/0Hu30z9R0Yce","createdAt":"2023-12-13T13:39:50.875Z","updatedAt":"2024-08-28T05:19:18.217Z"},{"merchantId":141743,"name":"nazwa PL","imageUri":"https://monetizeamex.com/v3/120x60/344a49469e9ea253bee5bc296e795611.png","currencyCode":"EUR","defaultDomain":"nazwa.pl","domains":["nazwa.pl"],"categoryId":22,"description":null,"isActive":true,"countryCodes":["PL"],"averageBasketValue":67.56,"averageCommission":9.61,"averageConfirmationTime":58,"averageCancellationRate":7.1,"minimumCommission":0.04,"maximumCommission":115.39,"commissionRates":[],"trackingLink":"https://tatrck.com/h/0Hu30z9R0Ycl","createdAt":"2023-12-13T13:39:52.466Z","updatedAt":"2024-09-03T05:44:23.207Z"},{"merchantId":141767,"name":"Hochzeitsspiele1 DE","imageUri":"https://monetizeamex.com/v3/120x60/9459968151e4f98f22b20c6362fa7eb3.png","currencyCode":"EUR","defaultDomain":"hochzeitsspiele1.com","domains":["hochzeitsspiele1.com"],"categoryId":53,"description":null,"isActive":true,"countryCodes":["DE"],"averageBasketValue":null,"averageCommission":null,"averageConfirmationTime":null,"averageCancellationRate":null,"minimumCommission":null,"maximumCommission":null,"commissionRates":[{"fixedCommission":null,"percentageCommission":7.199999999999999}],"trackingLink":"https://tatrck.com/h/0Hu30z9R0Yd7","createdAt":"2023-12-13T13:39:59.379Z","updatedAt":"2024-08-15T08:58:58.835Z"},{"merchantId":141787,"name":"Tescoma Online Shop DE","imageUri":"https://monetizeamex.com/v3/120x60/7ab34ff759123bcdc9bb1d1fcc79c638.png","currencyCode":"EUR","defaultDomain":"tescomaonlineshop.de","domains":["tescomaonlineshop.de"],"categoryId":72,"description":"Der Tescoma Online-Shop bietet ihnen ein riesiges Sortiment an Haushalts- und Küchenutensilien in hochwertiger Qualität und selbst entwickeltem Design. Mit den Artikeln hat man in seiner Küche viele Helferlein, mit denen das Kochen und Backen gleich nochmal so viel Spaß macht und auch zum Aufbewahren der Speisen sind diese Haushaltsartikel bestens geeignet.","isActive":true,"countryCodes":["DE"],"averageBasketValue":252,"averageCommission":24.19,"averageConfirmationTime":1,"averageCancellationRate":null,"minimumCommission":null,"maximumCommission":null,"commissionRates":[{"fixedCommission":null,"percentageCommission":9.6}],"trackingLink":"https://tatrck.com/h/0Hu30z9R0YdR","createdAt":"2023-12-13T13:40:05.671Z","updatedAt":"2024-08-15T08:59:00.185Z"},{"merchantId":141793,"name":"Gorgeous Shop","imageUri":"https://monetizeamex.com/v3/120x60/ec5e1027d14ada59253872cfa9d79ab8.png","currencyCode":"EUR","defaultDomain":"gorgeousshop.com","domains":["gorgeousshop.com"],"categoryId":21,"description":null,"isActive":true,"countryCodes":["GB"],"averageBasketValue":42.43,"averageCommission":2.02,"averageConfirmationTime":null,"averageCancellationRate":83.3,"minimumCommission":1.6,"maximumCommission":1.6,"commissionRates":[],"trackingLink":"https://tatrck.com/h/0Hu30z9R0YdX","createdAt":"2023-12-13T13:40:06.768Z","updatedAt":"2024-09-03T17:08:43.571Z"},{"merchantId":141795,"name":"Hughes UK","imageUri":"https://monetizeamex.com/v3/120x60/68992bb53383c55862c2e8fd9f3924a5.png","currencyCode":"EUR","defaultDomain":"hughes.co.uk","domains":["hughes.co.uk"],"categoryId":72,"description":null,"isActive":true,"countryCodes":["GB"],"averageBasketValue":290.39,"averageCommission":4.35,"averageConfirmationTime":58,"averageCancellationRate":9.1,"minimumCommission":7.39,"maximumCommission":7.39,"commissionRates":[{"fixedCommission":null,"percentageCommission":1.5},{"fixedCommission":null,"percentageCommission":1.5}],"trackingLink":"https://tatrck.com/h/0Hu30z9R0YdZ","createdAt":"2023-12-13T13:40:06.675Z","updatedAt":"2024-09-03T17:09:15.665Z"},{"merchantId":141818,"name":"GAIWAN DE","imageUri":"https://monetizeamex.com/v3/120x60/07a0a4b653685d4cc248ad2eaa0366c6.png","currencyCode":"EUR","defaultDomain":"gaiwan.de","domains":["gaiwan.de"],"categoryId":34,"description":"Gaiwan bringt legendäre Tees aus China, dem Ursprungsland der Teepflanze nach Europa. Angeboten wird eine große Auswahl an grünen-, weißen-, schwarzen-, gelben- , sowie der legendären Oolong- und Pu Erh Tees in ihren höchsten Qualitätsstufen. Neben dem Tee bekommen sie auch Teemaschinen und Teegeschirr.","isActive":true,"countryCodes":["DE"],"averageBasketValue":97.06,"averageCommission":6.4,"averageConfirmationTime":28,"averageCancellationRate":null,"minimumCommission":null,"maximumCommission":null,"commissionRates":[],"trackingLink":"https://tatrck.com/h/0Hu30z9R0Ydw","createdAt":"2023-12-13T13:40:15.165Z","updatedAt":"2024-09-03T17:08:12.766Z"},{"merchantId":141839,"name":"Wassertest-Online DE","imageUri":"https://monetizeamex.com/v3/120x60/6ee63682d77444f180887fc5dda862d3.png","currencyCode":"EUR","defaultDomain":"wassertest-online.de","domains":["wassertest-online.de"],"categoryId":51,"description":"IVARIO ist Ihr professioneller Dienstleister für Wassertests & Wasseranalysen. Sämtliche Untersuchungen werden ausschließlich in akkreditierten Trinkwasserlaboren durchgeführt. Die speziell für Sie zusammengestellten Analyse-Pakete helfen Ihnen dabei, die Qualität Ihres Trinkwassers zu ermitteln.","isActive":true,"countryCodes":["DE"],"averageBasketValue":112.26,"averageCommission":6.87,"averageConfirmationTime":27,"averageCancellationRate":2.2,"minimumCommission":1.45,"maximumCommission":26.83,"commissionRates":[{"fixedCommission":null,"percentageCommission":6}],"trackingLink":"https://tatrck.com/h/0Hu30z9R0YeF","createdAt":"2023-12-13T13:40:20.692Z","updatedAt":"2024-09-01T05:29:02.950Z"},{"merchantId":141841,"name":"Campbellsmeat UK","imageUri":"https://monetizeamex.com/v3/120x60/f2aa2432618addf563506d7274ff8d18.png","currencyCode":"EUR","defaultDomain":"campbellsmeat.com","domains":["campbellsmeat.com"],"categoryId":14,"description":null,"isActive":true,"countryCodes":["GB"],"averageBasketValue":59.97,"averageCommission":1.79,"averageConfirmationTime":4,"averageCancellationRate":null,"minimumCommission":0.91,"maximumCommission":4.14,"commissionRates":[],"trackingLink":"https://tatrck.com/h/0Hu30z9R0YeH","createdAt":"2023-12-13T13:40:22.674Z","updatedAt":"2024-09-03T17:13:41.449Z"},{"merchantId":141847,"name":"Homescapes UK","imageUri":"https://monetizeamex.com/v3/120x60/f851e35fcca309101a7fea3399da401d.png","currencyCode":"EUR","defaultDomain":"homescapesonline.com","domains":["homescapesonline.com"],"categoryId":74,"description":null,"isActive":true,"countryCodes":["GB"],"averageBasketValue":59.24,"averageCommission":0.49,"averageConfirmationTime":null,"averageCancellationRate":null,"minimumCommission":0.04,"maximumCommission":4.51,"commissionRates":[],"trackingLink":"https://tatrck.com/h/0Hu30z9R0YeN","createdAt":"2023-12-13T13:40:23.519Z","updatedAt":"2024-09-03T17:14:56.848Z"},{"merchantId":141851,"name":"Lightbulbs Direct UK","imageUri":"https://monetizeamex.com/v3/120x60/42fcc0a581ffef13f694891166443d03.png","currencyCode":"EUR","defaultDomain":"lightbulbs-direct.com","domains":["lightbulbs-direct.com","lightbulbs-direct.co.uk"],"categoryId":74,"description":null,"isActive":true,"countryCodes":["GB"],"averageBasketValue":24.18,"averageCommission":0.72,"averageConfirmationTime":null,"averageCancellationRate":null,"minimumCommission":0.15,"maximumCommission":1.71,"commissionRates":[{"fixedCommission":null,"percentageCommission":3}],"trackingLink":"https://tatrck.com/h/0Hu30z9R0YeR","createdAt":"2023-12-13T13:40:26.378Z","updatedAt":"2024-09-03T17:08:39.619Z"},{"merchantId":141857,"name":"Polarn O Pyret UK","imageUri":"https://monetizeamex.com/v3/120x60/34e68808a26ad28b42c1464a45c2878c.png","currencyCode":"EUR","defaultDomain":"polarnopyret.co.uk","domains":["polarnopyret.co.uk"],"categoryId":17,"description":null,"isActive":true,"countryCodes":["GB"],"averageBasketValue":44.57,"averageCommission":2.59,"averageConfirmationTime":58,"averageCancellationRate":null,"minimumCommission":0.33,"maximumCommission":0.33,"commissionRates":[{"fixedCommission":null,"percentageCommission":1.7999999999999998},{"fixedCommission":null,"percentageCommission":4.2},{"fixedCommission":null,"percentageCommission":6},{"fixedCommission":null,"percentageCommission":3}],"trackingLink":"https://tatrck.com/h/0Hu30z9R0YeX","createdAt":"2023-12-13T13:40:27.370Z","updatedAt":"2024-09-03T17:08:15.694Z"},{"merchantId":141861,"name":"Simply Cook UK","imageUri":"https://monetizeamex.com/v3/120x60/583868f144b3ee298998b93c9f0c670e.png","currencyCode":"EUR","defaultDomain":"simplycook.com","domains":["simplycook.com","simplycook.co.uk"],"categoryId":14,"description":null,"isActive":true,"countryCodes":["GB"],"averageBasketValue":1.02,"averageCommission":2.46,"averageConfirmationTime":11,"averageCancellationRate":10.7,"minimumCommission":1.94,"maximumCommission":3.31,"commissionRates":[{"fixedCommission":3,"percentageCommission":null}],"trackingLink":"https://tatrck.com/h/0Hu30z9R0Yeb","createdAt":"2023-12-13T13:40:28.289Z","updatedAt":"2024-09-03T17:08:09.570Z"},{"merchantId":141865,"name":"Warehouse Aquatics UK","imageUri":"https://monetizeamex.com/v3/120x60/019624fdc1e3c16276f3a7071b1071cd.png","currencyCode":"EUR","defaultDomain":"warehouse-aquatics.co.uk","domains":["warehouse-aquatics.co.uk"],"categoryId":61,"description":null,"isActive":true,"countryCodes":["GB"],"averageBasketValue":44.26,"averageCommission":0.79,"averageConfirmationTime":null,"averageCancellationRate":null,"minimumCommission":0.67,"maximumCommission":1.71,"commissionRates":[{"fixedCommission":null,"percentageCommission":1.7999999999999998}],"trackingLink":"https://tatrck.com/h/0Hu30z9R0Yef","createdAt":"2023-12-13T13:40:29.768Z","updatedAt":"2024-09-03T17:09:08.679Z"},{"merchantId":141869,"name":"Adams Toy Box US","imageUri":"https://monetizeamex.com/v3/120x60/0a6b636df874b779a0ea95086e520cc9.png","currencyCode":"EUR","defaultDomain":"adamstoybox.com","domains":["adamstoybox.com"],"categoryId":60,"description":null,"isActive":true,"countryCodes":["US"],"averageBasketValue":44.86,"averageCommission":5.38,"averageConfirmationTime":null,"averageCancellationRate":null,"minimumCommission":2.11,"maximumCommission":2.11,"commissionRates":[{"fixedCommission":null,"percentageCommission":12}],"trackingLink":"https://tatrck.com/h/0Hu30z9R0Yej","createdAt":"2023-12-13T13:40:31.976Z","updatedAt":"2024-08-21T11:45:34.127Z"},{"merchantId":141879,"name":"Hi-Health US","imageUri":"https://monetizeamex.com/v3/120x60/c8c7ce8024a9af9bb205f4ad98fd99bc.png","currencyCode":"EUR","defaultDomain":"hihealth.com","domains":["hihealth.com"],"categoryId":68,"description":null,"isActive":true,"countryCodes":["US"],"averageBasketValue":69.31,"averageCommission":6.06,"averageConfirmationTime":1,"averageCancellationRate":null,"minimumCommission":5.85,"maximumCommission":8.98,"commissionRates":[{"fixedCommission":null,"percentageCommission":15}],"trackingLink":"https://tatrck.com/h/0Hu30z9R0Yet","createdAt":"2023-12-13T13:40:34.791Z","updatedAt":"2024-08-21T11:39:27.753Z"},{"merchantId":141882,"name":"MaddaFella US","imageUri":"https://monetizeamex.com/v3/120x60/3e8536500acc272cdfdf9779a4cabbcb.png","currencyCode":"EUR","defaultDomain":"maddafella.com","domains":["maddafella.com"],"categoryId":40,"description":null,"isActive":true,"countryCodes":["US"],"averageBasketValue":null,"averageCommission":null,"averageConfirmationTime":null,"averageCancellationRate":null,"minimumCommission":null,"maximumCommission":null,"commissionRates":[{"fixedCommission":null,"percentageCommission":3.5999999999999996}],"trackingLink":"https://tatrck.com/h/0Hu30z9R0Yew","createdAt":"2023-12-13T13:40:35.190Z","updatedAt":"2024-09-03T17:04:19.499Z"},{"merchantId":141883,"name":"Marcy Pro US","imageUri":"https://monetizeamex.com/v3/120x60/62644ccbbb436751a997dfaeaa0d71c1.png","currencyCode":"EUR","defaultDomain":"marcypro.com","domains":["marcypro.com"],"categoryId":67,"description":null,"isActive":true,"countryCodes":["US"],"averageBasketValue":null,"averageCommission":null,"averageConfirmationTime":null,"averageCancellationRate":null,"minimumCommission":null,"maximumCommission":null,"commissionRates":[],"trackingLink":"https://tatrck.com/h/0Hu30z9R0Yex","createdAt":"2023-12-13T13:40:35.794Z","updatedAt":"2024-09-03T17:03:38.846Z"},{"merchantId":141884,"name":"Mltd US","imageUri":"https://monetizeamex.com/v3/120x60/08808ce272c02884f9b51f8072ce7ea3.png","currencyCode":"EUR","defaultDomain":"mltd.com","domains":["mltd.com"],"categoryId":40,"description":null,"isActive":true,"countryCodes":["US"],"averageBasketValue":110.84,"averageCommission":3.32,"averageConfirmationTime":null,"averageCancellationRate":null,"minimumCommission":1.15,"maximumCommission":1.15,"commissionRates":[{"fixedCommission":null,"percentageCommission":3},{"fixedCommission":null,"percentageCommission":2.4}],"trackingLink":"https://tatrck.com/h/0Hu30z9R0Yey","createdAt":"2023-12-13T13:40:35.971Z","updatedAt":"2024-09-01T05:52:06.233Z"},{"merchantId":141890,"name":"SnoreRx US","imageUri":"https://monetizeamex.com/v3/120x60/f2c258c527c72b14a4a92c0fde0745f1.png","currencyCode":"EUR","defaultDomain":"snorerx.com","domains":["snorerx.com"],"categoryId":35,"description":null,"isActive":true,"countryCodes":["US"],"averageBasketValue":92.81,"averageCommission":7.53,"averageConfirmationTime":null,"averageCancellationRate":null,"minimumCommission":7.41,"maximumCommission":7.48,"commissionRates":[{"fixedCommission":7.2,"percentageCommission":null},{"fixedCommission":9,"percentageCommission":null}],"trackingLink":"https://tatrck.com/h/0Hu30z9R0Yf2","createdAt":"2023-12-13T13:40:37.797Z","updatedAt":"2024-08-30T05:57:07.404Z"},{"merchantId":141892,"name":"Suzy Shier CA","imageUri":"https://monetizeamex.com/v3/120x60/9e9cdf0d2383c05a63d8e72183059c08.png","currencyCode":"EUR","defaultDomain":"suzyshier.com","domains":["suzyshier.ca","suzyshier.com"],"categoryId":40,"description":null,"isActive":true,"countryCodes":["CA"],"averageBasketValue":52.76,"averageCommission":1.63,"averageConfirmationTime":null,"averageCancellationRate":null,"minimumCommission":0.46,"maximumCommission":2.68,"commissionRates":[],"trackingLink":"https://tatrck.com/h/0Hu30z9R0Yf4","createdAt":"2023-12-13T13:40:38.172Z","updatedAt":"2024-09-03T17:06:15.028Z"},{"merchantId":141911,"name":"Caviador US","imageUri":"https://monetizeamex.com/v3/120x60/964c5a247544702e5cd4a083c36c739b.png","currencyCode":"EUR","defaultDomain":"melodyderm.com","domains":["melodyderm.com"],"categoryId":21,"description":null,"isActive":true,"countryCodes":["US"],"averageBasketValue":null,"averageCommission":null,"averageConfirmationTime":null,"averageCancellationRate":null,"minimumCommission":null,"maximumCommission":null,"commissionRates":[{"fixedCommission":null,"percentageCommission":18}],"trackingLink":"https://tatrck.com/h/0Hu30z9R0YfN","createdAt":"2023-12-13T13:40:45.172Z","updatedAt":"2024-08-21T11:45:28.775Z"},{"merchantId":141912,"name":"Cellars Wine Club US","imageUri":"https://monetizeamex.com/v3/120x60/77c8b067a4ff05b625b01ca0e829afc0.png","currencyCode":"EUR","defaultDomain":"cellarswineclub.com","domains":["cellarswineclub.com"],"categoryId":13,"description":null,"isActive":true,"countryCodes":["US"],"averageBasketValue":204.31,"averageCommission":12.25,"averageConfirmationTime":null,"averageCancellationRate":null,"minimumCommission":12.25,"maximumCommission":12.25,"commissionRates":[{"fixedCommission":null,"percentageCommission":6}],"trackingLink":"https://tatrck.com/h/0Hu30z9R0YfO","createdAt":"2023-12-13T13:40:44.600Z","updatedAt":"2024-08-21T11:29:43.773Z"},{"merchantId":141915,"name":"Decision Analyst US","imageUri":"https://monetizeamex.com/v3/120x60/49a64a3cd6b4422403d0e9468caf2083.png","currencyCode":"EUR","defaultDomain":"acop.com","domains":["acop.com"],"categoryId":44,"description":null,"isActive":true,"countryCodes":["US"],"averageBasketValue":null,"averageCommission":1.27,"averageConfirmationTime":6,"averageCancellationRate":13.3,"minimumCommission":1.24,"maximumCommission":1.28,"commissionRates":[{"fixedCommission":1.5,"percentageCommission":null}],"trackingLink":"https://tatrck.com/h/0Hu30z9R0YfR","createdAt":"2023-12-13T13:40:46.077Z","updatedAt":"2024-09-02T05:14:01.610Z"}]}