{"meta":{"next":274295},"data":[{"merchantId":273604,"name":"VapoShop","imageUri":"https://monetizeamex.com/v3/120x60/a628474c88469900208210ed6c30e2b0.png","currencyCode":"EUR","defaultDomain":"vaposhop.com","domains":["vaposhop.com"],"categoryId":50,"description":null,"isActive":true,"countryCodes":["US"],"averageBasketValue":null,"averageCommission":null,"averageConfirmationTime":null,"averageCancellationRate":null,"minimumCommission":null,"maximumCommission":null,"commissionRates":[],"trackingLink":"https://tatrck.com/h/0Hu30z9R12p4","createdAt":"2023-12-22T17:13:43.472Z","updatedAt":"2024-08-15T09:16:17.926Z"},{"merchantId":273605,"name":"Neemans [CPS] IN","imageUri":"https://monetizeamex.com/v3/120x60/b7d0e4aa306b9e26881ccb46560428c9.png","currencyCode":"EUR","defaultDomain":"neemans.com","domains":["neemans.com"],"categoryId":40,"description":null,"isActive":true,"countryCodes":["IN"],"averageBasketValue":16.01,"averageCommission":1.34,"averageConfirmationTime":null,"averageCancellationRate":null,"minimumCommission":1.41,"maximumCommission":1.47,"commissionRates":[],"trackingLink":"https://tatrck.com/h/0Hu30z9R12p5","createdAt":"2023-12-22T17:13:44.867Z","updatedAt":"2024-08-31T05:54:00.186Z"},{"merchantId":273606,"name":"Whirlpool MX","imageUri":"https://monetizeamex.com/v3/120x60/70045e83905783a4f99f8a87af1bd4bc.png","currencyCode":"EUR","defaultDomain":"whirlpool.mx","domains":["whirlpool.mx"],"categoryId":72,"description":null,"isActive":true,"countryCodes":["MX"],"averageBasketValue":531.43,"averageCommission":11.15,"averageConfirmationTime":null,"averageCancellationRate":null,"minimumCommission":7.56,"maximumCommission":18.43,"commissionRates":[{"fixedCommission":null,"percentageCommission":2.1}],"trackingLink":"https://tatrck.com/h/0Hu30z9R12p6","createdAt":"2023-12-22T17:13:45.066Z","updatedAt":"2024-08-21T11:47:04.567Z"},{"merchantId":273636,"name":"Mokida PL CPS PL","imageUri":"https://monetizeamex.com/v3/120x60/168f2829342075fccacb776eef7fd189.png","currencyCode":"EUR","defaultDomain":"mokida.com","domains":["mokida.com"],"categoryId":41,"description":null,"isActive":true,"countryCodes":["PL"],"averageBasketValue":2,"averageCommission":2.06,"averageConfirmationTime":null,"averageCancellationRate":null,"minimumCommission":0.73,"maximumCommission":0.73,"commissionRates":[{"fixedCommission":null,"percentageCommission":4.5}],"trackingLink":"https://tatrck.com/h/0Hu30z9R12pa","createdAt":"2023-12-22T17:14:10.077Z","updatedAt":"2024-08-21T10:01:07.632Z"},{"merchantId":273642,"name":"Heathrow Airport Parking GB","imageUri":"https://monetizeamex.com/v3/120x60/5df688724eb8dee396d8e0d714276961.png","currencyCode":"EUR","defaultDomain":"heathrowairportparkings.co.uk","domains":["heathrowairportparkings.co.uk"],"categoryId":63,"description":null,"isActive":true,"countryCodes":["GB"],"averageBasketValue":null,"averageCommission":null,"averageConfirmationTime":null,"averageCancellationRate":null,"minimumCommission":null,"maximumCommission":null,"commissionRates":[],"trackingLink":"https://tatrck.com/h/0Hu30z9R12pg","createdAt":"2023-12-22T17:14:13.579Z","updatedAt":"2024-09-03T17:08:13.275Z"},{"merchantId":273643,"name":"Isle of Wight Hideaways GB","imageUri":"https://monetizeamex.com/v3/120x60/e900a8fb48e82b8476a3179b997d0f0c.png","currencyCode":"EUR","defaultDomain":"isleofwighthideaways.co.uk","domains":["isleofwighthideaways.co.uk"],"categoryId":63,"description":null,"isActive":true,"countryCodes":["GB"],"averageBasketValue":null,"averageCommission":null,"averageConfirmationTime":null,"averageCancellationRate":null,"minimumCommission":null,"maximumCommission":null,"commissionRates":[],"trackingLink":"https://tatrck.com/h/0Hu30z9R12ph","createdAt":"2023-12-22T17:14:14.085Z","updatedAt":"2024-09-03T17:08:33.934Z"},{"merchantId":273646,"name":"48grams DE","imageUri":"https://kqdxc4m5.de/logos_v2/120x60/62fecd69b35809e254bd0ff0f655e083.gif","currencyCode":"EUR","defaultDomain":"48grams.com","domains":["48grams.com"],"categoryId":28,"description":null,"isActive":true,"countryCodes":["DE"],"averageBasketValue":173.68,"averageCommission":20.84,"averageConfirmationTime":null,"averageCancellationRate":null,"minimumCommission":null,"maximumCommission":null,"commissionRates":[],"trackingLink":"https://tatrck.com/h/0Hu30z9R12pk","createdAt":"2023-12-22T17:14:15.890Z","updatedAt":"2024-09-03T17:08:20.261Z"},{"merchantId":273649,"name":"Broken Society GB","imageUri":"https://monetizeamex.com/v3/120x60/c26c78a6cf561293948d3956b442d079.png","currencyCode":"EUR","defaultDomain":"broken-society.com","domains":["broken-society.com"],"categoryId":40,"description":null,"isActive":true,"countryCodes":["GB"],"averageBasketValue":null,"averageCommission":null,"averageConfirmationTime":null,"averageCancellationRate":null,"minimumCommission":null,"maximumCommission":null,"commissionRates":[],"trackingLink":"https://tatrck.com/h/0Hu30z9R12pn","createdAt":"2023-12-22T17:14:18.067Z","updatedAt":"2024-09-03T17:07:04.774Z"},{"merchantId":273650,"name":"Malo Cashmere IT","imageUri":"https://monetizeamex.com/v3/120x60/72af75c9c8137ac1d59baad9d239fa27.png","currencyCode":"EUR","defaultDomain":"malo.it","domains":["malo.it"],"categoryId":40,"description":null,"isActive":true,"countryCodes":["IT"],"averageBasketValue":376.23,"averageCommission":18.06,"averageConfirmationTime":null,"averageCancellationRate":null,"minimumCommission":18.06,"maximumCommission":18.06,"commissionRates":[],"trackingLink":"https://tatrck.com/h/0Hu30z9R12po","createdAt":"2023-12-22T17:14:18.869Z","updatedAt":"2024-09-03T17:04:11.997Z"},{"merchantId":273651,"name":"SodaStream Canada CA","imageUri":"https://monetizeamex.com/v3/120x60/83a501adac0e786a7fc4b4c752a0a449.png","currencyCode":"EUR","defaultDomain":"sodastream.ca","domains":["sodastream.ca"],"categoryId":72,"description":null,"isActive":true,"countryCodes":[],"averageBasketValue":84.04,"averageCommission":1.26,"averageConfirmationTime":null,"averageCancellationRate":null,"minimumCommission":0.81,"maximumCommission":2.37,"commissionRates":[],"trackingLink":"https://tatrck.com/h/0Hu30z9R12pp","createdAt":"2023-12-22T17:14:19.286Z","updatedAt":"2024-09-03T17:04:37.005Z"},{"merchantId":273667,"name":"Nazih KSA SA","imageUri":"https://monetizeamex.com/v3/120x60/108c5c16449018603dbe562ddd5b438d.png","currencyCode":"EUR","defaultDomain":"nazih.sa","domains":["nazih.sa"],"categoryId":28,"description":null,"isActive":true,"countryCodes":[],"averageBasketValue":null,"averageCommission":null,"averageConfirmationTime":null,"averageCancellationRate":null,"minimumCommission":null,"maximumCommission":null,"commissionRates":[{"fixedCommission":null,"percentageCommission":2.1}],"trackingLink":"https://tatrck.com/h/0Hu30z9R12q3","createdAt":"2023-12-22T17:14:30.075Z","updatedAt":"2024-08-21T11:43:38.088Z"},{"merchantId":273668,"name":"Nazih UAE AE","imageUri":"https://monetizeamex.com/v3/120x60/7c265a8a0689b7cb4604e579a2807ece.png","currencyCode":"EUR","defaultDomain":"nazih.ae","domains":["nazih.ae"],"categoryId":28,"description":null,"isActive":true,"countryCodes":["AE"],"averageBasketValue":86.01,"averageCommission":1.56,"averageConfirmationTime":null,"averageCancellationRate":null,"minimumCommission":1.07,"maximumCommission":1.07,"commissionRates":[{"fixedCommission":null,"percentageCommission":2.1}],"trackingLink":"https://tatrck.com/h/0Hu30z9R12q4","createdAt":"2023-12-22T17:14:30.809Z","updatedAt":"2024-08-21T11:35:38.623Z"},{"merchantId":273675,"name":"Nice SA KW Offline codes & links US","imageUri":"https://monetizeamex.com/v3/120x60/ea31bd0e46ee52da5790bbc330eed6e3.png","currencyCode":"EUR","defaultDomain":"nice.com.sa","domains":["nice.com.sa"],"categoryId":21,"description":null,"isActive":true,"countryCodes":[],"averageBasketValue":null,"averageCommission":null,"averageConfirmationTime":null,"averageCancellationRate":null,"minimumCommission":null,"maximumCommission":null,"commissionRates":[],"trackingLink":"https://tatrck.com/h/0Hu30z9R12qB","createdAt":"2023-12-22T17:14:35.694Z","updatedAt":"2024-08-21T11:40:11.622Z"},{"merchantId":273684,"name":"Switch Electronics GB","imageUri":"https://monetizeamex.com/v3/120x60/9feb4af747610ff73f221243ee89ef9b.png","currencyCode":"EUR","defaultDomain":"switchelectronics.co.uk","domains":["switchelectronics.co.uk"],"categoryId":72,"description":null,"isActive":true,"countryCodes":["GB"],"averageBasketValue":37.44,"averageCommission":3.36,"averageConfirmationTime":1,"averageCancellationRate":null,"minimumCommission":0.17,"maximumCommission":21.64,"commissionRates":[],"trackingLink":"https://tatrck.com/h/0Hu30z9R12qK","createdAt":"2023-12-22T17:14:43.587Z","updatedAt":"2024-08-27T05:53:49.285Z"},{"merchantId":273687,"name":"MIVA Recovery","imageUri":"https://monetizeamex.com/v3/120x60/ac2852f44291a4a5d9fdb4ee9681cbd7.png","currencyCode":"EUR","defaultDomain":"mivarecovery.com","domains":["mivarecovery.com"],"categoryId":68,"description":null,"isActive":true,"countryCodes":[],"averageBasketValue":null,"averageCommission":null,"averageConfirmationTime":null,"averageCancellationRate":null,"minimumCommission":null,"maximumCommission":null,"commissionRates":[{"fixedCommission":null,"percentageCommission":6}],"trackingLink":"https://tatrck.com/h/0Hu30z9R12qN","createdAt":"2023-12-22T17:14:46.585Z","updatedAt":"2024-08-21T11:30:18.863Z"},{"merchantId":273694,"name":"Geekbot","imageUri":"https://monetizeamex.com/v3/120x60/f86ad59133cf0bfb6903156e05533046.png","currencyCode":"EUR","defaultDomain":"geekbot.com","domains":["geekbot.com"],"categoryId":null,"description":null,"isActive":true,"countryCodes":[],"averageBasketValue":null,"averageCommission":null,"averageConfirmationTime":null,"averageCancellationRate":null,"minimumCommission":null,"maximumCommission":null,"commissionRates":[],"trackingLink":"https://tatrck.com/h/0Hu30z9R12qU","createdAt":"2023-12-22T17:14:52.291Z","updatedAt":"2024-08-15T09:16:06.359Z"},{"merchantId":273696,"name":"Soltech Solutions US","imageUri":"https://monetizeamex.com/v3/120x60/7781ca64c709fdbd93496f00aa072e7f.png","currencyCode":"EUR","defaultDomain":"soltech.com","domains":["soltech.com"],"categoryId":74,"description":null,"isActive":true,"countryCodes":["US"],"averageBasketValue":180.44,"averageCommission":7.57,"averageConfirmationTime":null,"averageCancellationRate":null,"minimumCommission":0.36,"maximumCommission":19.94,"commissionRates":[],"trackingLink":"https://tatrck.com/h/0Hu30z9R12qW","createdAt":"2023-12-22T17:14:53.691Z","updatedAt":"2024-09-01T05:52:27.797Z"},{"merchantId":273699,"name":"Bag Borrow or Steal US","imageUri":"https://monetizeamex.com/v3/120x60/b22e48360ed50f0beeb3fd7d8c3302a4.png","currencyCode":"EUR","defaultDomain":"bagborroworsteal.com","domains":["bagborroworsteal.com"],"categoryId":40,"description":null,"isActive":true,"countryCodes":["US"],"averageBasketValue":79.07,"averageCommission":3.31,"averageConfirmationTime":null,"averageCancellationRate":null,"minimumCommission":4.76,"maximumCommission":4.76,"commissionRates":[],"trackingLink":"https://tatrck.com/h/0Hu30z9R12qZ","createdAt":"2023-12-22T17:14:56.598Z","updatedAt":"2024-08-26T09:01:20.838Z"},{"merchantId":273700,"name":"Lazartigue US","imageUri":"https://monetizeamex.com/v3/120x60/485001770818010ea48e4374415d43c0.png","currencyCode":"EUR","defaultDomain":"lazartigue.com","domains":["lazartigue.com"],"categoryId":28,"description":null,"isActive":true,"countryCodes":["US"],"averageBasketValue":45.99,"averageCommission":2.89,"averageConfirmationTime":null,"averageCancellationRate":null,"minimumCommission":2.89,"maximumCommission":2.89,"commissionRates":[],"trackingLink":"https://tatrck.com/h/0Hu30z9R12qa","createdAt":"2023-12-22T17:14:57.974Z","updatedAt":"2024-08-26T09:01:21.454Z"},{"merchantId":273703,"name":"Vysn US","imageUri":"https://kqdxc4m5.de/logos_v2/120x60/06c5c983a87ae48cad3e375af31cf1db.gif","currencyCode":"EUR","defaultDomain":"vysn.com","domains":["vysn.com"],"categoryId":40,"description":null,"isActive":true,"countryCodes":["US"],"averageBasketValue":59.95,"averageCommission":2.51,"averageConfirmationTime":null,"averageCancellationRate":null,"minimumCommission":null,"maximumCommission":null,"commissionRates":[],"trackingLink":"https://tatrck.com/h/0Hu30z9R12qd","createdAt":"2023-12-22T17:15:00.708Z","updatedAt":"2024-08-30T05:52:06.819Z"},{"merchantId":273704,"name":"Crandall Office Furniture US","imageUri":"https://monetizeamex.com/v3/120x60/1aa2931a4e4dc70da2df953d6c5ca44d.png","currencyCode":"EUR","defaultDomain":"crandalloffice.com","domains":["crandalloffice.com"],"categoryId":34,"description":null,"isActive":true,"countryCodes":["US"],"averageBasketValue":625.93,"averageCommission":7.88,"averageConfirmationTime":null,"averageCancellationRate":null,"minimumCommission":5.94,"maximumCommission":5.94,"commissionRates":[],"trackingLink":"https://tatrck.com/h/0Hu30z9R12qe","createdAt":"2023-12-22T17:15:00.880Z","updatedAt":"2024-08-26T09:01:31.160Z"},{"merchantId":273705,"name":"MT DISPLAYS LLC US","imageUri":"https://monetizeamex.com/v3/120x60/475e73b27b7a8654778804cdb45c7825.png","currencyCode":"EUR","defaultDomain":"displaysmarket.com","domains":["displaysmarket.com"],"categoryId":39,"description":null,"isActive":true,"countryCodes":[],"averageBasketValue":685.59,"averageCommission":14.39,"averageConfirmationTime":null,"averageCancellationRate":null,"minimumCommission":32.8,"maximumCommission":32.8,"commissionRates":[{"fixedCommission":null,"percentageCommission":3}],"trackingLink":"https://tatrck.com/h/0Hu30z9R12qf","createdAt":"2023-12-22T17:15:02.189Z","updatedAt":"2024-08-26T09:01:19.758Z"},{"merchantId":273706,"name":"The Wheel Group CA","imageUri":"https://monetizeamex.com/v3/120x60/6d7c1bfa158c7686dae604967651f239.png","currencyCode":"EUR","defaultDomain":"bodyarmor4x4.com","domains":["bodyarmor4x4.com"],"categoryId":59,"description":null,"isActive":true,"countryCodes":[],"averageBasketValue":null,"averageCommission":null,"averageConfirmationTime":null,"averageCancellationRate":null,"minimumCommission":null,"maximumCommission":null,"commissionRates":[],"trackingLink":"https://tatrck.com/h/0Hu30z9R12qg","createdAt":"2023-12-22T17:15:02.423Z","updatedAt":"2024-08-26T09:01:18.554Z"},{"merchantId":273708,"name":"Gells US","imageUri":"https://monetizeamex.com/v3/120x60/3547d97daecf1e793dd1a05508f6f605.png","currencyCode":"EUR","defaultDomain":"gellsapparel.com","domains":["gellsapparel.com"],"categoryId":40,"description":null,"isActive":true,"countryCodes":["US"],"averageBasketValue":null,"averageCommission":null,"averageConfirmationTime":null,"averageCancellationRate":null,"minimumCommission":null,"maximumCommission":null,"commissionRates":[],"trackingLink":"https://tatrck.com/h/0Hu30z9R12qi","createdAt":"2023-12-22T17:15:04.003Z","updatedAt":"2024-08-26T09:01:20.927Z"},{"merchantId":273710,"name":"Greentoe US","imageUri":"https://monetizeamex.com/v3/120x60/1ec55fbdccff7e58ca2927cf5a7972fe.png","currencyCode":"EUR","defaultDomain":"greentoe.com","domains":["greentoe.com"],"categoryId":50,"description":null,"isActive":true,"countryCodes":["US"],"averageBasketValue":null,"averageCommission":null,"averageConfirmationTime":null,"averageCancellationRate":null,"minimumCommission":null,"maximumCommission":null,"commissionRates":[],"trackingLink":"https://tatrck.com/h/0Hu30z9R12qk","createdAt":"2023-12-22T17:15:05.573Z","updatedAt":"2024-08-26T09:01:37.194Z"},{"merchantId":273711,"name":"fysetc US","imageUri":"https://monetizeamex.com/v3/120x60/f6074a82597e5ff609c8494d861da92a.png","currencyCode":"EUR","defaultDomain":"fysetc.com","domains":["fysetc.com"],"categoryId":59,"description":null,"isActive":true,"countryCodes":["US"],"averageBasketValue":250.68,"averageCommission":5.26,"averageConfirmationTime":null,"averageCancellationRate":null,"minimumCommission":4.89,"maximumCommission":4.89,"commissionRates":[],"trackingLink":"https://tatrck.com/h/0Hu30z9R12ql","createdAt":"2023-12-22T17:15:06.183Z","updatedAt":"2024-09-03T05:47:49.621Z"},{"merchantId":273712,"name":"Kidas US","imageUri":"https://monetizeamex.com/v3/120x60/7a1a392c9ce257c4beb18c62325c6159.png","currencyCode":"EUR","defaultDomain":"getkidas.com","domains":["getkidas.com"],"categoryId":49,"description":null,"isActive":true,"countryCodes":["US"],"averageBasketValue":null,"averageCommission":null,"averageConfirmationTime":null,"averageCancellationRate":null,"minimumCommission":null,"maximumCommission":null,"commissionRates":[],"trackingLink":"https://tatrck.com/h/0Hu30z9R12qm","createdAt":"2023-12-22T17:15:08.573Z","updatedAt":"2024-08-26T09:01:26.842Z"},{"merchantId":273713,"name":"ZeZeBaeBae US","imageUri":"https://monetizeamex.com/v3/120x60/ab82e6a775eaed087f1b773ddd74f15a.png","currencyCode":"EUR","defaultDomain":"zezebaebae.com","domains":["zezebaebae.com"],"categoryId":17,"description":null,"isActive":true,"countryCodes":["US"],"averageBasketValue":61.74,"averageCommission":3.88,"averageConfirmationTime":null,"averageCancellationRate":null,"minimumCommission":4.06,"maximumCommission":4.06,"commissionRates":[],"trackingLink":"https://tatrck.com/h/0Hu30z9R12qn","createdAt":"2023-12-22T17:15:07.385Z","updatedAt":"2024-08-26T09:01:34.757Z"},{"merchantId":273715,"name":"Mons Pura US","imageUri":"https://monetizeamex.com/v3/120x60/e3d7c96deb834cf2b769875bd1ce97df.png","currencyCode":"EUR","defaultDomain":"monspura.com","domains":["monspura.com"],"categoryId":35,"description":null,"isActive":true,"countryCodes":["US"],"averageBasketValue":null,"averageCommission":null,"averageConfirmationTime":null,"averageCancellationRate":null,"minimumCommission":null,"maximumCommission":null,"commissionRates":[],"trackingLink":"https://tatrck.com/h/0Hu30z9R12qp","createdAt":"2023-12-22T17:15:09.875Z","updatedAt":"2024-08-26T09:01:32.815Z"},{"merchantId":273716,"name":"Dermaesthetics US","imageUri":"https://monetizeamex.com/v3/120x60/f2b27a7fe214390cec3d9976838781d2.png","currencyCode":"EUR","defaultDomain":"dermaestheticsusa.com","domains":["dermaestheticsusa.com"],"categoryId":28,"description":null,"isActive":true,"countryCodes":["US"],"averageBasketValue":null,"averageCommission":null,"averageConfirmationTime":null,"averageCancellationRate":null,"minimumCommission":null,"maximumCommission":null,"commissionRates":[{"fixedCommission":null,"percentageCommission":12}],"trackingLink":"https://tatrck.com/h/0Hu30z9R12qq","createdAt":"2023-12-22T17:15:12.083Z","updatedAt":"2024-08-26T09:01:21.430Z"},{"merchantId":273722,"name":"IMPRINT NOW US","imageUri":"https://monetizeamex.com/v3/120x60/7759baa5760b5142f67e7a2966880b6e.png","currencyCode":"EUR","defaultDomain":"neonsignsnow.com","domains":["neonsignsnow.com"],"categoryId":50,"description":null,"isActive":true,"countryCodes":["US"],"averageBasketValue":315.51,"averageCommission":13.18,"averageConfirmationTime":null,"averageCancellationRate":null,"minimumCommission":3.26,"maximumCommission":21.15,"commissionRates":[],"trackingLink":"https://tatrck.com/h/0Hu30z9R12qw","createdAt":"2023-12-22T17:15:14.676Z","updatedAt":"2024-08-30T05:52:10.756Z"},{"merchantId":273736,"name":"A11N Sports US","imageUri":"https://monetizeamex.com/v3/120x60/f23d2915b5ec402daaf3e32d28607001.png","currencyCode":"EUR","defaultDomain":"a11nsports.com","domains":["a11nsports.com"],"categoryId":55,"description":null,"isActive":true,"countryCodes":["US"],"averageBasketValue":null,"averageCommission":null,"averageConfirmationTime":null,"averageCancellationRate":null,"minimumCommission":null,"maximumCommission":null,"commissionRates":[{"fixedCommission":null,"percentageCommission":4.8}],"trackingLink":"https://tatrck.com/h/0Hu30z9R12r8","createdAt":"2023-12-22T17:15:25.281Z","updatedAt":"2024-08-26T09:01:41.865Z"},{"merchantId":273737,"name":"LONO","imageUri":"https://monetizeamex.com/v3/120x60/8e492b56255cf69ba8f2cf55cdea11d0.png","currencyCode":"EUR","defaultDomain":"thelono.com","domains":["thelono.com"],"categoryId":60,"description":null,"isActive":true,"countryCodes":[],"averageBasketValue":null,"averageCommission":null,"averageConfirmationTime":null,"averageCancellationRate":null,"minimumCommission":null,"maximumCommission":null,"commissionRates":[],"trackingLink":"https://tatrck.com/h/0Hu30z9R12r9","createdAt":"2023-12-22T17:15:28.584Z","updatedAt":"2024-08-26T09:01:25.112Z"},{"merchantId":273738,"name":"TalkMe","imageUri":"https://monetizeamex.com/v3/120x60/1ab9ab0687c3a7547e5f8c657847ba90.png","currencyCode":"EUR","defaultDomain":"talkme.ai","domains":["talkme.ai"],"categoryId":49,"description":null,"isActive":true,"countryCodes":[],"averageBasketValue":null,"averageCommission":null,"averageConfirmationTime":null,"averageCancellationRate":null,"minimumCommission":null,"maximumCommission":null,"commissionRates":[],"trackingLink":"https://tatrck.com/h/0Hu30z9R12rA","createdAt":"2023-12-22T17:15:26.580Z","updatedAt":"2024-08-26T09:01:18.975Z"},{"merchantId":273742,"name":"Camperlists GB","imageUri":"https://monetizeamex.com/v3/120x60/2b5af7b2c32cc982a648ab1988cb41a5.png","currencyCode":"EUR","defaultDomain":"camperlists.com","domains":["camperlists.com"],"categoryId":40,"description":null,"isActive":true,"countryCodes":["GB"],"averageBasketValue":null,"averageCommission":null,"averageConfirmationTime":null,"averageCancellationRate":null,"minimumCommission":null,"maximumCommission":null,"commissionRates":[],"trackingLink":"https://tatrck.com/h/0Hu30z9R12rE","createdAt":"2023-12-22T17:15:31.478Z","updatedAt":"2024-08-26T09:01:04.518Z"},{"merchantId":273747,"name":"Beauty Vaulte US","imageUri":"https://monetizeamex.com/v3/120x60/956d05176af0b962d288714943b1ee31.png","currencyCode":"EUR","defaultDomain":"beautyvaulte.com","domains":["beautyvaulte.com"],"categoryId":28,"description":null,"isActive":true,"countryCodes":["US"],"averageBasketValue":null,"averageCommission":null,"averageConfirmationTime":null,"averageCancellationRate":null,"minimumCommission":null,"maximumCommission":null,"commissionRates":[{"fixedCommission":null,"percentageCommission":12}],"trackingLink":"https://tatrck.com/h/0Hu30z9R12rJ","createdAt":"2023-12-22T17:15:35.182Z","updatedAt":"2024-09-02T12:01:06.601Z"},{"merchantId":273748,"name":"Gummeebaby US","imageUri":"https://monetizeamex.com/v3/120x60/ad57e41faa69e163239b072079d6d7d6.png","currencyCode":"EUR","defaultDomain":"gummee.life","domains":["gummee.life"],"categoryId":17,"description":null,"isActive":true,"countryCodes":["US"],"averageBasketValue":46.85,"averageCommission":1.58,"averageConfirmationTime":null,"averageCancellationRate":null,"minimumCommission":0.6,"maximumCommission":0.6,"commissionRates":[],"trackingLink":"https://tatrck.com/h/0Hu30z9R12rK","createdAt":"2023-12-22T17:15:35.571Z","updatedAt":"2024-08-26T09:01:11.561Z"},{"merchantId":273773,"name":"Ready Rocker® US","imageUri":"https://monetizeamex.com/v3/120x60/e2b97fcd7e0b0d58621923894ce01dc1.png","currencyCode":"EUR","defaultDomain":"readyrocker.com","domains":["readyrocker.com"],"categoryId":34,"description":null,"isActive":true,"countryCodes":["US"],"averageBasketValue":60.46,"averageCommission":3.7,"averageConfirmationTime":null,"averageCancellationRate":null,"minimumCommission":4.85,"maximumCommission":4.85,"commissionRates":[],"trackingLink":"https://tatrck.com/h/0Hu30z9R12rj","createdAt":"2023-12-22T17:15:57.877Z","updatedAt":"2024-08-26T09:01:29.650Z"},{"merchantId":273775,"name":"Welly US","imageUri":"https://monetizeamex.com/v3/120x60/07d4a92af78704ded36565be7410a2bc.png","currencyCode":"EUR","defaultDomain":"wellybottle.com","domains":["wellybottle.com"],"categoryId":27,"description":null,"isActive":true,"countryCodes":["US"],"averageBasketValue":null,"averageCommission":null,"averageConfirmationTime":null,"averageCancellationRate":null,"minimumCommission":null,"maximumCommission":null,"commissionRates":[],"trackingLink":"https://tatrck.com/h/0Hu30z9R12rl","createdAt":"2023-12-22T17:15:59.208Z","updatedAt":"2024-08-26T09:01:22.470Z"},{"merchantId":273781,"name":"Riceknife Denmark DK","imageUri":"https://monetizeamex.com/v3/120x60/fe7b259eb7aa1365a1cf4fe7bd531222.png","currencyCode":"EUR","defaultDomain":"riceknife.dk","domains":["riceknife.dk"],"categoryId":72,"description":null,"isActive":true,"countryCodes":["DK"],"averageBasketValue":91.51,"averageCommission":5.76,"averageConfirmationTime":null,"averageCancellationRate":null,"minimumCommission":5.76,"maximumCommission":5.76,"commissionRates":[],"trackingLink":"https://tatrck.com/h/0Hu30z9R12rr","createdAt":"2023-12-22T17:16:04.687Z","updatedAt":"2024-09-03T17:14:41.138Z"},{"merchantId":273796,"name":"Y IN","imageUri":"https://monetizeamex.com/v3/120x60/14a342b7be05bdaf2ba684666f3045af.png","currencyCode":"EUR","defaultDomain":"y.jewelry","domains":["y.jewelry"],"categoryId":73,"description":null,"isActive":true,"countryCodes":[],"averageBasketValue":9.93,"averageCommission":0.33,"averageConfirmationTime":null,"averageCancellationRate":null,"minimumCommission":0.33,"maximumCommission":0.33,"commissionRates":[],"trackingLink":"https://tatrck.com/h/0Hu30z9R12s4","createdAt":"2023-12-22T17:16:17.586Z","updatedAt":"2024-08-26T09:01:21.351Z"},{"merchantId":273797,"name":"Keepers Collective US","imageUri":"https://monetizeamex.com/v3/120x60/fbe6393cdec67e2ccf52f98d7e3b071a.png","currencyCode":"EUR","defaultDomain":"thekeeperscollective.com","domains":["thekeeperscollective.com"],"categoryId":28,"description":null,"isActive":true,"countryCodes":["US"],"averageBasketValue":null,"averageCommission":null,"averageConfirmationTime":null,"averageCancellationRate":null,"minimumCommission":null,"maximumCommission":null,"commissionRates":[],"trackingLink":"https://tatrck.com/h/0Hu30z9R12s5","createdAt":"2023-12-22T17:16:18.395Z","updatedAt":"2024-08-26T09:01:41.988Z"},{"merchantId":273798,"name":"Bonner Private Wine Partnership US","imageUri":"https://monetizeamex.com/v3/120x60/1beaeb506883f47315299a2b19e0cf6e.png","currencyCode":"EUR","defaultDomain":"bonnerprivatewines.com","domains":["bonnerprivatewines.com"],"categoryId":4,"description":null,"isActive":true,"countryCodes":["US"],"averageBasketValue":null,"averageCommission":null,"averageConfirmationTime":null,"averageCancellationRate":null,"minimumCommission":null,"maximumCommission":null,"commissionRates":[],"trackingLink":"https://tatrck.com/h/0Hu30z9R12s6","createdAt":"2023-12-22T17:16:19.399Z","updatedAt":"2024-08-26T09:01:26.559Z"},{"merchantId":273799,"name":"Paintable Pictures US","imageUri":"https://kqdxc4m5.de/logos_v2/120x60/c75b952e659bc0953a67cf334d5a2b6b.gif","currencyCode":"EUR","defaultDomain":"paintablepictures.com","domains":["paintablepictures.com"],"categoryId":82,"description":null,"isActive":true,"countryCodes":["US"],"averageBasketValue":null,"averageCommission":null,"averageConfirmationTime":null,"averageCancellationRate":null,"minimumCommission":null,"maximumCommission":null,"commissionRates":[],"trackingLink":"https://tatrck.com/h/0Hu30z9R12s7","createdAt":"2023-12-22T17:16:20.409Z","updatedAt":"2024-08-26T09:01:22.741Z"},{"merchantId":273800,"name":"Little Red Cup Tea Co. US","imageUri":"https://monetizeamex.com/v3/120x60/5092c0ae31d7c4f062c16b5dddcfa51e.png","currencyCode":"EUR","defaultDomain":"littleredcuptea.com","domains":["littleredcuptea.com"],"categoryId":14,"description":null,"isActive":true,"countryCodes":["US"],"averageBasketValue":null,"averageCommission":null,"averageConfirmationTime":null,"averageCancellationRate":null,"minimumCommission":null,"maximumCommission":null,"commissionRates":[],"trackingLink":"https://tatrck.com/h/0Hu30z9R12s8","createdAt":"2023-12-22T17:16:20.989Z","updatedAt":"2024-08-26T09:01:40.265Z"},{"merchantId":273801,"name":"Lofta","imageUri":"https://monetizeamex.com/v3/120x60/01272ed1071089debeec5fe9a558591f.png","currencyCode":"EUR","defaultDomain":"lofta.com","domains":["lofta.com"],"categoryId":35,"description":null,"isActive":true,"countryCodes":["US"],"averageBasketValue":248.73,"averageCommission":5.96,"averageConfirmationTime":null,"averageCancellationRate":3.5,"minimumCommission":0.03,"maximumCommission":34.26,"commissionRates":[],"trackingLink":"https://tatrck.com/h/0Hu30z9R12s9","createdAt":"2023-12-22T17:16:21.779Z","updatedAt":"2024-09-03T05:47:47.144Z"},{"merchantId":273802,"name":"Mevo","imageUri":"https://monetizeamex.com/v3/120x60/62d0198f8126d87eb0bc04eab88438c9.png","currencyCode":"EUR","defaultDomain":"mevo.com","domains":["mevo.com"],"categoryId":22,"description":null,"isActive":true,"countryCodes":["US"],"averageBasketValue":492.5,"averageCommission":14.77,"averageConfirmationTime":null,"averageCancellationRate":null,"minimumCommission":4.18,"maximumCommission":32.56,"commissionRates":[],"trackingLink":"https://tatrck.com/h/0Hu30z9R12sA","createdAt":"2023-12-22T17:16:22.469Z","updatedAt":"2024-08-15T09:16:07.402Z"},{"merchantId":273804,"name":"Gifts in 24","imageUri":"https://monetizeamex.com/v3/120x60/44bb9f5d14e27a575c78d43dc26cb045.png","currencyCode":"EUR","defaultDomain":"giftsin24.com","domains":["giftsin24.com"],"categoryId":21,"description":null,"isActive":true,"countryCodes":["CA","US"],"averageBasketValue":36.7,"averageCommission":3.3,"averageConfirmationTime":null,"averageCancellationRate":null,"minimumCommission":1.66,"maximumCommission":6.07,"commissionRates":[],"trackingLink":"https://tatrck.com/h/0Hu30z9R12sC","createdAt":"2023-12-22T17:16:23.591Z","updatedAt":"2024-08-15T09:16:07.671Z"},{"merchantId":273805,"name":"House of Marley","imageUri":"https://monetizeamex.com/v3/120x60/1dba20d88c44595e7a7a63b494dbea85.png","currencyCode":"EUR","defaultDomain":"thehouseofmarley.com","domains":["thehouseofmarley.com"],"categoryId":21,"description":null,"isActive":true,"countryCodes":["US"],"averageBasketValue":101.57,"averageCommission":2.53,"averageConfirmationTime":null,"averageCancellationRate":null,"minimumCommission":1.29,"maximumCommission":1.29,"commissionRates":[],"trackingLink":"https://tatrck.com/h/0Hu30z9R12sD","createdAt":"2023-12-22T17:16:26.387Z","updatedAt":"2024-08-21T05:51:09.162Z"},{"merchantId":273807,"name":"Aidot UK","imageUri":"https://monetizeamex.com/v3/120x60/46fbf3416d9e94f30b4fbee791d6dbb2.png","currencyCode":"EUR","defaultDomain":"uk.aidot.com","domains":["uk.aidot.com"],"categoryId":64,"description":null,"isActive":true,"countryCodes":["GB"],"averageBasketValue":null,"averageCommission":null,"averageConfirmationTime":null,"averageCancellationRate":null,"minimumCommission":null,"maximumCommission":null,"commissionRates":[{"fixedCommission":null,"percentageCommission":4.8}],"trackingLink":"https://tatrck.com/h/0Hu30z9R12sF","createdAt":"2023-12-22T17:16:26.871Z","updatedAt":"2024-08-21T11:43:42.763Z"},{"merchantId":273808,"name":"Acmejoy.fr","imageUri":"https://monetizeamex.com/v3/120x60/feff0373ec42e36c530208c115e24600.png","currencyCode":"EUR","defaultDomain":"acmejoy.fr","domains":["acmejoy.fr"],"categoryId":60,"description":null,"isActive":true,"countryCodes":["FR"],"averageBasketValue":52.88,"averageCommission":4.75,"averageConfirmationTime":null,"averageCancellationRate":null,"minimumCommission":0.78,"maximumCommission":18.65,"commissionRates":[],"trackingLink":"https://tatrck.com/h/0Hu30z9R12sG","createdAt":"2023-12-22T17:16:28.087Z","updatedAt":"2024-08-15T21:01:10.517Z"},{"merchantId":273809,"name":"UGP Campus Apparel","imageUri":"https://monetizeamex.com/v3/120x60/bf2bb8a52df4f12caa62d0bfc9ce5498.png","currencyCode":"EUR","defaultDomain":"shop.undergroundshirts.com","domains":["shop.undergroundshirts.com"],"categoryId":40,"description":null,"isActive":true,"countryCodes":["US"],"averageBasketValue":null,"averageCommission":null,"averageConfirmationTime":null,"averageCancellationRate":null,"minimumCommission":null,"maximumCommission":null,"commissionRates":[],"trackingLink":"https://tatrck.com/h/0Hu30z9R12sH","createdAt":"2023-12-22T17:16:28.379Z","updatedAt":"2024-08-15T09:16:14.841Z"},{"merchantId":273811,"name":"Check My Body Health Japan","imageUri":"https://monetizeamex.com/v3/120x60/31c861897b0d1d03693069b4d9d0b52d.png","currencyCode":"EUR","defaultDomain":"checkmybodyhealth.jp","domains":["checkmybodyhealth.jp"],"categoryId":68,"description":null,"isActive":true,"countryCodes":["JP"],"averageBasketValue":null,"averageCommission":null,"averageConfirmationTime":null,"averageCancellationRate":null,"minimumCommission":null,"maximumCommission":null,"commissionRates":[],"trackingLink":"https://tatrck.com/h/0Hu30z9R12sJ","createdAt":"2023-12-22T17:16:30.891Z","updatedAt":"2024-08-15T09:16:07.394Z"},{"merchantId":273814,"name":"Naturecan ES","imageUri":"https://monetizeamex.com/v3/120x60/3cc8b1bbe8b2d0c9c3db11822e870374.png","currencyCode":"EUR","defaultDomain":"naturecan.es","domains":["naturecan.es"],"categoryId":28,"description":null,"isActive":true,"countryCodes":["ES"],"averageBasketValue":52.32,"averageCommission":1.49,"averageConfirmationTime":null,"averageCancellationRate":null,"minimumCommission":0.43,"maximumCommission":3.02,"commissionRates":[],"trackingLink":"https://tatrck.com/h/0Hu30z9R12sM","createdAt":"2023-12-22T17:16:32.486Z","updatedAt":"2024-08-30T05:57:12.798Z"},{"merchantId":273815,"name":"Naturecan US","imageUri":"https://monetizeamex.com/v3/120x60/91eaf7a5a27d0a5e14f832ef10409a7f.png","currencyCode":"EUR","defaultDomain":"us.naturecan.com","domains":["us.naturecan.com"],"categoryId":28,"description":null,"isActive":true,"countryCodes":["US"],"averageBasketValue":null,"averageCommission":null,"averageConfirmationTime":null,"averageCancellationRate":null,"minimumCommission":null,"maximumCommission":null,"commissionRates":[],"trackingLink":"https://tatrck.com/h/0Hu30z9R12sN","createdAt":"2023-12-22T17:16:34.074Z","updatedAt":"2024-08-15T09:16:08.004Z"},{"merchantId":273816,"name":"Naturecan UK","imageUri":"https://monetizeamex.com/v3/120x60/b18d9a64dc221865cf190852622c4fd1.png","currencyCode":"EUR","defaultDomain":"uk.naturecan.com","domains":["uk.naturecan.com"],"categoryId":35,"description":null,"isActive":true,"countryCodes":["GB"],"averageBasketValue":null,"averageCommission":null,"averageConfirmationTime":null,"averageCancellationRate":null,"minimumCommission":null,"maximumCommission":null,"commissionRates":[],"trackingLink":"https://tatrck.com/h/0Hu30z9R12sO","createdAt":"2023-12-22T17:16:34.271Z","updatedAt":"2024-08-21T11:43:21.475Z"},{"merchantId":273817,"name":"Naturecan BG","imageUri":"https://monetizeamex.com/v3/120x60/f191b92d3360dc9a773110ab2c0514ba.png","currencyCode":"EUR","defaultDomain":"bg.naturecan.com","domains":["bg.naturecan.com"],"categoryId":76,"description":null,"isActive":true,"countryCodes":["BG"],"averageBasketValue":null,"averageCommission":null,"averageConfirmationTime":null,"averageCancellationRate":null,"minimumCommission":null,"maximumCommission":null,"commissionRates":[],"trackingLink":"https://tatrck.com/h/0Hu30z9R12sP","createdAt":"2023-12-22T17:16:35.684Z","updatedAt":"2024-08-21T11:39:21.499Z"},{"merchantId":273819,"name":"FOCO EU","imageUri":"https://monetizeamex.com/v3/120x60/e14942a565217e0b9e4b0993fbee5583.png","currencyCode":"EUR","defaultDomain":"uk.foco.com","domains":["uk.foco.com"],"categoryId":55,"description":null,"isActive":true,"countryCodes":["US","GB"],"averageBasketValue":28.04,"averageCommission":1.17,"averageConfirmationTime":null,"averageCancellationRate":null,"minimumCommission":0.82,"maximumCommission":0.82,"commissionRates":[{"fixedCommission":null,"percentageCommission":2.4}],"trackingLink":"https://tatrck.com/h/0Hu30z9R12sR","createdAt":"2023-12-22T17:16:37.185Z","updatedAt":"2024-08-23T15:01:56.969Z"},{"merchantId":273823,"name":"Brandsaver BE","imageUri":"https://monetizeamex.com/v3/120x60/c24078e6299c10b2e8c2611d80de0ab9.png","currencyCode":"EUR","defaultDomain":"brandsaver.be","domains":["brandsaver.be"],"categoryId":21,"description":null,"isActive":true,"countryCodes":["BE"],"averageBasketValue":null,"averageCommission":null,"averageConfirmationTime":null,"averageCancellationRate":null,"minimumCommission":null,"maximumCommission":null,"commissionRates":[],"trackingLink":"https://tatrck.com/h/0Hu30z9R12sV","createdAt":"2023-12-22T17:16:40.175Z","updatedAt":"2024-09-03T17:08:55.298Z"},{"merchantId":273825,"name":"Medicross-Labs DE","imageUri":"https://monetizeamex.com/v3/120x60/f7d09d44e40b77227df476b3097beae3.png","currencyCode":"EUR","defaultDomain":"medicross.com","domains":["medicross.com"],"categoryId":35,"description":null,"isActive":true,"countryCodes":["DE"],"averageBasketValue":59.12,"averageCommission":1.43,"averageConfirmationTime":null,"averageCancellationRate":3,"minimumCommission":0.76,"maximumCommission":1.89,"commissionRates":[],"trackingLink":"https://tatrck.com/h/0Hu30z9R12sX","createdAt":"2023-12-22T17:16:43.592Z","updatedAt":"2024-09-03T17:09:23.225Z"},{"merchantId":273828,"name":"My Motor World GB","imageUri":"https://monetizeamex.com/v3/120x60/4bb9f4512115ae0939f072be0c5b3c8e.png","currencyCode":"EUR","defaultDomain":"mymotorworld.com","domains":["mymotorworld.com"],"categoryId":59,"description":null,"isActive":true,"countryCodes":["GB"],"averageBasketValue":45.54,"averageCommission":0.54,"averageConfirmationTime":null,"averageCancellationRate":null,"minimumCommission":0.07,"maximumCommission":1.79,"commissionRates":[],"trackingLink":"https://tatrck.com/h/0Hu30z9R12sa","createdAt":"2023-12-22T17:16:44.372Z","updatedAt":"2024-09-03T17:09:32.980Z"},{"merchantId":273845,"name":"Click Mechanic GB","imageUri":"https://monetizeamex.com/v3/120x60/4ef19038671f4b630fd017c3e5c0bc22.png","currencyCode":"EUR","defaultDomain":"clickmechanic.com","domains":["clickmechanic.com"],"categoryId":50,"description":null,"isActive":true,"countryCodes":["GB"],"averageBasketValue":296.7,"averageCommission":4.44,"averageConfirmationTime":6,"averageCancellationRate":3.5,"minimumCommission":0.93,"maximumCommission":26.95,"commissionRates":[],"trackingLink":"https://tatrck.com/h/0Hu30z9R12sr","createdAt":"2023-12-22T17:16:56.476Z","updatedAt":"2024-09-03T17:14:24.366Z"},{"merchantId":273847,"name":"My Mini Maker GB","imageUri":"https://monetizeamex.com/v3/120x60/3b1144ee4f58b17360a3e00f9289b270.png","currencyCode":"EUR","defaultDomain":"myminimaker.com","domains":["myminimaker.com"],"categoryId":70,"description":null,"isActive":true,"countryCodes":["GB"],"averageBasketValue":1,"averageCommission":66.72,"averageConfirmationTime":null,"averageCancellationRate":null,"minimumCommission":66.72,"maximumCommission":66.72,"commissionRates":[],"trackingLink":"https://tatrck.com/h/0Hu30z9R12st","createdAt":"2023-12-22T17:16:58.784Z","updatedAt":"2024-09-03T17:06:46.483Z"},{"merchantId":273851,"name":"Panda UK GB","imageUri":"https://monetizeamex.com/v3/120x60/b8c4b512458a664a1ea628f6c1388064.png","currencyCode":"EUR","defaultDomain":"pandalondon.com","domains":["pandalondon.com"],"categoryId":34,"description":null,"isActive":true,"countryCodes":["GB"],"averageBasketValue":160.44,"averageCommission":4.71,"averageConfirmationTime":null,"averageCancellationRate":null,"minimumCommission":0.97,"maximumCommission":29.69,"commissionRates":[],"trackingLink":"https://tatrck.com/h/0Hu30z9R12sx","createdAt":"2023-12-22T17:17:02.369Z","updatedAt":"2024-09-03T17:04:33.207Z"},{"merchantId":273874,"name":"GRDF FR","imageUri":"https://monetizeamex.com/v3/120x60/cc9c47fa6118305aa47aa2d4447fee0a.png","currencyCode":"EUR","defaultDomain":"grdf.fr","domains":["grdf.fr"],"categoryId":51,"description":null,"isActive":true,"countryCodes":["FR"],"averageBasketValue":null,"averageCommission":14.53,"averageConfirmationTime":null,"averageCancellationRate":null,"minimumCommission":14.53,"maximumCommission":14.53,"commissionRates":[],"trackingLink":"https://tatrck.com/h/0Hu30z9R12tI","createdAt":"2023-12-22T17:17:18.988Z","updatedAt":"2024-08-22T11:06:06.004Z"},{"merchantId":273875,"name":"MyPuzzle FR","imageUri":"https://monetizeamex.com/v3/120x60/1736d8d9b7a5fccf5f035969028543a2.png","currencyCode":"EUR","defaultDomain":"mypuzzle.fr","domains":["mypuzzle.fr"],"categoryId":70,"description":null,"isActive":true,"countryCodes":["FR"],"averageBasketValue":null,"averageCommission":2.56,"averageConfirmationTime":null,"averageCancellationRate":null,"minimumCommission":2.56,"maximumCommission":2.56,"commissionRates":[],"trackingLink":"https://tatrck.com/h/0Hu30z9R12tJ","createdAt":"2023-12-22T17:17:20.288Z","updatedAt":"2024-08-22T11:06:09.830Z"},{"merchantId":273877,"name":"Beddley CA","imageUri":"https://monetizeamex.com/v3/120x60/3d682a801bcf3355daf3fb4cd8f41001.png","currencyCode":"EUR","defaultDomain":"beddley.com","domains":["beddley.com"],"categoryId":74,"description":null,"isActive":true,"countryCodes":[],"averageBasketValue":null,"averageCommission":null,"averageConfirmationTime":null,"averageCancellationRate":null,"minimumCommission":null,"maximumCommission":null,"commissionRates":[{"fixedCommission":null,"percentageCommission":4.2}],"trackingLink":"https://tatrck.com/h/0Hu30z9R12tL","createdAt":"2023-12-22T17:17:21.867Z","updatedAt":"2024-08-21T11:30:34.458Z"},{"merchantId":273912,"name":"Findthatlead","imageUri":"https://monetizeamex.com/v3/120x60/ecd80f43d11db3929dbdaf2228040cea.png","currencyCode":"EUR","defaultDomain":"findthatlead.com","domains":["findthatlead.com"],"categoryId":null,"description":null,"isActive":true,"countryCodes":[],"averageBasketValue":null,"averageCommission":null,"averageConfirmationTime":null,"averageCancellationRate":null,"minimumCommission":null,"maximumCommission":null,"commissionRates":[],"trackingLink":"https://tatrck.com/h/0Hu30z9R12tu","createdAt":"2023-12-22T17:17:48.172Z","updatedAt":"2024-09-02T21:02:02.164Z"},{"merchantId":273915,"name":"Magnussonsur.se SE","imageUri":"https://monetizeamex.com/v3/120x60/a9d03c656a5722978a04c2b2df62eda3.png","currencyCode":"EUR","defaultDomain":"magnussonsur.se","domains":["magnussonsur.se"],"categoryId":40,"description":null,"isActive":true,"countryCodes":["SE"],"averageBasketValue":null,"averageCommission":null,"averageConfirmationTime":null,"averageCancellationRate":null,"minimumCommission":null,"maximumCommission":null,"commissionRates":[],"trackingLink":"https://tatrck.com/h/0Hu30z9R12tx","createdAt":"2023-12-22T17:17:49.917Z","updatedAt":"2024-08-26T09:01:09.021Z"},{"merchantId":273923,"name":"August Berg","imageUri":"https://monetizeamex.com/v3/120x60/137de7178d41eabee23f8a992fedd2d7.png","currencyCode":"EUR","defaultDomain":"augustberg.com","domains":["augustberg.com"],"categoryId":40,"description":null,"isActive":true,"countryCodes":["US"],"averageBasketValue":null,"averageCommission":null,"averageConfirmationTime":null,"averageCancellationRate":null,"minimumCommission":null,"maximumCommission":null,"commissionRates":[],"trackingLink":"https://tatrck.com/h/0Hu30z9R12u3","createdAt":"2023-12-22T17:17:54.981Z","updatedAt":"2024-08-15T09:16:07.335Z"},{"merchantId":273924,"name":"Coffee Bros.: Specialty Coffee + Equipment","imageUri":"https://monetizeamex.com/v3/120x60/a156e91eb429a44f4d5d9712fed3eace.png","currencyCode":"EUR","defaultDomain":"coffeebros.com","domains":["coffeebros.com"],"categoryId":77,"description":null,"isActive":true,"countryCodes":["US"],"averageBasketValue":14.76,"averageCommission":0.88,"averageConfirmationTime":null,"averageCancellationRate":null,"minimumCommission":0.9,"maximumCommission":0.9,"commissionRates":[],"trackingLink":"https://tatrck.com/h/0Hu30z9R12u4","createdAt":"2023-12-22T17:17:56.569Z","updatedAt":"2024-08-17T05:55:02.969Z"},{"merchantId":273925,"name":"Springfree Trampoline","imageUri":"https://monetizeamex.com/v3/120x60/1f0004dd5499d7812b2161bc02916b78.png","currencyCode":"EUR","defaultDomain":"springfreetrampoline.com","domains":["springfreetrampoline.com"],"categoryId":68,"description":null,"isActive":true,"countryCodes":["US"],"averageBasketValue":82.95,"averageCommission":2.49,"averageConfirmationTime":null,"averageCancellationRate":null,"minimumCommission":2.49,"maximumCommission":2.49,"commissionRates":[],"trackingLink":"https://tatrck.com/h/0Hu30z9R12u5","createdAt":"2023-12-22T17:17:58.578Z","updatedAt":"2024-08-15T09:16:14.868Z"},{"merchantId":273926,"name":"The Aussie Man","imageUri":"https://monetizeamex.com/v3/120x60/51be148c9ae95b4ce84dd2953c56b61e.png","currencyCode":"EUR","defaultDomain":"theaussieman.com","domains":["theaussieman.com"],"categoryId":28,"description":null,"isActive":true,"countryCodes":["US"],"averageBasketValue":64.92,"averageCommission":5.83,"averageConfirmationTime":null,"averageCancellationRate":null,"minimumCommission":7.24,"maximumCommission":7.24,"commissionRates":[],"trackingLink":"https://tatrck.com/h/0Hu30z9R12u6","createdAt":"2023-12-22T17:17:58.078Z","updatedAt":"2024-09-03T09:01:01.848Z"},{"merchantId":273932,"name":"Domoticahouse.nl NL","imageUri":"https://monetizeamex.com/v3/120x60/e92f7e034822aa87938b462c4ee6254b.png","currencyCode":"EUR","defaultDomain":"domoticahouse.nl","domains":["domoticahouse.nl"],"categoryId":64,"description":null,"isActive":true,"countryCodes":["NL"],"averageBasketValue":61.28,"averageCommission":1.28,"averageConfirmationTime":null,"averageCancellationRate":null,"minimumCommission":0.61,"maximumCommission":1.95,"commissionRates":[],"trackingLink":"https://tatrck.com/h/0Hu30z9R12uC","createdAt":"2023-12-22T17:18:02.591Z","updatedAt":"2024-08-21T11:34:36.463Z"},{"merchantId":273933,"name":"Izil Beauty UA","imageUri":"https://monetizeamex.com/v3/120x60/105ad9829e84eeef7c38a33d15935bb0.png","currencyCode":"EUR","defaultDomain":"izilbeauty.com","domains":["izilbeauty.com"],"categoryId":28,"description":null,"isActive":true,"countryCodes":["AE"],"averageBasketValue":121.22,"averageCommission":7.63,"averageConfirmationTime":6,"averageCancellationRate":null,"minimumCommission":4.48,"maximumCommission":12.34,"commissionRates":[],"trackingLink":"https://tatrck.com/h/0Hu30z9R12uD","createdAt":"2023-12-22T17:18:03.774Z","updatedAt":"2024-09-02T05:49:10.103Z"},{"merchantId":273940,"name":"Natures finest ES","imageUri":"https://monetizeamex.com/v3/120x60/344e92e0b738d03cb20d1dad85c3d47d.png","currencyCode":"EUR","defaultDomain":"naturesfinest.es","domains":["naturesfinest.es"],"categoryId":35,"description":null,"isActive":true,"countryCodes":["ES"],"averageBasketValue":42.02,"averageCommission":1.26,"averageConfirmationTime":null,"averageCancellationRate":null,"minimumCommission":1.18,"maximumCommission":1.18,"commissionRates":[{"fixedCommission":null,"percentageCommission":3},{"fixedCommission":null,"percentageCommission":3}],"trackingLink":"https://tatrck.com/h/0Hu30z9R12uK","createdAt":"2023-12-22T17:18:07.684Z","updatedAt":"2024-09-03T05:52:43.856Z"},{"merchantId":273941,"name":"Natures finest PL","imageUri":"https://monetizeamex.com/v3/120x60/4637e22f7db0458ac9c4d5ffbc09d366.png","currencyCode":"EUR","defaultDomain":"naturesfinest.pl","domains":["naturesfinest.pl"],"categoryId":35,"description":null,"isActive":true,"countryCodes":["PL"],"averageBasketValue":40.34,"averageCommission":1.23,"averageConfirmationTime":null,"averageCancellationRate":1.3,"minimumCommission":0.47,"maximumCommission":4.66,"commissionRates":[{"fixedCommission":null,"percentageCommission":3}],"trackingLink":"https://tatrck.com/h/0Hu30z9R12uL","createdAt":"2023-12-22T17:18:08.588Z","updatedAt":"2024-09-03T05:48:10.918Z"},{"merchantId":273943,"name":"Gemax DE","imageUri":"https://monetizeamex.com/v3/120x60/cc7ee75c68e9a9dc63dd571d36fd0b4d.png","currencyCode":"EUR","defaultDomain":"saegeblatt-shop.de","domains":["saegeblatt-shop.de"],"categoryId":65,"description":null,"isActive":true,"countryCodes":["DE"],"averageBasketValue":null,"averageCommission":null,"averageConfirmationTime":null,"averageCancellationRate":null,"minimumCommission":null,"maximumCommission":null,"commissionRates":[],"trackingLink":"https://tatrck.com/h/0Hu30z9R12uN","createdAt":"2023-12-22T17:18:09.973Z","updatedAt":"2024-09-03T17:09:24.156Z"},{"merchantId":273948,"name":"masterloan GB","imageUri":"https://monetizeamex.com/v3/120x60/a88e446f612368528ac77eef7028ef96.png","currencyCode":"EUR","defaultDomain":"masterloan.co.uk","domains":["masterloan.co.uk"],"categoryId":66,"description":null,"isActive":true,"countryCodes":["GB"],"averageBasketValue":null,"averageCommission":null,"averageConfirmationTime":null,"averageCancellationRate":null,"minimumCommission":null,"maximumCommission":null,"commissionRates":[],"trackingLink":"https://tatrck.com/h/0Hu30z9R12uS","createdAt":"2023-12-22T17:18:14.480Z","updatedAt":"2024-09-03T17:07:14.276Z"},{"merchantId":273950,"name":"DI SABATINO IT","imageUri":"https://monetizeamex.com/v3/120x60/0561bb804339e6c1bc79526252e4a5a0.png","currencyCode":"EUR","defaultDomain":"disabatinoabbigliamento.it","domains":["disabatinoabbigliamento.it"],"categoryId":40,"description":null,"isActive":true,"countryCodes":["IT"],"averageBasketValue":null,"averageCommission":null,"averageConfirmationTime":null,"averageCancellationRate":null,"minimumCommission":null,"maximumCommission":null,"commissionRates":[],"trackingLink":"https://tatrck.com/h/0Hu30z9R12uU","createdAt":"2023-12-22T17:18:16.991Z","updatedAt":"2024-08-21T11:47:07.242Z"},{"merchantId":273951,"name":"ECO JEWEL INC.","imageUri":"https://monetizeamex.com/v3/120x60/1189463fb56c588707a3cfcf96bec239.png","currencyCode":"EUR","defaultDomain":"raphae.com","domains":["raphae.com"],"categoryId":28,"description":null,"isActive":true,"countryCodes":[],"averageBasketValue":null,"averageCommission":null,"averageConfirmationTime":null,"averageCancellationRate":null,"minimumCommission":null,"maximumCommission":null,"commissionRates":[{"fixedCommission":null,"percentageCommission":9}],"trackingLink":"https://tatrck.com/h/0Hu30z9R12uV","createdAt":"2023-12-22T17:18:18.286Z","updatedAt":"2024-08-21T11:39:43.570Z"},{"merchantId":273953,"name":"Shrooms Super Store","imageUri":"https://monetizeamex.com/v3/120x60/e2340fa04ef9102675f39bcb783de481.png","currencyCode":"EUR","defaultDomain":"shroomssuperstore.com","domains":["shroomssuperstore.com"],"categoryId":68,"description":null,"isActive":true,"countryCodes":[],"averageBasketValue":null,"averageCommission":null,"averageConfirmationTime":null,"averageCancellationRate":null,"minimumCommission":null,"maximumCommission":null,"commissionRates":[{"fixedCommission":null,"percentageCommission":6}],"trackingLink":"https://tatrck.com/h/0Hu30z9R12uX","createdAt":"2023-12-22T17:18:20.081Z","updatedAt":"2024-08-21T11:33:26.902Z"},{"merchantId":273954,"name":"[MX] Prestamourgente","imageUri":"https://monetizeamex.com/v3/120x60/e7df83a6b751ea88ad751fded54dc4da.png","currencyCode":"EUR","defaultDomain":"prestamourgente.mx","domains":["prestamourgente.mx"],"categoryId":66,"description":null,"isActive":true,"countryCodes":["MX"],"averageBasketValue":null,"averageCommission":null,"averageConfirmationTime":null,"averageCancellationRate":null,"minimumCommission":null,"maximumCommission":null,"commissionRates":[],"trackingLink":"https://tatrck.com/h/0Hu30z9R12uY","createdAt":"2023-12-22T17:18:19.795Z","updatedAt":"2024-08-15T09:16:10.731Z"},{"merchantId":273974,"name":"Beauty Outlet UK GB","imageUri":"https://monetizeamex.com/v3/120x60/a7b9a92a329aa261d63e0699ce317523.png","currencyCode":"EUR","defaultDomain":"beautyoutlet.co.uk","domains":["beautyoutlet.co.uk"],"categoryId":28,"description":null,"isActive":true,"countryCodes":["GB"],"averageBasketValue":25.18,"averageCommission":0.63,"averageConfirmationTime":null,"averageCancellationRate":8.3,"minimumCommission":0.49,"maximumCommission":1.34,"commissionRates":[{"fixedCommission":null,"percentageCommission":2.016}],"trackingLink":"https://tatrck.com/h/0Hu30z9R12us","createdAt":"2023-12-22T17:18:24.478Z","updatedAt":"2024-08-29T05:58:01.623Z"},{"merchantId":274016,"name":"FlightPath US","imageUri":"https://monetizeamex.com/v3/120x60/2bb2573e3436aa837d13be03e55a3046.png","currencyCode":"EUR","defaultDomain":"getflightpath.io","domains":["getflightpath.io"],"categoryId":63,"description":null,"isActive":true,"countryCodes":["US"],"averageBasketValue":null,"averageCommission":null,"averageConfirmationTime":null,"averageCancellationRate":null,"minimumCommission":null,"maximumCommission":null,"commissionRates":[{"fixedCommission":7.8,"percentageCommission":null}],"trackingLink":"https://tatrck.com/h/0Hu30z9R12vW","createdAt":"2023-12-22T17:18:32.701Z","updatedAt":"2024-08-23T15:02:00.569Z"},{"merchantId":274026,"name":"GGPoker Canada CA","imageUri":"https://monetizeamex.com/v3/120x60/0e64f49add7b4dc7d7e67674bf8be877.png","currencyCode":"EUR","defaultDomain":"ggpoker.com","domains":["ggpoker.com"],"categoryId":53,"description":null,"isActive":true,"countryCodes":["CA"],"averageBasketValue":23.62,"averageCommission":33.37,"averageConfirmationTime":null,"averageCancellationRate":null,"minimumCommission":33.25,"maximumCommission":33.58,"commissionRates":[],"trackingLink":"https://tatrck.com/h/0Hu30z9R12vg","createdAt":"2023-12-22T17:18:34.673Z","updatedAt":"2024-08-21T11:36:19.619Z"},{"merchantId":274027,"name":"GGPoker Ontario CA","imageUri":"https://monetizeamex.com/v3/120x60/73d3de8fdfe629a01ef79c8ad95541b9.png","currencyCode":"EUR","defaultDomain":"ggpoker.ca","domains":["ggpoker.ca"],"categoryId":53,"description":null,"isActive":true,"countryCodes":["CA"],"averageBasketValue":null,"averageCommission":null,"averageConfirmationTime":null,"averageCancellationRate":null,"minimumCommission":null,"maximumCommission":null,"commissionRates":[{"fixedCommission":36,"percentageCommission":null}],"trackingLink":"https://tatrck.com/h/0Hu30z9R12vh","createdAt":"2023-12-22T17:18:35.777Z","updatedAt":"2024-08-21T11:34:01.151Z"},{"merchantId":274039,"name":"Hiya US","imageUri":"https://monetizeamex.com/v3/120x60/552ea2580a3f1eecc7fe3e9f3a849539.png","currencyCode":"EUR","defaultDomain":"gu-ecom.com","domains":["gu-ecom.com"],"categoryId":40,"description":null,"isActive":true,"countryCodes":["US"],"averageBasketValue":null,"averageCommission":null,"averageConfirmationTime":null,"averageCancellationRate":null,"minimumCommission":null,"maximumCommission":null,"commissionRates":[{"fixedCommission":16.2,"percentageCommission":null},{"fixedCommission":14.4,"percentageCommission":null},{"fixedCommission":11.4,"percentageCommission":null}],"trackingLink":"https://tatrck.com/h/0Hu30z9R12vt","createdAt":"2023-12-22T17:18:38.484Z","updatedAt":"2024-08-23T15:01:39.468Z"},{"merchantId":274061,"name":"Kidult IT","imageUri":"https://monetizeamex.com/v3/120x60/7a31b314caf89e77110aa8c58be48af7.png","currencyCode":"EUR","defaultDomain":"discoverkidult.com","domains":["discoverkidult.com"],"categoryId":73,"description":null,"isActive":true,"countryCodes":["DE"],"averageBasketValue":25,"averageCommission":1.17,"averageConfirmationTime":null,"averageCancellationRate":null,"minimumCommission":1.17,"maximumCommission":1.17,"commissionRates":[{"fixedCommission":null,"percentageCommission":4.68}],"trackingLink":"https://tatrck.com/h/0Hu30z9R12wD","createdAt":"2023-12-22T17:18:41.605Z","updatedAt":"2024-08-21T11:28:40.377Z"},{"merchantId":274064,"name":"L.L. Bean Canada CA","imageUri":"https://monetizeamex.com/v3/120x60/ecd17b46491261e45ce5af1324f66da4.png","currencyCode":"EUR","defaultDomain":"llbean.ca","domains":["llbean.ca"],"categoryId":50,"description":null,"isActive":true,"countryCodes":["US"],"averageBasketValue":68.68,"averageCommission":1.43,"averageConfirmationTime":null,"averageCancellationRate":null,"minimumCommission":0.01,"maximumCommission":5.82,"commissionRates":[{"fixedCommission":null,"percentageCommission":3.84}],"trackingLink":"https://tatrck.com/h/0Hu30z9R12wG","createdAt":"2023-12-22T17:18:42.985Z","updatedAt":"2024-08-30T05:53:04.782Z"},{"merchantId":274067,"name":"LifeVac US","imageUri":"https://monetizeamex.com/v3/120x60/bd773ec3310429dd6ed0d3000a3a2b43.png","currencyCode":"EUR","defaultDomain":"getlifevac.io","domains":["getlifevac.io"],"categoryId":68,"description":null,"isActive":true,"countryCodes":["US"],"averageBasketValue":null,"averageCommission":null,"averageConfirmationTime":null,"averageCancellationRate":null,"minimumCommission":null,"maximumCommission":null,"commissionRates":[{"fixedCommission":16.5,"percentageCommission":null}],"trackingLink":"https://tatrck.com/h/0Hu30z9R12wJ","createdAt":"2023-12-22T17:18:44.075Z","updatedAt":"2024-08-23T15:01:32.011Z"},{"merchantId":274071,"name":"Lorex UK GB","imageUri":"https://monetizeamex.com/v3/120x60/74209d13b8a6de06dfdc6ad9d7fde84d.png","currencyCode":"EUR","defaultDomain":"lorextechnology.co.uk","domains":["lorextechnology.co.uk"],"categoryId":64,"description":null,"isActive":true,"countryCodes":["GB"],"averageBasketValue":null,"averageCommission":null,"averageConfirmationTime":null,"averageCancellationRate":null,"minimumCommission":null,"maximumCommission":null,"commissionRates":[],"trackingLink":"https://tatrck.com/h/0Hu30z9R12wN","createdAt":"2023-12-22T17:18:45.372Z","updatedAt":"2024-08-15T09:16:07.143Z"},{"merchantId":274139,"name":"ThePhotoStick Omni US","imageUri":"https://monetizeamex.com/v3/120x60/210b2bf81710dab7a9bf516dca730776.png","currencyCode":"EUR","defaultDomain":"getthephotostickomni.io","domains":["getthephotostickomni.io"],"categoryId":80,"description":null,"isActive":true,"countryCodes":["US"],"averageBasketValue":29.97,"averageCommission":23.12,"averageConfirmationTime":null,"averageCancellationRate":null,"minimumCommission":23.12,"maximumCommission":23.12,"commissionRates":[{"fixedCommission":27,"percentageCommission":null}],"trackingLink":"https://tatrck.com/h/0Hu30z9R12xR","createdAt":"2023-12-22T17:18:53.083Z","updatedAt":"2024-08-23T15:01:37.431Z"},{"merchantId":274147,"name":"Tottenham Hotspur Stadium Tours","imageUri":"https://monetizeamex.com/v3/120x60/2160a7835955c5d4465ba0587a6632d4.png","currencyCode":"EUR","defaultDomain":"tottenhamhotspurstadium.com","domains":["tottenhamhotspurstadium.com"],"categoryId":55,"description":null,"isActive":true,"countryCodes":["GB","IE","US","CA"],"averageBasketValue":104.73,"averageCommission":5.43,"averageConfirmationTime":6,"averageCancellationRate":null,"minimumCommission":6.8,"maximumCommission":6.8,"commissionRates":[{"fixedCommission":null,"percentageCommission":6},{"fixedCommission":null,"percentageCommission":4.8},{"fixedCommission":null,"percentageCommission":6},{"fixedCommission":null,"percentageCommission":6},{"fixedCommission":null,"percentageCommission":4.8},{"fixedCommission":null,"percentageCommission":4.8},{"fixedCommission":null,"percentageCommission":4.8},{"fixedCommission":null,"percentageCommission":6}],"trackingLink":"https://tatrck.com/h/0Hu30z9R12xZ","createdAt":"2023-12-22T17:18:55.775Z","updatedAt":"2024-09-01T05:52:51.024Z"},{"merchantId":274157,"name":"WAS Insurance AU","imageUri":"https://monetizeamex.com/v3/120x60/16c5a46c0f538cb51d95e1e02dcff53c.png","currencyCode":"EUR","defaultDomain":"wiseandsilent.com","domains":["wiseandsilent.com"],"categoryId":56,"description":null,"isActive":true,"countryCodes":["AU"],"averageBasketValue":null,"averageCommission":null,"averageConfirmationTime":null,"averageCancellationRate":null,"minimumCommission":null,"maximumCommission":null,"commissionRates":[{"fixedCommission":null,"percentageCommission":4.8}],"trackingLink":"https://tatrck.com/h/0Hu30z9R12xj","createdAt":"2023-12-22T17:18:57.582Z","updatedAt":"2024-09-03T17:07:53.156Z"},{"merchantId":274176,"name":"Hylo Lip Balm","imageUri":"https://monetizeamex.com/v3/120x60/76300dc2284425420fd8179c75a3456a.png","currencyCode":"EUR","defaultDomain":"hylolipbalm.com","domains":["hylolipbalm.com"],"categoryId":28,"description":null,"isActive":true,"countryCodes":["CA"],"averageBasketValue":null,"averageCommission":null,"averageConfirmationTime":null,"averageCancellationRate":null,"minimumCommission":null,"maximumCommission":null,"commissionRates":[],"trackingLink":"https://tatrck.com/h/0Hu30z9R12y0","createdAt":"2023-12-22T17:18:59.987Z","updatedAt":"2024-08-15T09:16:43.375Z"},{"merchantId":274177,"name":"Makari De Suisse","imageUri":"https://monetizeamex.com/v3/120x60/3a0021825dc1d42591d296c86299251d.png","currencyCode":"EUR","defaultDomain":"shopmakari.com","domains":["shopmakari.com"],"categoryId":28,"description":null,"isActive":true,"countryCodes":["US"],"averageBasketValue":null,"averageCommission":null,"averageConfirmationTime":null,"averageCancellationRate":null,"minimumCommission":null,"maximumCommission":null,"commissionRates":[],"trackingLink":"https://tatrck.com/h/0Hu30z9R12y1","createdAt":"2023-12-22T17:19:00.473Z","updatedAt":"2024-08-15T09:16:07.424Z"},{"merchantId":274179,"name":"Palace Resorts","imageUri":"https://monetizeamex.com/v3/120x60/37ba69b26adcc730204ee674dfc6ab6f.png","currencyCode":"EUR","defaultDomain":"moonpalace.com","domains":["moonpalace.com"],"categoryId":41,"description":null,"isActive":true,"countryCodes":["US"],"averageBasketValue":12,"averageCommission":315.87,"averageConfirmationTime":null,"averageCancellationRate":4.1,"minimumCommission":41.98,"maximumCommission":373.83,"commissionRates":[],"trackingLink":"https://tatrck.com/h/0Hu30z9R12y3","createdAt":"2023-12-22T17:19:02.581Z","updatedAt":"2024-08-30T05:53:05.098Z"},{"merchantId":274180,"name":"VoiceJungle","imageUri":"https://monetizeamex.com/v3/120x60/c8b02761839c43428ab73c502c033109.png","currencyCode":"EUR","defaultDomain":"voicejungle.com","domains":["voicejungle.com"],"categoryId":7,"description":null,"isActive":true,"countryCodes":["US"],"averageBasketValue":111.93,"averageCommission":7.39,"averageConfirmationTime":null,"averageCancellationRate":null,"minimumCommission":36.99,"maximumCommission":36.99,"commissionRates":[],"trackingLink":"https://tatrck.com/h/0Hu30z9R12y4","createdAt":"2023-12-22T17:19:02.105Z","updatedAt":"2024-08-15T09:16:18.934Z"},{"merchantId":274194,"name":"Brandsaver NL","imageUri":"https://monetizeamex.com/v3/120x60/e420f0b821e0daf3588acaf277badee4.png","currencyCode":"EUR","defaultDomain":"brandsaver.nl","domains":["brandsaver.nl"],"categoryId":21,"description":null,"isActive":true,"countryCodes":["NL"],"averageBasketValue":null,"averageCommission":null,"averageConfirmationTime":null,"averageCancellationRate":null,"minimumCommission":null,"maximumCommission":null,"commissionRates":[],"trackingLink":"https://tatrck.com/h/0Hu30z9R12yI","createdAt":"2023-12-22T17:19:10.875Z","updatedAt":"2024-09-03T17:08:41.256Z"},{"merchantId":274195,"name":"Caffè Alma IT","imageUri":"https://monetizeamex.com/v3/120x60/394ded9ca2e44f95faf778fa00e46e58.png","currencyCode":"EUR","defaultDomain":"caffealma.com","domains":["caffealma.com"],"categoryId":14,"description":null,"isActive":true,"countryCodes":["IT"],"averageBasketValue":null,"averageCommission":null,"averageConfirmationTime":null,"averageCancellationRate":null,"minimumCommission":null,"maximumCommission":null,"commissionRates":[],"trackingLink":"https://tatrck.com/h/0Hu30z9R12yJ","createdAt":"2023-12-22T17:19:11.172Z","updatedAt":"2024-09-03T17:09:29.692Z"},{"merchantId":274196,"name":"Connie Gray GB","imageUri":"https://monetizeamex.com/v3/120x60/d6188eca1670954df637653e6848edc8.png","currencyCode":"EUR","defaultDomain":"conniegray.london","domains":["conniegray.london"],"categoryId":47,"description":null,"isActive":true,"countryCodes":["GB"],"averageBasketValue":null,"averageCommission":null,"averageConfirmationTime":null,"averageCancellationRate":null,"minimumCommission":null,"maximumCommission":null,"commissionRates":[],"trackingLink":"https://tatrck.com/h/0Hu30z9R12yK","createdAt":"2023-12-22T17:19:12.471Z","updatedAt":"2024-09-03T17:13:45.241Z"},{"merchantId":274197,"name":"Digital Distiller GB","imageUri":"https://monetizeamex.com/v3/120x60/6bf2462b23c7cb845c2dbfd811c9256c.png","currencyCode":"EUR","defaultDomain":"digidistiller.com","domains":["digidistiller.com"],"categoryId":47,"description":null,"isActive":true,"countryCodes":["GB"],"averageBasketValue":29.41,"averageCommission":0.7,"averageConfirmationTime":6,"averageCancellationRate":null,"minimumCommission":0.7,"maximumCommission":0.7,"commissionRates":[],"trackingLink":"https://tatrck.com/h/0Hu30z9R12yL","createdAt":"2023-12-22T17:19:14.377Z","updatedAt":"2024-09-03T17:09:10.067Z"},{"merchantId":274198,"name":"Farmacia Angulo_ES ES","imageUri":"https://monetizeamex.com/v3/120x60/c67b4cd12745b391f03c70311127080d.png","currencyCode":"EUR","defaultDomain":"nutricionyfarmacia.com","domains":["nutricionyfarmacia.com"],"categoryId":27,"description":null,"isActive":true,"countryCodes":["ES"],"averageBasketValue":47.24,"averageCommission":1.41,"averageConfirmationTime":6,"averageCancellationRate":null,"minimumCommission":0.43,"maximumCommission":2.88,"commissionRates":[],"trackingLink":"https://tatrck.com/h/0Hu30z9R12yM","createdAt":"2023-12-22T17:19:14.571Z","updatedAt":"2024-09-03T17:08:04.068Z"},{"merchantId":274200,"name":"Glamping Hideaways GB","imageUri":"https://monetizeamex.com/v3/120x60/c12a2e8a668f6e10c9528fdaaad75a23.png","currencyCode":"EUR","defaultDomain":"glampinghideaways.co.uk","domains":["glampinghideaways.co.uk"],"categoryId":63,"description":null,"isActive":true,"countryCodes":["GB"],"averageBasketValue":null,"averageCommission":null,"averageConfirmationTime":null,"averageCancellationRate":null,"minimumCommission":null,"maximumCommission":null,"commissionRates":[],"trackingLink":"https://tatrck.com/h/0Hu30z9R12yO","createdAt":"2023-12-22T17:19:16.971Z","updatedAt":"2024-09-03T17:08:31.455Z"},{"merchantId":274203,"name":"Prophete DE","imageUri":"https://monetizeamex.com/v3/120x60/afd2600fc702506bfac8f774f900462f.png","currencyCode":"EUR","defaultDomain":"prophete.de","domains":["prophete.de"],"categoryId":3,"description":null,"isActive":true,"countryCodes":["DE"],"averageBasketValue":563.69,"averageCommission":16.9,"averageConfirmationTime":null,"averageCancellationRate":null,"minimumCommission":0.55,"maximumCommission":9.07,"commissionRates":[],"trackingLink":"https://tatrck.com/h/0Hu30z9R12yR","createdAt":"2023-12-22T17:19:18.689Z","updatedAt":"2024-09-03T17:07:33.265Z"},{"merchantId":274207,"name":"The Storage Bay GB","imageUri":"https://monetizeamex.com/v3/120x60/68d765648931bf7c183e187bfaa0af77.png","currencyCode":"EUR","defaultDomain":"thestoragebay.co.uk","domains":["thestoragebay.co.uk"],"categoryId":21,"description":null,"isActive":true,"countryCodes":["GB"],"averageBasketValue":null,"averageCommission":null,"averageConfirmationTime":null,"averageCancellationRate":null,"minimumCommission":null,"maximumCommission":null,"commissionRates":[],"trackingLink":"https://tatrck.com/h/0Hu30z9R12yV","createdAt":"2023-12-22T17:19:21.190Z","updatedAt":"2024-09-03T17:09:10.667Z"},{"merchantId":274214,"name":"Namly.nl NL","imageUri":"https://monetizeamex.com/v3/120x60/192a09f3b2d23f8903d4f7a0222acfc5.png","currencyCode":"EUR","defaultDomain":"namly.nl","domains":["namly.nl"],"categoryId":21,"description":null,"isActive":true,"countryCodes":["NL"],"averageBasketValue":38.58,"averageCommission":3.24,"averageConfirmationTime":null,"averageCancellationRate":null,"minimumCommission":0.9,"maximumCommission":9.51,"commissionRates":[],"trackingLink":"https://tatrck.com/h/0Hu30z9R12yc","createdAt":"2023-12-22T17:19:25.776Z","updatedAt":"2024-09-02T05:49:31.028Z"},{"merchantId":274215,"name":"Partyprintje.nl NL","imageUri":"https://monetizeamex.com/v3/120x60/5bf60c1c13fd0fbbc21ab3e7511f84f1.png","currencyCode":"EUR","defaultDomain":"partyprintje.nl","domains":["partyprintje.nl"],"categoryId":7,"description":null,"isActive":true,"countryCodes":["NL"],"averageBasketValue":null,"averageCommission":null,"averageConfirmationTime":null,"averageCancellationRate":null,"minimumCommission":null,"maximumCommission":null,"commissionRates":[],"trackingLink":"https://tatrck.com/h/0Hu30z9R12yd","createdAt":"2023-12-22T17:19:26.287Z","updatedAt":"2024-08-21T11:43:55.751Z"},{"merchantId":274219,"name":"Uniqa","imageUri":"https://monetizeamex.com/v3/120x60/e89f82d5b94bfce9eb164635abfb6651.png","currencyCode":"EUR","defaultDomain":"uniqa.pl","domains":["uniqa.pl"],"categoryId":56,"description":null,"isActive":true,"countryCodes":["PL"],"averageBasketValue":null,"averageCommission":null,"averageConfirmationTime":null,"averageCancellationRate":null,"minimumCommission":null,"maximumCommission":null,"commissionRates":[],"trackingLink":"https://tatrck.com/h/0Hu30z9R12yh","createdAt":"2023-12-22T17:19:27.874Z","updatedAt":"2024-08-21T11:30:08.380Z"},{"merchantId":274220,"name":"Best Heating IE","imageUri":"https://monetizeamex.com/v3/120x60/64df72258cafcc49ab0d8635d913cb21.png","currencyCode":"EUR","defaultDomain":"bestheating.ie","domains":["bestheating.ie"],"categoryId":74,"description":null,"isActive":true,"countryCodes":["IE"],"averageBasketValue":1,"averageCommission":24.33,"averageConfirmationTime":null,"averageCancellationRate":null,"minimumCommission":19.52,"maximumCommission":50.36,"commissionRates":[],"trackingLink":"https://tatrck.com/h/0Hu30z9R12yi","createdAt":"2023-12-22T17:19:28.576Z","updatedAt":"2024-08-21T11:45:36.124Z"},{"merchantId":274223,"name":"CHEUNG FU INC","imageUri":"https://monetizeamex.com/v3/120x60/e850984e951a111ab312c4c769fe68b2.png","currencyCode":"EUR","defaultDomain":"vanimy.com","domains":["vanimy.com"],"categoryId":40,"description":null,"isActive":true,"countryCodes":[],"averageBasketValue":67.14,"averageCommission":4.02,"averageConfirmationTime":null,"averageCancellationRate":null,"minimumCommission":1.71,"maximumCommission":5.75,"commissionRates":[{"fixedCommission":null,"percentageCommission":6}],"trackingLink":"https://tatrck.com/h/0Hu30z9R12yl","createdAt":"2023-12-22T17:19:30.685Z","updatedAt":"2024-08-21T11:44:03.229Z"},{"merchantId":274228,"name":"AZKARBON [CPS/Satış] TR","imageUri":"https://monetizeamex.com/v3/120x60/e8b442c1132f40e5a06e38787c87f6a2.png","currencyCode":"EUR","defaultDomain":"azkarbon.com","domains":["azkarbon.com"],"categoryId":27,"description":null,"isActive":true,"countryCodes":["TR"],"averageBasketValue":0.02,"averageCommission":null,"averageConfirmationTime":2,"averageCancellationRate":null,"minimumCommission":null,"maximumCommission":null,"commissionRates":[],"trackingLink":"https://tatrck.com/h/0Hu30z9R12yq","createdAt":"2023-12-22T17:19:34.171Z","updatedAt":"2024-08-21T11:44:18.428Z"},{"merchantId":274233,"name":"XeroShoes EU","imageUri":"https://monetizeamex.com/v3/120x60/e020f5c2b4850d43b2266400aa5f8f81.png","currencyCode":"EUR","defaultDomain":"xeroshoes.eu","domains":["xeroshoes.eu"],"categoryId":null,"description":null,"isActive":true,"countryCodes":[],"averageBasketValue":null,"averageCommission":1.15,"averageConfirmationTime":2,"averageCancellationRate":null,"minimumCommission":0.02,"maximumCommission":5.71,"commissionRates":[],"trackingLink":"https://tatrck.com/h/0Hu30z9R12yv","createdAt":"2023-12-22T17:19:36.886Z","updatedAt":"2024-08-28T05:49:21.060Z"},{"merchantId":274234,"name":"Djuegos.es ES","imageUri":"https://monetizeamex.com/v3/120x60/57326ad63c5ecb78883089058e2f0fbf.png","currencyCode":"EUR","defaultDomain":"djuegos.es","domains":["djuegos.es"],"categoryId":81,"description":null,"isActive":true,"countryCodes":["ES"],"averageBasketValue":null,"averageCommission":null,"averageConfirmationTime":null,"averageCancellationRate":null,"minimumCommission":null,"maximumCommission":null,"commissionRates":[],"trackingLink":"https://tatrck.com/h/0Hu30z9R12yw","createdAt":"2023-12-22T17:19:38.074Z","updatedAt":"2024-08-26T09:01:03.005Z"},{"merchantId":274235,"name":"CAEFO ES","imageUri":"https://monetizeamex.com/v3/120x60/59330357d941f02cf70f9bb826d27050.png","currencyCode":"EUR","defaultDomain":"caefo.es","domains":["caefo.es"],"categoryId":44,"description":null,"isActive":true,"countryCodes":["ES"],"averageBasketValue":69.55,"averageCommission":5.35,"averageConfirmationTime":null,"averageCancellationRate":33.3,"minimumCommission":1.8,"maximumCommission":1.8,"commissionRates":[],"trackingLink":"https://tatrck.com/h/0Hu30z9R12yx","createdAt":"2023-12-22T17:19:38.193Z","updatedAt":"2024-09-01T05:50:14.506Z"},{"merchantId":274239,"name":"FALKENKOENIG SCHMUCK LI","imageUri":"https://monetizeamex.com/v3/120x60/802d6a700c2664b9a87d9ef0cb45e0bb.png","currencyCode":"EUR","defaultDomain":"falkenkoenig.ch","domains":["falkenkoenig.ch"],"categoryId":73,"description":null,"isActive":true,"countryCodes":[],"averageBasketValue":null,"averageCommission":null,"averageConfirmationTime":null,"averageCancellationRate":null,"minimumCommission":null,"maximumCommission":null,"commissionRates":[],"trackingLink":"https://tatrck.com/h/0Hu30z9R12y_","createdAt":"2023-12-22T17:19:43.783Z","updatedAt":"2024-08-26T09:01:07.265Z"},{"merchantId":274240,"name":"Vintage Sweaters LI","imageUri":"https://monetizeamex.com/v3/120x60/efdba95559e559483518882e5eecc4c7.png","currencyCode":"EUR","defaultDomain":"vintagesweaters.ch","domains":["vintagesweaters.ch"],"categoryId":40,"description":null,"isActive":true,"countryCodes":[],"averageBasketValue":null,"averageCommission":null,"averageConfirmationTime":null,"averageCancellationRate":null,"minimumCommission":null,"maximumCommission":null,"commissionRates":[],"trackingLink":"https://tatrck.com/h/0Hu30z9R12z0","createdAt":"2023-12-22T17:19:42.725Z","updatedAt":"2024-08-26T09:01:04.947Z"},{"merchantId":274251,"name":"Printree.ch DE","imageUri":"https://monetizeamex.com/v3/120x60/b8b0d39dba125d4f6a85b141d180ef50.png","currencyCode":"EUR","defaultDomain":"printree.ch","domains":["printree.ch"],"categoryId":82,"description":null,"isActive":true,"countryCodes":["DE"],"averageBasketValue":null,"averageCommission":null,"averageConfirmationTime":null,"averageCancellationRate":null,"minimumCommission":null,"maximumCommission":null,"commissionRates":[],"trackingLink":"https://tatrck.com/h/0Hu30z9R12zB","createdAt":"2023-12-22T17:19:50.196Z","updatedAt":"2024-08-26T09:01:32.163Z"},{"merchantId":274253,"name":"Bronzallure","imageUri":"https://monetizeamex.com/v3/120x60/a50ff08abf4180c28b94d5cae328d307.png","currencyCode":"EUR","defaultDomain":"bronzallure.com","domains":["bronzallure.com"],"categoryId":73,"description":null,"isActive":true,"countryCodes":["US"],"averageBasketValue":153.62,"averageCommission":11.98,"averageConfirmationTime":null,"averageCancellationRate":null,"minimumCommission":6.36,"maximumCommission":35.4,"commissionRates":[],"trackingLink":"https://tatrck.com/h/0Hu30z9R12zD","createdAt":"2023-12-22T17:19:51.776Z","updatedAt":"2024-09-03T17:07:18.851Z"},{"merchantId":274256,"name":"WAYmat","imageUri":"https://monetizeamex.com/v3/120x60/ffc2e19e45f1f93b15dd6cb1f765570f.png","currencyCode":"EUR","defaultDomain":"waymat.com","domains":["waymat.com"],"categoryId":55,"description":null,"isActive":true,"countryCodes":["TR"],"averageBasketValue":null,"averageCommission":null,"averageConfirmationTime":null,"averageCancellationRate":null,"minimumCommission":null,"maximumCommission":null,"commissionRates":[],"trackingLink":"https://tatrck.com/h/0Hu30z9R12zG","createdAt":"2023-12-22T17:19:53.369Z","updatedAt":"2024-08-15T09:16:43.777Z"},{"merchantId":274259,"name":"FinancialAdviser.co.uk GB","imageUri":"https://monetizeamex.com/v3/120x60/fb5c1f77ef9903388ba272e16b74230e.png","currencyCode":"EUR","defaultDomain":"financialadvisers.co.uk","domains":["financialadvisers.co.uk"],"categoryId":66,"description":null,"isActive":true,"countryCodes":["GB"],"averageBasketValue":null,"averageCommission":null,"averageConfirmationTime":null,"averageCancellationRate":null,"minimumCommission":null,"maximumCommission":null,"commissionRates":[],"trackingLink":"https://tatrck.com/h/0Hu30z9R12zJ","createdAt":"2023-12-22T17:19:56.274Z","updatedAt":"2024-09-03T17:09:35.591Z"},{"merchantId":274261,"name":"Virena - Beauty & Skincare US","imageUri":"https://monetizeamex.com/v3/120x60/49db94e1562c9252d8a96089f8bcf31c.png","currencyCode":"EUR","defaultDomain":"virena.us","domains":["virena.us"],"categoryId":28,"description":null,"isActive":true,"countryCodes":["US"],"averageBasketValue":null,"averageCommission":null,"averageConfirmationTime":null,"averageCancellationRate":null,"minimumCommission":null,"maximumCommission":null,"commissionRates":[],"trackingLink":"https://tatrck.com/h/0Hu30z9R12zL","createdAt":"2023-12-22T17:19:57.578Z","updatedAt":"2024-09-03T17:07:48.978Z"},{"merchantId":274263,"name":"Joulry.de - Schmuck und Uhren im offiziellen Joulry Online Shop","imageUri":"https://monetizeamex.com/v3/120x60/47a2551a7be9b2abc6a2c408b0836ff6.png","currencyCode":"EUR","defaultDomain":"joulry.de","domains":["joulry.de"],"categoryId":40,"description":null,"isActive":true,"countryCodes":["DE"],"averageBasketValue":107.09,"averageCommission":9.63,"averageConfirmationTime":null,"averageCancellationRate":null,"minimumCommission":3.4,"maximumCommission":5.1,"commissionRates":[{"fixedCommission":null,"percentageCommission":9}],"trackingLink":"https://tatrck.com/h/0Hu30z9R12zN","createdAt":"2023-12-22T17:19:58.879Z","updatedAt":"2024-08-15T09:16:07.731Z"},{"merchantId":274264,"name":"Lucky Hemp® IT - Negozio di CBD premium","imageUri":"https://monetizeamex.com/v3/120x60/a9cbdfe4c9d328f7a55dbce97ece0def.png","currencyCode":"EUR","defaultDomain":"luckyhemp.it","domains":["luckyhemp.it"],"categoryId":21,"description":null,"isActive":true,"countryCodes":["IT"],"averageBasketValue":null,"averageCommission":null,"averageConfirmationTime":null,"averageCancellationRate":null,"minimumCommission":null,"maximumCommission":null,"commissionRates":[{"fixedCommission":null,"percentageCommission":9},{"fixedCommission":null,"percentageCommission":4.5}],"trackingLink":"https://tatrck.com/h/0Hu30z9R12zO","createdAt":"2023-12-22T17:20:00.299Z","updatedAt":"2024-08-15T09:16:08.915Z"},{"merchantId":274276,"name":"Tormino.nl NL","imageUri":"https://monetizeamex.com/v3/120x60/3c6c6b9d10c2515f7699178841a10080.png","currencyCode":"EUR","defaultDomain":"tormino.nl","domains":["tormino.nl"],"categoryId":65,"description":null,"isActive":true,"countryCodes":["NL"],"averageBasketValue":null,"averageCommission":null,"averageConfirmationTime":null,"averageCancellationRate":null,"minimumCommission":null,"maximumCommission":null,"commissionRates":[],"trackingLink":"https://tatrck.com/h/0Hu30z9R12za","createdAt":"2023-12-22T17:20:08.729Z","updatedAt":"2024-08-21T11:34:37.809Z"},{"merchantId":274282,"name":"aniioki","imageUri":"https://monetizeamex.com/v3/120x60/0eb9962c81d19be7fc7d070e00e7472c.png","currencyCode":"EUR","defaultDomain":"aniioki.com","domains":["aniioki.com"],"categoryId":59,"description":null,"isActive":true,"countryCodes":[],"averageBasketValue":1,"averageCommission":28.73,"averageConfirmationTime":3,"averageCancellationRate":null,"minimumCommission":28.73,"maximumCommission":28.73,"commissionRates":[{"fixedCommission":null,"percentageCommission":1.7999999999999998}],"trackingLink":"https://tatrck.com/h/0Hu30z9R12zg","createdAt":"2023-12-22T17:20:10.482Z","updatedAt":"2024-08-21T11:29:01.921Z"},{"merchantId":274286,"name":"AKOVA Gear US","imageUri":"https://monetizeamex.com/v3/120x60/7fece981336047622ed78c4c3d3ca8b5.png","currencyCode":"EUR","defaultDomain":"akovagear.com","domains":["akovagear.com"],"categoryId":40,"description":null,"isActive":true,"countryCodes":["CA","US"],"averageBasketValue":97.7,"averageCommission":4.68,"averageConfirmationTime":null,"averageCancellationRate":null,"minimumCommission":6.64,"maximumCommission":6.64,"commissionRates":[{"fixedCommission":null,"percentageCommission":4.8},{"fixedCommission":null,"percentageCommission":4.8}],"trackingLink":"https://tatrck.com/h/0Hu30z9R12zk","createdAt":"2023-12-22T17:20:15.169Z","updatedAt":"2024-09-03T05:51:29.413Z"},{"merchantId":274288,"name":"Nicks Sticks US","imageUri":"https://monetizeamex.com/v3/120x60/e39324fa130d2873482a3281743e4e3f.png","currencyCode":"EUR","defaultDomain":"nicks-sticks.com","domains":["nicks-sticks.com"],"categoryId":14,"description":null,"isActive":true,"countryCodes":["US"],"averageBasketValue":86.21,"averageCommission":1.24,"averageConfirmationTime":null,"averageCancellationRate":null,"minimumCommission":0.84,"maximumCommission":0.84,"commissionRates":[{"fixedCommission":null,"percentageCommission":1.44}],"trackingLink":"https://tatrck.com/h/0Hu30z9R12zm","createdAt":"2023-12-22T17:20:16.273Z","updatedAt":"2024-08-23T15:01:41.993Z"},{"merchantId":274289,"name":"Ninja Mountain Bike Performance US","imageUri":"https://monetizeamex.com/v3/120x60/ed670c432331fcf2c642481ed709e2f4.png","currencyCode":"EUR","defaultDomain":"ridelikeaninja.com","domains":["ridelikeaninja.com"],"categoryId":55,"description":null,"isActive":true,"countryCodes":["US"],"averageBasketValue":388.78,"averageCommission":19.89,"averageConfirmationTime":null,"averageCancellationRate":null,"minimumCommission":1.71,"maximumCommission":1.71,"commissionRates":[{"fixedCommission":null,"percentageCommission":4.8}],"trackingLink":"https://tatrck.com/h/0Hu30z9R12zn","createdAt":"2023-12-22T17:20:16.273Z","updatedAt":"2024-08-23T15:02:12.081Z"},{"merchantId":274290,"name":"Roark US","imageUri":"https://monetizeamex.com/v3/120x60/115daacc65cee4e2e62a3c1d7c2ca7f3.png","currencyCode":"EUR","defaultDomain":"roark.com","domains":["roark.com"],"categoryId":40,"description":null,"isActive":true,"countryCodes":["US"],"averageBasketValue":127.52,"averageCommission":1.69,"averageConfirmationTime":null,"averageCancellationRate":null,"minimumCommission":3.13,"maximumCommission":10.25,"commissionRates":[{"fixedCommission":null,"percentageCommission":4.8}],"trackingLink":"https://tatrck.com/h/0Hu30z9R12zo","createdAt":"2023-12-22T17:20:17.632Z","updatedAt":"2024-09-03T05:51:27.248Z"},{"merchantId":274291,"name":"Thunder Mountain Bikes US","imageUri":"https://monetizeamex.com/v3/120x60/5ab1811c80f65c0d6be32c47c3d91cfb.png","currencyCode":"EUR","defaultDomain":"thundermountainbikes.com","domains":["thundermountainbikes.com"],"categoryId":59,"description":null,"isActive":true,"countryCodes":["US"],"averageBasketValue":125.3,"averageCommission":4.2,"averageConfirmationTime":null,"averageCancellationRate":null,"minimumCommission":null,"maximumCommission":null,"commissionRates":[{"fixedCommission":null,"percentageCommission":3.36},{"fixedCommission":null,"percentageCommission":1.44}],"trackingLink":"https://tatrck.com/h/0Hu30z9R12zp","createdAt":"2023-12-22T17:20:17.382Z","updatedAt":"2024-09-03T05:51:29.459Z"},{"merchantId":274294,"name":"YoColorado US","imageUri":"https://monetizeamex.com/v3/120x60/7464d3a23398d0f2536baf233c903353.png","currencyCode":"EUR","defaultDomain":"yocolorado.com","domains":["yocolorado.com"],"categoryId":40,"description":null,"isActive":true,"countryCodes":["US"],"averageBasketValue":116.61,"averageCommission":8.39,"averageConfirmationTime":null,"averageCancellationRate":null,"minimumCommission":8.39,"maximumCommission":8.39,"commissionRates":[{"fixedCommission":null,"percentageCommission":3.84},{"fixedCommission":null,"percentageCommission":7.199999999999999}],"trackingLink":"https://tatrck.com/h/0Hu30z9R12zs","createdAt":"2023-12-22T17:20:20.182Z","updatedAt":"2024-08-23T15:01:41.659Z"}]}