{"meta":{"next":155139},"data":[{"merchantId":154630,"name":"AllBeauty","imageUri":"https://monetizeamex.com/v3/120x60/e414ac01c2bf95d8c9c828d58a54923e.png","currencyCode":"EUR","defaultDomain":"allbeauty.com","domains":["allbeauty.com"],"categoryId":28,"description":null,"isActive":true,"countryCodes":["US","IT","FR"],"averageBasketValue":75.07,"averageCommission":1.5,"averageConfirmationTime":13,"averageCancellationRate":10.799999999999999,"minimumCommission":0.15,"maximumCommission":25.79,"commissionRates":[{"fixedCommission":null,"percentageCommission":2.4},{"fixedCommission":null,"percentageCommission":4.8},{"fixedCommission":null,"percentageCommission":2.4},{"fixedCommission":null,"percentageCommission":4.8},{"fixedCommission":null,"percentageCommission":2.4},{"fixedCommission":null,"percentageCommission":4.8}],"trackingLink":"https://tatrck.com/h/0Hu30z9R0bm6","createdAt":"2023-12-13T14:52:29.672Z","updatedAt":"2024-09-03T17:13:49.846Z"},{"merchantId":154639,"name":"Haynes US","imageUri":"https://monetizeamex.com/v3/120x60/3f182b7dfcbd652db493496e63c42f51.png","currencyCode":"EUR","defaultDomain":"haynes.com","domains":["haynes.com"],"categoryId":59,"description":null,"isActive":true,"countryCodes":["US"],"averageBasketValue":33.01,"averageCommission":1.64,"averageConfirmationTime":null,"averageCancellationRate":1,"minimumCommission":1.11,"maximumCommission":2.94,"commissionRates":[{"fixedCommission":null,"percentageCommission":4.32}],"trackingLink":"https://tatrck.com/h/0Hu30z9R0bmF","createdAt":"2023-12-13T14:52:32.067Z","updatedAt":"2024-09-03T05:52:21.712Z"},{"merchantId":154644,"name":"Kizzle DE","imageUri":"https://monetizeamex.com/v3/120x60/fe31194a34ac8de25aaf0abc54fe3a00.png","currencyCode":"EUR","defaultDomain":"kizzle.net","domains":["kizzle.de","kizzle.net"],"categoryId":16,"description":null,"isActive":true,"countryCodes":["DE"],"averageBasketValue":2.75,"averageCommission":2.56,"averageConfirmationTime":6,"averageCancellationRate":37.5,"minimumCommission":1,"maximumCommission":3,"commissionRates":[{"fixedCommission":3,"percentageCommission":null},{"fixedCommission":null,"percentageCommission":12}],"trackingLink":"https://tatrck.com/h/0Hu30z9R0bmK","createdAt":"2023-12-13T14:52:33.595Z","updatedAt":"2024-09-03T17:09:27.294Z"},{"merchantId":154675,"name":"Mojo Compression US","imageUri":"https://monetizeamex.com/v3/120x60/b67c17c88b65f2ad67ece91de435a4b6.png","currencyCode":"EUR","defaultDomain":"mojosocks.com","domains":["mojosocks.com"],"categoryId":35,"description":null,"isActive":true,"countryCodes":["US"],"averageBasketValue":null,"averageCommission":null,"averageConfirmationTime":null,"averageCancellationRate":null,"minimumCommission":null,"maximumCommission":null,"commissionRates":[{"fixedCommission":null,"percentageCommission":3}],"trackingLink":"https://tatrck.com/h/0Hu30z9R0bmp","createdAt":"2023-12-13T14:52:44.282Z","updatedAt":"2024-08-23T15:01:46.714Z"},{"merchantId":154688,"name":"Vivienne Westwood UK","imageUri":"https://monetizeamex.com/v3/120x60/136f9be8100b4161f1b16a9c7688badd.png","currencyCode":"EUR","defaultDomain":"viviennewestwood.com","domains":["viviennewestwood.com"],"categoryId":40,"description":null,"isActive":true,"countryCodes":["GB"],"averageBasketValue":154.47,"averageCommission":5.54,"averageConfirmationTime":null,"averageCancellationRate":null,"minimumCommission":1.78,"maximumCommission":44.05,"commissionRates":[],"trackingLink":"https://tatrck.com/h/0Hu30z9R0bn0","createdAt":"2023-12-13T14:52:48.087Z","updatedAt":"2024-09-03T17:03:55.000Z"},{"merchantId":154689,"name":"Gem and Harmony US","imageUri":"https://monetizeamex.com/v3/120x60/855c01605f391ed18eb580f2037b8eda.png","currencyCode":"EUR","defaultDomain":"gemandharmony.com","domains":["gemandharmony.com"],"categoryId":73,"description":null,"isActive":true,"countryCodes":["US"],"averageBasketValue":null,"averageCommission":null,"averageConfirmationTime":null,"averageCancellationRate":null,"minimumCommission":null,"maximumCommission":null,"commissionRates":[{"fixedCommission":null,"percentageCommission":3.5999999999999996},{"fixedCommission":null,"percentageCommission":3}],"trackingLink":"https://tatrck.com/h/0Hu30z9R0bn1","createdAt":"2023-12-13T14:52:48.478Z","updatedAt":"2024-08-23T15:01:49.143Z"},{"merchantId":154691,"name":"Muzzy BBC US","imageUri":"https://monetizeamex.com/v3/120x60/8efbd77b25b8cba8f34d02d5b41ffdcf.png","currencyCode":"EUR","defaultDomain":"muzzybbc.com","domains":["muzzy123.com","muzzybbc.com"],"categoryId":44,"description":null,"isActive":true,"countryCodes":["US"],"averageBasketValue":null,"averageCommission":null,"averageConfirmationTime":null,"averageCancellationRate":null,"minimumCommission":null,"maximumCommission":null,"commissionRates":[{"fixedCommission":12,"percentageCommission":null}],"trackingLink":"https://tatrck.com/h/0Hu30z9R0bn3","createdAt":"2023-12-13T14:52:49.167Z","updatedAt":"2024-08-23T15:01:29.006Z"},{"merchantId":154712,"name":"Emp-shop SE","imageUri":"https://monetizeamex.com/v3/120x60/84db70e32397b4fadfe82d296a572ebf.png","currencyCode":"EUR","defaultDomain":"emp-shop.se","domains":["emp-shop.se"],"categoryId":53,"description":"Vi på EMP är inte rädda för att vara annorlunda och skilja oss från massan. Det är ett motto som har varit med oss i över 30 år, ända sen ett litet gäng i tyska Lingen bestämde sig för att starta en postorderfirma som kunde ge alla musikälskare inom skilda genrer möjlighet att hitta all sin merch i en och samma katalog. Idag är vi Europas främsta leverantör av alternativa kläder och musik-, TV-, film- och spelmerch, med fler än 20,000 artiklar online och med EMP-katalogen som fortfarande är viktig läsning för våra många lojala kunder!","isActive":true,"countryCodes":[],"averageBasketValue":67.66,"averageCommission":1.79,"averageConfirmationTime":60,"averageCancellationRate":3.2,"minimumCommission":0.31,"maximumCommission":23.81,"commissionRates":[{"fixedCommission":null,"percentageCommission":2.4}],"trackingLink":"https://tatrck.com/h/0Hu30z9R0bnO","createdAt":"2023-12-13T14:52:55.890Z","updatedAt":"2024-09-03T17:09:34.203Z"},{"merchantId":154724,"name":"Nest Bank PL","imageUri":"https://monetizeamex.com/v3/120x60/7d4dfa96fa24c48a5a8175be1edf3dc8.png","currencyCode":"EUR","defaultDomain":"nestbank.pl","domains":["nestbank.pl"],"categoryId":66,"description":null,"isActive":true,"countryCodes":["PL"],"averageBasketValue":null,"averageCommission":11.48,"averageConfirmationTime":null,"averageCancellationRate":null,"minimumCommission":37.42,"maximumCommission":37.42,"commissionRates":[],"trackingLink":"https://tatrck.com/h/0Hu30z9R0bna","createdAt":"2023-12-13T14:53:00.250Z","updatedAt":"2024-09-03T05:44:03.202Z"},{"merchantId":154739,"name":"Socks In A Box UK","imageUri":"https://monetizeamex.com/v3/120x60/b73df204424690d7dfe3626835f24cdb.png","currencyCode":"EUR","defaultDomain":"socksinabox.com","domains":["socksinabox.com"],"categoryId":40,"description":null,"isActive":true,"countryCodes":["GB"],"averageBasketValue":null,"averageCommission":null,"averageConfirmationTime":null,"averageCancellationRate":null,"minimumCommission":null,"maximumCommission":null,"commissionRates":[{"fixedCommission":null,"percentageCommission":3},{"fixedCommission":null,"percentageCommission":12}],"trackingLink":"https://tatrck.com/h/0Hu30z9R0bnp","createdAt":"2023-12-13T14:53:06.069Z","updatedAt":"2024-08-15T09:12:26.449Z"},{"merchantId":154745,"name":"Scotch Porter US","imageUri":"https://monetizeamex.com/v3/120x60/dbfea37624a45d47a996509c5aaa72c8.png","currencyCode":"EUR","defaultDomain":"scotchporter.com","domains":["scotchporter.com"],"categoryId":28,"description":null,"isActive":true,"countryCodes":["US"],"averageBasketValue":45.98,"averageCommission":1.42,"averageConfirmationTime":38,"averageCancellationRate":null,"minimumCommission":2.1,"maximumCommission":2.1,"commissionRates":[{"fixedCommission":null,"percentageCommission":4.8}],"trackingLink":"https://tatrck.com/h/0Hu30z9R0bnv","createdAt":"2023-12-13T14:53:07.172Z","updatedAt":"2024-08-26T05:58:06.236Z"},{"merchantId":154747,"name":"Megakoszulki PL","imageUri":"https://monetizeamex.com/v3/120x60/64d62f3ef200a1cb51e9a3550ed7ac42.png","currencyCode":"EUR","defaultDomain":"megakoszulki.pl","domains":["megakoszulki.pl"],"categoryId":40,"description":null,"isActive":true,"countryCodes":["PL"],"averageBasketValue":null,"averageCommission":null,"averageConfirmationTime":null,"averageCancellationRate":null,"minimumCommission":null,"maximumCommission":null,"commissionRates":[{"fixedCommission":null,"percentageCommission":3.15}],"trackingLink":"https://tatrck.com/h/0Hu30z9R0bnx","createdAt":"2023-12-13T14:53:07.467Z","updatedAt":"2024-08-21T11:45:06.552Z"},{"merchantId":154755,"name":"Contactlenses UK","imageUri":"https://monetizeamex.com/v3/120x60/83ce95c1450f0f462f07ba7684a55e7b.png","currencyCode":"EUR","defaultDomain":"contactlenses.co.uk","domains":["contactlenses.co.uk"],"categoryId":76,"description":null,"isActive":true,"countryCodes":["GB"],"averageBasketValue":41.97,"averageCommission":0.6,"averageConfirmationTime":37,"averageCancellationRate":null,"minimumCommission":0.1,"maximumCommission":4.26,"commissionRates":[],"trackingLink":"https://tatrck.com/h/0Hu30z9R0bo3","createdAt":"2023-12-13T14:53:10.183Z","updatedAt":"2024-09-03T05:41:10.611Z"},{"merchantId":154762,"name":"Matisse Footwear US","imageUri":"https://monetizeamex.com/v3/120x60/dee45fca58230b6863e4666efa7c0282.png","currencyCode":"EUR","defaultDomain":"matissefootwear.com","domains":["matissefootwear.com"],"categoryId":40,"description":null,"isActive":true,"countryCodes":["US"],"averageBasketValue":41.32,"averageCommission":1.55,"averageConfirmationTime":null,"averageCancellationRate":null,"minimumCommission":1.4,"maximumCommission":1.4,"commissionRates":[{"fixedCommission":null,"percentageCommission":3.84}],"trackingLink":"https://tatrck.com/h/0Hu30z9R0boA","createdAt":"2023-12-13T14:53:11.989Z","updatedAt":"2024-08-23T15:01:35.559Z"},{"merchantId":154764,"name":"Accompany US","imageUri":"https://monetizeamex.com/v3/120x60/2e36398df998be0374fe6dfb04667b00.png","currencyCode":"EUR","defaultDomain":"accompanyus.com","domains":["accompanyus.com"],"categoryId":40,"description":null,"isActive":true,"countryCodes":["US"],"averageBasketValue":null,"averageCommission":null,"averageConfirmationTime":null,"averageCancellationRate":null,"minimumCommission":null,"maximumCommission":null,"commissionRates":[{"fixedCommission":null,"percentageCommission":6.72},{"fixedCommission":null,"percentageCommission":9}],"trackingLink":"https://tatrck.com/h/0Hu30z9R0boC","createdAt":"2023-12-13T14:53:13.675Z","updatedAt":"2024-08-21T11:31:15.527Z"},{"merchantId":154767,"name":"CPR Test Center US","imageUri":"https://monetizeamex.com/v3/120x60/c58fc330ecfef02004aa683fb37bc3c9.png","currencyCode":"EUR","defaultDomain":"cprtestcenter.com","domains":["cprtestcenter.com"],"categoryId":68,"description":null,"isActive":true,"countryCodes":["US"],"averageBasketValue":22.11,"averageCommission":1.32,"averageConfirmationTime":17,"averageCancellationRate":null,"minimumCommission":1.8,"maximumCommission":1.8,"commissionRates":[{"fixedCommission":null,"percentageCommission":6}],"trackingLink":"https://tatrck.com/h/0Hu30z9R0boF","createdAt":"2023-12-13T14:53:15.476Z","updatedAt":"2024-08-21T11:31:15.267Z"},{"merchantId":154778,"name":"CHATEAUNET FR","imageUri":"https://monetizeamex.com/v3/120x60/c1ddeca5840008a0663fadb7278f0666.png","currencyCode":"EUR","defaultDomain":"chateaunet.com","domains":["chateaunet.com","chateaunet.fr"],"categoryId":4,"description":null,"isActive":true,"countryCodes":["FR"],"averageBasketValue":143.1,"averageCommission":7.55,"averageConfirmationTime":4,"averageCancellationRate":31.2,"minimumCommission":2.3,"maximumCommission":10.02,"commissionRates":[],"trackingLink":"https://tatrck.com/h/0Hu30z9R0boQ","createdAt":"2023-12-13T14:53:17.992Z","updatedAt":"2024-09-03T17:09:31.727Z"},{"merchantId":154780,"name":"Eataly US","imageUri":"https://monetizeamex.com/v3/120x60/88dd4e7aec12c58c854c541352a31163.png","currencyCode":"EUR","defaultDomain":"eataly.com","domains":["eataly.com"],"categoryId":14,"description":null,"isActive":true,"countryCodes":["US"],"averageBasketValue":null,"averageCommission":2.76,"averageConfirmationTime":6,"averageCancellationRate":null,"minimumCommission":0.13,"maximumCommission":1.96,"commissionRates":[],"trackingLink":"https://tatrck.com/h/0Hu30z9R0boS","createdAt":"2023-12-13T14:53:18.975Z","updatedAt":"2024-08-22T11:06:05.928Z"},{"merchantId":154781,"name":"La Tienda Hero ES","imageUri":"https://monetizeamex.com/v3/120x60/d568cfdf2e8ae511bd06ad1e0a5ee38d.png","currencyCode":"EUR","defaultDomain":"latiendahero.es","domains":["latiendahero.es"],"categoryId":50,"description":null,"isActive":true,"countryCodes":["ES"],"averageBasketValue":41.55,"averageCommission":1.14,"averageConfirmationTime":null,"averageCancellationRate":null,"minimumCommission":0.21,"maximumCommission":4.23,"commissionRates":[{"fixedCommission":null,"percentageCommission":5.04},{"fixedCommission":null,"percentageCommission":2.1}],"trackingLink":"https://tatrck.com/h/0Hu30z9R0boT","createdAt":"2023-12-13T14:53:20.381Z","updatedAt":"2024-09-02T05:57:01.703Z"},{"merchantId":154791,"name":"Nuki","imageUri":"https://monetizeamex.com/v3/120x60/9110b4a211fb585a497a475d9a27e41b.png","currencyCode":"EUR","defaultDomain":"nuki.io","domains":["nuki.io"],"categoryId":64,"description":null,"isActive":true,"countryCodes":["NL","DE"],"averageBasketValue":221.46,"averageCommission":10.22,"averageConfirmationTime":1,"averageCancellationRate":18.2,"minimumCommission":11.95,"maximumCommission":18.53,"commissionRates":[{"fixedCommission":null,"percentageCommission":4.5}],"trackingLink":"https://tatrck.com/h/0Hu30z9R0bod","createdAt":"2023-12-13T14:53:22.577Z","updatedAt":"2024-09-03T17:14:58.596Z"},{"merchantId":154795,"name":"MBaetz DE","imageUri":"https://monetizeamex.com/v3/120x60/3a02450048e44134502ab4079484a5ca.png","currencyCode":"EUR","defaultDomain":"mbaetz.com","domains":["mbaetz.com","mbaetz.de"],"categoryId":40,"description":null,"isActive":true,"countryCodes":["DE"],"averageBasketValue":195.74,"averageCommission":9.27,"averageConfirmationTime":null,"averageCancellationRate":null,"minimumCommission":12.92,"maximumCommission":12.92,"commissionRates":[{"fixedCommission":null,"percentageCommission":4.2}],"trackingLink":"https://tatrck.com/h/0Hu30z9R0boh","createdAt":"2023-12-13T14:53:23.974Z","updatedAt":"2024-08-21T05:42:09.743Z"},{"merchantId":154797,"name":"YourSurprise CH","imageUri":"https://monetizeamex.com/v3/120x60/a64a5e1afa1d9db4b784d4e854b355dd.png","currencyCode":"EUR","defaultDomain":"yoursurprise.ch","domains":["yoursurprise.ch"],"categoryId":21,"description":null,"isActive":true,"countryCodes":["CH"],"averageBasketValue":49.66,"averageCommission":1.89,"averageConfirmationTime":6,"averageCancellationRate":12.5,"minimumCommission":0.64,"maximumCommission":2.7,"commissionRates":[],"trackingLink":"https://tatrck.com/h/0Hu30z9R0boj","createdAt":"2023-12-13T14:53:25.883Z","updatedAt":"2024-08-21T11:45:37.848Z"},{"merchantId":154816,"name":"Assouline US","imageUri":"https://monetizeamex.com/v3/120x60/3a3e18ee895c5677421c701355029638.png","currencyCode":"EUR","defaultDomain":"assouline.com","domains":["assouline.com"],"categoryId":21,"description":null,"isActive":true,"countryCodes":["US"],"averageBasketValue":480.08,"averageCommission":12.06,"averageConfirmationTime":null,"averageCancellationRate":null,"minimumCommission":2.15,"maximumCommission":4,"commissionRates":[{"fixedCommission":null,"percentageCommission":2.4}],"trackingLink":"https://tatrck.com/h/0Hu30z9R0bp0","createdAt":"2023-12-13T14:53:31.285Z","updatedAt":"2024-08-23T15:01:57.340Z"},{"merchantId":154817,"name":"Baby Cubby US","imageUri":"https://monetizeamex.com/v3/120x60/7683a7f9038f82740e657264395bf92e.png","currencyCode":"EUR","defaultDomain":"babycubby.com","domains":["babycubby.com"],"categoryId":17,"description":null,"isActive":true,"countryCodes":["US"],"averageBasketValue":165.81,"averageCommission":4.9,"averageConfirmationTime":null,"averageCancellationRate":null,"minimumCommission":3.66,"maximumCommission":3.91,"commissionRates":[],"trackingLink":"https://tatrck.com/h/0Hu30z9R0bp1","createdAt":"2023-12-13T14:53:32.373Z","updatedAt":"2024-08-26T09:01:05.236Z"},{"merchantId":154842,"name":"Large BE","imageUri":"https://monetizeamex.com/v3/120x60/142f723037fe147cb91ecc38c77b3545.png","currencyCode":"EUR","defaultDomain":"large.be","domains":["large.be"],"categoryId":21,"description":null,"isActive":true,"countryCodes":[],"averageBasketValue":53.31,"averageCommission":1.36,"averageConfirmationTime":null,"averageCancellationRate":2,"minimumCommission":0.43,"maximumCommission":3.7,"commissionRates":[{"fixedCommission":null,"percentageCommission":2.4}],"trackingLink":"https://tatrck.com/h/0Hu30z9R0bpQ","createdAt":"2023-12-13T14:53:39.201Z","updatedAt":"2024-09-03T17:07:35.778Z"},{"merchantId":154858,"name":"Marley Spoon NL","imageUri":"https://monetizeamex.com/v3/120x60/2005b685e1d88ba1b82dcf7067eec94d.png","currencyCode":"EUR","defaultDomain":"marleyspoon.nl","domains":["marleyspoon.nl"],"categoryId":14,"description":null,"isActive":true,"countryCodes":["NL"],"averageBasketValue":30.67,"averageCommission":9,"averageConfirmationTime":1,"averageCancellationRate":28.6,"minimumCommission":9,"maximumCommission":9,"commissionRates":[{"fixedCommission":9,"percentageCommission":null}],"trackingLink":"https://tatrck.com/h/0Hu30z9R0bpg","createdAt":"2023-12-13T14:53:45.065Z","updatedAt":"2024-09-03T17:08:29.405Z"},{"merchantId":154867,"name":"Curvy AU","imageUri":"https://monetizeamex.com/v3/120x60/783f641b176d439a675da3fb66332563.png","currencyCode":"EUR","defaultDomain":"curvy.com.au","domains":["curvy.com.au"],"categoryId":40,"description":null,"isActive":true,"countryCodes":["AU"],"averageBasketValue":75.29,"averageCommission":3.06,"averageConfirmationTime":58,"averageCancellationRate":null,"minimumCommission":0,"maximumCommission":13.23,"commissionRates":[{"fixedCommission":null,"percentageCommission":0.6},{"fixedCommission":null,"percentageCommission":3.072}],"trackingLink":"https://tatrck.com/h/0Hu30z9R0bpp","createdAt":"2023-12-13T14:53:48.376Z","updatedAt":"2024-09-03T17:06:28.105Z"},{"merchantId":154870,"name":"Blindsdirectonline UK","imageUri":"https://monetizeamex.com/v3/120x60/46191d00356713872cee2f20f40d9abd.png","currencyCode":"EUR","defaultDomain":"blindsdirectonline.co.uk","domains":["blindsdirectonline.co.uk"],"categoryId":74,"description":null,"isActive":true,"countryCodes":["GB"],"averageBasketValue":133.17,"averageCommission":7.98,"averageConfirmationTime":null,"averageCancellationRate":null,"minimumCommission":1.21,"maximumCommission":43.66,"commissionRates":[],"trackingLink":"https://tatrck.com/h/0Hu30z9R0bps","createdAt":"2023-12-13T14:53:48.778Z","updatedAt":"2024-08-21T11:39:54.649Z"},{"merchantId":154884,"name":"Ma bouteille FR","imageUri":"https://monetizeamex.com/v3/120x60/eb818c233d2aed0ba0ca923096328db4.png","currencyCode":"EUR","defaultDomain":"mabouteille.fr","domains":["mabouteille.fr"],"categoryId":47,"description":null,"isActive":true,"countryCodes":["FR"],"averageBasketValue":18.75,"averageCommission":1.12,"averageConfirmationTime":null,"averageCancellationRate":null,"minimumCommission":1.12,"maximumCommission":1.12,"commissionRates":[],"trackingLink":"https://tatrck.com/h/0Hu30z9R0bq4","createdAt":"2023-12-13T14:53:54.014Z","updatedAt":"2024-09-03T17:04:41.895Z"},{"merchantId":154887,"name":"easyHotel UK","imageUri":"https://monetizeamex.com/v3/120x60/bc04aac5fed194b48127c6ef50bd1934.png","currencyCode":"EUR","defaultDomain":"easyhotel.com","domains":["easyhotel.com","easyhotel.co.uk"],"categoryId":63,"description":null,"isActive":true,"countryCodes":["GB"],"averageBasketValue":199.21,"averageCommission":1.19,"averageConfirmationTime":23,"averageCancellationRate":null,"minimumCommission":0.34,"maximumCommission":10.26,"commissionRates":[{"fixedCommission":null,"percentageCommission":0.6}],"trackingLink":"https://tatrck.com/h/0Hu30z9R0bq7","createdAt":"2023-12-13T14:53:53.575Z","updatedAt":"2024-09-03T17:08:41.057Z"},{"merchantId":154901,"name":"Hdi Versicherungen DE","imageUri":"https://monetizeamex.com/v3/120x60/3aae77de03c251bd198a7a36fe5c090e.png","currencyCode":"EUR","defaultDomain":"hdi.de","domains":["hdi.de"],"categoryId":56,"description":null,"isActive":true,"countryCodes":["DE"],"averageBasketValue":null,"averageCommission":null,"averageConfirmationTime":null,"averageCancellationRate":null,"minimumCommission":null,"maximumCommission":null,"commissionRates":[{"fixedCommission":24,"percentageCommission":null}],"trackingLink":"https://tatrck.com/h/0Hu30z9R0bqL","createdAt":"2023-12-13T14:53:58.670Z","updatedAt":"2024-09-03T17:13:20.035Z"},{"merchantId":154915,"name":"Lux Lair US","imageUri":"https://monetizeamex.com/v3/120x60/690fa95b1dfc5e55aa48da7a9144bb48.png","currencyCode":"EUR","defaultDomain":"luxlair.com","domains":["luxlair.com"],"categoryId":40,"description":null,"isActive":true,"countryCodes":["US"],"averageBasketValue":null,"averageCommission":null,"averageConfirmationTime":null,"averageCancellationRate":null,"minimumCommission":null,"maximumCommission":null,"commissionRates":[{"fixedCommission":null,"percentageCommission":4.2}],"trackingLink":"https://tatrck.com/h/0Hu30z9R0bqZ","createdAt":"2023-12-13T14:54:03.769Z","updatedAt":"2024-08-21T11:39:40.116Z"},{"merchantId":154917,"name":"Microbiome Plus US","imageUri":"https://monetizeamex.com/v3/120x60/1c7e33f1a91cb15970003a06487fd3e5.png","currencyCode":"EUR","defaultDomain":"microbiomeplus.com","domains":["microbiomeplus.com"],"categoryId":35,"description":null,"isActive":true,"countryCodes":["US"],"averageBasketValue":null,"averageCommission":null,"averageConfirmationTime":null,"averageCancellationRate":null,"minimumCommission":null,"maximumCommission":null,"commissionRates":[{"fixedCommission":2.4,"percentageCommission":null},{"fixedCommission":null,"percentageCommission":18}],"trackingLink":"https://tatrck.com/h/0Hu30z9R0bqb","createdAt":"2023-12-13T14:54:04.404Z","updatedAt":"2024-08-21T11:43:04.847Z"},{"merchantId":154951,"name":"Marley Spoon US","imageUri":"https://monetizeamex.com/v3/120x60/7114b4d09cde21f8c5d2e0db7f945d1d.png","currencyCode":"EUR","defaultDomain":"marleyspoon.com","domains":["marleyspoon.com"],"categoryId":14,"description":null,"isActive":true,"countryCodes":["US"],"averageBasketValue":38.41,"averageCommission":14.17,"averageConfirmationTime":12,"averageCancellationRate":40.9,"minimumCommission":12.48,"maximumCommission":12.48,"commissionRates":[{"fixedCommission":15,"percentageCommission":null}],"trackingLink":"https://tatrck.com/h/0Hu30z9R0br7","createdAt":"2023-12-13T14:54:16.064Z","updatedAt":"2024-09-03T17:08:18.326Z"},{"merchantId":154954,"name":"Satya Jewelry US","imageUri":"https://monetizeamex.com/v3/120x60/bc17a8a645965fee7fbb5bd2f0fd0da0.png","currencyCode":"EUR","defaultDomain":"satyajewelry.com","domains":["satyajewelry.com"],"categoryId":73,"description":null,"isActive":true,"countryCodes":["US"],"averageBasketValue":75.29,"averageCommission":1.8,"averageConfirmationTime":null,"averageCancellationRate":null,"minimumCommission":0.23,"maximumCommission":3.63,"commissionRates":[{"fixedCommission":null,"percentageCommission":2.4},{"fixedCommission":null,"percentageCommission":7.199999999999999}],"trackingLink":"https://tatrck.com/h/0Hu30z9R0brA","createdAt":"2023-12-13T14:54:16.570Z","updatedAt":"2024-08-24T05:52:24.465Z"},{"merchantId":154964,"name":"Jollyes UK","imageUri":"https://monetizeamex.com/v3/120x60/c370a07ed0819ff4762d1ef7e310e5a6.png","currencyCode":"EUR","defaultDomain":"jollyes.co.uk","domains":["jollyes.co.uk"],"categoryId":61,"description":null,"isActive":true,"countryCodes":["GB"],"averageBasketValue":55.88,"averageCommission":9.38,"averageConfirmationTime":null,"averageCancellationRate":null,"minimumCommission":42.42,"maximumCommission":42.42,"commissionRates":[],"trackingLink":"https://tatrck.com/h/0Hu30z9R0brK","createdAt":"2023-12-13T14:54:19.503Z","updatedAt":"2024-09-03T17:04:28.224Z"},{"merchantId":154970,"name":"With Clarity","imageUri":"https://monetizeamex.com/v3/120x60/e84e0cbc7656bb5b766d44cdb13f7fcc.png","currencyCode":"EUR","defaultDomain":"withclarity.com","domains":["withclarity.com"],"categoryId":73,"description":null,"isActive":true,"countryCodes":["US"],"averageBasketValue":2,"averageCommission":59.08,"averageConfirmationTime":null,"averageCancellationRate":null,"minimumCommission":27.36,"maximumCommission":27.36,"commissionRates":[{"fixedCommission":null,"percentageCommission":2.4}],"trackingLink":"https://tatrck.com/h/0Hu30z9R0brQ","createdAt":"2023-12-13T14:54:21.779Z","updatedAt":"2024-09-01T05:16:03.710Z"},{"merchantId":154973,"name":"PrinterPix US","imageUri":"https://monetizeamex.com/v3/120x60/4bf69c4578669d11877f7a5fb882759e.png","currencyCode":"EUR","defaultDomain":"printerpix.com","domains":["printerpix.com"],"categoryId":47,"description":null,"isActive":true,"countryCodes":["US"],"averageBasketValue":23.57,"averageCommission":1.41,"averageConfirmationTime":4,"averageCancellationRate":5.8,"minimumCommission":0.69,"maximumCommission":1.16,"commissionRates":[],"trackingLink":"https://tatrck.com/h/0Hu30z9R0brT","createdAt":"2023-12-13T14:54:22.853Z","updatedAt":"2024-09-03T17:07:26.416Z"},{"merchantId":154988,"name":"MCM US","imageUri":"https://monetizeamex.com/v3/120x60/2ce8842bab11e42c5c800826159f8c30.png","currencyCode":"EUR","defaultDomain":"mcmworldwide.com","domains":["mcmworldwide.com"],"categoryId":40,"description":null,"isActive":true,"countryCodes":["GB","US","CH","DE"],"averageBasketValue":360.08,"averageCommission":4.9,"averageConfirmationTime":null,"averageCancellationRate":null,"minimumCommission":1.5,"maximumCommission":5.4,"commissionRates":[{"fixedCommission":null,"percentageCommission":2.4},{"fixedCommission":null,"percentageCommission":0.96},{"fixedCommission":null,"percentageCommission":7.199999999999999},{"fixedCommission":null,"percentageCommission":1.44}],"trackingLink":"https://tatrck.com/h/0Hu30z9R0bri","createdAt":"2023-12-13T14:54:27.706Z","updatedAt":"2024-09-03T17:06:39.507Z"},{"merchantId":154994,"name":"Aldo Shoes UK","imageUri":"https://monetizeamex.com/v3/120x60/99d0a271d2953bbb8262e36fb527e09e.png","currencyCode":"EUR","defaultDomain":"aldoshoes.com","domains":["aldoshoes.com"],"categoryId":40,"description":null,"isActive":true,"countryCodes":["GB","US"],"averageBasketValue":70.17,"averageCommission":2.5,"averageConfirmationTime":null,"averageCancellationRate":null,"minimumCommission":0.94,"maximumCommission":4.72,"commissionRates":[{"fixedCommission":null,"percentageCommission":3},{"fixedCommission":null,"percentageCommission":3}],"trackingLink":"https://tatrck.com/h/0Hu30z9R0bro","createdAt":"2023-12-13T14:54:29.877Z","updatedAt":"2024-09-03T17:07:53.575Z"},{"merchantId":154997,"name":"Mackenzie US","imageUri":"https://monetizeamex.com/v3/120x60/bd6cd32f4c884cf12a12a887e013049c.png","currencyCode":"EUR","defaultDomain":"mackenzieltd.com","domains":["mackenzieltd.com"],"categoryId":14,"description":null,"isActive":true,"countryCodes":["US"],"averageBasketValue":45.62,"averageCommission":1.88,"averageConfirmationTime":null,"averageCancellationRate":null,"minimumCommission":0.99,"maximumCommission":0.99,"commissionRates":[{"fixedCommission":null,"percentageCommission":1.92}],"trackingLink":"https://tatrck.com/h/0Hu30z9R0brr","createdAt":"2023-12-13T14:54:31.276Z","updatedAt":"2024-08-23T15:01:31.246Z"},{"merchantId":155002,"name":"Flipkart IN","imageUri":"https://monetizeamex.com/v3/120x60/31ad8f9b879cb495055ad9d6153ba6db.png","currencyCode":"EUR","defaultDomain":"flipkart.com","domains":["flipkart.com","flipkart.in"],"categoryId":50,"description":null,"isActive":true,"countryCodes":["IN"],"averageBasketValue":20.33,"averageCommission":0.09,"averageConfirmationTime":null,"averageCancellationRate":0.6,"minimumCommission":0,"maximumCommission":8.38,"commissionRates":[],"trackingLink":"https://tatrck.com/h/0Hu30z9R0brw","createdAt":"2023-12-13T14:54:32.492Z","updatedAt":"2024-09-03T05:54:00.890Z"},{"merchantId":155003,"name":"JD.com US","imageUri":"https://monetizeamex.com/v3/120x60/2128e8706afd3d070e10f6f40517870b.png","currencyCode":"EUR","defaultDomain":"jd.com","domains":["jd.com"],"categoryId":33,"description":null,"isActive":true,"countryCodes":[],"averageBasketValue":null,"averageCommission":null,"averageConfirmationTime":null,"averageCancellationRate":null,"minimumCommission":null,"maximumCommission":null,"commissionRates":[],"trackingLink":"https://tatrck.com/h/0Hu30z9R0brx","createdAt":"2023-12-13T14:54:33.178Z","updatedAt":"2024-08-15T09:04:20.694Z"},{"merchantId":155005,"name":"Legion Athletics US","imageUri":"https://monetizeamex.com/v3/120x60/441f4e491378b3b917616681733c9215.png","currencyCode":"EUR","defaultDomain":"legionathletics.com","domains":["legionathletics.com"],"categoryId":55,"description":null,"isActive":true,"countryCodes":["US"],"averageBasketValue":90.09,"averageCommission":5.01,"averageConfirmationTime":58,"averageCancellationRate":null,"minimumCommission":1.74,"maximumCommission":15.72,"commissionRates":[{"fixedCommission":null,"percentageCommission":6}],"trackingLink":"https://tatrck.com/h/0Hu30z9R0brz","createdAt":"2023-12-13T14:54:33.677Z","updatedAt":"2024-09-03T05:51:21.192Z"},{"merchantId":155019,"name":"TransparenTech US","imageUri":"https://monetizeamex.com/v3/120x60/a4622bf924a0f6f9b8df07e4e2f74feb.png","currencyCode":"EUR","defaultDomain":"transparentech.com","domains":["transparentech.com"],"categoryId":68,"description":null,"isActive":true,"countryCodes":["US"],"averageBasketValue":null,"averageCommission":null,"averageConfirmationTime":null,"averageCancellationRate":null,"minimumCommission":null,"maximumCommission":null,"commissionRates":[{"fixedCommission":null,"percentageCommission":4.8}],"trackingLink":"https://tatrck.com/h/0Hu30z9R0bsB","createdAt":"2023-12-13T14:54:37.772Z","updatedAt":"2024-08-23T15:01:36.275Z"},{"merchantId":155020,"name":"The Honest Company US","imageUri":"https://monetizeamex.com/v3/120x60/c64b50674a177b548c9837daa2d2da58.png","currencyCode":"EUR","defaultDomain":"honest.com","domains":["honest.com"],"categoryId":50,"description":null,"isActive":true,"countryCodes":["US"],"averageBasketValue":58.16,"averageCommission":1.08,"averageConfirmationTime":null,"averageCancellationRate":null,"minimumCommission":0.15,"maximumCommission":1.48,"commissionRates":[{"fixedCommission":null,"percentageCommission":1.92},{"fixedCommission":null,"percentageCommission":0.48},{"fixedCommission":null,"percentageCommission":4.8}],"trackingLink":"https://tatrck.com/h/0Hu30z9R0bsC","createdAt":"2023-12-13T14:54:38.487Z","updatedAt":"2024-09-03T17:03:27.976Z"},{"merchantId":155021,"name":"thoughtfully US","imageUri":"https://monetizeamex.com/v3/120x60/c38e2874ee49e4580f1c08c9ff75e2c5.png","currencyCode":"EUR","defaultDomain":"thoughtfully.com","domains":["thoughtfully.com"],"categoryId":47,"description":null,"isActive":true,"countryCodes":[],"averageBasketValue":null,"averageCommission":null,"averageConfirmationTime":null,"averageCancellationRate":null,"minimumCommission":null,"maximumCommission":null,"commissionRates":[],"trackingLink":"https://tatrck.com/h/0Hu30z9R0bsD","createdAt":"2023-12-13T14:54:38.816Z","updatedAt":"2024-09-03T17:14:34.562Z"},{"merchantId":155023,"name":"Volcom CA","imageUri":"https://monetizeamex.com/v3/120x60/593bc3add9141a6d227cb5ab2cd6f5e4.png","currencyCode":"EUR","defaultDomain":"volcom.ca","domains":["volcom.ca"],"categoryId":55,"description":null,"isActive":true,"countryCodes":["US"],"averageBasketValue":60.88,"averageCommission":3.64,"averageConfirmationTime":null,"averageCancellationRate":null,"minimumCommission":0.27,"maximumCommission":14.92,"commissionRates":[],"trackingLink":"https://tatrck.com/h/0Hu30z9R0bsF","createdAt":"2023-12-13T14:54:38.791Z","updatedAt":"2024-09-02T05:33:17.710Z"},{"merchantId":155026,"name":"Marley Spoon BE","imageUri":"https://monetizeamex.com/v3/120x60/90f53e25c05190c612041172d92a68df.png","currencyCode":"EUR","defaultDomain":"marleyspoon.be","domains":["marleyspoon.be"],"categoryId":14,"description":null,"isActive":true,"countryCodes":["BE"],"averageBasketValue":34.7,"averageCommission":9,"averageConfirmationTime":null,"averageCancellationRate":null,"minimumCommission":9,"maximumCommission":9,"commissionRates":[{"fixedCommission":9,"percentageCommission":null}],"trackingLink":"https://tatrck.com/h/0Hu30z9R0bsI","createdAt":"2023-12-13T14:54:39.892Z","updatedAt":"2024-09-03T17:09:45.234Z"},{"merchantId":155035,"name":"1-800-PetMeds US","imageUri":"https://monetizeamex.com/v3/120x60/5a2fc4f4b3e39e39495b4f8203b47293.png","currencyCode":"EUR","defaultDomain":"1800petmeds.com","domains":["1800petmeds.com"],"categoryId":27,"description":null,"isActive":true,"countryCodes":["US"],"averageBasketValue":75.41,"averageCommission":0.93,"averageConfirmationTime":59,"averageCancellationRate":null,"minimumCommission":2.22,"maximumCommission":5.29,"commissionRates":[{"fixedCommission":null,"percentageCommission":3}],"trackingLink":"https://tatrck.com/h/0Hu30z9R0bsR","createdAt":"2023-12-13T14:54:42.577Z","updatedAt":"2024-08-23T06:02:04.925Z"},{"merchantId":155050,"name":"Calvin Klein US","imageUri":"https://monetizeamex.com/v3/120x60/782420abad5aee7233b1dc1da4460322.png","currencyCode":"EUR","defaultDomain":"calvinklein.us","domains":["calvinklein.com","calvinklein.us"],"categoryId":40,"description":null,"isActive":true,"countryCodes":["JP","MY","SG"],"averageBasketValue":27.9,"averageCommission":1.03,"averageConfirmationTime":null,"averageCancellationRate":null,"minimumCommission":0.13,"maximumCommission":13.09,"commissionRates":[],"trackingLink":"https://tatrck.com/h/0Hu30z9R0bsg","createdAt":"2023-12-13T14:54:48.368Z","updatedAt":"2024-09-01T05:54:16.724Z"},{"merchantId":155062,"name":"Enterprise Rent a Car CA","imageUri":"https://monetizeamex.com/v3/120x60/dd21b2415bcf1a035839af1afaf8046c.png","currencyCode":"EUR","defaultDomain":"enterprise.ca","domains":["enterprise.ca"],"categoryId":5,"description":null,"isActive":true,"countryCodes":["CA"],"averageBasketValue":184.89,"averageCommission":1.65,"averageConfirmationTime":32,"averageCancellationRate":1.3,"minimumCommission":0.12,"maximumCommission":5.73,"commissionRates":[{"fixedCommission":null,"percentageCommission":0.48}],"trackingLink":"https://tatrck.com/h/0Hu30z9R0bss","createdAt":"2023-12-13T14:54:51.671Z","updatedAt":"2024-09-03T05:53:28.673Z"},{"merchantId":155063,"name":"Enterprise Rent-A-Car WW","imageUri":"https://monetizeamex.com/v3/120x60/fc1018c6a32fd6facc2becf527d356cf.png","currencyCode":"EUR","defaultDomain":"enterprise.com","domains":["enterprise.com"],"categoryId":63,"description":null,"isActive":true,"countryCodes":["US"],"averageBasketValue":7,"averageCommission":2.17,"averageConfirmationTime":59,"averageCancellationRate":1.5,"minimumCommission":0.25,"maximumCommission":16.17,"commissionRates":[{"fixedCommission":null,"percentageCommission":0.96}],"trackingLink":"https://tatrck.com/h/0Hu30z9R0bst","createdAt":"2023-12-13T14:54:51.776Z","updatedAt":"2024-09-03T05:51:19.480Z"},{"merchantId":155069,"name":"Fabletics CA","imageUri":"https://monetizeamex.com/v3/120x60/18ddbe98389ff25a04341a571794e17b.png","currencyCode":"EUR","defaultDomain":"fabletics.ca","domains":["fabletics.ca"],"categoryId":40,"description":null,"isActive":true,"countryCodes":["CA"],"averageBasketValue":null,"averageCommission":null,"averageConfirmationTime":null,"averageCancellationRate":null,"minimumCommission":null,"maximumCommission":null,"commissionRates":[],"trackingLink":"https://tatrck.com/h/0Hu30z9R0bsz","createdAt":"2023-12-13T14:54:53.870Z","updatedAt":"2024-08-15T09:11:37.730Z"},{"merchantId":155088,"name":"Hulu US","imageUri":"https://monetizeamex.com/v3/120x60/607b54aead0dd1727ffd24f60ff3fbb6.png","currencyCode":"EUR","defaultDomain":"hulu.com","domains":["hulu.com"],"categoryId":53,"description":null,"isActive":true,"countryCodes":["US"],"averageBasketValue":12.08,"averageCommission":1.83,"averageConfirmationTime":null,"averageCancellationRate":11,"minimumCommission":0.97,"maximumCommission":5.15,"commissionRates":[],"trackingLink":"https://tatrck.com/h/0Hu30z9R0btG","createdAt":"2023-12-13T14:55:00.173Z","updatedAt":"2024-09-03T17:03:54.156Z"},{"merchantId":155114,"name":"Suning US","imageUri":"https://monetizeamex.com/v3/120x60/cd1462430db84529bca7f635d8699e6b.png","currencyCode":"EUR","defaultDomain":"suning.com","domains":["suning.com"],"categoryId":50,"description":null,"isActive":true,"countryCodes":["CN"],"averageBasketValue":null,"averageCommission":null,"averageConfirmationTime":null,"averageCancellationRate":null,"minimumCommission":null,"maximumCommission":null,"commissionRates":[],"trackingLink":"https://tatrck.com/h/0Hu30z9R0btg","createdAt":"2023-12-13T14:55:09.583Z","updatedAt":"2024-08-21T11:40:11.086Z"}]}